channel1,channel2
13.11,13.11
16.01,16.01
18.14,18.14
18.0,18.0
17.11,17.11
17.97,17.97
20.82,20.82
23.64,23.64
22.93,22.93
18.73,18.73
13.06,13.06
8.44,8.44
5.36,5.36
3.81,3.81
3.52,3.52
5.48,5.48
8.68,8.68
10.85,10.85
10.24,10.24
7.64,7.64
5.31,5.31
4.0,4.0
3.45,3.45
1.41,1.41
-1.87,-1.87
-4.61,-4.61
-4.33,-4.33
-1.8,-1.8
0.7,0.7
1.19,1.19
0.41,0.41
-0.6,-0.6
-1.86,-1.86
-4.85,-4.85
-9.06,-9.06
-13.24,-13.24
-14.88,-14.88
-13.99,-13.99
-12.12,-12.12
-11.26,-11.26
-11.15,-11.15
-10.54,-10.54
-10.19,-10.19
-11.59,-11.59
-14.98,-14.98
-18.83,-18.83
-19.9,-19.9
-17.2,-17.2
-12.77,-12.77
-8.63,-8.63
-5.28,-5.28
-1.96,-1.96
1.33,1.33
3.34,3.34
2.83,2.83
0.83,0.83
-0.66,-0.66
-0.13,-0.13
0.64,0.64
0.66,0.66
-0.07,-0.07
0.2,0.2
2.22,2.22
4.97,4.97
6.95,6.95
8.4,8.4
10.59,10.59
14.52,14.52
19.4,19.4
22.48,22.48
23.79,23.79
25.32,25.32
28.09,28.09
31.09,31.09
32.04,32.04
29.74,29.74
25.95,25.95
23.19,23.19
21.95,21.95
20.73,20.73
18.25,18.25
14.55,14.55
11.64,11.64
9.74,9.74
8.11,8.11
6.75,6.75
6.9,6.9
10.54,10.54
16.65,16.65
22.45,22.45
24.95,24.95
23.91,23.91
20.89,20.89
16.89,16.89
11.17,11.17
4.25,4.25
-2.35,-2.35
-5.64,-5.64
-5.41,-5.41
-3.92,-3.92
-3.7,-3.7
-5.23,-5.23
-6.49,-6.49
-6.24,-6.24
-6.25,-6.25
-7.75,-7.75
-10.48,-10.48
-12.44,-12.44
-10.88,-10.88
-6.84,-6.84
-2.83,-2.83
-0.85,-0.85
-0.39,-0.39
-0.69,-0.69
-0.74,-0.74
-1.28,-1.28
-2.82,-2.82
-3.59,-3.59
-2.86,-2.86
-0.38,-0.38
1.82,1.82
2.51,2.51
2.93,2.93
4.36,4.36
6.27,6.27
7.16,7.16
5.54,5.54
3.69,3.69
4.6,4.6
8.25,8.25
11.87,11.87
12.2,12.2
9.78,9.78
6.88,6.88
5.01,5.01
4.15,4.15
3.05,3.05
1.96,1.96
1.87,1.87
2.79,2.79
2.95,2.95
1.36,1.36
-1.22,-1.22
-2.27,-2.27
-0.82,-0.82
1.37,1.37
0.8,0.8
-2.28,-2.28
-5.32,-5.32
-6.09,-6.09
-4.84,-4.84
-3.61,-3.61
-4.14,-4.14
-4.41,-4.41
-3.43,-3.43
-0.96,-0.96
0.49,0.49
-0.58,-0.58
-2.88,-2.88
-4.42,-4.42
-4.44,-4.44
-4.45,-4.45
-4.97,-4.97
-5.48,-5.48
-4.49,-4.49
-2.0,-2.0
-0.04,-0.04
0.16,0.16
-0.65,-0.65
-1.2,-1.2
-0.99,-0.99
-1.79,-1.79
-4.58,-4.58
-8.09,-8.09
-10.57,-10.57
-10.52,-10.52
-9.72,-9.72
-9.68,-9.68
-10.64,-10.64
-10.34,-10.34
-8.29,-8.29
-5.25,-5.25
-3.0,-3.0
-1.51,-1.51
-0.29,-0.29
1.68,1.68
2.62,2.62
0.81,0.81
-2.99,-2.99
-6.26,-6.26
-6.99,-6.99
-5.71,-5.71
-4.95,-4.95
-4.69,-4.69
-3.93,-3.93
-1.68,-1.68
1.05,1.05
1.75,1.75
-0.55,-0.55
-3.33,-3.33
-4.84,-4.84
-4.58,-4.58
-3.82,-3.82
-3.57,-3.57
-3.07,-3.07
-0.57,-0.57
2.9,2.9
5.34,5.34
5.76,5.76
5.17,5.17
4.59,4.59
4.76,4.76
3.93,3.93
1.11,1.11
-1.19,-1.19
-0.71,-0.71
3.0,3.0
7.19,7.19
9.34,9.34
8.71,8.71
7.59,7.59
6.73,6.73
6.12,6.12
4.27,4.27
0.94,0.94
-1.37,-1.37
-1.4,-1.4
0.32,0.32
2.52,2.52
3.96,3.96
4.62,4.62
5.28,5.28
4.69,4.69
2.35,2.35
-1.47,-1.47
-4.26,-4.26
-5.02,-5.02
-4.27,-4.27
-3.77,-3.77
-4.04,-4.04
-3.29,-3.29
-0.56,-0.56
2.4,2.4
3.34,3.34
1.01,1.01
-3.04,-3.04
-6.06,-6.06
-8.05,-8.05
-10.02,-10.02
-12.97,-12.97
-16.14,-16.14
-17.53,-17.53
-16.9,-16.9
-16.28,-16.28
-17.16,-17.16
-19.03,-19.03
-19.88,-19.88
-18.72,-18.72
-17.31,-17.31
-17.17,-17.17
-18.53,-18.53
-19.87,-19.87
-20.69,-20.69
-21.76,-21.76
-23.56,-23.56
-25.34,-25.34
-24.6,-24.6
-21.12,-21.12
-16.41,-16.41
-13.75,-13.75
-13.35,-13.35
-13.21,-13.21
-12.32,-12.32
-10.93,-10.93
-10.55,-10.55
-11.18,-11.18
-10.55,-10.55
-7.67,-7.67
-4.07,-4.07
-1.75,-1.75
-1.45,-1.45
-1.65,-1.65
-1.11,-1.11
-0.31,-0.31
-1.53,-1.53
-5.48,-5.48
-9.39,-9.39
-11.02,-11.02
-9.88,-9.88
-7.75,-7.75
-5.89,-5.89
-4.04,-4.04
-1.22,-1.22
1.34,1.34
1.87,1.87
-0.36,-0.36
-3.31,-3.31
-4.49,-4.49
-3.16,-3.16
-1.34,-1.34
-1.28,-1.28
-2.72,-2.72
-4.16,-4.16
-4.07,-4.07
-3.99,-3.99
-4.66,-4.66
-6.32,-6.32
-6.46,-6.46
-4.86,-4.86
-2.51,-2.51
-1.94,-1.94
-2.87,-2.87
-4.29,-4.29
-3.95,-3.95
-2.62,-2.62
-1.79,-1.79
-1.72,-1.72
-1.4,-1.4
0.16,0.16
2.21,2.21
2.5,2.5
0.78,0.78
-1.18,-1.18
-0.87,-0.87
1.94,1.94
4.98,4.98
6.73,6.73
6.97,6.97
6.96,6.96
6.94,6.94
5.93,5.93
3.92,3.92
2.68,2.68
4.2,4.2
7.71,7.71
10.68,10.68
11.12,11.12
9.56,9.56
8.26,8.26
7.97,7.97
7.69,7.69
6.15,6.15
4.13,4.13
3.63,3.63
5.63,5.63
9.11,9.11
12.3,12.3
14.72,14.72
17.11,17.11
19.48,19.48
19.82,19.82
16.66,16.66
11.28,11.28
6.44,6.44
5.14,5.14
6.61,6.61
8.81,8.81
10.74,10.74
13.4,13.4
17.53,17.53
21.62,21.62
22.68,22.68
20.72,20.72
17.77,17.77
16.35,16.35
15.94,15.94
14.78,14.78
11.88,11.88
9.5,9.5
10.39,10.39
14.03,14.03
17.38,17.38
17.19,17.19
13.76,13.76
8.85,8.85
4.24,4.24
-0.33,-0.33
-4.86,-4.86
-8.1,-8.1
-8.3,-8.3
-5.76,-5.76
-2.98,-2.98
-2.48,-2.48
-3.99,-3.99
-4.98,-4.98
-4.46,-4.46
-3.19,-3.19
-3.44,-3.44
-3.93,-3.93
-2.67,-2.67
1.58,1.58
6.54,6.54
8.71,8.71
7.35,7.35
5.01,5.01
4.18,4.18
5.12,5.12
6.54,6.54
7.7,7.7
8.6,8.6
9.99,9.99
10.11,10.11
7.49,7.49
2.88,2.88
-0.68,-0.68
-0.46,-0.46
3.0,3.0
6.69,6.69
8.59,8.59
9.47,9.47
10.59,10.59
11.95,11.95
12.05,12.05
10.14,10.14
7.25,7.25
5.89,5.89
6.78,6.78
7.92,7.92
7.54,7.54
5.67,5.67
4.57,4.57
4.97,4.97
5.37,5.37
4.76,4.76
3.41,3.41
2.82,2.82
3.74,3.74
4.4,4.4
3.8,3.8
2.2,2.2
0.87,0.87
0.8,0.8
0.99,0.99
-0.33,-0.33
-2.89,-2.89
-4.18,-4.18
-3.45,-3.45
-1.47,-1.47
-1.27,-1.27
-3.32,-3.32
-5.84,-5.84
-7.1,-7.1
-7.09,-7.09
-6.83,-6.83
-6.57,-6.57
-4.81,-4.81
-0.57,-0.57
4.63,4.63
8.29,8.29
8.65,8.65
7.52,7.52
6.89,6.89
7.02,7.02
6.65,6.65
4.78,4.78
2.93,2.93
3.09,3.09
5.0,5.0
7.14,7.14
8.01,8.01
7.87,7.87
8.74,8.74
10.84,10.84
12.42,12.42
11.74,11.74
8.56,8.56
4.91,4.91
1.54,1.54
-2.05,-2.05
-5.86,-5.86
-8.63,-8.63
-8.37,-8.37
-5.11,-5.11
-1.64,-1.64
-0.44,-0.44
-1.26,-1.26
-2.32,-2.32
-1.86,-1.86
-1.41,-1.41
-2.47,-2.47
-5.02,-5.02
-7.04,-7.04
-7.04,-7.04
-5.79,-5.79
-5.3,-5.3
-6.07,-6.07
-6.57,-6.57
-5.58,-5.58
-4.34,-4.34
-5.36,-5.36
-9.37,-9.37
-14.09,-14.09
-16.52,-16.52
-16.42,-16.42
-15.07,-15.07
-13.23,-13.23
-10.91,-10.91
-8.11,-8.11
-5.32,-5.32
-4.07,-4.07
-5.57,-5.57
-7.81,-7.81
-9.04,-9.04
-7.99,-7.99
-6.2,-6.2
-4.93,-4.93
-4.18,-4.18
-2.67,-2.67
-0.18,-0.18
0.78,0.78
-1.76,-1.76
-6.53,-6.53
-10.75,-10.75
-12.94,-12.94
-12.85,-12.85
-12.26,-12.26
-11.68,-11.68
-9.84,-9.84
-7.03,-7.03
-5.48,-5.48
-7.21,-7.21
-10.91,-10.91
-14.08,-14.08
-14.47,-14.47
-13.1,-13.1
-12.74,-12.74
-13.89,-13.89
-15.52,-15.52
-16.13,-16.13
-15.74,-15.74
-15.84,-15.84
-16.45,-16.45
-16.55,-16.55
-14.64,-14.64
-11.25,-11.25
-8.88,-8.88
-8.54,-8.54
-9.2,-9.2
-8.35,-8.35
-6.26,-6.26
-5.94,-5.94
-8.61,-8.61
-13.02,-13.02
-16.63,-16.63
-16.95,-16.95
-15.52,-15.52
-13.1,-13.1
-10.2,-10.2
-6.33,-6.33
-1.99,-1.99
-0.19,-0.19
-2.4,-2.4
-7.35,-7.35
-11.75,-11.75
-13.6,-13.6
-12.94,-12.94
-11.28,-11.28
-9.39,-9.39
-6.76,-6.76
-3.4,-3.4
-1.58,-1.58
-2.27,-2.27
-4.7,-4.7
-6.11,-6.11
-4.51,-4.51
-0.67,-0.67
2.88,2.88
4.4,4.4
4.66,4.66
4.66,4.66
4.92,4.92
3.91,3.91
1.67,1.67
-0.3,-0.3
-0.5,-0.5
1.05,1.05
2.83,2.83
3.6,3.6
4.36,4.36
7.61,7.61
13.33,13.33
19.0,19.0
22.11,22.11
22.44,22.44
20.77,20.77
17.6,17.6
12.46,12.46
5.87,5.87
-0.16,-0.16
-3.64,-3.64
-4.08,-4.08
-3.52,-3.52
-4.72,-4.72
-7.65,-7.65
-9.81,-9.81
-10.2,-10.2
-10.07,-10.07
-11.2,-11.2
-14.07,-14.07
-15.91,-15.91
-15.73,-15.73
-14.55,-14.55
-14.63,-14.63
-16.7,-16.7
-19.0,-19.0
-20.54,-20.54
-21.05,-21.05
-21.8,-21.8
-22.54,-22.54
-22.28,-22.28
-20.01,-20.01
-17.01,-17.01
-15.54,-15.54
-17.07,-17.07
-19.09,-19.09
-19.09,-19.09
-16.84,-16.84
-14.6,-14.6
-13.63,-13.63
-13.67,-13.67
-13.21,-13.21
-12.25,-12.25
-12.29,-12.29
-14.59,-14.59
-17.86,-17.86
-19.1,-19.1
-17.82,-17.82
-15.05,-15.05
-13.06,-13.06
-12.58,-12.58
-11.85,-11.85
-10.38,-10.38
-9.17,-9.17
-9.72,-9.72
-11.02,-11.02
-11.8,-11.8
-10.57,-10.57
-8.1,-8.1
-5.65,-5.65
-3.47,-3.47
-0.57,-0.57
2.81,2.81
4.91,4.91
4.24,4.24
1.82,1.82
-0.07,-0.07
0.3,0.3
2.92,2.92
6.02,6.02
8.34,8.34
11.13,11.13
14.9,14.9
18.63,18.63
19.57,19.57
17.25,17.25
13.45,13.45
11.44,11.44
11.44,11.44
11.69,11.69
11.18,11.18
9.93,9.93
9.68,9.68
10.19,10.19
9.19,9.19
5.95,5.95
2.24,2.24
0.06,0.06
0.65,0.65
1.99,1.99
2.06,2.06
1.13,1.13
0.96,0.96
2.05,2.05
2.87,2.87
1.18,1.18
-1.99,-1.99
-4.13,-4.13
-3.0,-3.0
0.87,0.87
5.95,5.95
11.24,11.24
16.47,16.47
20.91,20.91
23.05,23.05
20.92,20.92
16.05,16.05
11.73,11.73
10.45,10.45
11.17,11.17
12.39,12.39
12.59,12.59
13.04,13.04
14.24,14.24
15.67,15.67
14.83,14.83
11.75,11.75
7.95,7.95
5.68,5.68
5.43,5.43
5.43,5.43
5.44,5.44
6.19,6.19
7.93,7.93
9.4,9.4
8.61,8.61
4.83,4.83
0.33,0.33
-1.38,-1.38
0.43,0.43
4.22,4.22
7.47,7.47
10.2,10.2
13.65,13.65
17.81,17.81
21.44,21.44
23.02,23.02
23.09,23.09
23.41,23.41
24.97,24.97
26.51,26.51
26.78,26.78
26.05,26.05
26.07,26.07
28.08,28.08
30.82,30.82
32.29,32.29
31.23,31.23
28.68,28.68
25.9,25.9
23.14,23.14
19.65,19.65
16.44,16.44
15.51,15.51
17.08,17.08
20.13,20.13
21.66,21.66
20.92,20.92
19.68,19.68
19.7,19.7
20.72,20.72
20.72,20.72
18.22,18.22
14.24,14.24
11.05,11.05
9.13,9.13
7.48,7.48
5.85,5.85
5.47,5.47
7.6,7.6
11.46,11.46
14.79,14.79
15.57,15.57
15.1,15.1
14.89,14.89
15.42,15.42
14.94,14.94
12.72,12.72
9.76,9.76
8.33,8.33
9.67,9.67
10.99,10.99
10.29,10.29
7.1,7.1
4.19,4.19
3.05,3.05
3.18,3.18
2.05,2.05
-0.32,-0.32
-1.92,-1.92
-2.0,-2.0
-0.58,-0.58
0.33,0.33
-0.52,-0.52
-2.87,-2.87
-5.69,-5.69
-8.48,-8.48
-11.75,-11.75
-14.99,-14.99
-16.69,-16.69
-15.13,-15.13
-11.83,-11.83
-9.3,-9.3
-9.55,-9.55
-11.3,-11.3
-13.03,-13.03
-13.49,-13.49
-14.19,-14.19
-15.13,-15.13
-15.82,-15.82
-13.74,-13.74
-9.69,-9.69
-5.91,-5.91
-4.92,-4.92
-6.69,-6.69
-8.2,-8.2
-7.93,-7.93
-6.42,-6.42
-5.67,-5.67
-5.68,-5.68
-6.44,-6.44
-7.19,-7.19
-9.18,-9.18
-13.15,-13.15
-18.08,-18.08
-21.47,-21.47
-22.32,-22.32
-21.91,-21.91
-22.5,-22.5
-24.33,-24.33
-25.14,-25.14
-23.69,-23.69
-21.5,-21.5
-20.33,-20.33
-21.16,-21.16
-22.23,-22.23
-22.79,-22.79
-22.84,-22.84
-24.39,-24.39
-27.17,-27.17
-28.67,-28.67
-27.15,-27.15
-23.15,-23.15
-19.42,-19.42
-17.48,-17.48
-17.05,-17.05
-16.87,-16.87
-16.19,-16.19
-16.52,-16.52
-17.84,-17.84
-18.89,-18.89
-18.18,-18.18
-15.73,-15.73
-13.8,-13.8
-13.88,-13.88
-15.46,-15.46
-15.77,-15.77
-14.08,-14.08
-12.15,-12.15
-12.48,-12.48
-14.57,-14.57
-16.38,-16.38
-16.17,-16.17
-15.21,-15.21
-14.75,-14.75
-14.8,-14.8
-14.6,-14.6
-13.89,-13.89
-13.44,-13.44
-15.75,-15.75
-20.03,-20.03
-24.01,-24.01
-25.21,-25.21
-23.89,-23.89
-20.58,-20.58
-16.3,-16.3
-10.55,-10.55
-4.61,-4.61
-0.22,-0.22
0.64,0.64
-2.02,-2.02
-4.9,-4.9
-5.76,-5.76
-4.1,-4.1
-1.96,-1.96
-1.35,-1.35
-1.73,-1.73
-2.11,-2.11
-1.99,-1.99
-2.37,-2.37
-3.74,-3.74
-4.6,-4.6
-3.21,-3.21
-0.07,-0.07
2.53,2.53
2.61,2.61
1.2,1.2
0.04,0.04
-0.36,-0.36
-1.25,-1.25
-3.38,-3.38
-5.25,-5.25
-4.84,-4.84
-2.19,-2.19
0.43,0.43
0.54,0.54
-0.86,-0.86
-2.0,-2.0
-1.12,-1.12
0.5,0.5
1.1,1.1
0.45,0.45
0.3,0.3
1.9,1.9
4.49,4.49
6.31,6.31
6.86,6.86
8.15,8.15
10.93,10.93
13.68,13.68
14.15,14.15
11.87,11.87
9.11,9.11
8.87,8.87
11.63,11.63
15.36,15.36
17.81,17.81
19.48,19.48
21.14,21.14
23.28,23.28
24.14,24.14
23.49,23.49
22.6,22.6
23.46,23.46
26.05,26.05
28.12,28.12
28.42,28.42
27.21,27.21
27.26,27.26
28.55,28.55
29.57,29.57
29.09,29.09
28.1,28.1
28.12,28.12
30.13,30.13
32.87,32.87
34.08,34.08
34.27,34.27
34.71,34.71
36.14,36.14
36.3,36.3
33.45,33.45
28.37,28.37
23.59,23.59
21.84,21.84
22.36,22.36
23.62,23.62
24.61,24.61
25.84,25.84
27.06,27.06
27.76,27.76
25.7,25.7
21.91,21.91
19.14,19.14
19.66,19.66
23.16,23.16
27.62,27.62
32.04,32.04
37.17,37.17
42.75,42.75
47.01,47.01
46.73,46.73
40.95,40.95
32.46,32.46
25.04,25.04
20.19,20.19
16.88,16.88
14.1,14.1
12.09,12.09
12.35,12.35
15.35,15.35
20.08,20.08
25.5,25.5
32.88,32.88
43.43,43.43
56.38,56.38
69.2,69.2
78.14,78.14
82.5,82.5
82.54,82.54
78.83,78.83
70.14,70.14
56.51,56.51
40.51,40.51
26.89,26.89
19.39,19.39
17.96,17.96
20.29,20.29
23.84,23.84
27.86,27.86
33.09,33.09
38.01,38.01
41.14,41.14
41.73,41.73
41.55,41.55
42.63,42.63
44.93,44.93
46.46,46.46
46.22,46.22
44.72,44.72
43.48,43.48
42.5,42.5
39.76,39.76
34.8,34.8
29.12,29.12
25.25,25.25
23.4,23.4
21.82,21.82
18.75,18.75
14.46,14.46
10.2,10.2
6.98,6.98
3.04,3.04
-2.37,-2.37
-8.48,-8.48
-12.78,-12.78
-14.54,-14.54
-15.53,-15.53
-18.26,-18.26
-22.71,-22.71
-27.62,-27.62
-31.98,-31.98
-37.54,-37.54
-45.3,-45.3
-54.48,-54.48
-61.56,-61.56
-64.33,-64.33
-64.3,-64.3
-64.52,-64.52
-66.23,-66.23
-68.41,-68.41
-69.57,-69.57
-69.95,-69.95
-72.06,-72.06
-76.4,-76.4
-80.94,-80.94
-83.66,-83.66
-84.36,-84.36
-84.79,-84.79
-85.45,-85.45
-85.34,-85.34
-83.21,-83.21
-79.34,-79.34
-76.0,-76.0
-74.18,-74.18
-72.86,-72.86
-70.04,-70.04
-66.99,-66.99
-65.7,-65.7
-68.42,-68.42
-73.6,-73.6
-77.23,-77.23
-78.55,-78.55
-78.86,-78.86
-79.91,-79.91
-81.67,-81.67
-82.66,-82.66
-82.13,-82.13
-81.09,-81.09
-80.55,-80.55
-79.75,-79.75
-76.7,-76.7
-71.16,-71.16
-65.41,-65.41
-62.45,-62.45
-61.77,-61.77
-59.58,-59.58
-52.15,-52.15
-38.78,-38.78
-21.52,-21.52
-4.93,-4.93
8.02,8.02
15.1,15.1
14.61,14.61
6.37,6.37
-5.54,-5.54
-15.09,-15.09
-18.3,-18.3
-15.73,-15.73
-11.43,-11.43
-8.67,-8.67
-6.44,-6.44
-3.72,-3.72
0.48,0.48
4.38,4.38
7.25,7.25
10.09,10.09
14.91,14.91
21.67,21.67
28.37,28.37
33.52,33.52
37.85,37.85
43.39,43.39
50.87,50.87
58.03,58.03
63.11,63.11
66.88,66.88
70.87,70.87
74.3,74.3
75.2,75.2
71.07,71.07
62.72,62.72
52.94,52.94
42.23,42.23
28.37,28.37
11.38,11.38
-3.7,-3.7
-9.9,-9.9
-4.54,-4.54
7.27,7.27
16.98,16.98
19.84,19.84
15.92,15.92
8.79,8.79
1.23,1.23
-6.77,-6.77
-15.2,-15.2
-22.55,-22.55
-26.58,-26.58
-26.81,-26.81
-24.54,-24.54
-20.29,-20.29
-14.07,-14.07
-5.16,-5.16
4.92,4.92
12.91,12.91
17.33,17.33
19.2,19.2
19.8,19.8
20.4,20.4
20.23,20.23
19.31,19.31
19.16,19.16
20.24,20.24
20.06,20.06
14.64,14.64
2.01,2.01
-14.76,-14.76
-30.62,-30.62
-42.08,-42.08
-50.42,-50.42
-57.94,-57.94
-65.37,-65.37
-71.98,-71.98
-77.27,-77.27
-82.75,-82.75
-89.42,-89.42
-96.26,-96.26
-100.77,-100.77
-101.73,-101.73
-100.67,-100.67
-100.85,-100.85
-103.01,-103.01
-105.14,-105.14
-104.98,-104.98
-104.05,-104.05
-103.87,-103.87
-105.18,-105.18
-106.7,-106.7
-107.2,-107.2
-107.68,-107.68
-108.63,-108.63
-109.82,-109.82
-108.97,-108.97
-104.36,-104.36
-97.54,-97.54
-91.25,-91.25
-87.76,-87.76
-86.29,-86.29
-84.58,-84.58
-81.86,-81.86
-79.41,-79.41
-77.46,-77.46
-74.78,-74.78
-68.85,-68.85
-59.72,-59.72
-48.92,-48.92
-38.95,-38.95
-29.57,-29.57
-19.02,-19.02
-7.82,-7.82
2.29,2.29
10.3,10.3
16.73,16.73
24.86,24.86
35.41,35.41
46.85,46.85
56.44,56.44
63.68,63.68
69.34,69.34
74.69,74.69
78.98,78.98
80.96,80.96
81.42,81.42
81.87,81.87
84.29,84.29
87.43,87.43
88.28,88.28
85.36,85.36
80.95,80.95
77.57,77.57
76.45,76.45
76.09,76.09
75.47,75.47
74.59,74.59
73.97,73.97
72.58,72.58
68.7,68.7
63.59,63.59
59.52,59.52
58.97,58.97
60.67,60.67
61.1,61.1
57.02,57.02
49.71,49.71
43.21,43.21
39.27,39.27
37.35,37.35
35.45,35.45
33.05,33.05
31.44,31.44
31.32,31.32
30.95,30.95
29.59,29.59
27.72,27.72
27.87,27.87
30.52,30.52
33.64,33.64
33.97,33.97
31.05,31.05
26.9,26.9
23.52,23.52
20.69,20.69
16.37,16.37
11.09,11.09
6.35,6.35
3.91,3.91
2.98,2.98
1.08,1.08
-2.32,-2.32
-5.44,-5.44
-6.27,-6.27
-5.84,-5.84
-6.93,-6.93
-10.99,-10.99
-16.77,-16.77
-21.75,-21.75
-25.92,-25.92
-30.3,-30.3
-34.9,-34.9
-38.19,-38.19
-37.45,-37.45
-32.7,-32.7
-25.99,-25.99
-19.59,-19.59
-13.02,-13.02
-3.47,-3.47
9.47,9.47
24.55,24.55
40.73,40.73
58.77,58.77
81.62,81.62
110.27,110.27
143.37,143.37
178.91,178.91
216.09,216.09
255.66,255.66
295.81,295.81
333.31,333.31
362.92,362.92
380.2,380.2
383.77,383.77
375.5,375.5
359.98,359.98
342.07,342.07
325.52,325.52
311.56,311.56
300.44,300.44
290.87,290.87
281.59,281.59
272.11,272.11
261.67,261.67
251.04,251.04
239.97,239.97
229.46,229.46
219.27,219.27
209.63,209.63
200.05,200.05
191.03,191.03
181.81,181.81
172.89,172.89
164.04,164.04
155.24,155.24
146.49,146.49
138.06,138.06
129.93,129.93
121.85,121.85
114.08,114.08
106.36,106.36
98.7,98.7
91.09,91.09
83.79,83.79
76.79,76.79
69.85,69.85
62.95,62.95
56.12,56.12
49.58,49.58
43.09,43.09
36.91,36.91
30.79,30.79
24.71,24.71
18.68,18.68
12.96,12.96
7.53,7.53
2.16,2.16
-3.67,-3.67
-8.44,-8.44
-13.67,-13.67
-18.84,-18.84
-23.47,-23.47
-28.56,-28.56
-33.09,-33.09
-37.58,-37.58
-42.02,-42.02
-45.91,-45.91
-50.25,-50.25
-54.56,-54.56
-58.31,-58.31
-62.02,-62.02
-65.69,-65.69
-69.31,-69.31
-72.91,-72.91
-76.44,-76.44
-79.94,-79.94
-82.87,-82.87
-85.78,-85.78
-89.16,-89.16
-91.97,-91.97
-94.78,-94.78
-97.5,-97.5
-100.22,-100.22
-102.37,-102.37
-105.03,-105.03
-107.62,-107.62
-109.66,-109.66
-111.69,-111.69
-114.16,-114.16
-116.09,-116.09
-118.0,-118.0
-119.87,-119.87
-121.72,-121.72
-123.0,-123.0
-124.78,-124.78
-126.53,-126.53
-127.72,-127.72
-129.37,-129.37
-130.53,-130.53
-131.62,-131.62
-132.69,-132.69
-133.75,-133.75
-135.25,-135.25
-135.75,-135.75
-136.69,-136.69
-137.62,-137.62
-138.53,-138.53
-139.37,-139.37
-139.72,-139.72
-140.53,-140.53
-140.84,-140.84
-141.59,-141.59
-141.81,-141.81
-142.03,-142.03
-142.22,-142.22
-142.87,-142.87
-143.0,-143.0
-143.12,-143.12
-143.25,-143.25
-142.81,-142.81
-142.81,-142.81
-142.87,-142.87
-142.87,-142.87
-142.87,-142.87
-142.31,-142.31
-142.25,-142.25
-141.69,-141.69
-141.62,-141.62
-141.0,-141.0
-140.87,-140.87
-140.25,-140.25
-139.56,-139.56
-139.37,-139.37
-138.69,-138.69
-138.0,-138.0
-137.25,-137.25
-136.5,-136.5
-135.75,-135.75
-135.0,-135.0
-134.19,-134.19
-133.37,-133.37
-132.62,-132.62
-131.75,-131.75
-130.44,-130.44
-129.62,-129.62
-128.75,-128.75
-127.87,-127.87
-126.5,-126.5
-125.62,-125.62
-124.75,-124.75
-123.31,-123.31
-122.44,-122.44
-121.0,-121.0
-120.06,-120.06
-118.62,-118.62
-117.69,-117.69
-116.25,-116.25
-114.81,-114.81
-113.84,-113.84
-112.37,-112.37
-110.91,-110.91
-109.94,-109.94
-108.47,-108.47
-107.0,-107.0
-105.5,-105.5
-104.5,-104.5
-105.03,-105.03
-109.5,-109.5
-122.94,-122.94
-148.22,-148.22
-186.25,-186.25
-232.41,-232.41
-280.09,-280.09
-326.31,-326.31
-370.59,-370.59
-413.37,-413.37
-454.22,-454.22
-490.59,-490.59
-523.09,-523.09
-552.72,-552.72
-581.47,-581.47
-609.37,-609.37
-633.94,-633.94
-653.19,-653.19
-669.16,-669.16
-684.87,-684.87
-700.34,-700.34
-713.06,-713.06
-720.56,-720.56
-721.37,-721.37
-717.09,-717.09
-706.75,-706.75
-689.86,-689.86
-667.53,-667.53
-640.81,-640.81
-612.25,-612.25
-583.34,-583.34
-555.11,-555.11
-529.05,-529.05
-504.65,-504.65
-480.9,-480.9
-457.29,-457.29
-433.83,-433.83
-411.02,-411.02
-387.85,-387.85
-364.84,-364.84
-342.98,-342.98
-321.27,-321.27
-299.71,-299.71
-279.3,-279.3
-259.03,-259.03
-238.91,-238.91
-219.44,-219.44
-200.11,-200.11
-180.94,-180.94
-162.39,-162.39
-144.52,-144.52
-126.75,-126.75
-109.16,-109.16
-92.19,-92.19
-75.87,-75.87
-59.19,-59.19
-43.66,-43.66
-27.75,-27.75
-12.5,-12.5
2.12,2.12
17.09,17.09
31.0,31.0
45.19,45.19
58.75,58.75
72.25,72.25
85.06,85.06
97.75,97.75
109.81,109.81
122.19,122.19
134.0,134.0
145.19,145.19
156.25,156.25
167.12,167.12
177.94,177.94
188.12,188.12
198.19,198.19
208.06,208.06
217.37,217.37
226.56,226.56
235.12,235.12
244.12,244.12
252.5,252.5
260.62,260.62
268.25,268.25
276.25,276.25
283.62,283.62
290.37,290.37
297.62,297.62
304.12,304.12
310.62,310.62
317.0,317.0
322.75,322.75
328.37,328.37
333.87,333.87
339.25,339.25
344.37,344.37
349.37,349.37
354.0,354.0
358.5,358.5
362.75,362.75
366.87,366.87
370.62,370.62
374.25,374.25
377.62,377.62
380.87,380.87
384.0,384.0
386.87,386.87
389.5,389.5
392.25,392.25
394.75,394.75
397.0,397.0
398.87,398.87
400.75,400.75
402.75,402.75
404.87,404.87
407.0,407.0
408.5,408.5
410.12,410.12
412.75,412.75
417.75,417.75
424.75,424.75
431.5,431.5
436.87,436.87
441.87,441.87
447.87,447.87
454.12,454.12
458.37,458.37
458.87,458.87
456.12,456.12
453.12,453.12
450.75,450.75
448.62,448.62
445.87,445.87
444.75,444.75
446.62,446.62
452.25,452.25
458.87,458.87
463.5,463.5
465.25,465.25
465.12,465.12
465.0,465.0
464.5,464.5
463.25,463.25
460.75,460.75
458.87,458.87
458.12,458.12
457.62,457.62
455.87,455.87
452.75,452.75
450.37,450.37
449.87,449.87
449.87,449.87
447.62,447.62
442.0,442.0
435.0,435.0
429.62,429.62
427.25,427.25
425.75,425.75
424.75,424.75
424.0,424.0
423.62,423.62
422.75,422.75
419.25,419.25
412.75,412.75
404.5,404.5
397.5,397.5
393.0,393.0
389.25,389.25
384.12,384.12
378.37,378.37
373.25,373.25
369.75,369.75
365.62,365.62
359.75,359.75
352.12,352.12
344.87,344.87
339.75,339.75
335.37,335.37
330.87,330.87
325.0,325.0
319.62,319.62
315.0,315.0
310.0,310.0
302.87,302.87
293.75,293.75
284.75,284.75
277.5,277.5
272.25,272.25
268.0,268.0
264.25,264.25
261.37,261.37
259.0,259.0
255.0,255.0
246.87,246.87
235.25,235.25
224.12,224.12
216.62,216.62
213.25,213.25
210.75,210.75
206.25,206.25
199.87,199.87
192.5,192.5
184.75,184.75
175.75,175.75
165.37,165.37
155.0,155.0
147.12,147.12
141.56,141.56
136.06,136.06
128.62,128.62
121.06,121.06
116.12,116.12
115.5,115.5
116.62,116.62
116.31,116.31
113.0,113.0
107.69,107.69
101.62,101.62
94.81,94.81
86.12,86.12
76.62,76.62
68.94,68.94
64.19,64.19
60.75,60.75
55.69,55.69
48.19,48.19
40.13,40.13
33.34,33.34
27.28,27.28
20.87,20.87
14.28,14.28
9.88,9.88
8.5,8.5
8.25,8.25
6.0,6.0
1.03,1.03
-4.27,-4.27
-7.64,-7.64
-10.22,-10.22
-15.05,-15.05
-22.94,-22.94
-31.64,-31.64
-37.87,-37.87
-42.17,-42.17
-48.05,-48.05
-56.86,-56.86
-66.34,-66.34
-72.6,-72.6
-76.04,-76.04
-80.68,-80.68
-89.65,-89.65
-102.02,-102.02
-114.26,-114.26
-122.99,-122.99
-128.01,-128.01
-130.59,-130.59
-131.37,-131.37
-130.12,-130.12
-127.5,-127.5
-125.87,-125.87
-126.87,-126.87
-128.84,-128.84
-128.37,-128.37
-123.56,-123.56
-117.0,-117.0
-112.59,-112.59
-112.97,-112.97
-117.09,-117.09
-122.66,-122.66
-128.87,-128.87
-135.66,-135.66
-141.5,-141.5
-143.62,-143.62
-140.81,-140.81
-136.19,-136.19
-134.31,-134.31
-137.75,-137.75
-144.19,-144.19
-149.44,-149.44
-152.44,-152.44
-155.94,-155.94
-162.37,-162.37
-171.44,-171.44
-180.94,-180.94
-188.81,-188.81
-194.94,-194.94
-200.0,-200.0
-203.62,-203.62
-204.75,-204.75
-204.62,-204.62
-206.0,-206.0
-211.06,-211.06
-218.0,-218.0
-223.37,-223.37
-226.31,-226.31
-229.31,-229.31
-234.75,-234.75
-242.06,-242.06
-248.37,-248.37
-252.0,-252.0
-253.62,-253.62
-255.12,-255.12
-256.62,-256.62
-257.25,-257.25
-257.37,-257.37
-258.75,-258.75
-262.87,-262.87
-269.25,-269.25
-275.5,-275.5
-279.0,-279.0
-280.25,-280.25
-281.37,-281.37
-283.25,-283.25
-284.37,-284.37
-283.37,-283.37
-281.12,-281.12
-280.25,-280.25
-282.37,-282.37
-285.87,-285.87
-288.12,-288.12
-288.5,-288.5
-287.75,-287.75
-287.5,-287.5
-287.0,-287.0
-285.87,-285.87
-284.75,-284.75
-286.12,-286.12
-290.25,-290.25
-295.12,-295.12
-296.62,-296.62
-293.62,-293.62
-288.62,-288.62
-285.12,-285.12
-284.62,-284.62
-285.87,-285.87
-287.75,-287.75
-289.87,-289.87
-292.25,-292.25
-293.25,-293.25
-290.87,-290.87
-284.37,-284.37
-276.87,-276.87
-271.75,-271.75
-270.62,-270.62
-271.25,-271.25
-271.12,-271.12
-269.5,-269.5
-267.0,-267.0
-263.87,-263.87
-259.25,-259.25
-252.87,-252.87
-246.75,-246.75
-242.87,-242.87
-241.62,-241.62
-241.0,-241.0
-239.12,-239.12
-236.37,-236.37
-234.25,-234.25
-233.25,-233.25
-231.37,-231.37
-227.25,-227.25
-221.87,-221.87
-218.25,-218.25
-219.0,-219.0
-223.0,-223.0
-226.62,-226.62
-226.75,-226.75
-223.25,-223.25
-217.87,-217.87
-212.0,-212.0
-206.12,-206.12
-200.5,-200.5
-197.25,-197.25
-197.5,-197.5
-200.25,-200.25
-202.25,-202.25
-201.75,-201.75
-198.5,-198.5
-194.37,-194.37
-189.62,-189.62
-184.37,-184.37
-179.37,-179.37
-176.75,-176.75
-177.5,-177.5
-180.62,-180.62
-181.25,-181.25
-177.75,-177.75
-170.87,-170.87
-164.87,-164.87
-161.62,-161.62
-159.5,-159.5
-157.25,-157.25
-155.25,-155.25
-155.25,-155.25
-157.75,-157.75
-159.87,-159.87
-159.0,-159.0
-154.87,-154.87
-149.5,-149.5
-145.0,-145.0
-141.37,-141.37
-137.87,-137.87
-135.25,-135.25
-134.75,-134.75
-136.0,-136.0
-137.37,-137.37
-136.5,-136.5
-132.87,-132.87
-128.25,-128.25
-124.37,-124.37
-121.62,-121.62
-118.5,-118.5
-114.75,-114.75
-110.62,-110.62
-107.62,-107.62
-105.37,-105.37
-102.87,-102.87
-100.12,-100.12
-98.62,-98.62
-99.12,-99.12
-100.62,-100.62
-100.37,-100.37
-95.25,-95.25
-87.5,-87.5
-80.0,-80.0
-75.37,-75.37
-72.5,-72.5
-69.87,-69.87
-68.06,-68.06
-67.94,-67.94
-68.87,-68.87
-68.25,-68.25
-63.88,-63.88
-57.0,-57.0
-51.25,-51.25
-48.5,-48.5
-48.5,-48.5
-49.0,-49.0
-49.0,-49.0
-47.75,-47.75
-44.25,-44.25
-38.06,-38.06
-30.62,-30.62
-24.25,-24.25
-21.19,-21.19
-21.94,-21.94
-22.87,-22.87
-19.56,-19.56
-11.56,-11.56
-1.81,-1.81
5.5,5.5
9.81,9.81
12.31,12.31
14.31,14.31
15.06,15.06
14.5,14.5
14.94,14.94
18.87,18.87
25.81,25.81
33.38,33.38
38.19,38.19
39.88,39.88
40.06,40.06
40.25,40.25
40.44,40.44
39.63,39.63
38.81,38.81
40.25,40.25
43.63,43.63
46.5,46.5
46.13,46.13
42.94,42.94
40.56,40.56
40.19,40.19
41.06,41.06
40.66,40.66
38.5,38.5
36.63,36.63
35.25,35.25
33.91,33.91
31.53,31.53
30.69,30.69
33.88,33.88
42.0,42.0
50.78,50.78
55.25,55.25
53.16,53.16
46.34,46.34
39.31,39.31
34.34,34.34
31.94,31.94
32.03,32.03
35.59,35.59
41.91,41.91
47.89,47.89
50.06,50.06
47.72,47.72
44.63,44.63
44.56,44.56
47.98,47.98
51.13,51.13
50.47,50.47
45.33,45.33
38.47,38.47
33.41,33.41
32.39,32.39
35.64,35.64
42.34,42.34
51.23,51.23
59.79,59.79
64.25,64.25
63.41,63.41
58.32,58.32
53.52,53.52
53.26,53.26
56.99,56.99
61.92,61.92
65.3,65.3
67.4,67.4
69.96,69.96
72.98,72.98
75.72,75.72
77.43,77.43
79.1,79.1
81.25,81.25
82.87,82.87
80.95,80.95
75.55,75.55
69.18,69.18
66.36,66.36
67.55,67.55
70.48,70.48
73.37,73.37
76.22,76.22
80.53,80.53
85.54,85.54
88.73,88.73
88.64,88.64
86.55,86.55
85.7,85.7
87.84,87.84
91.2,91.2
93.03,93.03
92.06,92.06
90.36,90.36
89.89,89.89
91.42,91.42
92.91,92.91
94.14,94.14
95.58,95.58
98.25,98.25
100.87,100.87
101.7,101.7
100.78,100.78
100.09,100.09
100.16,100.16
99.94,99.94
97.94,97.94
94.47,94.47
91.53,91.53
91.56,91.56
94.37,94.37
97.37,97.37
98.34,98.34
98.5,98.5
99.19,99.19
100.59,100.59
100.47,100.47
98.06,98.06
94.94,94.94
93.06,93.06
92.69,92.69
92.31,92.31
90.41,90.41
87.53,87.53
86.16,86.16
87.28,87.28
90.12,90.12
92.19,92.19
93.47,93.47
94.97,94.97
97.19,97.19
98.41,98.41
96.06,96.06
90.72,90.72
86.19,86.19
84.44,84.44
85.16,85.16
86.12,86.12
87.06,87.06
88.5,88.5
91.66,91.66
94.25,94.25
93.31,93.31
88.37,88.37
82.72,82.72
79.37,79.37
78.53,78.53
78.66,78.66
79.06,79.06
80.41,80.41
82.53,82.53
83.84,83.84
82.12,82.12
77.41,77.41
72.72,72.72
71.84,71.84
74.94,74.94
79.25,79.25
81.75,81.75
82.75,82.75
83.44,83.44
83.87,83.87
82.28,82.28
77.97,77.97
73.16,73.16
71.91,71.91
75.37,75.37
81.06,81.06
84.94,84.94
84.78,84.78
82.59,82.59
80.16,80.16
77.5,77.5
75.34,75.34
74.44,74.44
76.28,76.28
80.09,80.09
82.87,82.87
82.12,82.12
78.34,78.34
75.09,75.09
74.62,74.62
76.91,76.91
78.87,78.87
79.06,79.06
77.78,77.78
76.22,76.22
74.66,74.66
72.09,72.09
69.31,69.31
67.28,67.28
66.75,66.75
65.97,65.97
62.69,62.69
57.69,57.69
54.47,54.47
55.28,55.28
58.81,58.81
62.31,62.31
63.5,63.5
62.19,62.19
59.13,59.13
55.09,55.09
50.06,50.06
45.34,45.34
42.91,42.91
43.97,43.97
47.03,47.03
48.78,48.78
48.28,48.28
46.78,46.78
46.53,46.53
48.03,48.03
48.5,48.5
46.22,46.22
41.97,41.97
38.47,38.47
36.75,36.75
35.56,35.56
33.34,33.34
29.91,29.91
27.53,27.53
26.87,26.87
27.25,27.25
26.59,26.59
25.22,25.22
24.56,24.56
24.69,24.69
23.31,23.31
18.94,18.94
13.09,13.09
10.56,10.56
13.28,13.28
19.0,19.0
23.16,23.16
23.5,23.5
20.37,20.37
16.5,16.5
13.41,13.41
10.59,10.59
8.31,8.31
7.03,7.03
7.78,7.78
10.28,10.28
12.97,12.97
14.66,14.66
15.81,15.81
17.97,17.97
20.62,20.62
21.72,21.72
19.81,19.81
16.41,16.41
14.53,14.53
16.44,16.44
20.56,20.56
24.66,24.66
27.44,27.44
29.22,29.22
30.47,30.47
29.94,29.94
26.69,26.69
22.19,22.19
19.97,19.97
21.03,21.03
23.09,23.09
23.09,23.09
19.62,19.62
15.69,15.69
12.53,12.53
9.88,9.88
6.25,6.25
2.19,2.19
-0.62,-0.62
-1.12,-1.12
-0.16,-0.16
-0.69,-0.69
-3.44,-3.44
-7.44,-7.44
-9.66,-9.66
-9.84,-9.84
-9.77,-9.77
-10.45,-10.45
-10.88,-10.88
-9.55,-9.55
-6.47,-6.47
-4.42,-4.42
-4.66,-4.66
-5.37,-5.37
-4.08,-4.08
-0.06,-0.06
3.42,3.42
4.64,4.64
3.33,3.33
0.78,0.78
-1.73,-1.73
-4.98,-4.98
-8.95,-8.95
-11.63,-11.63
-11.78,-11.78
-9.44,-9.44
-7.36,-7.36
-8.55,-8.55
-13.47,-13.47
-19.34,-19.34
-23.67,-23.67
-25.7,-25.7
-26.45,-26.45
-25.7,-25.7
-23.2,-23.2
-18.97,-18.97
-15.52,-15.52
-15.11,-15.11
-17.94,-17.94
-21.25,-21.25
-23.27,-23.27
-24.77,-24.77
-26.5,-26.5
-28.47,-28.47
-28.16,-28.16
-24.6,-24.6
-19.82,-19.82
-17.33,-17.33
-18.85,-18.85
-21.62,-21.62
-23.35,-23.35
-24.07,-24.07
-25.27,-25.27
-28.21,-28.21
-30.37,-30.37
-29.75,-29.75
-25.64,-25.64
-21.3,-21.3
-19.77,-19.77
-20.98,-20.98
-22.93,-22.93
-23.87,-23.87
-23.53,-23.53
-22.2,-22.2
-19.12,-19.12
-14.58,-14.58
-9.82,-9.82
-7.6,-7.6
-9.66,-9.66
-14.19,-14.19
-18.93,-18.93
-21.62,-21.62
-22.54,-22.54
-22.94,-22.94
-23.09,-23.09
-22.48,-22.48
-22.37,-22.37
-24.01,-24.01
-29.38,-29.38
-37.2,-37.2
-43.7,-43.7
-46.87,-46.87
-46.26,-46.26
-44.65,-44.65
-43.79,-43.79
-43.94,-43.94
-44.83,-44.83
-46.21,-46.21
-48.31,-48.31
-49.89,-49.89
-48.2,-48.2
-43.01,-43.01
-36.12,-36.12
-32.28,-32.28
-33.22,-33.22
-36.4,-36.4
-37.3,-37.3
-34.43,-34.43
-28.83,-28.83
-23.78,-23.78
-19.77,-19.77
-15.8,-15.8
-12.61,-12.61
-11.94,-11.94
-14.78,-14.78
-19.35,-19.35
-22.61,-22.61
-23.1,-23.1
-22.07,-22.07
-20.81,-20.81
-19.05,-19.05
-16.8,-16.8
-13.83,-13.83
-12.37,-12.37
-13.18,-13.18
-14.98,-14.98
-15.26,-15.26
-12.79,-12.79
-8.33,-8.33
-4.17,-4.17
-2.54,-2.54
-2.68,-2.68
-2.57,-2.57
-2.45,-2.45
-3.59,-3.59
-5.47,-5.47
-6.32,-6.32
-4.17,-4.17
-0.79,-0.79
1.56,1.56
0.64,0.64
-1.28,-1.28
-1.67,-1.67
-0.31,-0.31
0.79,0.79
0.12,0.12
-1.29,-1.29
-2.43,-2.43
-3.07,-3.07
-3.95,-3.95
-5.56,-5.56
-6.91,-6.91
-7.0,-7.0
-6.09,-6.09
-5.94,-5.94
-7.54,-7.54
-8.37,-8.37
-5.69,-5.69
-0.28,-0.28
4.57,4.57
4.63,4.63
0.2,0.2
-5.71,-5.71
-10.8,-10.8
-15.6,-15.6
-21.6,-21.6
-27.04,-27.04
-27.68,-27.68
-21.56,-21.56
-11.24,-11.24
-1.77,-1.77
3.37,3.37
4.71,4.71
3.29,3.29
-0.62,-0.62
-7.24,-7.24
-14.55,-14.55
-17.79,-17.79
-14.0,-14.0
-4.49,-4.49
5.93,5.93
13.5,13.5
16.51,16.51
15.23,15.23
10.22,10.22
1.99,1.99
-6.66,-6.66
-11.97,-11.97
-12.49,-12.49
-9.5,-9.5
-7.53,-7.53
-8.59,-8.59
-12.63,-12.63
-17.38,-17.38
-21.34,-21.34
-24.76,-24.76
-27.39,-27.39
-28.0,-28.0
-25.59,-25.59
-20.95,-20.95
-17.36,-17.36
-17.79,-17.79
-21.47,-21.47
-24.85,-24.85
-25.96,-25.96
-24.55,-24.55
-22.65,-22.65
-21.26,-21.26
-19.13,-19.13
-16.52,-16.52
-15.19,-15.19
-17.6,-17.6
-23.5,-23.5
-28.59,-28.59
-28.62,-28.62
-24.16,-24.16
-18.48,-18.48
-15.1,-15.1
-15.0,-15.0
-16.64,-16.64
-20.02,-20.02
-24.37,-24.37
-28.17,-28.17
-27.93,-27.93
-21.7,-21.7
-12.01,-12.01
-4.41,-4.41
-3.12,-3.12
-7.86,-7.86
-15.3,-15.3
-21.41,-21.41
-25.22,-25.22
-25.73,-25.73
-23.0,-23.0
-17.53,-17.53
-11.36,-11.36
-7.99,-7.99
-9.41,-9.41
-13.55,-13.55
-16.66,-16.66
-16.99,-16.99
-16.56,-16.56
-17.13,-17.13
-18.45,-18.45
-19.0,-19.0
-18.8,-18.8
-20.09,-20.09
-24.62,-24.62
-31.1,-31.1
-35.52,-35.52
-35.64,-35.64
-32.26,-32.26
-28.65,-28.65
-25.82,-25.82
-23.26,-23.26
-20.73,-20.73
-19.45,-19.45
-20.7,-20.7
-23.42,-23.42
-24.62,-24.62
-22.05,-22.05
-16.51,-16.51
-10.76,-10.76
-6.81,-6.81
-3.9,-3.9
-1.27,-1.27
0.59,0.59
0.95,0.95
-0.97,-0.97
-3.11,-3.11
-2.98,-2.98
-0.6,-0.6
1.26,1.26
1.35,1.35
0.44,0.44
0.54,0.54
1.38,1.38
0.97,0.97
-2.44,-2.44
-7.31,-7.31
-11.15,-11.15
-12.69,-12.69
-13.97,-13.97
-15.98,-15.98
-18.48,-18.48
-19.7,-19.7
-18.9,-18.9
-18.11,-18.11
-18.82,-18.82
-20.52,-20.52
-21.21,-21.21
-20.13,-20.13
-18.07,-18.07
-17.01,-17.01
-16.47,-16.47
-15.18,-15.18
-11.39,-11.39
-6.14,-6.14
-0.44,-0.44
5.21,5.21
11.31,11.31
18.35,18.35
24.32,24.32
27.49,27.49
27.62,27.62
27.0,27.0
27.88,27.88
29.75,29.75
30.59,30.59
29.42,29.42
28.51,28.51
29.11,29.11
30.94,30.94
31.25,31.25
28.05,28.05
22.88,22.88
18.5,18.5
15.41,15.41
12.1,12.1
7.32,7.32
2.57,2.57
-0.13,-0.13
-0.3,-0.3
-0.23,-0.23
-1.65,-1.65
-3.81,-3.81
-4.45,-4.45
-2.84,-2.84
-0.99,-0.99
-0.65,-0.65
-0.82,-0.82
0.26,0.26
2.59,2.59
4.39,4.39
3.17,3.17
-0.03,-0.03
-1.96,-1.96
-0.62,-0.62
2.96,2.96
6.51,6.51
8.53,8.53
10.27,10.27
11.75,11.75
12.71,12.71
11.16,11.16
7.12,7.12
2.62,2.62
-0.09,-0.09
-1.28,-1.28
-1.95,-1.95
-3.87,-3.87
-5.77,-5.77
-6.4,-6.4
-5.53,-5.53
-5.41,-5.41
-7.04,-7.04
-10.16,-10.16
-13.24,-13.24
-15.8,-15.8
-18.33,-18.33
-20.59,-20.59
-21.07,-21.07
-17.79,-17.79
-11.79,-11.79
-5.85,-5.85
-2.45,-2.45
-1.34,-1.34
-1.24,-1.24
-1.89,-1.89
-3.53,-3.53
-6.16,-6.16
-8.26,-8.26
-6.59,-6.59
-1.43,-1.43
4.67,4.67
8.22,8.22
8.74,8.74
8.5,8.5
9.01,9.01
9.52,9.52
8.52,8.52
5.78,5.78
3.56,3.56
3.36,3.36
5.17,5.17
6.45,6.45
5.98,5.98
5.0,5.0
6.04,6.04
7.81,7.81
8.07,8.07
5.07,5.07
1.1,1.1
-1.08,-1.08
-1.5,-1.5
-1.66,-1.66
-3.06,-3.06
-5.21,-5.21
-6.08,-6.08
-5.45,-5.45
-5.32,-5.32
-7.19,-7.19
-9.79,-9.79
-9.87,-9.87
-7.44,-7.44
-4.04,-4.04
-1.92,-1.92
-0.31,-0.31
2.28,2.28
5.84,5.84
8.37,8.37
8.63,8.63
8.14,8.14
9.89,9.89
14.38,14.38
18.83,18.83
20.73,20.73
20.12,20.12
19.5,19.5
19.89,19.89
20.02,20.02
17.65,17.65
12.54,12.54
7.49,7.49
4.47,4.47
3.23,3.23
1.26,1.26
-1.45,-1.45
-3.38,-3.38
-3.05,-3.05
-1.47,-1.47
-1.9,-1.9
-5.08,-5.08
-8.98,-8.98
-11.09,-11.09
-11.18,-11.18
-11.77,-11.77
-14.1,-14.1
-16.9,-16.9
-18.18,-18.18
-16.7,-16.7
-14.47,-14.47
-13.02,-13.02
-12.07,-12.07
-9.63,-9.63
-5.96,-5.96
-2.33,-2.33
-0.98,-0.98
-1.39,-1.39
-1.04,-1.04
1.29,1.29
5.12,5.12
8.9,8.9
12.9,12.9
17.86,17.86
24.02,24.02
28.62,28.62
29.42,29.42
26.46,26.46
22.53,22.53
20.13,20.13
19.25,19.25
17.87,17.87
16.0,16.0
14.9,14.9
16.05,16.05
18.45,18.45
20.06,20.06
20.16,20.16
20.01,20.01
20.6,20.6
20.94,20.94
19.27,19.27
16.11,16.11
12.98,12.98
12.12,12.12
13.27,13.27
14.91,14.91
15.03,15.03
15.15,15.15
16.26,16.26
17.62,17.62
16.7,16.7
13.54,13.54
10.16,10.16
10.31,10.31
14.71,14.71
19.81,19.81
22.61,22.61
22.64,22.64
21.66,21.66
20.69,20.69
18.97,18.97
15.51,15.51
11.59,11.59
8.95,8.95
8.83,8.83
9.21,9.21
8.08,8.08
5.22,5.22
2.63,2.63
1.81,1.81
1.5,1.5
-0.3,-0.3
-3.84,-3.84
-6.85,-6.85
-8.08,-8.08
-7.79,-7.79
-7.51,-7.51
-7.23,-7.23
-5.7,-5.7
-1.69,-1.69
3.04,3.04
4.98,4.98
3.4,3.4
0.58,0.58
-0.21,-0.21
2.25,2.25
5.45,5.45
7.36,7.36
8.25,8.25
9.63,9.63
12.5,12.5
14.85,14.85
15.41,15.41
14.72,14.72
14.54,14.54
15.1,15.1
15.16,15.16
13.21,13.21
10.28,10.28
7.88,7.88
6.99,6.99
5.87,5.87
3.75,3.75
1.15,1.15
0.32,0.32
1.76,1.76
4.18,4.18
4.57,4.57
2.46,2.46
-0.13,-0.13
-1.69,-1.69
-2.99,-2.99
-5.03,-5.03
-8.05,-8.05
-9.79,-9.79
-9.02,-9.02
-6.5,-6.5
-5.25,-5.25
-6.76,-6.76
-9.01,-9.01
-10.73,-10.73
-11.94,-11.94
-14.63,-14.63
-18.3,-18.3
-20.93,-20.93
-20.29,-20.29
-17.15,-17.15
-14.78,-14.78
-14.68,-14.68
-16.08,-16.08
-16.22,-16.22
-14.6,-14.6
-12.25,-12.25
-10.91,-10.91
-10.09,-10.09
-8.77,-8.77
-5.96,-5.96
-3.68,-3.68
-2.42,-2.42
-1.91,-1.91
-0.17,-0.17
2.31,2.31
4.27,4.27
3.96,3.96
2.66,2.66
1.86,1.86
2.57,2.57
3.27,3.27
2.72,2.72
1.42,1.42
1.13,1.13
2.85,2.85
4.8,4.8
4.48,4.48
1.16,1.16
-2.37,-2.37
-3.88,-3.88
-4.12,-4.12
-4.85,-4.85
-7.33,-7.33
-9.79,-9.79
-10.47,-10.47
-10.14,-10.14
-10.32,-10.32
-12.49,-12.49
-14.64,-14.64
-15.27,-15.27
-14.64,-14.64
-14.77,-14.77
-16.39,-16.39
-18.49,-18.49
-18.57,-18.57
-16.9,-16.9
-14.49,-14.49
-13.35,-13.35
-12.97,-12.97
-12.09,-12.09
-11.72,-11.72
-13.59,-13.59
-18.2,-18.2
-23.77,-23.77
-27.78,-27.78
-29.5,-29.5
-30.69,-30.69
-32.13,-32.13
-33.04,-33.04
-31.44,-31.44
-27.11,-27.11
-21.8,-21.8
-17.8,-17.8
-14.82,-14.82
-11.37,-11.37
-6.45,-6.45
-1.33,-1.33
2.25,2.25
3.79,3.79
5.33,5.33
8.09,8.09
11.83,11.83
14.04,14.04
14.22,14.22
13.64,13.64
14.07,14.07
15.0,15.0
15.16,15.16
13.82,13.82
12.74,12.74
12.92,12.92
13.85,13.85
13.76,13.76
11.67,11.67
9.6,9.6
9.8,9.8
11.75,11.75
13.67,13.67
13.83,13.83
13.48,13.48
14.38,14.38
16.02,16.02
16.15,16.15
13.27,13.27
8.91,8.91
5.6,5.6
5.06,5.06
6.28,6.28
7.48,7.48
9.43,9.43
13.35,13.35
18.49,18.49
22.32,22.32
22.37,22.37
19.17,19.17
15.24,15.24
12.59,12.59
10.72,10.72
7.61,7.61
4.53,4.53
2.98,2.98
4.44,4.44
6.88,6.88
7.81,7.81
6.72,6.72
5.89,5.89
7.32,7.32
10.49,10.49
12.37,12.37
11.49,11.49
9.36,9.36
8.0,8.0
8.15,8.15
8.05,8.05
6.45,6.45
4.36,4.36
3.04,3.04
2.73,2.73
1.42,1.42
-1.37,-1.37
-4.39,-4.39
-5.13,-5.13
-2.61,-2.61
1.13,1.13
3.84,3.84
5.28,5.28
6.2,6.2
6.86,6.86
6.01,6.01
2.18,2.18
-3.38,-3.38
-8.38,-8.38
-11.09,-11.09
-12.27,-12.27
-12.93,-12.93
-12.09,-12.09
-8.75,-8.75
-3.45,-3.45
0.81,0.81
1.53,1.53
-1.26,-1.26
-4.27,-4.27
-5.5,-5.5
-4.97,-4.97
-3.95,-3.95
-3.68,-3.68
-3.42,-3.42
-2.16,-2.16
-0.16,-0.16
0.32,0.32
-0.95,-0.95
-2.71,-2.71
-2.95,-2.95
-2.94,-2.94
-3.93,-3.93
-6.66,-6.66
-9.87,-9.87
-11.04,-11.04
-9.71,-9.71
-8.38,-8.38
-8.06,-8.06
-8.25,-8.25
-6.93,-6.93
-4.62,-4.62
-3.09,-3.09
-3.06,-3.06
-2.79,-2.79
-0.77,-0.77
2.98,2.98
5.95,5.95
6.89,6.89
6.07,6.07
5.51,5.51
6.2,6.2
7.13,7.13
6.81,6.81
5.23,5.23
3.42,3.42
2.88,2.88
2.59,2.59
1.3,1.3
-0.47,-0.47
-1.48,-1.48
-0.23,-0.23
1.76,1.76
2.23,2.23
0.44,0.44
-2.08,-2.08
-3.07,-3.07
-2.31,-2.31
-1.55,-1.55
-1.8,-1.8
-1.79,-1.79
-1.04,-1.04
-0.04,-0.04
-0.3,-0.3
-2.06,-2.06
-3.31,-3.31
-2.29,-2.29
-0.03,-0.03
1.21,1.21
0.44,0.44
-1.07,-1.07
-1.58,-1.58
-0.32,-0.32
1.17,1.17
1.4,1.4
0.37,0.37
-0.14,-0.14
0.85,0.85
2.08,2.08
2.55,2.55
2.77,2.77
4.48,4.48
7.92,7.92
10.59,10.59
10.47,10.47
8.11,8.11
5.77,5.77
4.7,4.7
4.63,4.63
3.57,3.57
1.52,1.52
-0.02,-0.02
-0.04,-0.04
-0.06,-0.06
-2.08,-2.08
-5.84,-5.84
-9.3,-9.3
-9.74,-9.74
-7.17,-7.17
-4.62,-4.62
-3.09,-3.09
-2.58,-2.58
-0.82,-0.82
1.67,1.67
3.39,3.39
2.85,2.85
0.55,0.55
-1.47,-1.47
-2.72,-2.72
-3.71,-3.71
-4.69,-4.69
-4.91,-4.91
-3.38,-3.38
-0.61,-0.61
0.63,0.63
-0.39,-0.39
-2.4,-2.4
-2.89,-2.89
-1.88,-1.88
-0.87,-0.87
-1.62,-1.62
-3.37,-3.37
-3.35,-3.35
-0.83,-0.83
2.17,2.17
3.14,3.14
1.85,1.85
0.07,0.07
-1.19,-1.19
-1.94,-1.94
-3.69,-3.69
-5.16,-5.16
-4.38,-4.38
-0.35,-0.35
4.9,4.9
8.59,8.59
9.75,9.75
9.65,9.65
9.3,9.3
8.45,8.45
6.36,6.36
4.03,4.03
4.48,4.48
8.92,8.92
15.57,15.57
19.9,19.9
19.94,19.94
15.98,15.98
10.31,10.31
4.93,4.93
-0.15,-0.15
-3.93,-3.93
-5.18,-5.18
-3.16,-3.16
0.33,0.33
2.05,2.05
0.5,0.5
-3.54,-3.54
-7.54,-7.54
-10.5,-10.5
-13.68,-13.68
-17.83,-17.83
-21.44,-21.44
-22.02,-22.02
-19.08,-19.08
-15.17,-15.17
-13.3,-13.3
-13.69,-13.69
-14.57,-14.57
-15.19,-15.19
-15.81,-15.81
-17.41,-17.41
-19.0,-19.0
-19.32,-19.32
-17.14,-17.14
-13.72,-13.72
-10.59,-10.59
-8.73,-8.73
-7.13,-7.13
-5.05,-5.05
-3.49,-3.49
-3.69,-3.69
-5.14,-5.14
-4.82,-4.82
-1.51,-1.51
3.78,3.78
7.76,7.76
8.71,8.71
7.89,7.89
7.34,7.34
7.29,7.29
6.23,6.23
3.44,3.44
1.17,1.17
1.17,1.17
3.92,3.92
7.14,7.14
8.34,8.34
8.52,8.52
9.45,9.45
10.87,10.87
11.77,11.77
11.42,11.42
10.56,10.56
11.22,11.22
14.11,14.11
17.23,17.23
18.31,18.31
16.39,16.39
13.22,13.22
10.84,10.84
9.22,9.22
7.37,7.37
5.28,5.28
5.22,5.22
7.15,7.15
9.31,9.31
8.7,8.7
4.85,4.85
0.53,0.53
-2.0,-2.0
-3.26,-3.26
-4.75,-4.75
-6.73,-6.73
-7.69,-7.69
-6.39,-6.39
-3.6,-3.6
-2.59,-2.59
-4.34,-4.34
-7.82,-7.82
-10.01,-10.01
-9.69,-9.69
-8.11,-8.11
-5.8,-5.8
-3.01,-3.01
0.75,0.75
4.48,4.48
5.43,5.43
2.62,2.62
-1.67,-1.67
-5.42,-5.42
-7.63,-7.63
-10.33,-10.33
-14.49,-14.49
-19.37,-19.37
-23.45,-23.45
-25.98,-25.98
-28.5,-28.5
-32.73,-32.73
-38.42,-38.42
-44.05,-44.05
-48.62,-48.62
-52.9,-52.9
-57.13,-57.13
-61.06,-61.06
-62.19,-62.19
-60.81,-60.81
-58.18,-58.18
-57.31,-57.31
-58.19,-58.19
-58.81,-58.81
-57.16,-57.16
-53.52,-53.52
-48.65,-48.65
-42.57,-42.57
-34.79,-34.79
-24.58,-24.58
-14.45,-14.45
-6.92,-6.92
-2.95,-2.95
-0.52,-0.52
2.39,2.39
6.52,6.52
10.61,10.61
14.17,14.17
17.69,17.69
22.67,22.67
28.86,28.86
34.23,34.23
37.3,37.3
39.84,39.84
43.6,43.6
49.07,49.07
54.23,54.23
57.58,57.58
59.65,59.65
61.93,61.93
65.19,65.19
68.16,68.16
69.34,69.34
68.75,68.75
68.4,68.4
69.05,69.05
69.43,69.43
67.79,67.79
63.91,63.91
59.81,59.81
56.23,56.23
52.43,52.43
46.91,46.91
40.43,40.43
35.75,35.75
35.61,35.61
38.47,38.47
41.79,41.79
43.33,43.33
43.09,43.09
42.36,42.36
41.37,41.37
39.38,39.38
35.66,35.66
31.47,31.47
28.06,28.06
25.42,25.42
22.31,22.31
18.22,18.22
13.67,13.67
10.65,10.65
8.66,8.66
5.94,5.94
1.25,1.25
-3.91,-3.91
-7.77,-7.77
-9.84,-9.84
-11.64,-11.64
-14.67,-14.67
-18.67,-18.67
-21.39,-21.39
-21.32,-21.32
-20.75,-20.75
-20.69,-20.69
-21.12,-21.12
-20.54,-20.54
-18.47,-18.47
-16.41,-16.41
-16.62,-16.62
-18.83,-18.83
-21.01,-21.01
-22.42,-22.42
-23.31,-23.31
-24.44,-24.44
-24.81,-24.81
-22.92,-22.92
-18.29,-18.29
-13.2,-13.2
-10.66,-10.66
-11.14,-11.14
-13.11,-13.11
-14.82,-14.82
-16.5,-16.5
-19.17,-19.17
-23.81,-23.81
-28.15,-28.15
-30.95,-30.95
-31.72,-31.72
-32.48,-32.48
-34.23,-34.23
-35.7,-35.7
-35.16,-35.16
-32.37,-32.37
-28.84,-28.84
-26.1,-26.1
-23.62,-23.62
-21.17,-21.17
-19.73,-19.73
-20.55,-20.55
-23.87,-23.87
-27.15,-27.15
-27.64,-27.64
-25.13,-25.13
-22.63,-22.63
-21.66,-21.66
-21.44,-21.44
-19.72,-19.72
-15.51,-15.51
-10.59,-10.59
-7.21,-7.21
-6.11,-6.11
-6.02,-6.02
-5.68,-5.68
-5.6,-5.6
-6.26,-6.26
-6.91,-6.91
-6.31,-6.31
-3.96,-3.96
-1.39,-1.39
-0.34,-0.34
-0.04,-0.04
1.25,1.25
4.03,4.03
6.53,6.53
5.76,5.76
0.99,0.99
-5.23,-5.23
-9.89,-9.89
-11.26,-11.26
-11.62,-11.62
-12.47,-12.47
-12.81,-12.81
-11.15,-11.15
-8.0,-8.0
-5.12,-5.12
-3.53,-3.53
-2.69,-2.69
-2.12,-2.12
-1.55,-1.55
-3.23,-3.23
-7.65,-7.65
-12.52,-12.52
-14.85,-14.85
-13.16,-13.16
-9.73,-9.73
-6.08,-6.08
-3.46,-3.46
-0.37,-0.37
2.95,2.95
4.48,4.48
2.5,2.5
-1.46,-1.46
-5.38,-5.38
-7.27,-7.27
-7.89,-7.89
-9.0,-9.0
-9.86,-9.86
-9.2,-9.2
-6.05,-6.05
-1.92,-1.92
0.67,0.67
1.23,1.23
1.79,1.79
4.59,4.59
8.62,8.62
10.86,10.86
9.57,9.57
6.3,6.3
3.06,3.06
1.34,1.34
0.14,0.14
-1.54,-1.54
-2.22,-2.22
-1.38,-1.38
1.19,1.19
3.24,3.24
3.53,3.53
3.06,3.06
3.34,3.34
4.87,4.87
6.14,6.14
5.64,5.64
4.4,4.4
4.67,4.67
6.68,6.68
8.18,8.18
7.66,7.66
5.89,5.89
4.64,4.64
5.15,5.15
6.66,6.66
6.9,6.9
6.63,6.63
7.37,7.37
10.1,10.1
13.31,13.31
15.23,15.23
16.13,16.13
17.02,17.02
18.91,18.91
20.27,20.27
19.11,19.11
15.46,15.46
11.1,11.1
8.52,8.52
7.22,7.22
5.17,5.17
2.15,2.15
0.4,0.4
1.41,1.41
4.42,4.42
6.9,6.9
6.86,6.86
5.06,5.06
3.78,3.78
2.51,2.51
0.0,0.0
-4.48,-4.48
-8.42,-8.42
-9.08,-9.08
-5.73,-5.73
-0.9,-0.9
2.87,2.87
4.87,4.87
6.59,6.59
8.3,8.3
8.74,8.74
7.93,7.93
6.62,6.62
6.82,6.82
8.77,8.77
10.45,10.45
10.11,10.11
8.53,8.53
7.21,7.21
7.65,7.65
8.33,8.33
7.01,7.01
4.45,4.45
2.91,2.91
4.63,4.63
8.59,8.59
12.01,12.01
13.64,13.64
14.27,14.27
15.13,15.13
14.98,14.98
13.33,13.33
10.2,10.2
8.34,8.34
9.49,9.49
11.89,11.89
12.76,12.76
11.12,11.12
8.75,8.75
8.14,8.14
8.79,8.79
8.93,8.93
6.32,6.32
2.99,2.99
1.18,1.18
2.89,2.89
5.83,5.83
8.24,8.24
10.14,10.14
12.51,12.51
15.36,15.36
16.43,16.43
14.24,14.24
10.06,10.06
7.18,7.18
6.82,6.82
7.46,7.46
6.59,6.59
3.73,3.73
0.15,0.15
-2.4,-2.4
-4.93,-4.93
-8.19,-8.19
-11.41,-11.41
-12.35,-12.35
-9.28,-9.28
-3.99,-3.99
0.51,0.51
2.46,2.46
1.9,1.9
0.33,0.33
-2.71,-2.71
-6.48,-6.48
-9.46,-9.46
-9.66,-9.66
-6.11,-6.11
-1.1,-1.1
1.88,1.88
1.82,1.82
-0.23,-0.23
-2.27,-2.27
-3.78,-3.78
-5.29,-5.29
-7.52,-7.52
-8.49,-8.49
-6.2,-6.2
-1.67,-1.67
2.31,2.31
4.01,4.01
3.44,3.44
2.12,2.12
0.82,0.82
-0.97,-0.97
-3.25,-3.25
-5.25,-5.25
-4.99,-4.99
-2.47,-2.47
-0.73,-0.73
-1.51,-1.51
-4.03,-4.03
-5.77,-5.77
-5.5,-5.5
-4.23,-4.23
-4.97,-4.97
-7.2,-7.2
-8.91,-8.91
-7.85,-7.85
-5.31,-5.31
-3.78,-3.78
-4.27,-4.27
-5.0,-5.0
-4.48,-4.48
-3.21,-3.21
-2.7,-2.7
-2.69,-2.69
-1.44,-1.44
1.8,1.8
6.02,6.02
8.19,8.19
7.1,7.1
4.51,4.51
2.95,2.95
2.64,2.64
1.6,1.6
-1.44,-1.44
-4.7,-4.7
-6.18,-6.18
-5.65,-5.65
-4.62,-4.62
-4.85,-4.85
-5.33,-5.33
-4.55,-4.55
-2.77,-2.77
-1.77,-1.77
-3.27,-3.27
-6.76,-6.76
-9.21,-9.21
-8.89,-8.89
-7.07,-7.07
-5.77,-5.77
-5.73,-5.73
-5.44,-5.44
-3.65,-3.65
-1.13,-1.13
-0.13,-0.13
-0.89,-0.89
-1.89,-1.89
-1.88,-1.88
-1.12,-1.12
-1.37,-1.37
-2.36,-2.36
-2.85,-2.85
-1.83,-1.83
0.18,0.18
0.67,0.67
-0.85,-0.85
-3.34,-3.34
-4.82,-4.82
-5.28,-5.28
-5.99,-5.99
-6.94,-6.94
-6.88,-6.88
-4.32,-4.32
-0.03,-0.03
2.97,2.97
2.94,2.94
0.66,0.66
-1.35,-1.35
-3.09,-3.09
-5.31,-5.31
-9.27,-9.27
-13.43,-13.43
-15.81,-15.81
-16.41,-16.41
-15.75,-15.75
-14.85,-14.85
-13.2,-13.2
-10.32,-10.32
-6.21,-6.21
-3.38,-3.38
-3.08,-3.08
-3.54,-3.54
-2.99,-2.99
-1.19,-1.19
0.34,0.34
-0.65,-0.65
-3.37,-3.37
-5.08,-5.08
-4.26,-4.26
-2.2,-2.2
-0.91,-0.91
-0.88,-0.88
-0.35,-0.35
1.17,1.17
2.93,2.93
2.93,2.93
1.42,1.42
-0.07,-0.07
-0.05,-0.05
1.22,1.22
1.23,1.23
-0.52,-0.52
-2.49,-2.49
-2.7,-2.7
-0.65,-0.65
0.87,0.87
0.64,0.64
-0.35,-0.35
-0.08,-0.08
2.19,2.19
4.69,4.69
6.42,6.42
7.38,7.38
8.58,8.58
10.52,10.52
10.94,10.94
9.35,9.35
6.77,6.77
5.97,5.97
7.68,7.68
10.11,10.11
11.28,11.28
10.43,10.43
9.09,9.09
8.01,8.01
6.43,6.43
3.13,3.13
-0.65,-0.65
-2.9,-2.9
-2.37,-2.37
0.15,0.15
1.9,1.9
2.38,2.38
2.86,2.86
4.58,4.58
6.79,6.79
6.72,6.72
4.66,4.66
2.61,2.61
2.08,2.08
2.56,2.56
2.78,2.78
2.0,2.0
1.97,1.97
3.7,3.7
6.66,6.66
8.09,8.09
6.76,6.76
3.68,3.68
1.89,1.89
1.61,1.61
1.58,1.58
0.56,0.56
0.29,0.29
2.53,2.53
6.49,6.49
10.17,10.17
11.31,11.31
10.19,10.19
8.83,8.83
7.73,7.73
6.39,6.39
3.81,3.81
1.0,1.0
-0.53,-0.53
-0.05,-0.05
1.43,1.43
1.9,1.9
1.86,1.86
2.82,2.82
5.27,5.27
7.2,7.2
6.36,6.36
3.27,3.27
0.46,0.46
-0.07,-0.07
0.41,0.41
-0.87,-0.87
-4.14,-4.14
-8.38,-8.38
-11.58,-11.58
-14.0,-14.0
-16.89,-16.89
-20.5,-20.5
-22.83,-22.83
-22.13,-22.13
-19.44,-19.44
-17.77,-17.77
-18.86,-18.86
-20.69,-20.69
-21.24,-21.24
-19.04,-19.04
-16.11,-16.11
-14.2,-14.2
-13.06,-13.06
-11.67,-11.67
-8.8,-8.8
-6.95,-6.95
-7.62,-7.62
-9.52,-9.52
-10.42,-10.42
-9.55,-9.55
-8.43,-8.43
-8.33,-8.33
-9.48,-9.48
-10.11,-10.11
-10.24,-10.24
-10.86,-10.86
-12.98,-12.98
-15.32,-15.32
-14.89,-14.89
-10.97,-10.97
-6.32,-6.32
-3.47,-3.47
-3.15,-3.15
-3.57,-3.57
-2.0,-2.0
0.07,0.07
0.86,0.86
-0.6,-0.6
-2.55,-2.55
-2.98,-2.98
-1.66,-1.66
0.4,0.4
1.95,1.95
2.97,2.97
4.99,4.99
7.99,7.99
10.46,10.46
12.41,12.41
14.34,14.34
16.99,16.99
19.62,19.62
21.23,21.23
21.31,21.31
21.39,21.39
22.97,22.97
25.53,25.53
27.56,27.56
27.57,27.57
26.08,26.08
24.84,24.84
23.36,23.36
20.9,20.9
15.95,15.95
10.29,10.29
6.69,6.69
6.36,6.36
7.54,7.54
7.96,7.96
7.62,7.62
7.28,7.28
7.7,7.7
6.61,6.61
3.03,3.03
-1.77,-1.77
-4.52,-4.52
-3.5,-3.5
0.01,0.01
2.74,2.74
2.45,2.45
0.41,0.41
-1.87,-1.87
-3.87,-3.87
-7.1,-7.1
-10.81,-10.81
-13.47,-13.47
-13.61,-13.61
-11.75,-11.75
-10.41,-10.41
-10.57,-10.57
-10.98,-10.98
-9.64,-9.64
-6.55,-6.55
-3.74,-3.74
-2.46,-2.46
-2.94,-2.94
-3.92,-3.92
-4.88,-4.88
-6.34,-6.34
-8.03,-8.03
-7.71,-7.71
-3.88,-3.88
2.16,2.16
7.64,7.64
9.82,9.82
10.23,10.23
10.39,10.39
11.29,11.29
11.68,11.68
10.32,10.32
7.47,7.47
5.39,5.39
4.58,4.58
4.28,4.28
3.23,3.23
1.69,1.69
1.66,1.66
2.64,2.64
3.35,3.35
1.81,1.81
-1.47,-1.47
-4.47,-4.47
-5.19,-5.19
-4.16,-4.16
-3.88,-3.88
-4.36,-4.36
-4.08,-4.08
-1.3,-1.3
2.71,2.71
5.67,5.67
6.11,6.11
5.29,5.29
5.23,5.23
5.92,5.92
6.11,6.11
5.54,5.54
5.22,5.22
6.66,6.66
9.58,9.58
10.72,10.72
9.35,9.35
6.5,6.5
4.67,4.67
4.85,4.85
4.78,4.78
3.21,3.21
0.66,0.66
-0.62,-0.62
0.11,0.11
1.33,1.33
0.55,0.55
-1.99,-1.99
-3.99,-3.99
-3.73,-3.73
-2.22,-2.22
-0.97,-0.97
-0.74,-0.74
-1.25,-1.25
-1.52,-1.52
-3.03,-3.03
-6.02,-6.02
-9.74,-9.74
-11.17,-11.17
-8.83,-8.83
-4.77,-4.77
-1.99,-1.99
-1.74,-1.74
-2.49,-2.49
-2.23,-2.23
-0.98,-0.98
-0.73,-0.73
-1.74,-1.74
-2.99,-2.99
-1.98,-1.98
0.53,0.53
3.01,3.01
3.72,3.72
3.67,3.67
4.37,4.37
6.56,6.56
8.99,8.99
9.89,9.89
10.02,10.02
10.41,10.41
10.79,10.79
9.92,9.92
6.55,6.55
2.22,2.22
0.17,0.17
1.14,1.14
4.1,4.1
5.79,5.79
5.7,5.7
4.62,4.62
3.3,3.3
1.24,1.24
-2.55,-2.55
-6.56,-6.56
-8.03,-8.03
-5.49,-5.49
-0.72,-0.72
3.26,3.26
4.95,4.95
4.88,4.88
4.56,4.56
3.23,3.23
0.67,0.67
-2.61,-2.61
-4.12,-4.12
-2.11,-2.11
1.38,1.38
3.83,3.83
3.77,3.77
2.7,2.7
2.4,2.4
2.59,2.59
1.54,1.54
-1.01,-1.01
-3.28,-3.28
-3.29,-3.29
-1.29,-1.29
0.44,0.44
-0.34,-0.34
-2.87,-2.87
-5.62,-5.62
-6.85,-6.85
-8.32,-8.32
-10.52,-10.52
-12.7,-12.7
-13.36,-13.36
-12.26,-12.26
-11.17,-11.17
-12.08,-12.08
-14.49,-14.49
-15.87,-15.87
-15.49,-15.49
-13.86,-13.86
-12.49,-12.49
-11.88,-11.88
-10.53,-10.53
-8.43,-8.43
-6.86,-6.86
-7.29,-7.29
-9.73,-9.73
-11.14,-11.14
-10.78,-10.78
-9.18,-9.18
-8.59,-8.59
-9.25,-9.25
-9.15,-9.15
-7.56,-7.56
-5.48,-5.48
-4.66,-4.66
-5.36,-5.36
-5.54,-5.54
-4.48,-4.48
-2.92,-2.92
-3.13,-3.13
-5.58,-5.58
-8.51,-8.51
-9.42,-9.42
-8.81,-8.81
-8.71,-8.71
-10.35,-10.35
-11.98,-11.98
-11.1,-11.1
-7.97,-7.97
-5.12,-5.12
-4.54,-4.54
-5.72,-5.72
-6.63,-6.63
-5.79,-5.79
-4.95,-4.95
-5.12,-5.12
-6.79,-6.79
-7.19,-7.19
-5.59,-5.59
-4.25,-4.25
-5.17,-5.17
-8.08,-8.08
-9.72,-9.72
-8.59,-8.59
-5.22,-5.22
-2.12,-2.12
-0.06,-0.06
1.99,1.99
4.51,4.51
7.01,7.01
7.49,7.49
5.72,5.72
3.96,3.96
2.71,2.71
1.47,1.47
-1.5,-1.5
-5.95,-5.95
-8.6,-8.6
-7.48,-7.48
-3.37,-3.37
0.71,0.71
1.99,1.99
1.77,1.77
1.54,1.54
2.07,2.07
1.85,1.85
0.12,0.12
-1.84,-1.84
-1.78,-1.78
-0.72,-0.72
-0.42,-0.42
-1.87,-1.87
-3.81,-3.81
-3.48,-3.48
-0.91,-0.91
2.14,2.14
2.92,2.92
1.94,1.94
1.46,1.46
2.24,2.24
2.51,2.51
1.03,1.03
-1.68,-1.68
-2.88,-2.88
-2.06,-2.06
-0.25,-0.25
0.3,0.3
-0.41,-0.41
-0.61,-0.61
0.69,0.69
1.97,1.97
1.5,1.5
-0.47,-0.47
-2.43,-2.43
-2.36,-2.36
-1.3,-1.3
-1.49,-1.49
-3.18,-3.18
-4.61,-4.61
-3.77,-3.77
-1.44,-1.44
0.37,0.37
1.16,1.16
1.95,1.95
4.47,4.47
7.98,7.98
9.7,9.7
8.4,8.4
5.62,5.62
4.35,4.35
5.6,5.6
8.34,8.34
11.05,11.05
13.24,13.24
15.4,15.4
17.54,17.54
17.91,17.91
15.77,15.77
12.4,12.4
10.06,10.06
10.24,10.24
10.91,10.91
10.33,10.33
8.5,8.5
7.69,7.69
8.63,8.63
10.06,10.06
9.73,9.73
7.15,7.15
4.34,4.34
3.31,3.31
3.03,3.03
2.51,2.51
1.74,1.74
1.98,1.98
4.22,4.22
6.94,6.94
8.13,8.13
6.8,6.8
4.99,4.99
4.45,4.45
4.16,4.16
2.87,2.87
-0.41,-0.41
-3.16,-3.16
-3.13,-3.13
-0.6,-0.6
2.65,2.65
4.63,4.63
5.83,5.83
7.28,7.28
8.96,8.96
9.37,9.37
8.03,8.03
5.95,5.95
5.38,5.38
6.08,6.08
7.01,7.01
6.94,6.94
7.11,7.11
9.03,9.03
12.93,12.93
16.8,16.8
17.63,17.63
15.94,15.94
13.27,13.27
11.13,11.13
8.5,8.5
4.64,4.64
-0.43,-0.43
-4.21,-4.21
-5.7,-5.7
-6.18,-6.18
-7.15,-7.15
-8.61,-8.61
-8.8,-8.8
-6.75,-6.75
-3.71,-3.71
-2.45,-2.45
-4.2,-4.2
-7.43,-7.43
-9.13,-9.13
-8.82,-8.82
-7.75,-7.75
-6.7,-6.7
-4.65,-4.65
-1.37,-1.37
1.87,1.87
3.34,3.34
2.05,2.05
-0.24,-0.24
-1.25,-1.25
-0.5,-0.5
0.48,0.48
0.22,0.22
-0.55,-0.55
-0.31,-0.31
0.68,0.68
0.9,0.9
-1.12,-1.12
-4.62,-4.62
-6.85,-6.85
-6.55,-6.55
-5.25,-5.25
-4.96,-4.96
-5.43,-5.43
-5.89,-5.89
-5.09,-5.09
-4.31,-4.31
-5.02,-5.02
-6.99,-6.99
-8.18,-8.18
-7.11,-7.11
-5.3,-5.3
-4.75,-4.75
-4.96,-4.96
-4.17,-4.17
-1.63,-1.63
0.89,0.89
1.63,1.63
-0.39,-0.39
-3.38,-3.38
-4.6,-4.6
-4.56,-4.56
-4.02,-4.02
-4.23,-4.23
-3.94,-3.94
-2.15,-2.15
-0.13,-0.13
0.38,0.38
-1.37,-1.37
-3.61,-3.61
-4.32,-4.32
-3.28,-3.28
-2.24,-2.24
-2.46,-2.46
-2.69,-2.69
-1.41,-1.41
1.61,1.61
3.61,3.61
3.33,3.33
1.05,1.05
-0.2,-0.2
0.31,0.31
1.31,1.31
1.3,1.3
0.29,0.29
0.3,0.3
1.8,1.8
3.79,3.79
4.25,4.25
3.97,3.97
4.44,4.44
6.15,6.15
7.84,7.84
7.27,7.27
4.7,4.7
2.16,2.16
1.63,1.63
2.37,2.37
2.59,2.59
2.06,2.06
1.79,1.79
2.52,2.52
3.49,3.49
3.21,3.21
1.92,1.92
1.15,1.15
2.88,2.88
6.1,6.1
8.54,8.54
8.2,8.2
6.37,6.37
5.05,5.05
5.24,5.24
5.18,5.18
4.12,4.12
3.07,3.07
3.53,3.53
4.98,4.98
5.67,5.67
4.1,4.1
1.55,1.55
-0.49,-0.49
-1.25,-1.25
-1.75,-1.75
-3.25,-3.25
-4.74,-4.74
-4.46,-4.46
-1.94,-1.94
0.07,0.07
0.3,0.3
-1.47,-1.47
-2.97,-2.97
-2.45,-2.45
-1.44,-1.44
-1.44,-1.44
-2.94,-2.94
-4.93,-4.93
-6.15,-6.15
-7.1,-7.1
-8.55,-8.55
-9.48,-9.48
-7.9,-7.9
-3.33,-3.33
2.19,2.19
4.42,4.42
2.62,2.62
-1.41,-1.41
-3.9,-3.9
-4.62,-4.62
-4.34,-4.34
-4.8,-4.8
-5.01,-5.01
-4.22,-4.22
-1.93,-1.93
-0.92,-0.92
-1.91,-1.91
-4.15,-4.15
-5.61,-5.61
-5.56,-5.56
-5.01,-5.01
-4.71,-4.71
-4.17,-4.17
-2.12,-2.12
1.4,1.4
4.39,4.39
4.85,4.85
3.56,3.56
2.03,2.03
1.01,1.01
-0.25,-0.25
-2.75,-2.75
-5.72,-5.72
-6.92,-6.92
-5.1,-5.1
-2.05,-2.05
-0.53,-0.53
-0.52,-0.52
-0.26,-0.26
0.99,0.99
2.24,2.24
1.47,1.47
-1.04,-1.04
-2.03,-2.03
-0.0,-0.0
4.25,4.25
8.21,8.21
9.89,9.89
9.8,9.8
9.46,9.46
9.12,9.12
8.03,8.03
5.71,5.71
3.65,3.65
3.86,3.86
5.57,5.57
6.26,6.26
4.19,4.19
0.14,0.14
-2.62,-2.62
-3.35,-3.35
-3.08,-3.08
-2.31,-2.31
-0.8,-0.8
3.2,3.2
9.16,9.16
14.07,14.07
15.68,15.68
13.77,13.77
10.88,10.88
8.01,8.01
5.17,5.17
1.6,1.6
-1.68,-1.68
-2.69,-2.69
-0.68,-0.68
2.56,2.56
4.51,4.51
4.45,4.45
4.14,4.14
4.33,4.33
4.27,4.27
1.96,1.96
-2.08,-2.08
-5.59,-5.59
-6.31,-6.31
-4.77,-4.77
-4.0,-4.0
-4.98,-4.98
-5.71,-5.71
-5.17,-5.17
-3.14,-3.14
-1.63,-1.63
-1.63,-1.63
-2.13,-2.13
-1.88,-1.88
-0.88,-0.88
-0.64,-0.64
-2.4,-2.4
-4.89,-4.89
-5.61,-5.61
-5.32,-5.32
-5.79,-5.79
-7.75,-7.75
-9.94,-9.94
-10.11,-10.11
-7.52,-7.52
-4.21,-4.21
-2.93,-2.93
-2.66,-2.66
-2.14,-2.14
-1.12,-1.12
-1.12,-1.12
-3.61,-3.61
-7.33,-7.33
-9.02,-9.02
-7.19,-7.19
-3.62,-3.62
-1.09,-1.09
-0.58,-0.58
-0.82,-0.82
-0.06,-0.06
1.19,1.19
1.18,1.18
0.17,0.17
-0.09,-0.09
1.67,1.67
4.65,4.65
5.86,5.86
4.55,4.55
1.76,1.76
-0.26,-0.26
-1.51,-1.51
-3.0,-3.0
-5.22,-5.22
-6.43,-6.43
-6.37,-6.37
-5.56,-5.56
-6.26,-6.26
-9.2,-9.2
-12.86,-12.86
-14.99,-14.99
-15.34,-15.34
-15.94,-15.94
-17.03,-17.03
-17.61,-17.61
-14.93,-14.93
-9.78,-9.78
-4.67,-4.67
-2.85,-2.85
-4.3,-4.3
-6.49,-6.49
-7.65,-7.65
-7.31,-7.31
-6.71,-6.71
-5.88,-5.88
-3.79,-3.79
-0.73,-0.73
1.56,1.56
1.57,1.57
0.09,0.09
-0.63,-0.63
1.15,1.15
3.42,3.42
4.17,4.17
2.66,2.66
0.66,0.66
-0.32,-0.32
-0.54,-0.54
-1.26,-1.26
-3.47,-3.47
-5.66,-5.66
-6.08,-6.08
-4.74,-4.74
-3.67,-3.67
-3.6,-3.6
-3.29,-3.29
-1.98,-1.98
0.32,0.32
1.6,1.6
1.62,1.62
1.14,1.14
1.66,1.66
2.43,2.43
1.94,1.94
-0.3,-0.3
-2.27,-2.27
-1.47,-1.47
2.33,2.33
6.84,6.84
10.31,10.31
12.24,12.24
14.16,14.16
15.3,15.3
14.43,14.43
10.57,10.57
5.24,5.24
1.46,1.46
0.47,0.47
0.48,0.48
-0.26,-0.26
-1.24,-1.24
-0.46,-0.46
2.81,2.81
6.06,6.06
6.52,6.52
4.22,4.22
1.45,1.45
0.45,0.45
1.46,1.46
2.71,2.71
3.45,3.45
4.43,4.43
7.15,7.15
10.1,10.1
11.52,11.52
10.17,10.17
8.58,8.58
8.51,8.51
9.69,9.69
10.35,10.35
9.26,9.26
7.17,7.17
6.11,6.11
6.55,6.55
6.24,6.24
3.92,3.92
0.88,0.88
-2.13,-2.13
-4.87,-4.87
-7.82,-7.82
-11.01,-11.01
-13.16,-13.16
-11.79,-11.79
-6.93,-6.93
-1.36,-1.36
3.16,3.16
5.88,5.88
8.83,8.83
12.25,12.25
14.89,14.89
15.5,15.5
14.85,14.85
15.21,15.21
17.56,17.56
20.14,20.14
20.44,20.44
19.23,19.23
18.79,18.79
21.09,21.09
24.62,24.62
27.37,27.37
28.33,28.33
28.78,28.78
29.97,29.97
31.4,31.4
31.06,31.06
29.72,29.72
28.89,28.89
31.06,31.06
34.45,34.45
36.56,36.56
35.89,35.89
32.98,32.98
29.83,29.83
26.96,26.96
22.62,22.62
16.31,16.31
9.8,9.8
5.6,5.6
4.44,4.44
4.54,4.54
3.39,3.39
1.99,1.99
1.11,1.11
0.99,0.99
-0.13,-0.13
-3.24,-3.24
-7.57,-7.57
-9.86,-9.86
-10.13,-10.13
-9.65,-9.65
-10.41,-10.41
-12.42,-12.42
-12.66,-12.66
-10.9,-10.9
-8.9,-8.9
-9.16,-9.16
-11.92,-11.92
-14.66,-14.66
-15.87,-15.87
-16.31,-16.31
-17.5,-17.5
-19.93,-19.93
-21.33,-21.33
-20.71,-20.71
-18.85,-18.85
-18.0,-18.0
-19.4,-19.4
-21.29,-21.29
-21.16,-21.16
-18.53,-18.53
-16.17,-16.17
-15.57,-15.57
-15.98,-15.98
-15.89,-15.89
-14.79,-14.79
-14.45,-14.45
-15.86,-15.86
-17.51,-17.51
-17.14,-17.14
-15.02,-15.02
-13.41,-13.41
-14.07,-14.07
-15.97,-15.97
-16.35,-16.35
-14.48,-14.48
-12.62,-12.62
-12.28,-12.28
-13.18,-13.18
-13.08,-13.08
-10.97,-10.97
-7.88,-7.88
-5.32,-5.32
-4.04,-4.04
-2.26,-2.26
0.75,0.75
3.48,3.48
3.94,3.94
2.14,2.14
-0.64,-0.64
-2.89,-2.89
-5.63,-5.63
-10.09,-10.09
-15.0,-15.0
-18.37,-18.37
-18.71,-18.71
-17.54,-17.54
-17.38,-17.38
-19.71,-19.71
-22.28,-22.28
-23.31,-23.31
-22.58,-22.58
-22.11,-22.11
-23.14,-23.14
-24.9,-24.9
-25.39,-25.39
-23.88,-23.88
-22.13,-22.13
-20.88,-20.88
-19.65,-19.65
-16.43,-16.43
-11.73,-11.73
-8.32,-8.32
-7.7,-7.7
-9.07,-9.07
-9.44,-9.44
-7.8,-7.8
-5.67,-5.67
-4.31,-4.31
-3.71,-3.71
-2.62,-2.62
-0.79,-0.79
0.78,0.78
0.83,0.83
0.38,0.38
0.93,0.93
2.98,2.98
4.76,4.76
4.53,4.53
2.04,2.04
-0.92,-0.92
-3.11,-3.11
-4.52,-4.52
-6.42,-6.42
-8.3,-8.3
-8.67,-8.67
-6.53,-6.53
-3.66,-3.66
-2.31,-2.31
-3.48,-3.48
-4.88,-4.88
-5.02,-5.02
-3.91,-3.91
-3.56,-3.56
-3.96,-3.96
-4.11,-4.11
-2.76,-2.76
-0.16,-0.16
1.15,1.15
0.46,0.46
-0.98,-0.98
-1.15,-1.15
-0.32,-0.32
0.75,0.75
0.81,0.81
0.87,0.87
2.18,2.18
4.23,4.23
5.25,5.25
3.52,3.52
1.31,1.31
1.36,1.36
4.41,4.41
7.68,7.68
8.43,8.43
6.66,6.66
4.66,4.66
3.68,3.68
3.7,3.7
3.73,3.73
4.5,4.5
7.27,7.27
12.01,12.01
15.2,15.2
13.62,13.62
7.54,7.54
0.77,0.77
-3.44,-3.44
-3.85,-3.85
-3.02,-3.02
-2.44,-2.44
-1.62,-1.62
0.45,0.45
3.49,3.49
6.26,6.26
8.26,8.26
10.48,10.48
13.43,13.43
16.1,16.1
17.0,17.0
15.38,15.38
12.78,12.78
10.95,10.95
10.38,10.38
9.82,9.82
9.76,9.76
11.45,11.45
15.37,15.37
20.26,20.26
22.59,22.59
20.41,20.41
15.99,15.99
13.6,13.6
14.99,14.99
18.36,18.36
21.45,21.45
23.76,23.76
26.29,26.29
28.79,28.79
30.02,30.02
28.48,28.48
24.96,24.96
21.71,21.71
20.23,20.23
19.02,19.02
16.32,16.32
12.88,12.88
11.23,11.23
13.09,13.09
15.68,15.68
15.5,15.5
11.06,11.06
4.17,4.17
-1.67,-1.67
-5.95,-5.95
-9.19,-9.19
-12.4,-12.4
-14.83,-14.83
-15.48,-15.48
-15.63,-15.63
-17.02,-17.02
-19.9,-19.9
-21.99,-21.99
-21.32,-21.32
-17.65,-17.65
-14.0,-14.0
-12.39,-12.39
-12.3,-12.3
-13.45,-13.45
-15.09,-15.09
-17.96,-17.96
-21.05,-21.05
-22.61,-22.61
-20.66,-20.66
-16.47,-16.47
-13.81,-13.81
-14.68,-14.68
-17.78,-17.78
-19.36,-19.36
-17.67,-17.67
-14.99,-14.99
-13.58,-13.58
-14.19,-14.19
-14.78,-14.78
-13.87,-13.87
-12.71,-12.71
-13.57,-13.57
-16.16,-16.16
-17.98,-17.98
-17.03,-17.03
-14.33,-14.33
-12.16,-12.16
-12.0,-12.0
-13.35,-13.35
-14.43,-14.43
-15.49,-15.49
-17.55,-17.55
-19.58,-19.58
-19.6,-19.6
-16.11,-16.11
-11.15,-11.15
-7.98,-7.98
-7.59,-7.59
-8.2,-8.2
-7.06,-7.06
-3.92,-3.92
-1.32,-1.32
-1.24,-1.24
-2.65,-2.65
-3.31,-3.31
-2.46,-2.46
-1.36,-1.36
-1.03,-1.03
-0.69,-0.69
1.14,1.14
3.7,3.7
5.24,5.24
4.01,4.01
1.04,1.04
-0.4,-0.4
0.93,0.93
3.74,3.74
5.78,5.78
6.04,6.04
5.31,5.31
4.57,4.57
3.6,3.6
1.13,1.13
-2.06,-2.06
-3.98,-3.98
-2.87,-2.87
-0.28,-0.28
1.04,1.04
-0.15,-0.15
-2.83,-2.83
-4.49,-4.49
-4.63,-4.63
-4.02,-4.02
-3.16,-3.16
-1.32,-1.32
2.52,2.52
6.81,6.81
8.82,8.82
6.81,6.81
2.56,2.56
-1.15,-1.15
-2.57,-2.57
-2.73,-2.73
-3.14,-3.14
-3.04,-3.04
-1.7,-1.7
0.39,0.39
1.2,1.2
-0.49,-0.49
-2.67,-2.67
-3.07,-3.07
-0.98,-0.98
1.1,1.1
1.41,1.41
0.46,0.46
1.03,1.03
3.84,3.84
7.12,7.12
8.87,8.87
9.36,9.36
10.09,10.09
11.8,11.8
13.51,13.51
13.2,13.2
11.38,11.38
10.08,10.08
11.04,11.04
12.99,12.99
14.18,14.18
13.59,13.59
13.02,13.02
13.69,13.69
14.36,14.36
13.27,13.27
10.93,10.93
9.37,9.37
10.32,10.32
12.5,12.5
13.42,13.42
11.33,11.33
7.75,7.75
5.21,5.21
4.43,4.43
4.67,4.67
5.15,5.15
6.62,6.62
9.84,9.84
14.52,14.52
17.65,17.65
17.01,17.01
14.11,14.11
11.25,11.25
9.65,9.65
9.07,9.07
9.25,9.25
10.92,10.92
16.32,16.32
24.42,24.42
31.95,31.95
36.4,36.4
37.8,37.8
38.44,38.44
39.81,39.81
40.42,40.42
38.51,38.51
34.62,34.62
31.5,31.5
31.66,31.66
34.57,34.57
37.44,37.44
38.78,38.78
39.1,39.1
39.91,39.91
40.46,40.46
39.25,39.25
36.04,36.04
32.61,32.61
30.7,30.7
29.56,29.56
26.67,26.67
21.31,21.31
14.49,14.49
6.73,6.73
-3.46,-3.46
-20.56,-20.56
-46.49,-46.49
-77.69,-77.69
-108.58,-108.58
-135.43,-135.43
-157.51,-157.51
-175.62,-175.62
-188.53,-188.53
-194.05,-194.05
-190.99,-190.99
-180.18,-180.18
-163.44,-163.44
-141.57,-141.57
-114.39,-114.39
-83.94,-83.94
-53.0,-53.0
-23.83,-23.83
4.32,4.32
33.21,33.21
62.59,62.59
89.18,89.18
109.27,109.27
122.41,122.41
131.91,131.91
139.81,139.81
146.61,146.61
151.58,151.58
154.98,154.98
158.82,158.82
163.11,163.11
164.58,164.58
160.51,160.51
151.46,151.46
141.71,141.71
135.29,135.29
131.9,131.9
128.52,128.52
124.66,124.66
121.06,121.06
118.72,118.72
116.14,116.14
110.32,110.32
99.78,99.78
86.07,86.07
71.47,71.47
55.75,55.75
36.66,36.66
14.25,14.25
-8.47,-8.47
-26.73,-26.73
-39.07,-39.07
-48.28,-48.28
-57.41,-57.41
-68.45,-68.45
-81.12,-81.12
-94.67,-94.67
-109.57,-109.57
-125.08,-125.08
-138.92,-138.92
-147.62,-147.62
-149.72,-149.72
-145.02,-145.02
-134.59,-134.59
-118.74,-118.74
-97.77,-97.77
-74.72,-74.72
-54.88,-54.88
-42.7,-42.7
-39.63,-39.63
-41.58,-41.58
-44.26,-44.26
-45.41,-45.41
-44.79,-44.79
-43.41,-43.41
-40.55,-40.55
-36.2,-36.2
-32.39,-32.39
-31.11,-31.11
-33.08,-33.08
-35.29,-35.29
-35.96,-35.96
-33.88,-33.88
-31.31,-31.31
-30.01,-30.01
-29.71,-29.71
-28.91,-28.91
-27.62,-27.62
-27.08,-27.08
-28.8,-28.8
-31.99,-31.99
-34.4,-34.4
-34.79,-34.79
-33.91,-33.91
-32.79,-32.79
-31.92,-31.92
-31.06,-31.06
-30.45,-30.45
-32.34,-32.34
-37.46,-37.46
-42.77,-42.77
-43.78,-43.78
-38.03,-38.03
-26.57,-26.57
-12.46,-12.46
0.77,0.77
11.63,11.63
20.39,20.39
27.32,27.32
32.17,32.17
33.98,33.98
32.02,32.02
25.32,25.32
13.68,13.68
-0.61,-0.61
-12.76,-12.76
-17.56,-17.56
-13.06,-13.06
-3.09,-3.09
7.53,7.53
14.8,14.8
18.26,18.26
18.43,18.43
16.1,16.1
12.79,12.79
10.25,10.25
11.24,11.24
16.46,16.46
24.89,24.89
32.48,32.48
36.75,36.75
38.23,38.23
38.43,38.43
38.13,38.13
36.58,36.58
34.53,34.53
34.25,34.25
38.21,38.21
45.64,45.64
53.49,53.49
58.5,58.5
60.47,60.47
61.16,61.16
61.83,61.83
61.73,61.73
60.63,60.63
60.28,60.28
63.17,63.17
69.78,69.78
77.31,77.31
82.27,82.27
83.92,83.92
83.03,83.03
80.65,80.65
76.02,76.02
67.43,67.43
56.15,56.15
46.22,46.22
40.37,40.37
38.07,38.07
34.79,34.79
27.03,27.03
14.83,14.83
0.75,0.75
-13.21,-13.21
-27.04,-27.04
-40.98,-40.98
-53.3,-53.3
-62.99,-62.99
-69.08,-69.08
-71.36,-71.36
-69.11,-69.11
-61.37,-61.37
-49.18,-49.18
-35.35,-35.35
-24.9,-24.9
-20.28,-20.28
-18.96,-18.96
-16.89,-16.89
-11.09,-11.09
-3.59,-3.59
1.34,1.34
1.48,1.48
-3.39,-3.39
-12.21,-12.21
-25.2,-25.2
-41.56,-41.56
-56.77,-56.77
-66.08,-66.08
-67.3,-67.3
-63.0,-63.0
-58.22,-58.22
-57.23,-57.23
-59.75,-59.75
-64.72,-64.72
-70.65,-70.65
-77.76,-77.76
-84.04,-84.04
-86.25,-86.25
-82.43,-82.43
-74.13,-74.13
-64.65,-64.65
-56.74,-56.74
-49.15,-49.15
-40.87,-40.87
-31.9,-31.9
-24.77,-24.77
-19.7,-19.7
-15.16,-15.16
-8.67,-8.67
-0.74,-0.74
6.87,6.87
12.66,12.66
17.15,17.15
20.34,20.34
22.0,22.0
19.89,19.89
14.05,14.05
7.51,7.51
4.53,4.53
7.07,7.07
12.34,12.34
17.81,17.81
22.23,22.23
27.1,27.1
33.17,33.17
39.44,39.44
43.39,43.39
45.05,45.05
45.43,45.43
45.81,45.81
46.43,46.43
45.53,45.53
43.63,43.63
42.0,42.0
40.62,40.62
37.5,37.5
30.66,30.66
21.12,21.12
12.41,12.41
8.53,8.53
8.94,8.94
10.84,10.84
11.72,11.72
11.1,11.1
9.72,9.72
7.11,7.11
1.77,1.77
-5.27,-5.27
-10.75,-10.75
-11.17,-11.17
-6.59,-6.59
-0.3,-0.3
4.94,4.94
8.62,8.62
11.52,11.52
13.64,13.64
13.74,13.74
10.59,10.59
6.46,6.46
3.37,3.37
2.56,2.56
3.26,3.26
4.45,4.45
6.37,6.37
9.78,9.78
13.91,13.91
16.49,16.49
15.8,15.8
13.37,13.37
12.45,12.45
14.04,14.04
16.12,16.12
14.67,14.67
9.23,9.23
2.85,2.85
-1.73,-1.73
-3.77,-3.77
-4.79,-4.79
-5.05,-5.05
-3.56,-3.56
-1.08,-1.08
0.63,0.63
-1.17,-1.17
-5.71,-5.71
-9.96,-9.96
-11.92,-11.92
-12.11,-12.11
-14.29,-14.29
-19.46,-19.46
-25.32,-25.32
-28.87,-28.87
-29.64,-29.64
-30.15,-30.15
-32.14,-32.14
-35.87,-35.87
-39.3,-39.3
-42.2,-42.2
-44.57,-44.57
-46.4,-46.4
-46.21,-46.21
-43.02,-43.02
-37.1,-37.1
-31.48,-31.48
-29.41,-29.41
-31.1,-31.1
-34.51,-34.51
-37.4,-37.4
-39.0,-39.0
-40.08,-40.08
-40.64,-40.64
-40.45,-40.45
-39.25,-39.25
-37.05,-37.05
-34.37,-34.37
-31.46,-31.46
-27.31,-27.31
-21.96,-21.96
-16.65,-16.65
-12.38,-12.38
-8.15,-8.15
-2.71,-2.71
4.43,4.43
10.75,10.75
13.27,13.27
11.26,11.26
8.02,8.02
6.81,6.81
9.1,9.1
12.88,12.88
16.11,16.11
19.32,19.32
23.24,23.24
27.63,27.63
31.22,31.22
33.02,33.02
34.55,34.55
37.06,37.06
40.8,40.8
43.74,43.74
44.65,44.65
44.54,44.54
45.18,45.18
47.06,47.06
48.91,48.91
48.49,48.49
45.81,45.81
42.65,42.65
39.51,39.51
35.9,35.9
30.56,30.56
24.52,24.52
19.53,19.53
18.08,18.08
19.65,19.65
22.19,22.19
23.96,23.96
24.71,24.71
25.2,25.2
25.43,25.43
24.9,24.9
22.63,22.63
19.62,19.62
16.39,16.39
12.43,12.43
7.26,7.26
2.64,2.64
1.55,1.55
5.48,5.48
11.87,11.87
16.7,16.7
17.23,17.23
13.75,13.75
8.56,8.56
2.66,2.66
-3.19,-3.19
-8.23,-8.23
-9.72,-9.72
-6.7,-6.7
-0.71,-0.71
4.23,4.23
4.38,4.38
0.77,0.77
-4.06,-4.06
-8.59,-8.59
-12.83,-12.83
-17.27,-17.27
-20.93,-20.93
-22.05,-22.05
-19.9,-19.9
-16.52,-16.52
-14.17,-14.17
-13.09,-13.09
-12.26,-12.26
-11.45,-11.45
-11.88,-11.88
-15.32,-15.32
-19.71,-19.71
-22.07,-22.07
-20.65,-20.65
-17.24,-17.24
-15.11,-15.11
-15.74,-15.74
-17.12,-17.12
-17.73,-17.73
-17.34,-17.34
-16.94,-16.94
-16.8,-16.8
-15.4,-15.4
-12.27,-12.27
-8.91,-8.91
-7.58,-7.58
-8.77,-8.77
-10.69,-10.69
-11.59,-11.59
-10.98,-10.98
-9.63,-9.63
-8.78,-8.78
-8.19,-8.19
-7.11,-7.11
-6.04,-6.04
-5.97,-5.97
-8.4,-8.4
-12.06,-12.06
-15.19,-15.19
-16.03,-16.03
-15.87,-15.87
-15.2,-15.2
-14.29,-14.29
-13.63,-13.63
-14.23,-14.23
-18.57,-18.57
-27.12,-27.12
-36.83,-36.83
-42.2,-42.2
-40.27,-40.27
-32.59,-32.59
-23.49,-23.49
-15.96,-15.96
-10.49,-10.49
-6.08,-6.08
-3.21,-3.21
-2.36,-2.36
-2.27,-2.27
0.82,0.82
8.89,8.89
19.87,19.87
30.76,30.76
40.04,40.04
47.98,47.98
55.34,55.34
61.37,61.37
64.84,64.84
66.27,66.27
68.42,68.42
73.55,73.55
80.86,80.86
87.6,87.6
91.52,91.52
92.88,92.88
93.47,93.47
94.03,94.03
94.08,94.08
92.62,92.62
90.9,90.9
90.93,90.93
91.7,91.7
90.45,90.45
85.45,85.45
77.98,77.98
72.07,72.07
69.2,69.2
68.34,68.34
67.49,67.49
65.63,65.63
63.53,63.53
61.68,61.68
59.6,59.6
57.02,57.02
53.71,53.71
50.17,50.17
46.66,46.66
41.67,41.67
34.47,34.47
25.83,25.83
18.52,18.52
14.27,14.27
11.3,11.3
7.37,7.37
1.21,1.21
-5.38,-5.38
-9.67,-9.67
-12.16,-12.16
-15.88,-15.88
-21.07,-21.07
-25.7,-25.7
-27.54,-27.54
-27.1,-27.1
-26.92,-26.92
-28.23,-28.23
-30.28,-30.28
-31.3,-31.3
-31.82,-31.82
-34.32,-34.32
-39.79,-39.79
-46.96,-46.96
-52.3,-52.3
-54.59,-54.59
-54.6,-54.6
-52.85,-52.85
-49.36,-49.36
-44.14,-44.14
-38.96,-38.96
-36.83,-36.83
-39.95,-39.95
-46.8,-46.8
-53.83,-53.83
-58.02,-58.02
-58.93,-58.93
-57.07,-57.07
-52.97,-52.97
-46.89,-46.89
-39.87,-39.87
-34.15,-34.15
-32.73,-32.73
-35.06,-35.06
-39.13,-39.13
-43.14,-43.14
-46.37,-46.37
-49.55,-49.55
-51.71,-51.71
-51.58,-51.58
-48.45,-48.45
-44.34,-44.34
-42.51,-42.51
-43.44,-43.44
-45.6,-45.6
-47.49,-47.49
-50.1,-50.1
-53.94,-53.94
-58.23,-58.23
-59.22,-59.22
-55.19,-55.19
-48.44,-48.44
-42.99,-42.99
-41.59,-41.59
-42.7,-42.7
-43.79,-43.79
-43.61,-43.61
-43.18,-43.18
-43.49,-43.49
-42.55,-42.55
-39.11,-39.11
-32.69,-32.69
-26.08,-26.08
-21.27,-21.27
-17.75,-17.75
-12.52,-12.52
-4.33,-4.33
5.29,5.29
15.32,15.32
25.0,25.0
35.59,35.59
45.34,45.34
51.73,51.73
52.55,52.55
49.37,49.37
45.45,45.45
43.82,43.82
43.94,43.94
44.05,44.05
43.91,43.91
44.76,44.76
46.84,46.84
49.16,49.16
48.69,48.69
43.96,43.96
36.02,36.02
27.16,27.16
18.62,18.62
9.9,9.9
1.52,1.52
-5.55,-5.55
-9.8,-9.8
-12.75,-12.75
-17.18,-17.18
-24.06,-24.06
-31.63,-31.63
-37.13,-37.13
-40.56,-40.56
-43.21,-43.21
-46.34,-46.34
-48.92,-48.92
-49.72,-49.72
-48.51,-48.51
-46.05,-46.05
-42.11,-42.11
-33.45,-33.45
-18.11,-18.11
2.34,2.34
22.11,22.11
34.44,34.44
36.65,36.65
30.59,30.59
20.07,20.07
8.41,8.41
-2.16,-2.16
-9.63,-9.63
-11.02,-11.02
-6.66,-6.66
0.42,0.42
4.68,4.68
4.16,4.16
0.38,0.38
-3.85,-3.85
-7.05,-7.05
-10.97,-10.97
-16.35,-16.35
-21.43,-21.43
-23.96,-23.96
-24.71,-24.71
-25.71,-25.71
-28.69,-28.69
-32.38,-32.38
-34.3,-34.3
-33.68,-33.68
-32.82,-32.82
-33.46,-33.46
-36.59,-36.59
-40.68,-40.68
-44.73,-44.73
-49.24,-49.24
-53.95,-53.95
-56.61,-56.61
-55.73,-55.73
-51.86,-51.86
-48.26,-48.26
-48.19,-48.19
-50.86,-50.86
-53.75,-53.75
-54.85,-54.85
-55.19,-55.19
-56.02,-56.02
-57.07,-57.07
-57.61,-57.61
-57.14,-57.14
-57.16,-57.16
-59.42,-59.42
-62.66,-62.66
-64.35,-64.35
-63.77,-63.77
-62.94,-62.94
-65.35,-65.35
-70.73,-70.73
-76.55,-76.55
-80.31,-80.31
-82.52,-82.52
-85.45,-85.45
-88.84,-88.84
-90.18,-90.18
-87.5,-87.5
-81.83,-81.83
-76.95,-76.95
-76.1,-76.1
-79.25,-79.25
-84.36,-84.36
-91.15,-91.15
-98.12,-98.12
-104.27,-104.27
-106.09,-106.09
-102.63,-102.63
-96.18,-96.18
-92.78,-92.78
-95.4,-95.4
-102.97,-102.97
-111.72,-111.72
-118.11,-118.11
-122.18,-122.18
-124.2,-124.2
-123.43,-123.43
-117.64,-117.64
-105.89,-105.89
-90.23,-90.23
-73.46,-73.46
-57.82,-57.82
-42.82,-42.82
-28.94,-28.94
-16.19,-16.19
-5.31,-5.31
4.48,4.48
15.43,15.43
28.27,28.27
40.25,40.25
48.85,48.85
52.37,52.37
52.11,52.11
49.09,49.09
43.33,43.33
34.88,34.88
24.98,24.98
17.44,17.44
14.2,14.2
14.75,14.75
16.29,16.29
17.8,17.8
20.06,20.06
24.8,24.8
32.48,32.48
41.09,41.09
49.37,49.37
57.8,57.8
66.41,66.41
74.67,74.67
79.86,79.86
81.72,81.72
81.56,81.56
82.14,82.14
84.2,84.2
85.73,85.73
84.73,84.73
81.48,81.48
77.25,77.25
73.55,73.55
68.87,68.87
62.72,62.72
55.86,55.86
50.31,50.31
47.81,47.81
47.31,47.31
46.33,46.33
43.33,43.33
39.11,39.11
33.67,33.67
26.28,26.28
17.45,17.45
8.44,8.44
2.53,2.53
1.41,1.41
3.8,3.8
7.17,7.17
10.25,10.25
14.06,14.06
19.09,19.09
24.56,24.56
28.48,28.48
30.61,30.61
33.47,33.47
39.03,39.03
47.8,47.8
56.48,56.48
62.83,62.83
67.34,67.34
71.83,71.83
77.5,77.5
84.59,84.59
95.62,95.62
113.53,113.53
138.53,138.53
165.5,165.5
186.72,186.72
196.72,196.72
196.09,196.09
188.94,188.94
179.31,179.31
167.0,167.0
151.28,151.28
132.69,132.69
112.75,112.75
92.97,92.97
72.59,72.59
50.91,50.91
30.16,30.16
12.34,12.34
-0.81,-0.81
-10.09,-10.09
-17.06,-17.06
-22.69,-22.69
-26.5,-26.5
-27.56,-27.56
-27.56,-27.56
-28.34,-28.34
-30.09,-30.09
-30.59,-30.59
-28.81,-28.81
-25.31,-25.31
-21.34,-21.34
-16.87,-16.87
-11.72,-11.72
-5.62,-5.62
-0.56,-0.56
1.69,1.69
1.44,1.44
1.94,1.94
6.19,6.19
15.38,15.38
28.0,28.0
41.22,41.22
53.09,53.09
61.84,61.84
65.75,65.75
62.63,62.63
53.5,53.5
41.72,41.72
31.78,31.78
25.44,25.44
22.12,22.12
19.34,19.34
16.59,16.59
14.38,14.38
12.41,12.41
9.22,9.22
4.31,4.31
-0.81,-0.81
-2.87,-2.87
-1.44,-1.44
2.0,2.0
3.87,3.87
4.28,4.28
4.91,4.91
6.78,6.78
8.88,8.88
10.22,10.22
11.53,11.53
15.84,15.84
24.84,24.84
36.78,36.78
47.84,47.84
55.8,55.8
62.42,62.42
68.97,68.97
74.2,74.2
75.12,75.12
70.53,70.53
62.47,62.47
54.97,54.97
50.03,50.03
46.63,46.63
43.75,43.75
42.89,42.89
44.78,44.78
48.41,48.41
50.48,50.48
49.28,49.28
46.84,46.84
46.42,46.42
49.48,49.48
55.02,55.02
59.98,59.98
62.66,62.66
62.8,62.8
60.67,60.67
55.55,55.55
47.97,47.97
40.7,40.7
37.0,37.0
37.33,37.33
39.64,39.64
41.42,41.42
42.44,42.44
44.69,44.69
48.67,48.67
51.84,51.84
52.23,52.23
49.11,49.11
45.27,45.27
42.2,42.2
40.14,40.14
37.36,37.36
33.84,33.84
31.86,31.86
32.38,32.38
35.39,35.39
37.63,37.63
38.08,38.08
38.02,38.02
38.72,38.72
40.14,40.14
41.3,41.3
40.69,40.69
39.33,39.33
38.23,38.23
36.63,36.63
32.8,32.8
26.98,26.98
21.22,21.22
18.77,18.77
19.82,19.82
22.37,22.37
24.39,24.39
26.14,26.14
29.37,29.37
34.31,34.31
38.7,38.7
39.8,39.8
37.88,37.88
35.23,35.23
32.84,32.84
30.72,30.72
26.61,26.61
21.29,21.29
16.51,16.51
14.02,14.02
12.81,12.81
10.85,10.85
7.91,7.91
5.25,5.25
4.36,4.36
3.47,3.47
0.85,0.85
-4.25,-4.25
-9.31,-9.31
-11.57,-11.57
-10.55,-10.55
-7.79,-7.79
-5.81,-5.81
-5.1,-5.1
-5.14,-5.14
-6.42,-6.42
-9.95,-9.95
-15.94,-15.94
-21.88,-21.88
-25.5,-25.5
-26.6,-26.6
-27.17,-27.17
-28.74,-28.74
-30.29,-30.29
-30.07,-30.07
-28.59,-28.59
-28.38,-28.38
-30.66,-30.66
-34.67,-34.67
-37.64,-37.64
-38.57,-38.57
-38.49,-38.49
-38.91,-38.91
-39.81,-39.81
-39.2,-39.2
-37.34,-37.34
-36.0,-36.0
-36.65,-36.65
-38.55,-38.55
-39.42,-39.42
-38.53,-38.53
-37.65,-37.65
-39.01,-39.01
-42.1,-42.1
-43.41,-43.41
-41.21,-41.21
-37.52,-37.52
-34.85,-34.85
-34.45,-34.45
-35.55,-35.55
-36.39,-36.39
-37.97,-37.97
-41.02,-41.02
-45.04,-45.04
-47.77,-47.77
-47.46,-47.46
-45.15,-45.15
-44.1,-44.1
-45.31,-45.31
-47.25,-47.25
-47.16,-47.16
-45.57,-45.57
-44.48,-44.48
-44.91,-44.91
-46.06,-46.06
-46.2,-46.2
-44.33,-44.33
-42.22,-42.22
-40.88,-40.88
-40.05,-40.05
-38.2,-38.2
-36.13,-36.13
-35.81,-35.81
-38.75,-38.75
-43.16,-43.16
-45.77,-45.77
-45.08,-45.08
-42.91,-42.91
-42.25,-42.25
-43.33,-43.33
-44.91,-44.91
-44.95,-44.95
-43.75,-43.75
-42.55,-42.55
-41.34,-41.34
-38.91,-38.91
-34.97,-34.97
-32.33,-32.33
-33.7,-33.7
-38.8,-38.8
-44.11,-44.11
-46.84,-46.84
-46.81,-46.81
-45.77,-45.77
-45.73,-45.73
-46.44,-46.44
-48.13,-48.13
-51.3,-51.3
-56.42,-56.42
-62.25,-62.25
-66.02,-66.02
-65.23,-65.23
-62.45,-62.45
-61.69,-61.69
-65.66,-65.66
-72.84,-72.84
-78.45,-78.45
-79.5,-79.5
-77.02,-77.02
-72.3,-72.3
-66.62,-66.62
-59.97,-59.97
-53.89,-53.89
-50.84,-50.84
-51.31,-51.31
-51.53,-51.53
-47.98,-47.98
-40.47,-40.47
-33.0,-33.0
-29.11,-29.11
-29.75,-29.75
-31.62,-31.62
-32.98,-32.98
-34.31,-34.31
-37.14,-37.14
-41.17,-41.17
-43.42,-43.42
-41.14,-41.14
-35.63,-35.63
-30.64,-30.64
-27.97,-27.97
-26.55,-26.55
-25.16,-25.16
-23.5,-23.5
-23.12,-23.12
-24.5,-24.5
-25.59,-25.59
-24.94,-24.94
-22.27,-22.27
-19.14,-19.14
-16.27,-16.27
-13.94,-13.94
-11.61,-11.61
-9.56,-9.56
-9.78,-9.78
-12.48,-12.48
-15.42,-15.42
-15.58,-15.58
-11.98,-11.98
-7.17,-7.17
-3.64,-3.64
-1.91,-1.91
-0.19,-0.19
2.28,2.28
4.22,4.22
4.39,4.39
3.55,3.55
3.72,3.72
5.14,5.14
6.05,6.05
4.95,4.95
2.36,2.36
1.05,1.05
1.98,1.98
3.67,3.67
3.09,3.09
0.51,0.51
-1.3,-1.3
-0.33,-0.33
2.12,2.12
3.3,3.3
2.48,2.48
1.15,1.15
1.34,1.34
1.78,1.78
0.71,0.71
-0.84,-0.84
-1.39,-1.39
0.32,0.32
2.77,2.77
2.95,2.95
0.62,0.62
-2.44,-2.44
-3.22,-3.22
-1.49,-1.49
0.73,0.73
2.16,2.16
4.09,4.09
9.01,9.01
15.88,15.88
21.92,21.92
24.16,24.16
22.88,22.88
19.86,19.86
16.36,16.36
12.13,12.13
7.2,7.2
3.06,3.06
2.71,2.71
6.36,6.36
10.98,10.98
13.3,13.3
13.35,13.35
15.4,15.4
24.67,24.67
43.36,43.36
67.37,67.37
89.4,89.4
102.96,102.96
103.89,103.89
92.04,92.04
70.54,70.54
46.47,46.47
26.87,26.87
15.69,15.69
11.36,11.36
9.56,9.56
7.04,7.04
3.53,3.53
0.55,0.55
-2.64,-2.64
-7.06,-7.06
-12.44,-12.44
-15.26,-15.26
-13.55,-13.55
-8.62,-8.62
-4.97,-4.97
-6.36,-6.36
-10.98,-10.98
-15.81,-15.81
-18.84,-18.84
-21.09,-21.09
-22.58,-22.58
-22.04,-22.04
-18.0,-18.0
-12.5,-12.5
-8.79,-8.79
-9.87,-9.87
-14.44,-14.44
-18.46,-18.46
-19.2,-19.2
-17.17,-17.17
-14.16,-14.16
-11.42,-11.42
-8.46,-8.46
-5.27,-5.27
-3.87,-3.87
-4.97,-4.97
-7.32,-7.32
-8.64,-8.64
-7.7,-7.7
-6.26,-6.26
-6.84,-6.84
-9.41,-9.41
-11.2,-11.2
-9.48,-9.48
-5.03,-5.03
-0.61,-0.61
2.52,2.52
4.87,4.87
6.95,6.95
8.0,8.0
6.55,6.55
3.1,3.1
-0.31,-0.31
-1.44,-1.44
-1.06,-1.06
-0.93,-0.93
-1.55,-1.55
-1.67,-1.67
1.46,1.46
7.31,7.31
12.11,12.11
12.62,12.62
9.37,9.37
4.64,4.64
0.46,0.46
-4.18,-4.18
-9.28,-9.28
-13.09,-13.09
-12.85,-12.85
-8.62,-8.62
-3.42,-3.42
-0.02,-0.02
0.85,0.85
0.96,0.96
1.82,1.82
2.42,2.42
2.01,2.01
1.36,1.36
1.72,1.72
3.57,3.57
5.4,5.4
4.47,4.47
1.79,1.79
-0.11,-0.11
1.01,1.01
3.11,3.11
3.95,3.95
2.77,2.77
1.61,1.61
2.21,2.21
4.05,4.05
4.13,4.13
1.2,1.2
-3.45,-3.45
-7.31,-7.31
-9.13,-9.13
-9.93,-9.93
-10.72,-10.72
-10.26,-10.26
-8.05,-8.05
-4.6,-4.6
-3.44,-3.44
-5.54,-5.54
-9.37,-9.37
-11.66,-11.66
-10.18,-10.18
-6.71,-6.71
-3.02,-3.02
-0.11,-0.11
3.77,3.77
7.61,7.61
9.67,9.67
8.2,8.2
4.5,4.5
1.58,1.58
1.44,1.44
2.55,2.55
2.4,2.4
1.25,1.25
0.61,0.61
0.98,0.98
1.09,1.09
-1.55,-1.55
-5.17,-5.17
-6.75,-6.75
-3.81,-3.81
1.85,1.85
6.45,6.45
8.02,8.02
7.82,7.82
7.62,7.62
7.91,7.91
7.46,7.46
6.01,6.01
4.82,4.82
5.14,5.14
6.21,6.21
5.01,5.01
1.83,1.83
-1.32,-1.32
-1.45,-1.45
0.68,0.68
3.03,3.03
3.87,3.87
4.44,4.44
7.01,7.01
10.81,10.81
13.07,13.07
12.55,12.55
11.04,11.04
12.55,12.55
18.03,18.03
24.97,24.97
30.33,30.33
33.14,33.14
35.43,35.43
37.43,37.43
38.41,38.41
37.13,37.13
34.86,34.86
33.84,33.84
35.84,35.84
38.8,38.8
40.49,40.49
40.41,40.41
40.57,40.57
41.71,41.71
42.35,42.35
40.47,40.47
36.36,36.36
31.77,31.77
28.73,28.73
26.2,26.2
21.7,21.7
14.98,14.98
7.82,7.82
2.73,2.73
-0.32,-0.32
-3.34,-3.34
-6.83,-6.83
-8.79,-8.79
-7.23,-7.23
-3.68,-3.68
-0.91,-0.91
-0.42,-0.42
-0.94,-0.94
-0.2,-0.2
2.04,2.04
3.5,3.5
3.2,3.2
2.4,2.4
3.36,3.36
5.81,5.81
7.49,7.49
5.65,5.65
2.07,2.07
-0.47,-0.47
-0.99,-0.99
-1.5,-1.5
-3.76,-3.76
-7.5,-7.5
-10.2,-10.2
-10.13,-10.13
-9.05,-9.05
-8.98,-8.98
-10.17,-10.17
-10.34,-10.34
-9.0,-9.0
-7.93,-7.93
-9.37,-9.37
-13.79,-13.79
-17.67,-17.67
-18.77,-18.77
-17.34,-17.34
-15.43,-15.43
-15.04,-15.04
-15.39,-15.39
-15.99,-15.99
-16.59,-16.59
-18.42,-18.42
-20.48,-20.48
-21.03,-21.03
-18.81,-18.81
-15.11,-15.11
-13.2,-13.2
-14.3,-14.3
-16.38,-16.38
-15.95,-15.95
-11.77,-11.77
-6.12,-6.12
-1.77,-1.77
1.29,1.29
3.06,3.06
4.07,4.07
2.32,2.32
-1.66,-1.66
-6.35,-6.35
-8.5,-8.5
-7.64,-7.64
-6.02,-6.02
-5.93,-5.93
-6.83,-6.83
-7.47,-7.47
-6.86,-6.86
-6.25,-6.25
-7.64,-7.64
-10.52,-10.52
-13.37,-13.37
-15.45,-15.45
-17.75,-17.75
-20.53,-20.53
-21.03,-21.03
-16.78,-16.78
-7.8,-7.8
2.34,2.34
8.63,8.63
10.12,10.12
9.34,9.34
9.32,9.32
11.3,11.3
12.5,12.5
11.95,11.95
10.89,10.89
11.85,11.85
14.8,14.8
17.21,17.21
17.86,17.86
17.23,17.23
15.87,15.87
13.27,13.27
7.93,7.93
0.4,0.4
-5.82,-5.82
-7.72,-7.72
-5.36,-5.36
-1.27,-1.27
2.28,2.28
4.55,4.55
5.29,5.29
3.54,3.54
-2.46,-2.46
-11.65,-11.65
-20.25,-20.25
-24.27,-24.27
-23.5,-23.5
-22.74,-22.74
-26.73,-26.73
-36.18,-36.18
-47.53,-47.53
-57.53,-57.53
-64.17,-64.17
-66.25,-66.25
-64.04,-64.04
-56.6,-56.6
-46.71,-46.71
-38.41,-38.41
-35.43,-35.43
-36.97,-36.97
-39.24,-39.24
-39.24,-39.24
-36.48,-36.48
-33.24,-33.24
-30.52,-30.52
-26.82,-26.82
-19.91,-19.91
-11.3,-11.3
-4.27,-4.27
-0.8,-0.8
1.38,1.38
5.55,5.55
12.18,12.18
18.74,18.74
22.74,22.74
24.2,24.2
25.65,25.65
28.32,28.32
31.22,31.22
32.84,32.84
33.69,33.69
35.77,35.77
39.83,39.83
44.09,44.09
46.32,46.32
46.77,46.77
47.45,47.45
49.12,49.12
49.51,49.51
47.15,47.15
43.55,43.55
40.98,40.98
41.41,41.41
42.85,42.85
42.52,42.52
40.17,40.17
37.1,37.1
36.05,36.05
36.75,36.75
37.94,37.94
38.12,38.12
37.78,37.78
37.95,37.95
38.6,38.6
39.75,39.75
40.88,40.88
42.98,42.98
45.57,45.57
47.38,47.38
46.41,46.41
43.2,43.2
40.75,40.75
40.57,40.57
42.39,42.39
43.69,43.69
42.71,42.71
41.24,41.24
41.77,41.77
43.8,43.8
45.3,45.3
43.78,43.78
39.77,39.77
34.79,34.79
30.09,30.09
25.44,25.44
22.07,22.07
22.23,22.23
26.64,26.64
33.76,33.76
39.8,39.8
41.78,41.78
39.73,39.73
36.95,36.95
36.45,36.45
37.19,37.19
36.66,36.66
33.88,33.88
30.38,30.38
27.91,27.91
26.2,26.2
24.75,24.75
23.56,23.56
24.13,24.13
26.94,26.94
29.47,29.47
28.98,28.98
23.98,23.98
17.28,17.28
12.13,12.13
10.03,10.03
8.7,8.7
7.13,7.13
5.82,5.82
6.27,6.27
7.97,7.97
8.65,8.65
6.82,6.82
3.76,3.76
1.98,1.98
2.96,2.96
5.93,5.93
9.13,9.13
12.79,12.79
16.42,16.42
20.26,20.26
21.82,21.82
19.11,19.11
13.42,13.42
8.03,8.03
5.43,5.43
5.11,5.11
6.79,6.79
10.46,10.46
16.34,16.34
21.92,21.92
23.19,23.19
17.94,17.94
8.24,8.24
-0.62,-0.62
-5.65,-5.65
-7.13,-7.13
-8.35,-8.35
-9.81,-9.81
-9.75,-9.75
-5.95,-5.95
0.08,0.08
4.05,4.05
3.98,3.98
0.67,0.67
-2.37,-2.37
-4.63,-4.63
-6.87,-6.87
-9.59,-9.59
-11.03,-11.03
-9.2,-9.2
-5.39,-5.39
-2.12,-2.12
-2.12,-2.12
-3.62,-3.62
-4.36,-4.36
-3.34,-3.34
-2.59,-2.59
-2.83,-2.83
-2.82,-2.82
-1.07,-1.07
1.42,1.42
2.39,2.39
0.09,0.09
-4.18,-4.18
-7.91,-7.91
-9.61,-9.61
-10.54,-10.54
-11.7,-11.7
-13.11,-13.11
-13.25,-13.25
-12.64,-12.64
-13.78,-13.78
-18.16,-18.16
-23.75,-23.75
-26.53,-26.53
-23.79,-23.79
-18.56,-18.56
-14.88,-14.88
-14.73,-14.73
-17.33,-17.33
-20.41,-20.41
-23.7,-23.7
-27.2,-27.2
-29.68,-29.68
-28.87,-28.87
-24.32,-24.32
-18.81,-18.81
-16.09,-16.09
-17.9,-17.9
-21.69,-21.69
-24.94,-24.94
-26.4,-26.4
-27.6,-27.6
-29.03,-29.03
-28.95,-28.95
-25.61,-25.61
-20.3,-20.3
-17.03,-17.03
-18.05,-18.05
-22.05,-22.05
-25.76,-25.76
-27.93,-27.93
-29.33,-29.33
-31.7,-31.7
-34.06,-34.06
-34.64,-34.64
-33.7,-33.7
-33.02,-33.02
-33.84,-33.84
-34.66,-34.66
-33.45,-33.45
-30.76,-30.76
-28.83,-28.83
-29.91,-29.91
-32.98,-32.98
-35.77,-35.77
-36.53,-36.53
-37.02,-37.02
-38.01,-38.01
-39.23,-39.23
-38.68,-38.68
-35.38,-35.38
-31.11,-31.11
-28.12,-28.12
-27.41,-27.41
-27.94,-27.94
-27.72,-27.72
-26.99,-26.99
-26.52,-26.52
-26.3,-26.3
-25.33,-25.33
-22.86,-22.86
-19.91,-19.91
-18.98,-18.98
-20.81,-20.81
-23.62,-23.62
-24.4,-24.4
-22.92,-22.92
-21.2,-21.2
-21.49,-21.49
-22.03,-22.03
-21.3,-21.3
-18.34,-18.34
-15.4,-15.4
-14.23,-14.23
-14.81,-14.81
-15.15,-15.15
-15.22,-15.22
-16.05,-16.05
-18.36,-18.36
-21.4,-21.4
-22.41,-22.41
-20.4,-20.4
-16.66,-16.66
-13.7,-13.7
-12.02,-12.02
-10.35,-10.35
-8.7,-8.7
-7.8,-7.8
-8.92,-8.92
-11.52,-11.52
-13.85,-13.85
-14.41,-14.41
-13.95,-13.95
-15.01,-15.01
-17.3,-17.3
-19.05,-19.05
-19.05,-19.05
-18.8,-18.8
-19.29,-19.29
-20.52,-20.52
-20.74,-20.74
-18.21,-18.21
-13.95,-13.95
-10.47,-10.47
-10.27,-10.27
-11.82,-11.82
-12.86,-12.86
-12.38,-12.38
-12.66,-12.66
-14.19,-14.19
-15.7,-15.7
-14.18,-14.18
-9.44,-9.44
-3.73,-3.73
-0.33,-0.33
0.05,0.05
-1.09,-1.09
-2.95,-2.95
-5.3,-5.3
-7.64,-7.64
-7.45,-7.45
-3.51,-3.51
2.65,2.65
7.75,7.75
8.8,8.8
6.59,6.59
4.4,4.4
2.98,2.98
2.07,2.07
0.67,0.67
-0.22,-0.22
2.16,2.16
7.75,7.75
13.55,13.55
15.29,15.29
11.77,11.77
5.52,5.52
-0.17,-0.17
-3.81,-3.81
-5.41,-5.41
-5.26,-5.26
-3.09,-3.09
0.8,0.8
3.4,3.4
2.23,2.23
-2.43,-2.43
-8.04,-8.04
-11.85,-11.85
-13.13,-13.13
-13.39,-13.39
-14.16,-14.16
-14.41,-14.41
-12.9,-12.9
-10.66,-10.66
-9.93,-9.93
-12.21,-12.21
-15.97,-15.97
-17.94,-17.94
-17.14,-17.14
-14.85,-14.85
-13.07,-13.07
-12.06,-12.06
-11.05,-11.05
-10.31,-10.31
-11.57,-11.57
-15.56,-15.56
-20.52,-20.52
-23.43,-23.43
-22.55,-22.55
-18.94,-18.94
-16.35,-16.35
-16.04,-16.04
-16.97,-16.97
-18.14,-18.14
-20.55,-20.55
-24.43,-24.43
-28.28,-28.28
-28.84,-28.84
-24.13,-24.13
-16.72,-16.72
-10.87,-10.87
-9.82,-9.82
-11.79,-11.79
-14.73,-14.73
-16.64,-16.64
-17.53,-17.53
-16.91,-16.91
-14.04,-14.04
-8.21,-8.21
-1.91,-1.91
1.57,1.57
1.02,1.02
-1.53,-1.53
-3.55,-3.55
-3.8,-3.8
-4.05,-4.05
-5.3,-5.3
-6.78,-6.78
-5.25,-5.25
-0.24,-0.24
5.99,5.99
9.65,9.65
9.78,9.78
7.9,7.9
5.8,5.8
3.71,3.71
1.88,1.88
1.33,1.33
3.28,3.28
7.71,7.71
10.85,10.85
10.21,10.21
6.32,6.32
3.47,3.47
3.9,3.9
7.32,7.32
10.2,10.2
10.56,10.56
9.92,9.92
9.78,9.78
10.38,10.38
11.49,11.49
12.33,12.33
14.4,14.4
18.46,18.46
22.73,22.73
23.46,23.46
19.93,19.93
14.17,14.17
9.22,9.22
6.06,6.06
4.18,4.18
4.06,4.06
5.7,5.7
10.06,10.06
15.14,15.14
17.92,17.92
16.42,16.42
11.93,11.93
7.73,7.73
5.82,5.82
5.43,5.43
5.54,5.54
6.39,6.39
9.74,9.74
14.3,14.3
16.83,16.83
14.32,14.32
8.34,8.34
3.66,3.66
3.77,3.77
7.38,7.38
10.71,10.71
11.5,11.5
10.54,10.54
9.58,9.58
8.88,8.88
8.19,8.19
8.75,8.75
11.55,11.55
16.82,16.82
21.8,21.8
23.48,23.48
21.39,21.39
18.06,18.06
16.01,16.01
15.23,15.23
13.45,13.45
10.69,10.69
8.95,8.95
10.72,10.72
14.98,14.98
18.95,18.95
20.37,20.37
19.78,19.78
18.45,18.45
16.37,16.37
14.06,14.06
11.52,11.52
10.5,10.5
12.73,12.73
16.7,16.7
20.12,20.12
21.02,21.02
20.15,20.15
20.28,20.28
21.41,21.41
21.53,21.53
19.65,19.65
16.27,16.27
14.93,14.93
17.34,17.34
21.73,21.73
24.84,24.84
24.65,24.65
22.96,22.96
21.54,21.54
20.37,20.37
18.47,18.47
15.57,15.57
12.95,12.95
11.61,11.61
11.02,11.02
9.94,9.94
8.87,8.87
9.3,9.3
11.98,11.98
14.88,14.88
15.76,15.76
13.87,13.87
10.5,10.5
7.91,7.91
6.34,6.34
4.28,4.28
2.24,2.24
1.98,1.98
5.21,5.21
10.41,10.41
13.56,13.56
12.69,12.69
8.81,8.81
5.73,5.73
4.66,4.66
4.87,4.87
4.81,4.81
5.26,5.26
8.45,8.45
13.86,13.86
18.22,18.22
18.28,18.28
14.09,14.09
8.95,8.95
5.59,5.59
5.27,5.27
6.7,6.7
8.61,8.61
10.75,10.75
12.38,12.38
12.23,12.23
8.59,8.59
3.73,3.73
0.91,0.91
2.36,2.36
6.55,6.55
9.96,9.96
10.83,10.83
10.7,10.7
10.8,10.8
10.41,10.41
8.02,8.02
4.91,4.91
4.31,4.31
8.48,8.48
15.85,15.85
22.16,22.16
24.66,24.66
24.12,24.12
22.59,22.59
20.32,20.32
15.81,15.81
8.85,8.85
1.7,1.7
-1.64,-1.64
-0.45,-0.45
2.99,2.99
6.39,6.39
10.26,10.26
14.59,14.59
18.63,18.63
19.63,19.63
16.12,16.12
9.39,9.39
2.72,2.72
-1.64,-1.64
-4.46,-4.46
-6.76,-6.76
-7.78,-7.78
-5.79,-5.79
-1.32,-1.32
2.61,2.61
3.75,3.75
2.13,2.13
-0.72,-0.72
-3.05,-3.05
-5.6,-5.6
-8.88,-8.88
-11.63,-11.63
-11.61,-11.61
-7.32,-7.32
-1.09,-1.09
3.1,3.1
3.5,3.5
0.64,0.64
-3.2,-3.2
-6.75,-6.75
-10.01,-10.01
-11.49,-11.49
-10.21,-10.21
-5.94,-5.94
-0.7,-0.7
2.48,2.48
2.39,2.39
1.3,1.3
0.47,0.47
0.64,0.64
-0.43,-0.43
-2.5,-2.5
-3.55,-3.55
-1.59,-1.59
2.61,2.61
5.27,5.27
3.4,3.4
-0.96,-0.96
-3.27,-3.27
-1.06,-1.06
3.63,3.63
7.53,7.53
9.14,9.14
8.48,8.48
7.33,7.33
5.68,5.68
3.8,3.8
2.69,2.69
3.59,3.59
6.23,6.23
9.09,9.09
9.68,9.68
7.51,7.51
5.36,5.36
5.72,5.72
7.84,7.84
9.43,9.43
9.01,9.01
7.83,7.83
7.42,7.42
7.26,7.26
5.61,5.61
2.46,2.46
-0.15,-0.15
0.0,0.0
2.41,2.41
3.29,3.29
1.17,1.17
-2.94,-2.94
-6.25,-6.25
-7.04,-7.04
-6.07,-6.07
-4.6,-4.6
-3.65,-3.65
-2.46,-2.46
-1.78,-1.78
-2.6,-2.6
-5.91,-5.91
-9.2,-9.2
-10.7,-10.7
-9.94,-9.94
-7.93,-7.93
-6.69,-6.69
-5.71,-5.71
-3.99,-3.99
-1.53,-1.53
0.65,0.65
0.07,0.07
-2.51,-2.51
-4.82,-4.82
-4.6,-4.6
-1.64,-1.64
2.05,2.05
5.45,5.45
7.82,7.82
9.17,9.17
9.26,9.26
6.84,6.84
2.69,2.69
0.08,0.08
0.75,0.75
3.91,3.91
6.54,6.54
5.64,5.64
2.5,2.5
-0.61,-0.61
-1.94,-1.94
-2.26,-2.26
-2.07,-2.07
-1.39,-1.39
0.29,0.29
1.95,1.95
1.09,1.09
-2.25,-2.25
-5.82,-5.82
-6.1,-6.1
-2.63,-2.63
2.81,2.81
6.7,6.7
8.06,8.06
8.15,8.15
8.23,8.23
7.57,7.57
5.91,5.91
3.52,3.52
2.64,2.64
4.78,4.78
7.64,7.64
8.23,8.23
5.56,5.56
1.41,1.41
-1.95,-1.95
-4.78,-4.78
-7.83,-7.83
-10.6,-10.6
-9.85,-9.85
-5.35,-5.35
0.36,0.36
3.02,3.02
1.15,1.15
-2.95,-2.95
-6.26,-6.26
-8.55,-8.55
-10.56,-10.56
-12.8,-12.8
-13.01,-13.01
-9.73,-9.73
-3.97,-3.97
0.74,0.74
2.15,2.15
0.8,0.8
-0.54,-0.54
-2.12,-2.12
-5.43,-5.43
-10.46,-10.46
-15.69,-15.69
-17.62,-17.62
-15.79,-15.79
-12.21,-12.21
-9.67,-9.67
-8.15,-8.15
-5.64,-5.64
-2.15,-2.15
0.3,0.3
-0.27,-0.27
-2.83,-2.83
-4.62,-4.62
-3.14,-3.14
-0.67,-0.67
0.77,0.77
0.45,0.45
-0.37,-0.37
-0.18,-0.18
-0.74,-0.74
-3.55,-3.55
-8.33,-8.33
-11.06,-11.06
-9.27,-9.27
-4.25,-4.25
0.23,0.23
2.43,2.43
3.09,3.09
3.26,3.26
3.42,3.42
2.33,2.33
0.25,0.25
-1.32,-1.32
-0.61,-0.61
2.08,2.08
3.75,3.75
2.91,2.91
0.82,0.82
-0.25,-0.25
-0.81,-0.81
-2.86,-2.86
-7.39,-7.39
-12.39,-12.39
-14.58,-14.58
-12.75,-12.75
-9.69,-9.69
-8.16,-8.16
-8.63,-8.63
-9.1,-9.1
-9.32,-9.32
-10.28,-10.28
-13.48,-13.48
-16.9,-16.9
-18.29,-18.29
-16.66,-16.66
-13.79,-13.79
-12.7,-12.7
-13.86,-13.86
-14.77,-14.77
-13.91,-13.91
-12.05,-12.05
-11.47,-11.47
-12.63,-12.63
-14.29,-14.29
-14.93,-14.93
-14.3,-14.3
-13.19,-13.19
-11.83,-11.83
-9.48,-9.48
-6.65,-6.65
-5.59,-5.59
-7.8,-7.8
-12.73,-12.73
-17.37,-17.37
-18.71,-18.71
-16.79,-16.79
-13.63,-13.63
-11.25,-11.25
-9.88,-9.88
-8.53,-8.53
-7.69,-7.69
-9.11,-9.11
-12.51,-12.51
-15.63,-15.63
-15.72,-15.72
-13.05,-13.05
-10.16,-10.16
-9.8,-9.8
-11.43,-11.43
-12.8,-12.8
-12.65,-12.65
-11.75,-11.75
-12.36,-12.36
-14.21,-14.21
-15.55,-15.55
-14.62,-14.62
-12.19,-12.19
-10.54,-10.54
-9.64,-9.64
-8.51,-8.51
-6.13,-6.13
-4.03,-4.03
-3.94,-3.94
-5.61,-5.61
-6.5,-6.5
-5.14,-5.14
-2.29,-2.29
0.29,0.29
1.59,1.59
1.87,1.87
1.66,1.66
-0.3,-0.3
-4.5,-4.5
-9.9,-9.9
-12.76,-12.76
-11.09,-11.09
-6.18,-6.18
-1.81,-1.81
-0.23,-0.23
-1.42,-1.42
-3.35,-3.35
-5.51,-5.51
-9.15,-9.15
-13.5,-13.5
-16.81,-16.81
-16.84,-16.84
-12.87,-12.87
-8.43,-8.43
-5.78,-5.78
-5.4,-5.4
-5.78,-5.78
-5.4,-5.4
-4.78,-4.78
-4.41,-4.41
-4.29,-4.29
-2.67,-2.67
0.18,0.18
3.01,3.01
4.06,4.06
4.1,4.1
5.14,5.14
7.67,7.67
9.17,9.17
7.91,7.91
4.66,4.66
2.69,2.69
4.24,4.24
8.52,8.52
11.76,11.76
12.22,12.22
9.68,9.68
5.65,5.65
0.92,0.92
-4.53,-4.53
-8.92,-8.92
-9.53,-9.53
-5.87,-5.87
-0.5,-0.5
2.57,2.57
1.87,1.87
-1.08,-1.08
-3.51,-3.51
-4.41,-4.41
-4.3,-4.3
-4.19,-4.19
-3.58,-3.58
-1.48,-1.48
1.35,1.35
3.16,3.16
3.2,3.2
2.24,2.24
2.04,2.04
2.34,2.34
0.89,0.89
-3.05,-3.05
-6.71,-6.71
-5.82,-5.82
0.55,0.55
8.12,8.12
12.86,12.86
13.06,13.06
11.01,11.01
8.72,8.72
6.7,6.7
3.7,3.7
-0.02,-0.02
-2.46,-2.46
-2.13,-2.13
1.2,1.2
4.76,4.76
7.52,7.52
9.51,9.51
11.23,11.23
10.69,10.69
6.64,6.64
-0.61,-0.61
-7.3,-7.3
-9.18,-9.18
-5.79,-5.79
-0.18,-0.18
4.63,4.63
6.89,6.89
7.38,7.38
5.87,5.87
2.12,2.12
-2.85,-2.85
-6.27,-6.27
-6.15,-6.15
-2.29,-2.29
3.03,3.03
7.31,7.31
10.55,10.55
12.76,12.76
13.69,13.69
12.11,12.11
8.05,8.05
4.02,4.02
2.28,2.28
3.8,3.8
6.81,6.81
9.04,9.04
9.75,9.75
10.2,10.2
10.65,10.65
10.09,10.09
8.03,8.03
5.24,5.24
4.23,4.23
5.72,5.72
6.95,6.95
5.67,5.67
2.15,2.15
-0.84,-0.84
-1.3,-1.3
-0.51,-0.51
-0.73,-0.73
-2.94,-2.94
-4.63,-4.63
-4.81,-4.81
-3.48,-3.48
-3.42,-3.42
-5.35,-5.35
-7.27,-7.27
-6.67,-6.67
-3.32,-3.32
0.49,0.49
2.78,2.78
3.54,3.54
4.04,4.04
4.54,4.54
3.78,3.78
2.28,2.28
1.54,1.54
4.31,4.31
10.05,10.05
15.74,15.74
18.88,18.88
19.23,19.23
19.58,19.58
20.67,20.67
21.0,21.0
18.07,18.07
13.16,13.16
9.05,9.05
7.98,7.98
9.16,9.16
10.58,10.58
12.24,12.24
14.38,14.38
16.75,16.75
17.09,17.09
13.43,13.43
6.3,6.3
-0.77,-0.77
-4.52,-4.52
-5.49,-5.49
-5.95,-5.95
-6.65,-6.65
-6.59,-6.59
-4.54,-4.54
-1.25,-1.25
0.51,0.51
-0.25,-0.25
-2.25,-2.25
-3.23,-3.23
-2.71,-2.71
-1.43,-1.43
0.08,0.08
2.58,2.58
6.55,6.55
10.99,10.99
12.88,12.88
11.51,11.51
7.89,7.89
5.56,5.56
5.5,5.5
6.94,6.94
7.86,7.86
8.27,8.27
9.43,9.43
10.83,10.83
10.71,10.71
8.35,8.35
4.25,4.25
1.44,1.44
0.65,0.65
1.12,1.12
0.84,0.84
0.31,0.31
1.29,1.29
3.5,3.5
4.45,4.45
2.13,2.13
-3.91,-3.91
-10.4,-10.4
-14.08,-14.08
-14.22,-14.22
-11.6,-11.6
-8.01,-8.01
-2.96,-2.96
3.06,3.06
8.01,8.01
9.67,9.67
7.32,7.32
3.48,3.48
0.68,0.68
0.66,0.66
1.88,1.88
3.09,3.09
4.05,4.05
5.99,5.99
8.16,8.16
9.57,9.57
9.45,9.45
8.09,8.09
7.99,7.99
8.64,8.64
8.28,8.28
5.43,5.43
1.09,1.09
-2.2,-2.2
-3.21,-3.21
-3.46,-3.46
-4.96,-4.96
-7.44,-7.44
-8.9,-8.9
-8.6,-8.6
-9.05,-9.05
-12.24,-12.24
-17.15,-17.15
-19.76,-19.76
-17.85,-17.85
-12.95,-12.95
-8.59,-8.59
-6.78,-6.78
-6.47,-6.47
-6.92,-6.92
-7.37,-7.37
-9.31,-9.31
-11.98,-11.98
-13.37,-13.37
-12.5,-12.5
-9.64,-9.64
-7.55,-7.55
-6.73,-6.73
-5.16,-5.16
-1.11,-1.11
4.16,4.16
7.62,7.62
6.55,6.55
2.5,2.5
-1.52,-1.52
-4.01,-4.01
-5.22,-5.22
-5.92,-5.92
-4.86,-4.86
-1.81,-1.81
1.96,1.96
3.95,3.95
2.67,2.67
-0.1,-0.1
-2.1,-2.1
-2.08,-2.08
-2.05,-2.05
-3.28,-3.28
-4.99,-4.99
-5.44,-5.44
-4.13,-4.13
-2.84,-2.84
-3.06,-3.06
-3.52,-3.52
-1.98,-1.98
2.55,2.55
7.54,7.54
9.47,9.47
6.64,6.64
2.34,2.34
-0.18,-0.18
0.33,0.33
2.58,2.58
6.06,6.06
11.01,11.01
17.41,17.41
21.5,21.5
19.8,19.8
12.36,12.36
3.49,3.49
-1.8,-1.8
-2.29,-2.29
0.22,0.22
2.96,2.96
5.92,5.92
9.86,9.86
13.51,13.51
14.12,14.12
10.73,10.73
4.86,4.86
0.55,0.55
-0.47,-0.47
1.01,1.01
3.23,3.23
5.69,5.69
7.62,7.62
9.02,9.02
9.42,9.42
8.06,8.06
6.46,6.46
6.38,6.38
7.54,7.54
8.2,8.2
6.34,6.34
3.0,3.0
1.45,1.45
3.65,3.65
7.59,7.59
10.49,10.49
10.11,10.11
8.23,8.23
6.37,6.37
4.27,4.27
1.19,1.19
-2.11,-2.11
-3.62,-3.62
-1.88,-1.88
1.85,1.85
4.55,4.55
4.97,4.97
3.63,3.63
1.06,1.06
-2.24,-2.24
-6.26,-6.26
-9.49,-9.49
-8.94,-8.94
-3.4,-3.4
4.6,4.6
10.77,10.77
11.89,11.89
9.49,9.49
6.11,6.11
3.26,3.26
-0.06,-0.06
-4.1,-4.1
-6.35,-6.35
-5.34,-5.34
-1.83,-1.83
0.65,0.65
0.1,0.1
-2.19,-2.19
-3.21,-3.21
-2.22,-2.22
-0.48,-0.48
-0.77,-0.77
-3.05,-3.05
-5.31,-5.31
-5.3,-5.3
-3.79,-3.79
-2.54,-2.54
-2.55,-2.55
-2.06,-2.06
-0.58,-0.58
0.14,0.14
-2.14,-2.14
-6.66,-6.66
-9.38,-9.38
-7.33,-7.33
-1.79,-1.79
2.95,2.95
4.39,4.39
3.32,3.32
2.26,2.26
1.95,1.95
1.15,1.15
-0.64,-0.64
-2.92,-2.92
-3.92,-3.92
-3.17,-3.17
-2.42,-2.42
-3.68,-3.68
-5.93,-5.93
-6.9,-6.9
-5.62,-5.62
-3.59,-3.59
-1.84,-1.84
-0.85,-0.85
-0.37,-0.37
-1.14,-1.14
-3.16,-3.16
-6.15,-6.15
-7.12,-7.12
-4.33,-4.33
1.19,1.19
5.4,5.4
4.83,4.83
0.51,0.51
-4.52,-4.52
-7.25,-7.25
-7.71,-7.71
-7.16,-7.16
-5.87,-5.87
-3.58,-3.58
-1.57,-1.57
-1.33,-1.33
-4.08,-4.08
-8.56,-8.56
-10.75,-10.75
-9.17,-9.17
-5.1,-5.1
-1.82,-1.82
-1.56,-1.56
-3.31,-3.31
-5.54,-5.54
-7.51,-7.51
-9.95,-9.95
-12.62,-12.62
-13.76,-13.76
-12.39,-12.39
-9.78,-9.78
-8.44,-8.44
-9.36,-9.36
-10.53,-10.53
-9.93,-9.93
-7.58,-7.58
-6.26,-6.26
-7.69,-7.69
-10.12,-10.12
-11.26,-11.26
-10.15,-10.15
-7.8,-7.8
-5.46,-5.46
-3.4,-3.4
-1.85,-1.85
-1.07,-1.07
-2.79,-2.79
-7.25,-7.25
-12.42,-12.42
-14.79,-14.79
-12.63,-12.63
-7.49,-7.49
-3.65,-3.65
-3.09,-3.09
-4.29,-4.29
-4.98,-4.98
-4.65,-4.65
-3.83,-3.83
-2.52,-2.52
-0.97,-0.97
1.07,1.07
2.58,2.58
2.34,2.34
1.09,1.09
0.61,0.61
1.88,1.88
3.39,3.39
2.14,2.14
-1.86,-1.86
-5.81,-5.81
-6.48,-6.48
-3.15,-3.15
0.91,0.91
3.68,3.68
4.68,4.68
5.91,5.91
8.13,8.13
9.58,9.58
9.52,9.52
8.2,8.2
6.9,6.9
5.61,5.61
4.57,4.57
3.3,3.3
2.79,2.79
4.28,4.28
7.51,7.51
10.45,10.45
10.87,10.87
9.54,9.54
8.46,8.46
8.39,8.39
8.32,8.32
6.75,6.75
4.95,4.95
5.41,5.41
8.36,8.36
11.29,11.29
10.69,10.69
6.84,6.84
3.78,3.78
5.24,5.24
10.44,10.44
15.84,15.84
18.44,18.44
18.76,18.76
18.58,18.58
18.15,18.15
16.71,16.71
15.04,15.04
14.63,14.63
16.22,16.22
18.05,18.05
17.6,17.6
14.41,14.41
10.99,10.99
11.35,11.35
17.21,17.21
26.01,26.01
34.48,34.48
40.62,40.62
45.19,45.19
46.97,46.97
44.47,44.47
36.23,36.23
25.07,25.07
15.51,15.51
9.53,9.53
5.1,5.1
0.46,0.46
-4.13,-4.13
-6.18,-6.18
-5.22,-5.22
-4.01,-4.01
-5.31,-5.31
-8.85,-8.85
-13.1,-13.1
-16.32,-16.32
-19.5,-19.5
-24.15,-24.15
-28.75,-28.75
-31.06,-31.06
-29.59,-29.59
-26.63,-26.63
-25.2,-25.2
-26.52,-26.52
-28.33,-28.33
-28.86,-28.86
-27.64,-27.64
-27.17,-27.17
-29.21,-29.21
-32.72,-32.72
-35.69,-35.69
-37.38,-37.38
-38.3,-38.3
-38.71,-38.71
-37.61,-37.61
-34.26,-34.26
-30.18,-30.18
-27.39,-27.39
-27.12,-27.12
-28.6,-28.6
-30.81,-30.81
-32.5,-32.5
-33.66,-33.66
-34.56,-34.56
-33.7,-33.7
-30.09,-30.09
-25.26,-25.26
-21.21,-21.21
-19.71,-19.71
-19.71,-19.71
-18.46,-18.46
-14.97,-14.97
-11.0,-11.0
-8.83,-8.83
-8.42,-8.42
-8.01,-8.01
-6.86,-6.86
-6.46,-6.46
-10.57,-10.57
-18.64,-18.64
-28.63,-28.63
-38.78,-38.78
-50.83,-50.83
-67.76,-67.76
-90.02,-90.02
-115.32,-115.32
-139.12,-139.12
-157.68,-157.68
-170.05,-170.05
-176.78,-176.78
-179.42,-179.42
-180.01,-180.01
-180.32,-180.32
-180.1,-180.1
-177.85,-177.85
-169.85,-169.85
-155.64,-155.64
-137.29,-137.29
-117.84,-117.84
-98.79,-98.79
-79.41,-79.41
-58.94,-58.94
-40.9,-40.9
-30.51,-30.51
-28.97,-28.97
-28.94,-28.94
-20.15,-20.15
2.31,2.31
33.82,33.82
66.28,66.28
93.43,93.43
114.57,114.57
131.26,131.26
144.27,144.27
154.89,154.89
163.89,163.89
172.53,172.53
179.82,179.82
184.52,184.52
184.63,184.63
181.98,181.98
178.57,178.57
176.16,176.16
172.51,172.51
165.35,165.35
155.49,155.49
146.45,146.45
140.96,140.96
138.26,138.26
134.3,134.3
125.87,125.87
114.23,114.23
103.45,103.45
96.24,96.24
93.09,93.09
93.95,93.95
99.03,99.03
108.8,108.8
121.48,121.48
133.26,133.26
141.91,141.91
147.98,147.98
153.45,153.45
158.11,158.11
160.45,160.45
159.99,159.99
158.52,158.52
157.28,157.28
156.04,156.04
151.52,151.52
141.78,141.78
128.36,128.36
114.54,114.54
102.82,102.82
91.7,91.7
78.92,78.92
63.74,63.74
48.69,48.69
36.52,36.52
27.45,27.45
20.47,20.47
15.29,15.29
12.16,12.16
10.31,10.31
7.72,7.72
0.9,0.9
-9.85,-9.85
-21.5,-21.5
-30.8,-30.8
-36.75,-36.75
-40.65,-40.65
-43.0,-43.0
-43.07,-43.07
-40.39,-40.39
-38.23,-38.23
-39.58,-39.58
-44.91,-44.91
-50.94,-50.94
-54.15,-54.15
-53.83,-53.83
-53.0,-53.0
-53.67,-53.67
-55.57,-55.57
-56.45,-56.45
-56.57,-56.57
-57.67,-57.67
-61.26,-61.26
-65.3,-65.3
-66.8,-66.8
-65.77,-65.77
-64.24,-64.24
-64.97,-64.97
-66.18,-66.18
-65.87,-65.87
-63.05,-63.05
-60.25,-60.25
-59.96,-59.96
-61.92,-61.92
-63.1,-63.1
-62.51,-62.51
-61.91,-61.91
-63.82,-63.82
-66.45,-66.45
-66.54,-66.54
-63.12,-63.12
-57.97,-57.97
-55.11,-55.11
-55.02,-55.02
-55.92,-55.92
-56.3,-56.3
-56.67,-56.67
-58.78,-58.78
-61.12,-61.12
-61.17,-61.17
-57.21,-57.21
-51.53,-51.53
-47.64,-47.64
-48.03,-48.03
-50.91,-50.91
-53.01,-53.01
-53.58,-53.58
-53.63,-53.63
-53.94,-53.94
-53.47,-53.47
-50.75,-50.75
-46.55,-46.55
-42.88,-42.88
-41.24,-41.24
-41.11,-41.11
-41.22,-41.22
-41.33,-41.33
-42.42,-42.42
-44.26,-44.26
-45.06,-45.06
-42.11,-42.11
-36.92,-36.92
-32.27,-32.27
-31.17,-31.17
-32.57,-32.57
-32.95,-32.95
-32.07,-32.07
-30.95,-30.95
-32.08,-32.08
-34.7,-34.7
-36.28,-36.28
-34.85,-34.85
-31.92,-31.92
-30.02,-30.02
-30.13,-30.13
-30.73,-30.73
-29.58,-29.58
-27.68,-27.68
-26.3,-26.3
-25.91,-25.91
-25.04,-25.04
-22.41,-22.41
-18.56,-18.56
-16.49,-16.49
-16.93,-16.93
-18.37,-18.37
-18.79,-18.79
-17.71,-17.71
-17.38,-17.38
-18.55,-18.55
-19.46,-19.46
-18.36,-18.36
-14.77,-14.77
-10.96,-10.96
-8.43,-8.43
-5.92,-5.92
-2.68,-2.68
0.78,0.78
1.2,1.2
-2.37,-2.37
-7.92,-7.92
-10.66,-10.66
-9.38,-9.38
-5.61,-5.61
-2.87,-2.87
-1.4,-1.4
-0.45,-0.45
1.24,1.24
2.17,2.17
0.59,0.59
-2.48,-2.48
-4.02,-4.02
-2.54,-2.54
0.42,0.42
2.11,2.11
2.03,2.03
2.2,2.2
4.11,4.11
6.76,6.76
7.64,7.64
6.26,6.26
4.38,4.38
3.78,3.78
4.68,4.68
5.57,5.57
6.7,6.7
10.32,10.32
19.4,19.4
34.15,34.15
52.76,52.76
72.44,72.44
89.93,89.93
101.25,101.25
103.2,103.2
94.62,94.62
77.84,77.84
59.22,59.22
44.75,44.75
36.41,36.41
31.63,31.63
26.4,26.4
20.46,20.46
15.32,15.32
11.73,11.73
8.67,8.67
4.88,4.88
1.63,1.63
1.41,1.41
3.94,3.94
5.69,5.69
4.18,4.18
0.18,0.18
-3.53,-3.53
-4.96,-4.96
-6.62,-6.62
-10.02,-10.02
-14.88,-14.88
-18.95,-18.95
-19.98,-19.98
-18.75,-18.75
-17.27,-17.27
-15.8,-15.8
-14.1,-14.1
-12.16,-12.16
-10.98,-10.98
-12.57,-12.57
-16.39,-16.39
-19.17,-19.17
-18.67,-18.67
-16.17,-16.17
-14.45,-14.45
-14.24,-14.24
-13.52,-13.52
-9.82,-9.82
-3.89,-3.89
1.98,1.98
5.05,5.05
6.59,6.59
8.11,8.11
11.87,11.87
16.84,16.84
21.27,21.27
24.65,24.65
27.5,27.5
29.31,29.31
28.36,28.36
24.66,24.66
19.99,19.99
17.36,17.36
17.5,17.5
18.39,18.39
17.76,17.76
16.39,16.39
16.28,16.28
18.42,18.42
20.29,20.29
19.13,19.13
15.73,15.73
12.62,12.62
11.77,11.77
12.44,12.44
11.59,11.59
9.01,9.01
5.94,5.94
4.65,4.65
4.62,4.62
3.85,3.85
2.07,2.07
0.32,0.32
-0.17,-0.17
0.1,0.1
-0.64,-0.64
-3.62,-3.62
-7.08,-7.08
-8.75,-8.75
-9.15,-9.15
-9.8,-9.8
-11.94,-11.94
-13.31,-13.31
-12.16,-12.16
-8.28,-8.28
-4.68,-4.68
-3.61,-3.61
-4.8,-4.8
-6.47,-6.47
-7.64,-7.64
-9.29,-9.29
-12.67,-12.67
-15.77,-15.77
-16.09,-16.09
-12.9,-12.9
-9.0,-9.0
-8.37,-8.37
-11.0,-11.0
-14.11,-14.11
-14.68,-14.68
-13.25,-13.25
-11.58,-11.58
-10.92,-10.92
-9.76,-9.76
-6.87,-6.87
-3.5,-3.5
-1.41,-1.41
-1.34,-1.34
-2.02,-2.02
-2.19,-2.19
-1.86,-1.86
-2.29,-2.29
-3.21,-3.21
-2.62,-2.62
-0.04,-0.04
3.28,3.28
3.8,3.8
1.33,1.33
-1.62,-1.62
-1.55,-1.55
1.77,1.77
5.32,5.32
7.33,7.33
8.07,8.07
10.05,10.05
13.01,13.01
14.45,14.45
12.86,12.86
10.04,10.04
9.0,9.0
11.21,11.21
14.15,14.15
15.32,15.32
14.96,14.96
14.12,14.12
13.77,13.77
12.18,12.18
9.35,9.35
7.04,7.04
8.26,8.26
12.96,12.96
17.87,17.87
19.98,19.98
18.31,18.31
15.91,15.91
15.78,15.78
16.9,16.9
17.25,17.25
15.85,15.85
13.96,13.96
13.09,13.09
12.72,12.72
11.85,11.85
9.74,9.74
8.64,8.64
10.31,10.31
13.46,13.46
15.57,15.57
15.42,15.42
14.02,14.02
13.12,13.12
13.23,13.23
12.09,12.09
9.21,9.21
6.1,6.1
5.02,5.02
6.2,6.2
7.87,7.87
7.77,7.77
7.17,7.17
8.32,8.32
10.71,10.71
12.83,12.83
12.68,12.68
10.78,10.78
9.89,9.89
10.76,10.76
11.62,11.62
10.97,10.97
9.08,9.08
8.2,8.2
9.58,9.58
12.44,12.44
14.53,14.53
16.09,16.09
18.39,18.39
22.16,22.16
25.4,25.4
25.6,25.6
22.55,22.55
18.77,18.77
16.27,16.27
15.55,15.55
14.32,14.32
12.36,12.36
11.16,11.16
12.48,12.48
15.03,15.03
16.55,16.55
15.55,15.55
13.82,13.82
12.34,12.34
10.63,10.63
6.68,6.68
1.52,1.52
-2.84,-2.84
-3.67,-3.67
-1.49,-1.49
0.43,0.43
0.07,0.07
-1.28,-1.28
-1.62,-1.62
-1.21,-1.21
-1.54,-1.54
-5.38,-5.38
-10.93,-10.93
-15.18,-15.18
-16.63,-16.63
-16.07,-16.07
-16.02,-16.02
-16.46,-16.46
-15.89,-15.89
-13.58,-13.58
-10.79,-10.79
-10.02,-10.02
-11.25,-11.25
-11.98,-11.98
-11.44,-11.44
-10.41,-10.41
-11.39,-11.39
-13.85,-13.85
-15.04,-15.04
-12.47,-12.47
-8.17,-8.17
-5.9,-5.9
-7.16,-7.16
-10.16,-10.16
-11.62,-11.62
-11.07,-11.07
-10.52,-10.52
-11.48,-11.48
-12.68,-12.68
-12.86,-12.86
-12.29,-12.29
-12.47,-12.47
-14.9,-14.9
-17.81,-17.81
-19.44,-19.44
-19.29,-19.29
-19.4,-19.4
-21.0,-21.0
-22.84,-22.84
-22.15,-22.15
-18.72,-18.72
-15.57,-15.57
-15.19,-15.19
-16.81,-16.81
-18.17,-18.17
-18.01,-18.01
-18.1,-18.1
-20.19,-20.19
-23.25,-23.25
-24.78,-24.78
-23.8,-23.8
-22.07,-22.07
-21.85,-21.85
-23.38,-23.38
-24.4,-24.4
-22.15,-22.15
-18.17,-18.17
-14.47,-14.47
-13.05,-13.05
-12.15,-12.15
-11.25,-11.25
-10.36,-10.36
-11.47,-11.47
-13.57,-13.57
-14.4,-14.4
-12.47,-12.47
-9.31,-9.31
-7.93,-7.93
-9.05,-9.05
-10.17,-10.17
-8.27,-8.27
-4.39,-4.39
-1.54,-1.54
-2.22,-2.22
-4.89,-4.89
-7.04,-7.04
-8.16,-8.16
-10.28,-10.28
-14.12,-14.12
-18.18,-18.18
-19.95,-19.95
-18.45,-18.45
-15.96,-15.96
-14.98,-14.98
-15.77,-15.77
-16.8,-16.8
-17.06,-17.06
-16.82,-16.82
-16.58,-16.58
-14.59,-14.59
-9.61,-9.61
-2.18,-2.18
4.68,4.68
8.23,8.23
9.0,9.0
10.26,10.26
14.25,14.25
19.21,19.21
22.12,22.12
22.5,22.5
22.37,22.37
23.24,23.24
23.85,23.85
21.94,21.94
17.56,17.56
14.21,14.21
14.14,14.14
16.06,16.06
17.47,17.47
15.86,15.86
13.02,13.02
11.45,11.45
11.38,11.38
10.82,10.82
8.02,8.02
4.48,4.48
2.23,2.23
1.5,1.5
-0.22,-0.22
-3.43,-3.43
-6.86,-6.86
-7.5,-7.5
-4.64,-4.64
-0.81,-0.81
0.99,0.99
0.53,0.53
-0.69,-0.69
-0.89,-0.89
-0.34,-0.34
-0.54,-0.54
-1.24,-1.24
-0.44,-0.44
2.11,2.11
5.13,5.13
6.63,6.63
5.86,5.86
4.6,4.6
3.84,3.84
2.35,2.35
-0.63,-0.63
-4.34,-4.34
-6.01,-6.01
-4.67,-4.67
-1.83,-1.83
0.22,0.22
1.02,1.02
1.8,1.8
4.07,4.07
6.57,6.57
7.8,7.8
7.27,7.27
6.74,6.74
7.46,7.46
7.93,7.93
5.89,5.89
1.62,1.62
-1.61,-1.61
-0.56,-0.56
5.23,5.23
11.21,11.21
14.39,14.39
13.79,13.79
11.93,11.93
10.35,10.35
8.03,8.03
4.73,4.73
1.95,1.95
2.46,2.46
6.2,6.2
10.42,10.42
12.34,12.34
11.24,11.24
9.9,9.9
9.82,9.82
9.5,9.5
7.42,7.42
3.86,3.86
1.58,1.58
3.08,3.08
7.3,7.3
11.5,11.5
13.89,13.89
15.02,15.02
15.38,15.38
14.49,14.49
11.86,11.86
7.74,7.74
5.66,5.66
7.35,7.35
10.77,10.77
12.41,12.41
11.54,11.54
9.92,9.92
10.06,10.06
11.45,11.45
11.83,11.83
9.2,9.2
6.09,6.09
5.26,5.26
7.44,7.44
10.1,10.1
10.48,10.48
9.61,9.61
9.98,9.98
12.11,12.11
13.97,13.97
13.8,13.8
12.39,12.39
12.24,12.24
13.34,13.34
13.92,13.92
12.0,12.0
8.34,8.34
5.47,5.47
4.12,4.12
3.28,3.28
1.45,1.45
-0.61,-0.61
-0.41,-0.41
2.79,2.79
6.72,6.72
7.36,7.36
4.98,4.98
2.63,2.63
2.56,2.56
5.23,5.23
7.37,7.37
7.75,7.75
7.12,7.12
7.25,7.25
7.87,7.87
7.74,7.74
6.61,6.61
6.23,6.23
8.11,8.11
11.22,11.22
12.8,12.8
11.12,11.12
8.2,8.2
5.8,5.8
3.92,3.92
1.06,1.06
-3.52,-3.52
-6.56,-6.56
-5.07,-5.07
0.65,0.65
5.57,5.57
6.2,6.2
2.82,2.82
-1.03,-1.03
-3.84,-3.84
-6.88,-6.88
-10.64,-10.64
-13.61,-13.61
-12.8,-12.8
-8.25,-8.25
-2.74,-2.74
0.47,0.47
0.9,0.9
0.83,0.83
1.25,1.25
1.43,1.43
-0.15,-0.15
-2.22,-2.22
-3.01,-3.01
-1.3,-1.3
0.4,0.4
0.08,0.08
-1.98,-1.98
-3.78,-3.78
-2.56,-2.56
0.4,0.4
2.58,2.58
2.5,2.5
1.41,1.41
1.33,1.33
3.01,3.01
4.92,4.92
6.05,6.05
6.93,6.93
8.3,8.3
9.41,9.41
8.25,8.25
4.35,4.35
0.24,0.24
-1.08,-1.08
0.11,0.11
1.53,1.53
0.95,0.95
-0.63,-0.63
-1.95,-1.95
-1.75,-1.75
-1.81,-1.81
-3.11,-3.11
-4.41,-4.41
-3.69,-3.69
-1.22,-1.22
1.72,1.72
2.88,2.88
2.79,2.79
2.94,2.94
4.09,4.09
4.73,4.73
3.12,3.12
-0.73,-0.73
-4.3,-4.3
-6.33,-6.33
-7.1,-7.1
-7.35,-7.35
-6.85,-6.85
-4.36,-4.36
0.61,0.61
5.04,5.04
5.68,5.68
2.06,2.06
-3.28,-3.28
-6.32,-6.32
-6.58,-6.58
-5.84,-5.84
-4.85,-4.85
-2.62,-2.62
1.59,1.59
6.26,6.26
8.38,8.38
6.99,6.99
3.86,3.86
1.75,1.75
1.17,1.17
-0.16,-0.16
-2.98,-2.98
-5.27,-5.27
-3.54,-3.54
2.17,2.17
7.84,7.84
10.2,10.2
8.28,8.28
4.38,4.38
1.02,1.02
-2.06,-2.06
-5.37,-5.37
-7.89,-7.89
-7.63,-7.63
-5.13,-5.13
-2.66,-2.66
-2.2,-2.2
-3.5,-3.5
-3.53,-3.53
-1.82,-1.82
0.38,0.38
1.06,1.06
0.49,0.49
-0.08,-0.08
0.6,0.6
1.78,1.78
0.69,0.69
-3.13,-3.13
-7.42,-7.42
-10.42,-10.42
-10.88,-10.88
-10.85,-10.85
-10.81,-10.81
-9.77,-9.77
-6.74,-6.74
-2.73,-2.73
-0.01,-0.01
-0.82,-0.82
-3.12,-3.12
-4.89,-4.89
-5.16,-5.16
-5.66,-5.66
-8.16,-8.16
-11.64,-11.64
-13.34,-13.34
-12.76,-12.76
-11.44,-11.44
-11.13,-11.13
-12.07,-12.07
-12.25,-12.25
-10.93,-10.93
-9.12,-9.12
-8.57,-8.57
-8.78,-8.78
-8.48,-8.48
-6.69,-6.69
-4.91,-4.91
-5.64,-5.64
-7.37,-7.37
-8.08,-8.08
-5.29,-5.29
-1.26,-1.26
0.97,0.97
0.69,0.69
-0.84,-0.84
-1.61,-1.61
-1.37,-1.37
-1.39,-1.39
-2.15,-2.15
-2.16,-2.16
-0.16,-0.16
3.31,3.31
5.76,5.76
6.18,6.18
5.09,5.09
4.77,4.77
4.7,4.7
4.12,4.12
1.81,1.81
-0.49,-0.49
-0.77,-0.77
0.21,0.21
-0.07,-0.07
-3.6,-3.6
-8.85,-8.85
-12.05,-12.05
-11.71,-11.71
-9.63,-9.63
-8.32,-8.32
-8.51,-8.51
-8.95,-8.95
-9.39,-9.39
-10.07,-10.07
-12.0,-12.0
-13.9,-13.9
-14.29,-14.29
-12.67,-12.67
-11.56,-11.56
-12.46,-12.46
-14.36,-14.36
-14.73,-14.73
-12.59,-12.59
-9.98,-9.98
-9.63,-9.63
-11.04,-11.04
-10.93,-10.93
-7.32,-7.32
-2.25,-2.25
1.28,1.28
1.03,1.03
-1.22,-1.22
-2.45,-2.45
-2.92,-2.92
-4.63,-4.63
-8.08,-8.08
-11.5,-11.5
-12.63,-12.63
-11.5,-11.5
-10.38,-10.38
-10.76,-10.76
-11.14,-11.14
-9.77,-9.77
-6.41,-6.41
-4.07,-4.07
-5.01,-5.01
-8.44,-8.44
-11.59,-11.59
-12.95,-12.95
-14.05,-14.05
-15.39,-15.39
-16.46,-16.46
-15.28,-15.28
-11.1,-11.1
-6.2,-6.2
-3.36,-3.36
-3.03,-3.03
-3.21,-3.21
-2.89,-2.89
-2.57,-2.57
-3.0,-3.0
-3.17,-3.17
-1.85,-1.85
0.71,0.71
3.0,3.0
3.02,3.02
1.54,1.54
1.07,1.07
3.11,3.11
6.12,6.12
7.36,7.36
6.33,6.33
4.82,4.82
4.31,4.31
4.32,4.32
2.81,2.81
-0.42,-0.42
-3.63,-3.63
-4.81,-4.81
-4.22,-4.22
-4.64,-4.64
-6.81,-6.81
-9.2,-9.2
-9.33,-9.33
-7.2,-7.2
-4.58,-4.58
-3.0,-3.0
-2.67,-2.67
-2.85,-2.85
-3.77,-3.77
-6.19,-6.19
-9.83,-9.83
-12.69,-12.69
-12.52,-12.52
-10.1,-10.1
-7.71,-7.71
-7.58,-7.58
-8.45,-8.45
-8.06,-8.06
-5.68,-5.68
-3.31,-3.31
-3.22,-3.22
-5.12,-5.12
-6.51,-6.51
-5.39,-5.39
-3.28,-3.28
-2.43,-2.43
-2.84,-2.84
-2.25,-2.25
0.84,0.84
4.9,4.9
7.17,7.17
5.92,5.92
3.19,3.19
1.22,1.22
0.77,0.77
0.08,0.08
-1.11,-1.11
-2.03,-2.03
-1.7,-1.7
-1.12,-1.12
-2.04,-2.04
-4.71,-4.71
-6.6,-6.6
-5.22,-5.22
-1.86,-1.86
0.98,0.98
1.29,1.29
0.09,0.09
-0.34,-0.34
0.48,0.48
1.29,1.29
0.6,0.6
-0.59,-0.59
-0.27,-0.27
1.3,1.3
2.11,2.11
0.15,0.15
-3.78,-3.78
-5.93,-5.93
-4.06,-4.06
-0.2,-0.2
3.12,3.12
4.41,4.41
5.44,5.44
6.96,6.96
8.46,8.46
7.95,7.95
5.69,5.69
3.7,3.7
2.73,2.73
2.26,2.26
0.8,0.8
-0.89,-0.89
-1.07,-1.07
2.0,2.0
6.54,6.54
8.79,8.79
7.27,7.27
4.01,4.01
1.78,1.78
1.57,1.57
1.87,1.87
1.4,1.4
1.45,1.45
3.74,3.74
8.26,8.26
12.49,12.49
14.43,14.43
14.85,14.85
15.51,15.51
17.66,17.66
19.54,19.54
19.16,19.16
17.27,17.27
16.65,16.65
18.77,18.77
23.63,23.63
28.69,28.69
32.45,32.45
34.92,34.92
35.86,35.86
34.79,34.79
30.97,30.97
26.44,26.44
24.44,24.44
26.2,26.2
29.45,29.45
30.91,30.91
30.1,30.1
29.04,29.04
29.49,29.49
29.44,29.44
26.37,26.37
19.84,19.84
12.85,12.85
8.44,8.44
6.06,6.06
3.45,3.45
-0.64,-0.64
-5.19,-5.19
-8.7,-8.7
-11.17,-11.17
-13.87,-13.87
-17.04,-17.04
-18.68,-18.68
-17.8,-17.8
-15.93,-15.93
-16.57,-16.57
-20.46,-20.46
-24.8,-24.8
-26.61,-26.61
-25.64,-25.64
-23.93,-23.93
-23.98,-23.98
-25.27,-25.27
-26.55,-26.55
-27.06,-27.06
-27.82,-27.82
-30.06,-30.06
-32.03,-32.03
-30.98,-30.98
-25.93,-25.93
-19.42,-19.42
-14.22,-14.22
-11.31,-11.31
-9.68,-9.68
-7.82,-7.82
-6.71,-6.71
-7.62,-7.62
-9.77,-9.77
-10.15,-10.15
-7.77,-7.77
-3.41,-3.41
-0.85,-0.85
-1.3,-1.3
-3.0,-3.0
-4.69,-4.69
-6.36,-6.36
-9.26,-9.26
-13.63,-13.63
-17.22,-17.22
-17.76,-17.76
-16.8,-16.8
-16.6,-16.6
-18.65,-18.65
-20.17,-20.17
-19.18,-19.18
-15.94,-15.94
-13.23,-13.23
-12.29,-12.29
-12.11,-12.11
-10.18,-10.18
-6.27,-6.27
-2.39,-2.39
-1.29,-1.29
-1.71,-1.71
-1.37,-1.37
0.46,0.46
3.03,3.03
4.08,4.08
4.61,4.61
6.64,6.64
10.4,10.4
13.63,13.63
13.57,13.57
9.76,9.76
5.98,5.98
4.74,4.74
5.26,5.26
5.77,5.77
4.78,4.78
4.05,4.05
3.82,3.82
3.34,3.34
0.87,0.87
-2.83,-2.83
-5.5,-5.5
-5.64,-5.64
-3.53,-3.53
-2.19,-2.19
-1.86,-1.86
-1.28,-1.28
0.79,0.79
4.1,4.1
6.12,6.12
5.87,5.87
5.38,5.38
6.39,6.39
9.13,9.13
11.61,11.61
12.55,12.55
13.49,13.49
15.67,15.67
18.57,18.57
19.95,19.95
19.05,19.05
17.67,17.67
18.29,18.29
20.41,20.41
21.25,21.25
19.09,19.09
15.19,15.19
12.82,12.82
12.97,12.97
13.37,13.37
11.26,11.26
7.17,7.17
4.12,4.12
3.85,3.85
5.07,5.07
5.04,5.04
3.25,3.25
1.48,1.48
0.98,0.98
1.73,1.73
1.72,1.72
0.46,0.46
-0.03,-0.03
1.23,1.23
3.72,3.72
5.45,5.45
5.65,5.65
5.36,5.36
5.82,5.82
6.77,6.77
6.71,6.71
6.15,6.15
6.6,6.6
9.29,9.29
12.7,12.7
13.58,13.58
11.2,11.2
7.84,7.84
7.01,7.01
9.19,9.19
11.6,11.6
12.23,12.23
11.35,11.35
10.48,10.48
10.37,10.37
9.76,9.76
7.4,7.4
4.81,4.81
3.99,3.99
5.69,5.69
7.61,7.61
7.52,7.52
5.42,5.42
3.6,3.6
3.04,3.04
2.48,2.48
0.68,0.68
-1.36,-1.36
-1.37,-1.37
1.87,1.87
5.82,5.82
7.49,7.49
5.89,5.89
3.55,3.55
2.99,2.99
4.18,4.18
4.86,4.86
4.53,4.53
5.21,5.21
8.38,8.38
13.51,13.51
17.1,17.1
18.16,18.16
18.2,18.2
18.73,18.73
20.01,20.01
19.28,19.28
15.8,15.8
11.35,11.35
9.19,9.19
9.79,9.79
10.89,10.89
10.73,10.73
9.31,9.31
8.41,8.41
8.77,8.77
8.12,8.12
5.72,5.72
2.85,2.85
2.0,2.0
3.16,3.16
4.56,4.56
4.45,4.45
3.08,3.08
3.23,3.23
5.13,5.13
7.5,7.5
8.11,8.11
7.21,7.21
6.81,6.81
8.17,8.17
10.01,10.01
10.09,10.09
8.16,8.16
6.25,6.25
6.36,6.36
7.71,7.71
8.55,8.55
7.89,7.89
7.22,7.22
7.32,7.32
7.41,7.41
5.24,5.24
0.85,0.85
-3.25,-3.25
-4.32,-4.32
-2.62,-2.62
-1.69,-1.69
-3.02,-3.02
-5.84,-5.84
-7.37,-7.37
-7.9,-7.9
-9.17,-9.17
-11.92,-11.92
-14.4,-14.4
-14.1,-14.1
-10.3,-10.3
-6.54,-6.54
-5.06,-5.06
-5.34,-5.34
-5.12,-5.12
-3.4,-3.4
-1.7,-1.7
-2.01,-2.01
-4.32,-4.32
-6.86,-6.86
-6.87,-6.87
-4.88,-4.88
-2.41,-2.41
-0.46,-0.46
1.97,1.97
4.38,4.38
6.27,6.27
6.39,6.39
4.5,4.5
2.89,2.89
2.54,2.54
2.44,2.44
0.84,0.84
-2.5,-2.5
-5.3,-5.3
-5.83,-5.83
-5.1,-5.1
-6.13,-6.13
-8.65,-8.65
-10.64,-10.64
-9.12,-9.12
-5.35,-5.35
-2.37,-2.37
-2.92,-2.92
-5.96,-5.96
-9.22,-9.22
-10.95,-10.95
-11.42,-11.42
-11.62,-11.62
-10.58,-10.58
-7.79,-7.79
-3.53,-3.53
-0.05,-0.05
0.89,0.89
-0.42,-0.42
-1.22,-1.22
-0.27,-0.27
1.17,1.17
1.61,1.61
1.79,1.79
2.96,2.96
5.63,5.63
7.52,7.52
7.14,7.14
5.01,5.01
3.15,3.15
2.81,2.81
2.97,2.97
1.13,1.13
-2.69,-2.69
-6.73,-6.73
-8.48,-8.48
-8.46,-8.46
-9.19,-9.19
-11.67,-11.67
-14.87,-14.87
-17.29,-17.29
-18.93,-18.93
-21.55,-21.55
-24.4,-24.4
-25.47,-25.47
-23.77,-23.77
-19.84,-19.84
-17.19,-17.19
-17.56,-17.56
-19.18,-19.18
-20.03,-20.03
-19.61,-19.61
-19.2,-19.2
-20.54,-20.54
-22.36,-22.36
-22.16,-22.16
-19.72,-19.72
-16.29,-16.29
-13.89,-13.89
-11.76,-11.76
-8.89,-8.89
-6.31,-6.31
-5.74,-5.74
-9.68,-9.68
-16.33,-16.33
-21.92,-21.92
-23.46,-23.46
-22.22,-22.22
-20.75,-20.75
-20.03,-20.03
-19.07,-19.07
-17.11,-17.11
-15.18,-15.18
-15.75,-15.75
-19.07,-19.07
-22.6,-22.6
-24.1,-24.1
-23.83,-23.83
-23.06,-23.06
-22.54,-22.54
-20.78,-20.78
-16.28,-16.28
-9.56,-9.56
-4.16,-4.16
-2.3,-2.3
-3.21,-3.21
-5.12,-5.12
-6.25,-6.25
-7.12,-7.12
-7.74,-7.74
-6.85,-6.85
-4.21,-4.21
-0.35,-0.35
1.73,1.73
1.29,1.29
-0.9,-0.9
-2.82,-2.82
-3.72,-3.72
-4.87,-4.87
-7.25,-7.25
-9.6,-9.6
-10.44,-10.44
-9.26,-9.26
-7.85,-7.85
-7.95,-7.95
-9.79,-9.79
-10.37,-10.37
-9.19,-9.19
-7.26,-7.26
-6.86,-6.86
-7.96,-7.96
-7.79,-7.79
-5.63,-5.63
-2.24,-2.24
-0.62,-0.62
-1.28,-1.28
-2.67,-2.67
-3.55,-3.55
-3.92,-3.92
-4.29,-4.29
-3.91,-3.91
-1.28,-1.28
4.83,4.83
11.38,11.38
15.62,15.62
16.32,16.32
15.51,15.51
15.21,15.21
15.65,15.65
15.09,15.09
12.53,12.53
10.25,10.25
10.73,10.73
13.95,13.95
17.15,17.15
17.81,17.81
16.22,16.22
14.13,14.13
13.07,13.07
12.26,12.26
11.21,11.21
11.16,11.16
13.11,13.11
16.55,16.55
18.95,18.95
18.57,18.57
15.7,15.7
12.6,12.6
10.27,10.27
7.22,7.22
3.19,3.19
-0.3,-0.3
-0.76,-0.76
3.04,3.04
8.05,8.05
10.76,10.76
10.2,10.2
8.39,8.39
7.84,7.84
8.05,8.05
7.51,7.51
4.72,4.72
0.95,0.95
-1.53,-1.53
-3.49,-3.49
-5.93,-5.93
-9.6,-9.6
-12.73,-12.73
-13.83,-13.83
-14.67,-14.67
-18.25,-18.25
-26.04,-26.04
-35.76,-35.76
-43.38,-43.38
-46.93,-46.93
-47.69,-47.69
-46.19,-46.19
-42.44,-42.44
-36.47,-36.47
-28.54,-28.54
-21.44,-21.44
-15.9,-15.9
-10.65,-10.65
-4.46,-4.46
3.18,3.18
11.01,11.01
18.0,18.0
24.69,24.69
32.55,32.55
41.59,41.59
49.54,49.54
53.92,53.92
55.99,55.99
58.29,58.29
62.8,62.8
68.02,68.02
71.67,71.67
73.29,73.29
74.37,74.37
76.94,76.94
80.22,80.22
82.46,82.46
82.67,82.67
81.61,81.61
79.8,79.8
76.99,76.99
72.45,72.45
67.44,67.44
63.71,63.71
62.76,62.76
63.05,63.05
61.59,61.59
57.13,57.13
51.45,51.45
47.56,47.56
45.96,45.96
44.36,44.36
41.02,41.02
36.7,36.7
33.42,33.42
31.66,31.66
30.16,30.16
27.18,27.18
24.71,24.71
25.27,25.27
29.81,29.81
35.31,35.31
39.25,39.25
40.91,40.91
40.04,40.04
36.17,36.17
28.58,28.58
18.81,18.81
9.37,9.37
4.02,4.02
2.22,2.22
1.68,1.68
-0.85,-0.85
-5.11,-5.11
-8.58,-8.58
-9.27,-9.27
-8.7,-8.7
-10.38,-10.38
-15.79,-15.79
-23.66,-23.66
-30.7,-30.7
-34.66,-34.66
-35.84,-35.84
-35.25,-35.25
-33.42,-33.42
-30.84,-30.84
-29.79,-29.79
-31.98,-31.98
-37.9,-37.9
-44.77,-44.77
-48.81,-48.81
-49.56,-49.56
-48.55,-48.55
-48.03,-48.03
-49.77,-49.77
-53.48,-53.48
-58.39,-58.39
-63.76,-63.76
-68.82,-68.82
-71.57,-71.57
-71.03,-71.03
-66.74,-66.74
-60.73,-60.73
-55.26,-55.26
-50.34,-50.34
-44.95,-44.95
-39.1,-39.1
-33.55,-33.55
-30.05,-30.05
-27.83,-27.83
-24.62,-24.62
-18.93,-18.93
-11.8,-11.8
-4.73,-4.73
0.53,0.53
4.74,4.74
7.91,7.91
9.8,9.8
9.67,9.67
8.04,8.04
6.42,6.42
5.57,5.57
4.23,4.23
0.65,0.65
-5.16,-5.16
-9.9,-9.9
-11.35,-11.35
-10.29,-10.29
-9.48,-9.48
-10.94,-10.94
-13.38,-13.38
-15.53,-15.53
-17.42,-17.42
-20.05,-20.05
-24.39,-24.39
-28.69,-28.69
-31.95,-31.95
-33.66,-33.66
-35.12,-35.12
-37.8,-37.8
-40.7,-40.7
-42.32,-42.32
-43.41,-43.41
-45.25,-45.25
-49.05,-49.05
-52.82,-52.82
-54.3,-54.3
-52.74,-52.74
-50.45,-50.45
-49.42,-49.42
-50.15,-50.15
-50.86,-50.86
-50.55,-50.55
-49.74,-49.74
-48.68,-48.68
-47.38,-47.38
-44.82,-44.82
-42.03,-42.03
-41.27,-41.27
-44.5,-44.5
-49.7,-49.7
-53.34,-53.34
-52.19,-52.19
-48.04,-48.04
-43.43,-43.43
-41.09,-41.09
-40.53,-40.53
-40.71,-40.71
-42.14,-42.14
-44.29,-44.29
-46.42,-46.42
-45.78,-45.78
-41.88,-41.88
-36.01,-36.01
-31.44,-31.44
-30.41,-30.41
-31.63,-31.63
-32.34,-32.34
-31.78,-31.78
-30.47,-30.47
-29.68,-29.68
-29.38,-29.38
-27.83,-27.83
-24.54,-24.54
-21.04,-21.04
-19.8,-19.8
-21.08,-21.08
-23.59,-23.59
-25.83,-25.83
-27.79,-27.79
-30.22,-30.22
-31.89,-31.89
-31.28,-31.28
-28.42,-28.42
-25.33,-25.33
-23.77,-23.77
-23.47,-23.47
-22.92,-22.92
-20.87,-20.87
-18.84,-18.84
-18.32,-18.32
-19.05,-19.05
-19.03,-19.03
-16.0,-16.0
-10.74,-10.74
-5.54,-5.54
-2.13,-2.13
0.0,0.0
1.62,1.62
2.71,2.71
2.29,2.29
0.38,0.38
-0.76,-0.76
0.61,0.61
4.46,4.46
8.28,8.28
11.06,11.06
13.81,13.81
17.54,17.54
21.98,21.98
25.13,25.13
26.24,26.24
26.09,26.09
26.94,26.94
29.78,29.78
32.83,32.83
34.86,34.86
36.1,36.1
36.58,36.58
37.05,37.05
35.52,35.52
31.74,31.74
26.99,26.99
24.78,24.78
25.59,25.59
26.63,26.63
25.16,25.16
21.95,21.95
20.02,20.02
20.6,20.6
22.18,22.18
21.73,21.73
19.29,19.29
16.62,16.62
14.71,14.71
13.82,13.82
11.45,11.45
7.58,7.58
4.25,4.25
3.2,3.2
4.17,4.17
4.62,4.62
3.32,3.32
1.77,1.77
2.0,2.0
3.72,3.72
5.42,5.42
5.86,5.86
5.8,5.8
7.23,7.23
10.4,10.4
13.53,13.53
14.64,14.64
13.48,13.48
12.59,12.59
13.7,13.7
16.55,16.55
19.62,19.62
23.16,23.16
27.16,27.16
31.61,31.61
34.53,34.53
34.92,34.92
33.55,33.55
32.42,32.42
32.31,32.31
32.69,32.69
32.56,32.56
32.94,32.94
35.06,35.06
38.64,38.64
41.44,41.44
41.22,41.22
38.73,38.73
36.27,36.27
35.56,35.56
36.36,36.36
36.39,36.39
34.92,34.92
32.72,32.72
31.27,31.27
30.83,30.83
29.89,29.89
28.7,28.7
29.03,29.03
31.59,31.59
35.63,35.63
38.38,38.38
39.34,39.34
39.53,39.53
40.73,40.73
41.91,41.91
41.31,41.31
38.47,38.47
36.39,36.39
37.33,37.33
41.27,41.27
44.14,44.14
42.98,42.98
38.34,38.34
33.23,33.23
30.17,30.17
28.87,28.87
28.59,28.59
29.3,29.3
32.75,32.75
39.17,39.17
44.77,44.77
46.31,46.31
43.08,43.08
37.88,37.88
34.2,34.2
32.83,32.83
32.45,32.45
33.06,33.06
35.42,35.42
39.77,39.77
43.8,43.8
44.3,44.3
41.27,41.27
37.28,37.28
34.31,34.31
33.36,33.36
32.42,32.42
30.23,30.23
27.31,27.31
24.67,24.67
22.3,22.3
19.69,19.69
17.09,17.09
16.03,16.03
17.47,17.47
20.14,20.14
21.53,21.53
20.42,20.42
17.81,17.81
15.47,15.47
14.39,14.39
13.58,13.58
12.27,12.27
11.47,11.47
12.18,12.18
13.63,13.63
13.55,13.55
11.24,11.24
8.94,8.94
9.16,9.16
11.88,11.88
14.57,14.57
14.98,14.98
12.64,12.64
9.07,9.07
6.77,6.77
6.5,6.5
7.73,7.73
9.45,9.45
11.4,11.4
12.58,12.58
12.0,12.0
9.17,9.17
5.12,5.12
2.1,2.1
0.86,0.86
0.13,0.13
-2.09,-2.09
-5.3,-5.3
-6.97,-6.97
-4.87,-4.87
-0.05,-0.05
3.98,3.98
5.73,5.73
5.46,5.46
5.19,5.19
5.42,5.42
5.9,5.9
6.62,6.62
7.84,7.84
10.79,10.79
14.21,14.21
15.85,15.85
14.73,14.73
11.86,11.86
10.27,10.27
10.68,10.68
11.59,11.59
11.0,11.0
9.16,9.16
7.58,7.58
6.27,6.27
4.46,4.46
1.18,1.18
-2.83,-2.83
-5.05,-5.05
-3.75,-3.75
-0.71,-0.71
1.05,1.05
0.3,0.3
-1.2,-1.2
-1.44,-1.44
-0.67,-0.67
-0.41,-0.41
-1.64,-1.64
-3.62,-3.62
-4.59,-4.59
-4.79,-4.79
-5.23,-5.23
-5.43,-5.43
-4.37,-4.37
-0.32,-0.32
4.94,4.94
9.66,9.66
12.58,12.58
16.47,16.47
24.32,24.32
37.6,37.6
56.0,56.0
76.72,76.72
97.25,97.25
113.32,113.32
120.98,120.98
117.55,117.55
102.88,102.88
81.33,81.33
58.22,58.22
37.8,37.8
21.07,21.07
6.99,6.99
-4.96,-4.96
-15.06,-15.06
-24.06,-24.06
-33.22,-33.22
-42.05,-42.05
-49.04,-49.04
-51.7,-51.7
-49.84,-49.84
-46.48,-46.48
-44.65,-44.65
-44.58,-44.58
-45.25,-45.25
-44.91,-44.91
-44.32,-44.32
-45.47,-45.47
-47.11,-47.11
-46.22,-46.22
-39.34,-39.34
-26.76,-26.76
-9.29,-9.29
12.77,12.77
38.62,38.62
65.98,65.98
88.59,88.59
100.72,100.72
100.23,100.23
89.22,89.22
71.56,71.56
50.3,50.3
25.96,25.96
-0.15,-0.15
-24.52,-24.52
-43.66,-43.66
-55.88,-55.88
-62.48,-62.48
-65.5,-65.5
-65.23,-65.23
-62.22,-62.22
-58.47,-58.47
-57.99,-57.99
-62.01,-62.01
-68.48,-68.48
-73.88,-73.88
-76.48,-76.48
-77.79,-77.79
-80.07,-80.07
-83.57,-83.57
-85.78,-85.78
-86.2,-86.2
-85.61,-85.61
-85.76,-85.76
-85.89,-85.89
-84.51,-84.51
-80.88,-80.88
-76.77,-76.77
-74.94,-74.94
-75.36,-75.36
-75.77,-75.77
-74.16,-74.16
-71.05,-71.05
-69.22,-69.22
-69.64,-69.64
-71.3,-71.3
-72.17,-72.17
-71.53,-71.53
-70.39,-70.39
-69.74,-69.74
-67.59,-67.59
-63.45,-63.45
-57.59,-57.59
-52.77,-52.77
-49.99,-49.99
-48.48,-48.48
-46.98,-46.98
-45.23,-45.23
-44.98,-44.98
-45.48,-45.48
-45.48,-45.48
-42.47,-42.47
-37.73,-37.73
-33.52,-33.52
-32.59,-32.59
-33.18,-33.18
-32.5,-32.5
-29.32,-29.32
-26.17,-26.17
-25.04,-25.04
-26.42,-26.42
-27.78,-27.78
-27.12,-27.12
-25.48,-25.48
-24.58,-24.58
-25.2,-25.2
-24.8,-24.8
-21.4,-21.4
-16.53,-16.53
-12.7,-12.7
-11.66,-11.66
-12.38,-12.38
-13.08,-13.08
-13.52,-13.52
-14.22,-14.22
-14.9,-14.9
-14.08,-14.08
-10.25,-10.25
-4.72,-4.72
0.02,0.02
2.47,2.47
3.64,3.64
5.05,5.05
6.45,6.45
6.33,6.33
4.71,4.71
4.11,4.11
6.26,6.26
10.89,10.89
14.48,14.48
14.78,14.78
12.33,12.33
9.9,9.9
7.98,7.98
5.59,5.59
1.96,1.96
-1.87,-1.87
-2.68,-2.68
0.02,0.02
4.2,4.2
6.59,6.59
6.7,6.7
6.32,6.32
7.68,7.68
9.54,9.54
10.87,10.87
11.19,11.19
11.5,11.5
12.32,12.32
12.87,12.87
11.41,11.41
8.97,8.97
7.55,7.55
8.64,8.64
10.71,10.71
11.27,11.27
10.32,10.32
10.13,10.13
12.44,12.44
16.72,16.72
19.96,19.96
20.68,20.68
20.12,20.12
19.83,19.83
20.28,20.28
19.23,19.23
16.18,16.18
12.66,12.66
11.92,11.92
13.93,13.93
16.42,16.42
16.14,16.14
13.86,13.86
11.84,11.84
11.09,11.09
10.6,10.6
8.86,8.86
6.89,6.89
7.43,7.43
10.21,10.21
13.72,13.72
14.95,14.95
14.16,14.16
12.88,12.88
12.6,12.6
13.58,13.58
14.8,14.8
16.5,16.5
19.18,19.18
22.34,22.34
23.47,23.47
20.58,20.58
14.21,14.21
7.9,7.9
5.15,5.15
6.17,6.17
9.18,9.18
12.16,12.16
14.12,14.12
15.05,15.05
14.22,14.22
10.9,10.9
5.86,5.86
2.61,2.61
3.64,3.64
8.16,8.16
12.64,12.64
13.32,13.32
11.0,11.0
7.7,7.7
5.17,5.17
2.92,2.92
0.69,0.69
-0.27,-0.27
1.52,1.52
6.05,6.05
10.79,10.79
13.99,13.99
15.4,15.4
16.29,16.29
17.18,17.18
16.31,16.31
12.19,12.19
6.1,6.1
1.58,1.58
0.84,0.84
2.86,2.86
4.86,4.86
5.84,5.84
6.56,6.56
8.02,8.02
9.47,9.47
9.41,9.41
8.84,8.84
9.53,9.53
12.71,12.71
15.61,15.61
15.73,15.73
13.1,13.1
10.98,10.98
11.39,11.39
13.54,13.54
14.67,14.67
13.54,13.54
11.66,11.66
11.8,11.8
13.94,13.94
15.31,15.31
14.66,14.66
12.01,12.01
9.39,9.39
7.04,7.04
4.21,4.21
0.4,0.4
-2.62,-2.62
-3.11,-3.11
-0.6,-0.6
2.89,2.89
5.1,5.1
5.29,5.29
4.47,4.47
2.41,2.41
-1.88,-1.88
-8.13,-8.13
-14.07,-14.07
-16.96,-16.96
-15.57,-15.57
-11.94,-11.94
-9.33,-9.33
-9.26,-9.26
-10.43,-10.43
-11.59,-11.59
-12.23,-12.23
-13.12,-13.12
-13.5,-13.5
-12.37,-12.37
-9.25,-9.25
-6.66,-6.66
-6.34,-6.34
-8.53,-8.53
-9.69,-9.69
-8.09,-8.09
-4.75,-4.75
-2.69,-2.69
-2.16,-2.16
-1.37,-1.37
1.91,1.91
5.9,5.9
7.11,7.11
3.31,3.31
-3.21,-3.21
-9.17,-9.17
-11.82,-11.82
-11.2,-11.2
-8.08,-8.08
-3.73,-3.73
1.07,1.07
5.08,5.08
5.55,5.55
2.27,2.27
-2.74,-2.74
-6.45,-6.45
-8.37,-8.37
-9.02,-9.02
-9.67,-9.67
-8.56,-8.56
-3.96,-3.96
3.1,3.1
9.1,9.1
10.04,10.04
5.47,5.47
-0.81,-0.81
-4.79,-4.79
-5.47,-5.47
-3.9,-3.9
-1.59,-1.59
1.2,1.2
4.21,4.21
5.69,5.69
4.41,4.41
-0.11,-0.11
-5.09,-5.09
-7.52,-7.52
-7.68,-7.68
-6.59,-6.59
-5.0,-5.0
-1.93,-1.93
3.86,3.86
10.1,10.1
14.53,14.53
15.92,15.92
15.79,15.79
16.41,16.41
18.03,18.03
18.38,18.38
16.97,16.97
15.57,15.57
16.43,16.43
19.28,19.28
21.35,21.35
20.15,20.15
16.21,16.21
11.55,11.55
7.68,7.68
4.35,4.35
1.54,1.54
-0.24,-0.24
0.0,0.0
1.49,1.49
1.96,1.96
0.18,0.18
-2.59,-2.59
-4.58,-4.58
-4.55,-4.55
-4.28,-4.28
-4.75,-4.75
-6.22,-6.22
-7.17,-7.17
-6.37,-6.37
-5.32,-5.32
-6.53,-6.53
-10.23,-10.23
-14.39,-14.39
-16.76,-16.76
-17.86,-17.86
-18.19,-18.19
-18.27,-18.27
-16.6,-16.6
-12.94,-12.94
-8.56,-8.56
-6.47,-6.47
-7.64,-7.64
-10.31,-10.31
-11.45,-11.45
-10.57,-10.57
-8.71,-8.71
-7.11,-7.11
-4.77,-4.77
0.05,0.05
5.82,5.82
10.04,10.04
9.97,9.97
7.4,7.4
6.6,6.6
10.3,10.3
17.48,17.48
24.58,24.58
29.86,29.86
33.1,33.1
34.79,34.79
34.47,34.47
32.15,32.15
29.34,29.34
28.05,28.05
30.02,30.02
34.71,34.71
39.61,39.61
43.46,43.46
46.27,46.27
48.29,48.29
47.54,47.54
42.04,42.04
31.58,31.58
19.46,19.46
8.2,8.2
-1.71,-1.71
-10.27,-10.27
-17.26,-17.26
-20.43,-20.43
-19.32,-19.32
-16.47,-16.47
-15.39,-15.39
-18.32,-18.32
-23.97,-23.97
-29.31,-29.31
-32.6,-32.6
-35.1,-35.1
-36.58,-36.58
-36.29,-36.29
-32.99,-32.99
-26.72,-26.72
-20.76,-20.76
-17.84,-17.84
-18.7,-18.7
-21.3,-21.3
-23.87,-23.87
-25.66,-25.66
-27.18,-27.18
-28.19,-28.19
-26.93,-26.93
-22.68,-22.68
-17.46,-17.46
-14.04,-14.04
-12.65,-12.65
-12.02,-12.02
-10.9,-10.9
-9.53,-9.53
-10.17,-10.17
-12.31,-12.31
-13.67,-13.67
-12.27,-12.27
-8.63,-8.63
-5.28,-5.28
-3.45,-3.45
-2.89,-2.89
-2.08,-2.08
-1.78,-1.78
-2.48,-2.48
-4.43,-4.43
-5.86,-5.86
-6.02,-6.02
-5.18,-5.18
-5.1,-5.1
-6.52,-6.52
-7.18,-7.18
-5.07,-5.07
-1.49,-1.49
-0.44,-0.44
-3.39,-3.39
-9.07,-9.07
-13.2,-13.2
-13.29,-13.29
-11.37,-11.37
-9.97,-9.97
-9.59,-9.59
-9.45,-9.45
-8.31,-8.31
-7.18,-7.18
-6.82,-6.82
-6.2,-6.2
-3.84,-3.84
0.0,0.0
2.81,2.81
3.08,3.08
1.86,1.86
1.65,1.65
4.19,4.19
7.2,7.2
8.19,8.19
6.66,6.66
5.4,5.4
6.4,6.4
8.89,8.89
10.86,10.86
11.05,11.05
11.25,11.25
12.43,12.43
14.11,14.11
14.02,14.02
11.18,11.18
7.36,7.36
5.07,5.07
5.31,5.31
6.29,6.29
7.26,7.26
8.48,8.48
10.93,10.93
13.85,13.85
15.75,15.75
15.38,15.38
14.76,14.76
15.64,15.64
18.01,18.01
19.61,19.61
18.94,18.94
17.02,17.02
15.62,15.62
15.98,15.98
16.58,16.58
17.18,17.18
17.76,17.76
20.09,20.09
23.15,23.15
24.42,24.42
21.18,21.18
14.46,14.46
7.31,7.31
2.71,2.71
-0.34,-0.34
-2.36,-2.36
-4.37,-4.37
-5.1,-5.1
-4.58,-4.58
-3.81,-3.81
-4.8,-4.8
-7.28,-7.28
-8.23,-8.23
-5.68,-5.68
-0.64,-0.64
3.59,3.59
4.54,4.54
2.98,2.98
1.18,1.18
0.4,0.4
-0.37,-0.37
-1.89,-1.89
-3.65,-3.65
-3.63,-3.63
-2.12,-2.12
-0.37,-0.37
1.12,1.12
2.84,2.84
6.54,6.54
10.96,10.96
14.34,14.34
14.18,14.18
11.78,11.78
8.89,8.89
6.78,6.78
4.69,4.69
2.11,2.11
1.31,1.31
3.52,3.52
8.45,8.45
12.84,12.84
14.19,14.19
11.52,11.52
7.63,7.63
4.02,4.02
0.69,0.69
-2.61,-2.61
-5.38,-5.38
-6.12,-6.12
-4.35,-4.35
-2.85,-2.85
-3.86,-3.86
-6.62,-6.62
-8.84,-8.84
-7.8,-7.8
-4.51,-4.51
-1.25,-1.25
0.23,0.23
0.94,0.94
2.15,2.15
3.59,3.59
3.28,3.28
0.21,0.21
-3.82,-3.82
-5.82,-5.82
-5.3,-5.3
-3.79,-3.79
-3.54,-3.54
-4.29,-4.29
-4.03,-4.03
-3.02,-3.02
-3.02,-3.02
-5.02,-5.02
-7.76,-7.76
-8.46,-8.46
-6.66,-6.66
-4.88,-4.88
-5.36,-5.36
-7.08,-7.08
-8.29,-8.29
-7.74,-7.74
-6.68,-6.68
-6.64,-6.64
-7.35,-7.35
-7.3,-7.3
-6.25,-6.25
-5.21,-5.21
-5.92,-5.92
-7.88,-7.88
-8.57,-8.57
-7.01,-7.01
-3.95,-3.95
-1.67,-1.67
-1.17,-1.17
-1.17,-1.17
-0.41,-0.41
0.33,0.33
-0.68,-0.68
-3.93,-3.93
-6.65,-6.65
-6.6,-6.6
-4.05,-4.05
-1.76,-1.76
-1.0,-1.0
-1.0,-1.0
0.01,0.01
2.0,2.0
2.73,2.73
0.95,0.95
-2.32,-2.32
-4.3,-4.3
-3.77,-3.77
-1.73,-1.73
0.53,0.53
2.52,2.52
5.24,5.24
7.69,7.69
8.36,8.36
6.53,6.53
3.96,3.96
2.92,2.92
3.63,3.63
4.59,4.59
4.03,4.03
2.24,2.24
1.95,1.95
3.67,3.67
5.13,5.13
4.57,4.57
1.76,1.76
-0.52,-0.52
0.22,0.22
3.21,3.21
6.91,6.91
9.08,9.08
10.24,10.24
10.62,10.62
9.51,9.51
5.9,5.9
0.57,0.57
-3.46,-3.46
-4.7,-4.7
-3.18,-3.18
-2.17,-2.17
-3.17,-3.17
-5.66,-5.66
-8.13,-8.13
-9.82,-9.82
-12.25,-12.25
-15.4,-15.4
-17.52,-17.52
-16.87,-16.87
-13.72,-13.72
-11.1,-11.1
-11.76,-11.76
-14.4,-14.4
-17.02,-17.02
-17.61,-17.61
-16.69,-16.69
-15.03,-15.03
-12.63,-12.63
-9.51,-9.51
-5.91,-5.91
-4.34,-4.34
-5.53,-5.53
-7.71,-7.71
-8.13,-8.13
-5.53,-5.53
-2.21,-2.21
-1.17,-1.17
-2.89,-2.89
-5.09,-5.09
-5.78,-5.78
-5.2,-5.2
-5.38,-5.38
-7.06,-7.06
-9.97,-9.97
-12.1,-12.1
-13.21,-13.21
-14.81,-14.81
-17.14,-17.14
-18.45,-18.45
-17.25,-17.25
-14.05,-14.05
-11.63,-11.63
-10.73,-10.73
-10.58,-10.58
-9.44,-9.44
-7.8,-7.8
-8.18,-8.18
-11.31,-11.31
-14.15,-14.15
-13.97,-13.97
-10.53,-10.53
-7.37,-7.37
-6.0,-6.0
-5.13,-5.13
-2.52,-2.52
2.06,2.06
5.6,5.6
6.36,6.36
4.12,4.12
1.39,1.39
-0.07,-0.07
-0.76,-0.76
-1.44,-1.44
-1.12,-1.12
1.2,1.2
6.0,6.0
10.51,10.51
12.22,12.22
11.16,11.16
8.86,8.86
6.83,6.83
6.07,6.07
5.57,5.57
5.57,5.57
7.31,7.31
10.04,10.04
12.0,12.0
11.18,11.18
7.62,7.62
4.84,4.84
5.09,5.09
8.33,8.33
11.55,11.55
13.23,13.23
13.64,13.64
13.8,13.8
13.7,13.7
11.86,11.86
8.03,8.03
4.73,4.73
4.21,4.21
6.95,6.95
9.9,9.9
10.09,10.09
8.01,8.01
5.71,5.71
4.43,4.43
4.4,4.4
4.13,4.13
4.36,4.36
5.33,5.33
7.05,7.05
7.0,7.0
3.7,3.7
-1.08,-1.08
-4.55,-4.55
-4.75,-4.75
-2.69,-2.69
-1.15,-1.15
-0.88,-0.88
-1.61,-1.61
-2.08,-2.08
-2.79,-2.79
-4.5,-4.5
-5.95,-5.95
-5.63,-5.63
-3.56,-3.56
-1.51,-1.51
-2.22,-2.22
-5.94,-5.94
-8.61,-8.61
-7.76,-7.76
-2.92,-2.92
1.88,1.88
4.14,4.14
4.12,4.12
4.1,4.1
4.58,4.58
4.81,4.81
4.04,4.04
3.02,3.02
3.01,3.01
4.0,4.0
3.98,3.98
1.96,1.96
0.21,0.21
1.72,1.72
6.22,6.22
10.68,10.68
11.84,11.84
10.25,10.25
8.66,8.66
8.59,8.59
9.77,9.77
10.19,10.19
9.1,9.1
7.52,7.52
6.45,6.45
5.39,5.39
3.84,3.84
1.81,1.81
0.29,0.29
0.29,0.29
1.03,1.03
2.27,2.27
3.75,3.75
6.71,6.71
10.65,10.65
13.55,13.55
12.42,12.42
7.54,7.54
1.96,1.96
-1.56,-1.56
-2.06,-2.06
-1.05,-1.05
-0.05,-0.05
1.44,1.44
4.17,4.17
7.87,7.87
10.04,10.04
9.43,9.43
7.83,7.83
6.74,6.74
6.42,6.42
5.59,5.59
3.52,3.52
0.97,0.97
0.44,0.44
1.67,1.67
2.13,2.13
0.09,0.09
-3.93,-3.93
-7.41,-7.41
-8.36,-8.36
-7.55,-7.55
-7.0,-7.0
-6.95,-6.95
-6.9,-6.9
-5.6,-5.6
-4.06,-4.06
-3.78,-3.78
-5.51,-5.51
-8.47,-8.47
-11.15,-11.15
-12.8,-12.8
-13.44,-13.44
-13.07,-13.07
-10.95,-10.95
-7.85,-7.85
-5.78,-5.78
-6.72,-6.72
-9.66,-9.66
-12.57,-12.57
-13.19,-13.19
-12.56,-12.56
-12.19,-12.19
-12.06,-12.06
-10.94,-10.94
-7.07,-7.07
-1.99,-1.99
1.8,1.8
2.05,2.05
0.05,0.05
-0.94,-0.94
0.09,0.09
1.61,1.61
2.11,2.11
1.86,1.86
1.36,1.36
0.61,0.61
-1.38,-1.38
-5.35,-5.35
-8.78,-8.78
-8.44,-8.44
-4.59,-4.59
-0.28,-0.28
2.0,2.0
1.75,1.75
1.0,1.0
1.01,1.01
1.02,1.02
-0.46,-0.46
-2.69,-2.69
-4.15,-4.15
-3.84,-3.84
-3.28,-3.28
-3.73,-3.73
-5.17,-5.17
-5.6,-5.6
-4.28,-4.28
-2.21,-2.21
-1.42,-1.42
-1.38,-1.38
0.41,0.41
4.18,4.18
8.92,8.92
11.61,11.61
12.52,12.52
13.18,13.18
14.83,14.83
17.21,17.21
18.06,18.06
17.41,17.41
16.0,16.0
15.36,15.36
15.48,15.48
14.59,14.59
11.95,11.95
8.59,8.59
6.5,6.5
5.44,5.44
4.13,4.13
1.09,1.09
-2.93,-2.93
-5.66,-5.66
-6.36,-6.36
-6.06,-6.06
-6.76,-6.76
-7.95,-7.95
-8.38,-8.38
-7.31,-7.31
-6.24,-6.24
-6.93,-6.93
-8.37,-8.37
-9.29,-9.29
-7.95,-7.95
-4.87,-4.87
-2.32,-2.32
-0.54,-0.54
0.73,0.73
2.23,2.23
3.71,3.71
3.68,3.68
2.41,2.41
1.89,1.89
4.13,4.13
8.34,8.34
11.77,11.77
12.42,12.42
10.8,10.8
8.95,8.95
8.12,8.12
7.29,7.29
5.96,5.96
6.15,6.15
9.59,9.59
15.24,15.24
20.09,20.09
21.4,21.4
20.18,20.18
18.73,18.73
17.53,17.53
16.35,16.35
13.67,13.67
11.01,11.01
9.88,9.88
10.76,10.76
10.87,10.87
8.74,8.74
4.87,4.87
2.03,2.03
1.73,1.73
2.67,2.67
2.86,2.86
1.54,1.54
0.23,0.23
-0.06,-0.06
0.65,0.65
-0.15,-0.15
-2.69,-2.69
-4.7,-4.7
-4.95,-4.95
-3.94,-3.94
-3.69,-3.69
-4.95,-4.95
-5.69,-5.69
-4.18,-4.18
-0.17,-0.17
3.79,3.79
6.22,6.22
7.63,7.63
8.77,8.77
8.65,8.65
5.28,5.28
-0.31,-0.31
-5.6,-5.6
-7.09,-7.09
-5.06,-5.06
-2.31,-2.31
-1.07,-1.07
-0.85,-0.85
0.62,0.62
2.82,2.82
3.76,3.76
0.93,0.93
-4.36,-4.36
-9.61,-9.61
-13.31,-13.31
-16.23,-16.23
-19.36,-19.36
-21.96,-21.96
-22.04,-22.04
-19.36,-19.36
-16.21,-16.21
-15.33,-15.33
-17.2,-17.2
-18.81,-18.81
-18.15,-18.15
-15.24,-15.24
-12.6,-12.6
-11.24,-11.24
-9.89,-9.89
-7.8,-7.8
-5.48,-5.48
-4.68,-4.68
-5.13,-5.13
-5.83,-5.83
-5.02,-5.02
-3.22,-3.22
-2.69,-2.69
-3.66,-3.66
-4.37,-4.37
-2.57,-2.57
1.21,1.21
5.21,5.21
7.66,7.66
8.85,8.85
10.52,10.52
12.43,12.43
13.07,13.07
10.95,10.95
7.09,7.09
4.27,4.27
3.23,3.23
2.2,2.2
0.42,0.42
-2.59,-2.59
-4.57,-4.57
-5.53,-5.53
-6.49,-6.49
-8.43,-8.43
-10.61,-10.61
-10.51,-10.51
-7.91,-7.91
-4.34,-4.34
-2.04,-2.04
-1.02,-1.02
0.74,0.74
4.24,4.24
7.2,7.2
8.39,8.39
7.32,7.32
6.5,6.5
8.19,8.19
11.61,11.61
14.75,14.75
16.11,16.11
16.2,16.2
16.54,16.54
16.63,16.63
15.21,15.21
12.8,12.8
10.42,10.42
9.05,9.05
7.94,7.94
4.85,4.85
-0.22,-0.22
-5.25,-5.25
-7.97,-7.97
-7.93,-7.93
-6.87,-6.87
-5.58,-5.58
-4.05,-4.05
-1.04,-1.04
3.2,3.2
6.16,6.16
6.58,6.58
6.0,6.0
6.67,6.67
9.58,9.58
12.72,12.72
13.83,13.83
12.67,12.67
11.27,11.27
10.89,10.89
10.75,10.75
9.12,9.12
5.75,5.75
2.16,2.16
0.35,0.35
0.06,0.06
0.52,0.52
0.72,0.72
1.93,1.93
4.62,4.62
8.04,8.04
10.17,10.17
10.29,10.29
9.4,9.4
8.02,8.02
5.9,5.9
2.8,2.8
-0.78,-0.78
-2.07,-2.07
0.15,0.15
4.35,4.35
7.27,7.27
7.65,7.65
6.78,6.78
6.17,6.17
6.56,6.56
7.19,7.19
7.07,7.07
6.45,6.45
6.08,6.08
6.47,6.47
6.85,6.85
6.73,6.73
6.36,6.36
6.49,6.49
6.87,6.87
6.24,6.24
3.62,3.62
0.02,0.02
-2.04,-2.04
-1.84,-1.84
-0.89,-0.89
-1.45,-1.45
-3.75,-3.75
-6.28,-6.28
-7.28,-7.28
-7.53,-7.53
-8.02,-8.02
-9.01,-9.01
-9.98,-9.98
-10.2,-10.2
-10.66,-10.66
-11.87,-11.87
-13.06,-13.06
-12.74,-12.74
-9.67,-9.67
-5.88,-5.88
-3.62,-3.62
-4.38,-4.38
-6.88,-6.88
-8.87,-8.87
-9.83,-9.83
-10.28,-10.28
-10.72,-10.72
-10.91,-10.91
-10.1,-10.1
-9.29,-9.29
-9.74,-9.74
-11.93,-11.93
-13.85,-13.85
-14.0,-14.0
-11.9,-11.9
-8.81,-8.81
-6.5,-6.5
-5.21,-5.21
-3.69,-3.69
-2.42,-2.42
-2.92,-2.92
-5.41,-5.41
-8.13,-8.13
-8.32,-8.32
-5.76,-5.76
-2.72,-2.72
-1.96,-1.96
-4.21,-4.21
-6.68,-6.68
-7.63,-7.63
-7.83,-7.83
-8.77,-8.77
-10.19,-10.19
-10.36,-10.36
-8.02,-8.02
-4.7,-4.7
-3.16,-3.16
-3.13,-3.13
-3.11,-3.11
-1.08,-1.08
1.68,1.68
2.91,2.91
1.13,1.13
-1.63,-1.63
-3.37,-3.37
-3.84,-3.84
-5.06,-5.06
-8.51,-8.51
-12.69,-12.69
-15.07,-15.07
-14.68,-14.68
-13.03,-13.03
-11.91,-11.91
-11.04,-11.04
-9.17,-9.17
-6.33,-6.33
-4.75,-4.75
-5.44,-5.44
-6.38,-6.38
-5.55,-5.55
-2.48,-2.48
1.31,1.31
4.81,4.81
7.54,7.54
9.73,9.73
11.16,11.16
9.82,9.82
4.99,4.99
-1.29,-1.29
-5.52,-5.52
-6.46,-6.46
-5.38,-5.38
-4.07,-4.07
-3.77,-3.77
-2.97,-2.97
-1.18,-1.18
0.1,0.1
-1.13,-1.13
-4.61,-4.61
-7.8,-7.8
-8.96,-8.96
-9.11,-9.11
-10.01,-10.01
-12.14,-12.14
-13.51,-13.51
-12.61,-12.61
-10.47,-10.47
-9.34,-9.34
-10.47,-10.47
-12.35,-12.35
-13.2,-13.2
-12.79,-12.79
-12.89,-12.89
-14.48,-14.48
-16.56,-16.56
-17.11,-17.11
-15.66,-15.66
-13.71,-13.71
-12.54,-12.54
-12.12,-12.12
-11.95,-11.95
-11.29,-11.29
-11.38,-11.38
-13.21,-13.21
-15.03,-15.03
-15.32,-15.32
-13.37,-13.37
-10.93,-10.93
-10.25,-10.25
-10.84,-10.84
-10.92,-10.92
-9.49,-9.49
-8.08,-8.08
-7.67,-7.67
-8.27,-8.27
-7.62,-7.62
-4.72,-4.72
-0.59,-0.59
2.5,2.5
4.31,4.31
5.85,5.85
8.13,8.13
10.13,10.13
9.87,9.87
7.86,7.86
6.36,6.36
6.88,6.88
8.39,8.39
8.88,8.88
6.87,6.87
3.38,3.38
1.17,1.17
0.73,0.73
1.54,1.54
2.34,2.34
4.39,4.39
8.17,8.17
11.91,11.91
13.62,13.62
11.81,11.81
8.01,8.01
5.25,5.25
4.26,4.26
4.03,4.03
3.3,3.3
2.57,2.57
4.11,4.11
8.38,8.38
14.85,14.85
22.77,22.77
32.36,32.36
42.61,42.61
50.76,50.76
52.83,52.83
46.62,46.62
34.21,34.21
20.65,20.65
10.22,10.22
3.13,3.13
-1.64,-1.64
-5.87,-5.87
-8.56,-8.56
-9.23,-9.23
-8.88,-8.88
-9.54,-9.54
-11.44,-11.44
-12.57,-12.57
-11.69,-11.69
-9.82,-9.82
-10.21,-10.21
-13.1,-13.1
-16.21,-16.21
-17.04,-17.04
-15.35,-15.35
-12.93,-12.93
-11.79,-11.79
-11.64,-11.64
-11.5,-11.5
-10.61,-10.61
-9.98,-9.98
-10.1,-10.1
-9.46,-9.46
-6.58,-6.58
-2.23,-2.23
1.33,1.33
1.37,1.37
-0.85,-0.85
-2.8,-2.8
-2.48,-2.48
-1.42,-1.42
-1.11,-1.11
-1.3,-1.3
-0.25,-0.25
3.05,3.05
6.57,6.57
8.05,8.05
7.27,7.27
6.5,6.5
7.23,7.23
8.45,8.45
8.41,8.41
7.12,7.12
6.34,6.34
7.57,7.57
9.53,9.53
9.73,9.73
8.42,8.42
7.37,7.37
8.58,8.58
11.03,11.03
12.45,12.45
11.11,11.11
7.78,7.78
4.48,4.48
1.46,1.46
-1.53,-1.53
-3.75,-3.75
-3.94,-3.94
-1.14,-1.14
2.64,2.64
5.14,5.14
4.61,4.61
3.09,3.09
2.08,2.08
2.33,2.33
1.83,1.83
-0.42,-0.42
-2.15,-2.15
-1.61,-1.61
1.17,1.17
3.43,3.43
3.92,3.92
3.65,3.65
4.88,4.88
7.85,7.85
10.79,10.79
10.96,10.96
8.87,8.87
6.3,6.3
4.75,4.75
3.71,3.71
2.19,2.19
0.43,0.43
0.43,0.43
2.68,2.68
5.17,5.17
5.12,5.12
2.08,2.08
-1.68,-1.68
-4.16,-4.16
-4.62,-4.62
-5.32,-5.32
-6.51,-6.51
-7.19,-7.19
-6.12,-6.12
-4.55,-4.55
-4.25,-4.25
-6.45,-6.45
-7.88,-7.88
-4.54,-4.54
4.52,4.52
17.24,17.24
30.34,30.34
40.82,40.82
48.45,48.45
52.25,52.25
51.01,51.01
43.77,43.77
32.84,32.84
21.51,21.51
11.77,11.77
3.63,3.63
-3.7,-3.7
-9.2,-9.2
-11.4,-11.4
-10.59,-10.59
-8.52,-8.52
-8.23,-8.23
-9.68,-9.68
-11.38,-11.38
-12.05,-12.05
-11.72,-11.72
-12.14,-12.14
-13.05,-13.05
-13.2,-13.2
-11.6,-11.6
-9.76,-9.76
-9.44,-9.44
-11.12,-11.12
-12.28,-12.28
-11.93,-11.93
-10.83,-10.83
-10.48,-10.48
-12.14,-12.14
-15.04,-15.04
-16.9,-16.9
-17.5,-17.5
-17.58,-17.58
-17.42,-17.42
-15.25,-15.25
-10.6,-10.6
-4.24,-4.24
0.81,0.81
1.82,1.82
-0.44,-0.44
-2.92,-2.92
-3.38,-3.38
-1.83,-1.83
1.45,1.45
6.7,6.7
13.9,13.9
22.03,22.03
27.84,27.84
28.34,28.34
24.83,24.83
20.1,20.1
15.91,15.91
11.0,11.0
4.39,4.39
-2.92,-2.92
-6.9,-6.9
-3.85,-3.85
4.68,4.68
15.37,15.37
25.72,25.72
35.47,35.47
43.12,43.12
46.45,46.45
42.24,42.24
32.81,32.81
23.21,23.21
19.7,19.7
23.46,23.46
32.44,32.44
42.83,42.83
51.87,51.87
58.32,58.32
60.2,60.2
58.31,58.31
56.92,56.92
62.54,62.54
78.6,78.6
102.75,102.75
127.66,127.66
147.57,147.57
159.79,159.79
165.61,165.61
166.61,166.61
163.82,163.82
158.54,158.54
153.52,153.52
151.79,151.79
153.54,153.54
156.0,156.0
154.17,154.17
146.08,146.08
132.8,132.8
115.61,115.61
95.57,95.57
72.94,72.94
50.01,50.01
29.53,29.53
13.48,13.48
0.83,0.83
-10.96,-10.96
-22.89,-22.89
-33.7,-33.7
-44.16,-44.16
-56.02,-56.02
-70.27,-70.27
-85.62,-85.62
-98.07,-98.07
-104.64,-104.64
-105.13,-105.13
-103.61,-103.61
-102.83,-102.83
-103.29,-103.29
-103.98,-103.98
-105.16,-105.16
-106.55,-106.55
-107.17,-107.17
-104.52,-104.52
-97.12,-97.12
-86.77,-86.77
-77.52,-77.52
-72.82,-72.82
-72.66,-72.66
-75.75,-75.75
-80.54,-80.54
-87.52,-87.52
-94.44,-94.44
-99.27,-99.27
-99.54,-99.54
-96.05,-96.05
-91.57,-91.57
-88.87,-88.87
-89.18,-89.18
-90.98,-90.98
-93.74,-93.74
-97.22,-97.22
-101.9,-101.9
-105.77,-105.77
-106.09,-106.09
-101.89,-101.89
-95.21,-95.21
-89.08,-89.08
-85.24,-85.24
-82.43,-82.43
-79.12,-79.12
-76.59,-76.59
-76.82,-76.82
-80.03,-80.03
-83.46,-83.46
-83.84,-83.84
-80.2,-80.2
-74.08,-74.08
-67.76,-67.76
-62.48,-62.48
-57.75,-57.75
-54.3,-54.3
-53.38,-53.38
-54.95,-54.95
-57.74,-57.74
-58.51,-58.51
-56.26,-56.26
-50.52,-50.52
-43.33,-43.33
-35.2,-35.2
-26.63,-26.63
-18.89,-18.89
-14.46,-14.46
-14.83,-14.83
-17.69,-17.69
-19.27,-19.27
-17.34,-17.34
-12.66,-12.66
-8.03,-8.03
-5.19,-5.19
-2.87,-2.87
-0.58,-0.58
0.94,0.94
0.2,0.2
-2.03,-2.03
-3.25,-3.25
-1.95,-1.95
1.09,1.09
4.34,4.34
6.57,6.57
8.28,8.28
9.97,9.97
10.89,10.89
10.31,10.31
8.47,8.47
7.66,7.66
9.09,9.09
11.52,11.52
12.92,12.92
12.8,12.8
13.44,13.44
15.57,15.57
18.42,18.42
19.25,19.25
17.06,17.06
13.89,13.89
12.01,12.01
12.13,12.13
12.25,12.25
11.37,11.37
9.75,9.75
9.14,9.14
10.03,10.03
11.16,11.16
11.79,11.79
12.65,12.65
15.5,15.5
20.08,20.08
23.61,23.61
23.61,23.61
20.1,20.1
16.37,16.37
15.17,15.17
15.73,15.73
15.29,15.29
13.59,13.59
11.66,11.66
11.24,11.24
11.83,11.83
12.41,12.41
12.48,12.48
13.3,13.3
15.61,15.61
18.15,18.15
18.16,18.16
14.67,14.67
8.95,8.95
3.29,3.29
-1.32,-1.32
-4.39,-4.39
-6.17,-6.17
-5.2,-5.2
-1.98,-1.98
1.21,1.21
0.13,0.13
-5.7,-5.7
-13.73,-13.73
-19.93,-19.93
-22.82,-22.82
-24.18,-24.18
-25.27,-25.27
-26.35,-26.35
-26.42,-26.42
-24.98,-24.98
-23.55,-23.55
-23.63,-23.63
-24.46,-24.46
-24.27,-24.27
-22.33,-22.33
-20.41,-20.41
-18.75,-18.75
-16.36,-16.36
-11.23,-11.23
-3.9,-3.9
2.62,2.62
4.82,4.82
2.76,2.76
0.21,0.21
0.19,0.19
3.16,3.16
7.36,7.36
10.52,10.52
12.65,12.65
13.76,13.76
13.35,13.35
10.7,10.7
5.57,5.57
0.98,0.98
-0.31,-0.31
2.41,2.41
7.36,7.36
11.5,11.5
13.36,13.36
12.2,12.2
7.8,7.8
0.68,0.68
-6.12,-6.12
-9.35,-9.35
-6.55,-6.55
0.22,0.22
6.17,6.17
9.08,9.08
8.95,8.95
7.83,7.83
6.97,6.97
5.86,5.86
4.01,4.01
2.68,2.68
4.1,4.1
8.02,8.02
12.4,12.4
14.23,14.23
13.8,13.8
13.13,13.13
13.45,13.45
13.77,13.77
12.33,12.33
9.16,9.16
6.26,6.26
5.38,5.38
6.77,6.77
8.39,8.39
9.74,9.74
10.84,10.84
11.91,11.91
12.23,12.23
11.05,11.05
8.63,8.63
7.47,7.47
8.57,8.57
11.66,11.66
13.72,13.72
13.77,13.77
11.8,11.8
10.1,10.1
8.92,8.92
8.25,8.25
7.09,7.09
6.68,6.68
7.52,7.52
9.11,9.11
9.68,9.68
8.49,8.49
6.56,6.56
5.41,5.41
5.5,5.5
5.6,5.6
5.2,5.2
5.05,5.05
5.89,5.89
7.73,7.73
8.81,8.81
7.87,7.87
5.19,5.19
3.03,3.03
2.89,2.89
4.02,4.02
5.86,5.86
8.94,8.94
13.0,13.0
17.02,17.02
19.5,19.5
18.44,18.44
14.91,14.91
11.64,11.64
11.16,11.16
13.42,13.42
16.42,16.42
18.64,18.64
19.58,19.58
20.02,20.02
19.69,19.69
17.61,17.61
14.8,14.8
13.27,13.27
14.98,14.98
19.2,19.2
23.61,23.61
26.48,26.48
27.58,27.58
27.66,27.66
26.48,26.48
23.81,23.81
20.17,20.17
17.8,17.8
18.95,18.95
23.33,23.33
28.42,28.42
31.97,31.97
33.22,33.22
33.47,33.47
32.7,32.7
31.44,31.44
30.17,30.17
30.17,30.17
32.16,32.16
35.38,35.38
37.56,37.56
37.72,37.72
37.13,37.13
37.78,37.78
40.17,40.17
42.53,42.53
42.63,42.63
39.95,39.95
36.3,36.3
33.17,33.17
29.56,29.56
24.48,24.48
18.45,18.45
12.97,12.97
10.55,10.55
9.89,9.89
9.73,9.73
8.83,8.83
8.42,8.42
9.53,9.53
10.86,10.86
10.44,10.44
7.53,7.53
3.87,3.87
2.02,2.02
2.67,2.67
5.58,5.58
8.94,8.94
13.03,13.03
18.33,18.33
24.33,24.33
28.02,28.02
28.42,28.42
26.81,26.81
25.72,25.72
26.37,26.37
27.03,27.03
25.67,25.67
22.58,22.58
20.0,20.0
19.19,19.19
20.14,20.14
21.83,21.83
24.25,24.25
27.89,27.89
32.0,32.0
34.31,34.31
32.84,32.84
29.14,29.14
26.47,26.47
27.31,27.31
30.39,30.39
32.69,32.69
32.22,32.22
29.99,29.99
27.28,27.28
24.59,24.59
22.17,22.17
20.52,20.52
20.88,20.88
23.24,23.24
26.32,26.32
27.12,27.12
24.91,24.91
21.71,21.71
19.54,19.54
19.38,19.38
19.23,19.23
18.32,18.32
17.92,17.92
19.02,19.02
21.11,21.11
22.17,22.17
20.98,20.98
19.03,19.03
18.11,18.11
18.44,18.44
18.51,18.51
17.33,17.33
15.16,15.16
14.26,14.26
15.11,15.11
16.2,16.2
16.03,16.03
15.11,15.11
14.95,14.95
16.28,16.28
18.1,18.1
18.65,18.65
17.44,17.44
16.74,16.74
17.3,17.3
18.34,18.34
18.38,18.38
16.66,16.66
14.2,14.2
12.77,12.77
12.59,12.59
12.92,12.92
13.74,13.74
14.8,14.8
15.85,15.85
15.39,15.39
12.43,12.43
8.49,8.49
5.84,5.84
5.96,5.96
8.34,8.34
10.18,10.18
10.26,10.26
9.84,9.84
10.42,10.42
11.99,11.99
13.05,13.05
12.84,12.84
11.63,11.63
10.94,10.94
11.0,11.0
10.55,10.55
8.36,8.36
5.44,5.44
3.54,3.54
2.91,2.91
2.79,2.79
1.42,1.42
-0.45,-0.45
-1.29,-1.29
-0.38,-0.38
0.28,0.28
-1.32,-1.32
-5.41,-5.41
-10.21,-10.21
-13.21,-13.21
-14.18,-14.18
-14.64,-14.64
-15.85,-15.85
-17.29,-17.29
-18.22,-18.22
-18.63,-18.63
-19.54,-19.54
-21.69,-21.69
-23.57,-23.57
-23.67,-23.67
-21.27,-21.27
-18.14,-18.14
-17.03,-17.03
-17.93,-17.93
-21.32,-21.32
-26.18,-26.18
-32.99,-32.99
-40.23,-40.23
-44.89,-44.89
-44.02,-44.02
-36.64,-36.64
-25.82,-25.82
-16.09,-16.09
-9.46,-9.46
-6.13,-6.13
-6.84,-6.84
-11.28,-11.28
-18.93,-18.93
-26.76,-26.76
-30.77,-30.77
-29.98,-29.98
-25.2,-25.2
-18.95,-18.95
-13.76,-13.76
-9.87,-9.87
-7.5,-7.5
-6.91,-6.91
-8.08,-8.08
-9.98,-9.98
-10.36,-10.36
-6.74,-6.74
0.1,0.1
6.87,6.87
11.34,11.34
13.02,13.02
12.17,12.17
8.08,8.08
0.77,0.77
-8.46,-8.46
-16.36,-16.36
-20.19,-20.19
-19.73,-19.73
-17.27,-17.27
-14.33,-14.33
-11.41,-11.41
-8.52,-8.52
-7.91,-7.91
-11.54,-11.54
-18.4,-18.4
-25.19,-25.19
-28.66,-28.66
-29.84,-29.84
-31.27,-31.27
-33.91,-33.91
-37.04,-37.04
-38.13,-38.13
-36.2,-36.2
-31.04,-31.04
-22.92,-22.92
-12.13,-12.13
1.33,1.33
15.17,15.17
26.11,26.11
31.72,31.72
31.75,31.75
27.8,27.8
21.86,21.86
13.98,13.98
3.92,3.92
-8.05,-8.05
-20.16,-20.16
-30.41,-30.41
-39.05,-39.05
-47.36,-47.36
-55.59,-55.59
-62.73,-62.73
-67.3,-67.3
-69.33,-69.33
-70.31,-70.31
-70.28,-70.28
-68.73,-68.73
-65.2,-65.2
-60.94,-60.94
-57.95,-57.95
-57.73,-57.73
-59.52,-59.52
-62.02,-62.02
-63.48,-63.48
-64.44,-64.44
-63.61,-63.61
-61.05,-61.05
-56.48,-56.48
-51.95,-51.95
-49.95,-49.95
-50.73,-50.73
-51.73,-51.73
-50.22,-50.22
-45.45,-45.45
-39.98,-39.98
-36.56,-36.56
-36.16,-36.16
-37.5,-37.5
-39.83,-39.83
-43.14,-43.14
-47.16,-47.16
-49.38,-49.38
-47.56,-47.56
-40.77,-40.77
-32.28,-32.28
-26.86,-26.86
-26.23,-26.23
-28.86,-28.86
-32.22,-32.22
-34.53,-34.53
-35.31,-35.31
-34.34,-34.34
-31.12,-31.12
-25.92,-25.92
-20.52,-20.52
-16.91,-16.91
-15.84,-15.84
-15.77,-15.77
-14.7,-14.7
-13.39,-13.39
-13.08,-13.08
-14.03,-14.03
-15.22,-15.22
-14.89,-14.89
-13.07,-13.07
-10.76,-10.76
-8.47,-8.47
-5.7,-5.7
-1.95,-1.95
1.77,1.77
3.7,3.7
3.35,3.35
2.77,2.77
3.44,3.44
6.35,6.35
8.73,8.73
9.34,9.34
7.95,7.95
7.31,7.31
9.18,9.18
13.03,13.03
16.6,16.6
18.12,18.12
18.14,18.14
17.65,17.65
17.91,17.91
19.17,19.17
21.16,21.16
23.63,23.63
25.08,25.08
23.51,23.51
17.95,17.95
10.68,10.68
5.48,5.48
4.08,4.08
5.69,5.69
6.78,6.78
6.37,6.37
4.2,4.2
2.06,2.06
1.19,1.19
2.07,2.07
3.95,3.95
7.05,7.05
10.13,10.13
11.92,11.92
10.2,10.2
5.49,5.49
0.83,0.83
-0.54,-0.54
2.35,2.35
8.46,8.46
15.52,15.52
22.51,22.51
27.68,27.68
30.55,30.55
29.4,29.4
25.49,25.49
20.87,20.87
19.04,19.04
20.72,20.72
25.13,25.13
29.5,29.5
32.08,32.08
33.12,33.12
32.66,32.66
30.68,30.68
27.23,27.23
23.55,23.55
21.4,21.4
22.77,22.77
26.87,26.87
31.18,31.18
33.2,33.2
33.44,33.44
32.68,32.68
30.91,30.91
27.41,27.41
22.19,22.19
16.76,16.76
12.63,12.63
10.29,10.29
8.96,8.96
7.39,7.39
5.84,5.84
5.3,5.3
5.02,5.02
4.23,4.23
2.46,2.46
1.2,1.2
1.45,1.45
2.7,2.7
3.93,3.93
3.41,3.41
1.64,1.64
-0.62,-0.62
-2.85,-2.85
-5.07,-5.07
-7.76,-7.76
-10.68,-10.68
-12.81,-12.81
-13.93,-13.93
-14.79,-14.79
-16.63,-16.63
-19.2,-19.2
-21.0,-21.0
-20.78,-20.78
-18.56,-18.56
-15.11,-15.11
-10.43,-10.43
-4.3,-4.3
2.53,2.53
8.55,8.55
11.76,11.76
12.43,12.43
11.36,11.36
9.79,9.79
7.98,7.98
5.93,5.93
4.41,4.41
5.39,5.39
8.62,8.62
13.07,13.07
15.47,15.47
14.61,14.61
11.74,11.74
8.4,8.4
5.59,5.59
3.3,3.3
2.29,2.29
3.28,3.28
6.02,6.02
8.98,8.98
9.41,9.41
6.58,6.58
3.03,3.03
0.76,0.76
0.51,0.51
0.77,0.77
-0.98,-0.98
-4.21,-4.21
-6.66,-6.66
-7.84,-7.84
-8.01,-8.01
-8.68,-8.68
-9.33,-9.33
-9.48,-9.48
-8.63,-8.63
-7.78,-7.78
-7.94,-7.94
-8.1,-8.1
-7.0,-7.0
-4.41,-4.41
-1.85,-1.85
-2.31,-2.31
-6.01,-6.01
-11.43,-11.43
-16.8,-16.8
-20.12,-20.12
-21.65,-21.65
-21.92,-21.92
-20.93,-20.93
-19.2,-19.2
-18.98,-18.98
-21.5,-21.5
-26.76,-26.76
-32.96,-32.96
-37.1,-37.1
-39.19,-39.19
-39.51,-39.51
-38.82,-38.82
-36.88,-36.88
-33.21,-33.21
-29.31,-29.31
-27.45,-27.45
-28.34,-28.34
-30.98,-30.98
-32.58,-32.58
-31.66,-31.66
-28.5,-28.5
-24.87,-24.87
-21.26,-21.26
-17.93,-17.93
-15.39,-15.39
-14.61,-14.61
-15.83,-15.83
-18.3,-18.3
-19.23,-19.23
-17.41,-17.41
-14.6,-14.6
-11.56,-11.56
-8.55,-8.55
-4.32,-4.32
0.88,0.88
6.03,6.03
9.13,9.13
10.7,10.7
12.0,12.0
13.54,13.54
14.32,14.32
12.33,12.33
7.87,7.87
2.94,2.94
0.05,0.05
-0.3,-0.3
0.34,0.34
0.23,0.23
-0.63,-0.63
-1.73,-1.73
-3.07,-3.07
-5.9,-5.9
-10.2,-10.2
-13.96,-13.96
-15.68,-15.68
-15.89,-15.89
-16.09,-16.09
-16.79,-16.79
-16.73,-16.73
-14.66,-14.66
-10.61,-10.61
-7.85,-7.85
-7.62,-7.62
-9.63,-9.63
-11.37,-11.37
-11.6,-11.6
-11.07,-11.07
-11.05,-11.05
-10.77,-10.77
-9.0,-9.0
-4.73,-4.73
0.99,0.99
5.91,5.91
8.28,8.28
8.63,8.63
6.98,6.98
3.59,3.59
-1.27,-1.27
-6.08,-6.08
-9.1,-9.1
-8.6,-8.6
-5.59,-5.59
-2.11,-2.11
0.09,0.09
1.27,1.27
2.18,2.18
2.84,2.84
1.74,1.74
-0.1,-0.1
-1.17,-1.17
0.52,0.52
4.44,4.44
7.33,7.33
8.19,8.19
7.54,7.54
7.14,7.14
8.0,8.0
9.1,9.1
9.18,9.18
9.52,9.52
11.6,11.6
15.66,15.66
19.68,19.68
21.91,21.91
23.12,23.12
23.81,23.81
24.99,24.99
24.66,24.66
22.07,22.07
18.51,18.51
16.73,16.73
17.71,17.71
18.18,18.18
15.64,15.64
10.62,10.62
8.4,8.4
10.69,10.69
14.96,14.96
15.2,15.2
8.93,8.93
-1.04,-1.04
-10.16,-10.16
-16.46,-16.46
-20.44,-20.44
-21.88,-21.88
-19.8,-19.8
-14.74,-14.74
-7.98,-7.98
-3.27,-3.27
-2.11,-2.11
-3.96,-3.96
-6.04,-6.04
-7.85,-7.85
-10.64,-10.64
-14.16,-14.16
-16.14,-16.14
-13.6,-13.6
-7.08,-7.08
0.13,0.13
4.52,4.52
5.37,5.37
4.72,4.72
3.07,3.07
0.93,0.93
-2.19,-2.19
-4.27,-4.27
-3.34,-3.34
1.09,1.09
6.72,6.72
10.05,10.05
10.34,10.34
10.14,10.14
11.19,11.19
14.47,14.47
17.98,17.98
19.44,19.44
19.14,19.14
18.84,18.84
18.29,18.29
16.24,16.24
12.21,12.21
6.22,6.22
-0.73,-0.73
-7.35,-7.35
-13.67,-13.67
-19.43,-19.43
-24.13,-24.13
-27.29,-27.29
-28.91,-28.91
-29.27,-29.27
-27.86,-27.86
-23.21,-23.21
-14.35,-14.35
-4.33,-4.33
2.11,2.11
1.74,1.74
-4.13,-4.13
-13.7,-13.7
-27.17,-27.17
-45.52,-45.52
-66.69,-66.69
-84.41,-84.41
-93.7,-93.7
-97.91,-97.91
-105.3,-105.3
-119.61,-119.61
-136.77,-136.77
-146.25,-146.25
-138.37,-138.37
-107.55,-107.55
-55.5,-55.5
8.35,8.35
72.11,72.11
124.52,124.52
156.44,156.44
163.3,163.3
145.06,145.06
107.47,107.47
58.7,58.7
6.62,6.62
-44.23,-44.23
-88.36,-88.36
-122.33,-122.33
-143.72,-143.72
-154.64,-154.64
-157.67,-157.67
-154.67,-154.67
-146.42,-146.42
-134.47,-134.47
-122.36,-122.36
-115.09,-115.09
-114.12,-114.12
-117.91,-117.91
-121.87,-121.87
-122.8,-122.8
-119.69,-119.69
-112.08,-112.08
-98.78,-98.78
-79.59,-79.59
-56.06,-56.06
-31.0,-31.0
-4.89,-4.89
24.72,24.72
59.05,59.05
96.06,96.06
129.47,129.47
154.31,154.31
168.64,168.64
173.58,173.58
169.94,169.94
157.55,157.55
139.25,139.25
122.11,122.11
113.59,113.59
117.39,117.39
130.64,130.64
147.75,147.75
162.92,162.92
170.69,170.69
166.86,166.86
150.78,150.78
126.59,126.59
102.09,102.09
85.55,85.55
80.41,80.41
84.53,84.53
92.87,92.87
99.86,99.86
101.78,101.78
97.16,97.16
86.83,86.83
73.06,73.06
60.92,60.92
54.38,54.38
54.38,54.38
57.89,57.89
59.84,59.84
58.53,58.53
55.47,55.47
54.17,54.17
55.63,55.63
60.06,60.06
65.95,65.95
73.28,73.28
79.77,79.77
83.7,83.7
83.08,83.08
78.69,78.69
74.34,74.34
74.52,74.52
79.67,79.67
87.53,87.53
94.05,94.05
97.5,97.5
97.89,97.89
93.53,93.53
84.19,84.19
71.41,71.41
60.0,60.0
53.42,53.42
52.91,52.91
55.89,55.89
57.83,57.83
56.0,56.0
51.17,51.17
45.38,45.38
39.39,39.39
32.69,32.69
26.55,26.55
22.47,22.47
21.67,21.67
23.36,23.36
25.55,25.55
26.95,26.95
27.59,27.59
27.73,27.73
27.11,27.11
24.98,24.98
22.87,22.87
22.8,22.8
26.45,26.45
31.56,31.56
35.39,35.39
35.66,35.66
33.94,33.94
31.97,31.97
30.25,30.25
27.06,27.06
22.89,22.89
19.25,19.25
18.91,18.91
21.55,21.55
25.66,25.66
28.98,28.98
30.53,30.53
30.3,30.3
27.83,27.83
22.11,22.11
14.2,14.2
6.86,6.86
2.58,2.58
2.34,2.34
4.11,4.11
5.1,5.1
4.34,4.34
2.09,2.09
-0.4,-0.4
-3.12,-3.12
-5.3,-5.3
-5.72,-5.72
-2.38,-2.38
5.93,5.93
16.91,16.91
27.03,27.03
33.31,33.31
36.03,36.03
36.73,36.73
35.9,35.9
33.83,33.83
31.77,31.77
31.98,31.98
36.18,36.18
42.84,42.84
49.17,49.17
52.7,52.7
53.68,53.68
52.39,52.39
48.87,48.87
43.61,43.61
37.9,37.9
34.48,34.48
34.59,34.59
37.44,37.44
39.01,39.01
36.81,36.81
31.38,31.38
25.49,25.49
21.4,21.4
18.59,18.59
15.56,15.56
11.3,11.3
6.83,6.83
3.9,3.9
2.74,2.74
3.35,3.35
5.2,5.2
8.03,8.03
11.08,11.08
11.86,11.86
8.88,8.88
3.17,3.17
-3.74,-3.74
-10.08,-10.08
-16.61,-16.61
-24.59,-24.59
-33.73,-33.73
-41.54,-41.54
-47.27,-47.27
-52.44,-52.44
-58.8,-58.8
-65.84,-65.84
-70.82,-70.82
-70.73,-70.73
-65.14,-65.14
-56.59,-56.59
-45.85,-45.85
-32.21,-32.21
-14.44,-14.44
6.42,6.42
25.84,25.84
41.08,41.08
51.92,51.92
60.91,60.91
69.06,69.06
75.62,75.62
80.36,80.36
84.3,84.3
90.42,90.42
99.0,99.0
107.97,107.97
114.34,114.34
117.64,117.64
119.39,119.39
120.36,120.36
119.8,119.8
116.22,116.22
109.91,109.91
102.64,102.64
95.94,95.94
89.52,89.52
82.64,82.64
75.06,75.06
68.55,68.55
62.58,62.58
55.91,55.91
46.78,46.78
35.5,35.5
23.8,23.8
13.95,13.95
6.2,6.2
0.77,0.77
-3.37,-3.37
-5.47,-5.47
-6.03,-6.03
-6.62,-6.62
-8.69,-8.69
-12.72,-12.72
-16.72,-16.72
-19.19,-19.19
-19.62,-19.62
-19.56,-19.56
-19.5,-19.5
-18.94,-18.94
-17.12,-17.12
-15.06,-15.06
-15.03,-15.03
-18.25,-18.25
-22.91,-22.91
-26.78,-26.78
-28.62,-28.62
-30.47,-30.47
-33.5,-33.5
-37.28,-37.28
-39.5,-39.5
-39.22,-39.22
-39.16,-39.16
-41.59,-41.59
-47.0,-47.0
-52.88,-52.88
-56.41,-56.41
-57.41,-57.41
-57.16,-57.16
-57.13,-57.13
-57.84,-57.84
-60.81,-60.81
-67.0,-67.0
-78.09,-78.09
-93.59,-93.59
-112.91,-112.91
-136.56,-136.56
-165.47,-165.47
-197.34,-197.34
-223.87,-223.87
-234.91,-234.91
-225.53,-225.53
-199.97,-199.97
-170.09,-170.09
-146.72,-146.72
-135.31,-135.31
-134.97,-134.97
-142.87,-142.87
-156.16,-156.16
-172.81,-172.81
-190.03,-190.03
-205.56,-205.56
-220.44,-220.44
-241.91,-241.91
-277.59,-277.59
-326.19,-326.19
-370.06,-370.06
-386.97,-386.97
-363.12,-363.12
-301.5,-301.5
-216.59,-216.59
-126.47,-126.47
-43.88,-43.88
25.47,25.47
84.94,84.94
141.34,141.34
195.69,195.69
241.28,241.28
269.16,269.16
274.25,274.25
258.25,258.25
229.09,229.09
193.94,193.94
158.34,158.34
125.0,125.0
95.72,95.72
71.94,71.94
52.88,52.88
35.97,35.97
18.72,18.72
0.84,0.84
-12.59,-12.59
-17.12,-17.12
-11.44,-11.44
0.0,0.0
12.06,12.06
23.06,23.06
36.13,36.13
54.13,54.13
73.94,73.94
85.81,85.81
80.56,80.56
54.81,54.81
12.88,12.88
-36.75,-36.75
-84.69,-84.69
-122.87,-122.87
-146.94,-146.94
-157.81,-157.81
-159.5,-159.5
-156.44,-156.44
-147.37,-147.37
-127.62,-127.62
-95.0,-95.0
-56.94,-56.94
-28.0,-28.0
-21.25,-21.25
-41.88,-41.88
-85.25,-85.25
-141.5,-141.5
-197.94,-197.94
-243.37,-243.37
-271.06,-271.06
-282.0,-282.0
-283.5,-283.5
-284.0,-284.0
-288.12,-288.12
-295.25,-295.25
-302.44,-302.44
-308.81,-308.81
-313.87,-313.87
-318.0,-318.0
-320.12,-320.12
-319.12,-319.12
-316.59,-316.59
-315.03,-315.03
-314.72,-314.72
-314.06,-314.06
-311.41,-311.41
-307.47,-307.47
-305.0,-305.0
-305.28,-305.28
-307.0,-307.0
-308.19,-308.19
-308.53,-308.53
-309.34,-309.34
-310.84,-310.84
-312.28,-312.28
-311.66,-311.66
-309.0,-309.0
-306.06,-306.06
-303.62,-303.62
-301.37,-301.37
-297.37,-297.37
-291.62,-291.62
-285.37,-285.37
-277.62,-277.62
-265.69,-265.69
-246.28,-246.28
-220.53,-220.53
-193.97,-193.97
-172.41,-172.41
-157.72,-157.72
-148.92,-148.92
-142.94,-142.94
-138.47,-138.47
-135.78,-135.78
-134.34,-134.34
-133.14,-133.14
-130.19,-130.19
-125.23,-125.23
-118.81,-118.81
-111.19,-111.19
-103.35,-103.35
-98.33,-98.33
-103.59,-103.59
-125.53,-125.53
-160.01,-160.01
-192.64,-192.64
-207.95,-207.95
-200.34,-200.34
-174.52,-174.52
-139.15,-139.15
-101.59,-101.59
-64.86,-64.86
-30.2,-30.2
2.65,2.65
35.2,35.2
69.19,69.19
106.61,106.61
144.93,144.93
179.37,179.37
204.47,204.47
219.06,219.06
224.73,224.73
224.08,224.08
218.39,218.39
208.47,208.47
196.11,196.11
185.33,185.33
178.12,178.12
174.7,174.7
173.53,173.53
174.62,174.62
178.16,178.16
183.87,183.87
189.28,189.28
192.84,192.84
194.84,194.84
198.81,198.81
206.44,206.44
216.72,216.72
225.91,225.91
231.69,231.69
232.91,232.91
230.81,230.81
225.72,225.72
217.87,217.87
209.31,209.31
203.81,203.81
203.06,203.06
206.31,206.31
209.25,209.25
207.34,207.34
199.22,199.22
187.12,187.12
174.87,174.87
166.19,166.19
163.06,163.06
166.69,166.69
176.25,176.25
188.19,188.19
197.25,197.25
200.44,200.44
198.62,198.62
195.25,195.25
192.87,192.87
191.75,191.75
191.56,191.56
191.44,191.44
191.44,191.44
191.25,191.25
190.0,190.0
186.44,186.44
182.19,182.19
178.69,178.69
176.44,176.44
174.69,174.69
172.12,172.12
169.12,169.12
167.62,167.62
168.81,168.81
171.5,171.5
173.12,173.12
173.25,173.25
173.06,173.06
174.31,174.31
176.31,176.31
177.06,177.06
175.69,175.69
172.87,172.87
169.75,169.75
166.44,166.44
161.87,161.87
156.56,156.56
153.25,153.25
154.94,154.94
161.87,161.87
172.25,172.25
183.19,183.19
194.0,194.0
201.5,201.5
200.12,200.12
182.19,182.19
144.69,144.69
93.5,93.5
42.25,42.25
4.94,4.94
-10.0,-10.0
-1.81,-1.81
25.56,25.56
64.44,64.44
105.94,105.94
141.31,141.31
167.81,167.81
188.06,188.06
209.06,209.06
235.37,235.37
265.44,265.44
295.87,295.87
323.56,323.56
348.37,348.37
370.44,370.44
388.5,388.5
401.31,401.31
409.25,409.25
413.5,413.5
414.94,414.94
413.5,413.5
411.31,411.31
412.56,412.56
421.25,421.25
436.5,436.5
452.12,452.12
460.5,460.5
457.94,457.94
444.62,444.62
424.62,424.62
402.44,402.44
381.94,381.94
364.56,364.56
350.03,350.03
337.34,337.34
325.19,325.19
312.37,312.37
299.12,299.12
285.22,285.22
271.12,271.12
257.62,257.62
244.44,244.44
231.87,231.87
219.59,219.59
207.69,207.69
195.84,195.84
184.06,184.06
172.62,172.62
161.25,161.25
149.97,149.97
139.03,139.03
128.39,128.39
117.84,117.84
107.62,107.62
97.48,97.48
87.67,87.67
77.94,77.94
68.53,68.53
59.19,59.19
49.94,49.94
41.01,41.01
32.4,32.4
23.87,23.87
15.41,15.41
7.28,7.28
-0.78,-0.78
-8.52,-8.52
-16.43,-16.43
-23.77,-23.77
-31.04,-31.04
-38.23,-38.23
-45.36,-45.36
-52.16,-52.16
-58.65,-58.65
-65.31,-65.31
-71.66,-71.66
-77.69,-77.69
-83.89,-83.89
-89.78,-89.78
-95.36,-95.36
-101.11,-101.11
-106.55,-106.55
-111.92,-111.92
-117.22,-117.22
-122.22,-122.22
-127.16,-127.16
-131.75,-131.75
-136.31,-136.31
-140.56,-140.56
-144.75,-144.75
-148.84,-148.84
-153.91,-153.91
-161.41,-161.41
-172.81,-172.81
-188.56,-188.56
-205.41,-205.41
-219.06,-219.06
-227.81,-227.81
-232.47,-232.47
-236.0,-236.0
-240.0,-240.0
-245.44,-245.44
-253.5,-253.5
-264.0,-264.0
-274.03,-274.03
-280.0,-280.0
-279.37,-279.37
-274.19,-274.19
-267.75,-267.75
-263.37,-263.37
-261.44,-261.44
-262.0,-262.0
-263.5,-263.5
-266.0,-266.0
-269.44,-269.44
-271.75,-271.75
-273.0,-273.0
-273.75,-273.75
-277.94,-277.94
-286.5,-286.5
-296.5,-296.5
-304.31,-304.31
-307.0,-307.0
-305.69,-305.69
-301.31,-301.31
-294.37,-294.37
-284.5,-284.5
-274.19,-274.19
-266.44,-266.44
-264.69,-264.69
-266.44,-266.44
-268.06,-268.06
-266.69,-266.69
-262.81,-262.81
-260.37,-260.37
-259.94,-259.94
-263.0,-263.0
-268.94,-268.94
-281.31,-281.31
-303.56,-303.56
-335.0,-335.0
-374.12,-374.12
-415.87,-415.87
-459.12,-459.12
-503.44,-503.44
-544.25,-544.25
-575.62,-575.62
-592.62,-592.62
-596.87,-596.87
-591.0,-591.0
-580.12,-580.12
-565.19,-565.19
-548.37,-548.37
-533.06,-533.06
-523.87,-523.87
-522.62,-522.62
-526.37,-526.37
-531.0,-531.0
-535.94,-535.94
-541.81,-541.81
-547.5,-547.5
-548.62,-548.62
-540.12,-540.12
-523.62,-523.62
-504.12,-504.12
-485.81,-485.81
-470.56,-470.56
-458.87,-458.87
-451.25,-451.25
-450.12,-450.12
-456.44,-456.44
-464.62,-464.62
-465.62,-465.62
-456.59,-456.59
-442.06,-442.06
-428.09,-428.09
-419.19,-419.19
-413.78,-413.78
-407.87,-407.87
-400.47,-400.47
-391.06,-391.06
-382.69,-382.69
-374.34,-374.34
-366.0,-366.0
-357.69,-357.69
-348.41,-348.41
-337.12,-337.12
-322.44,-322.44
-305.31,-305.31
-286.3,-286.3
-266.91,-266.91
-247.66,-247.66
-229.55,-229.55
-212.57,-212.57
-196.22,-196.22
-180.48,-180.48
-164.36,-164.36
-148.87,-148.87
-133.49,-133.49
-118.23,-118.23
-103.1,-103.1
-88.58,-88.58
-74.69,-74.69
-60.41,-60.41
-47.26,-47.26
-33.71,-33.71
-20.78,-20.78
-7.97,-7.97
4.72,4.72
16.81,16.81
28.77,28.77
40.61,40.61
53.88,53.88
68.72,68.72
84.94,84.94
100.47,100.47
114.12,114.12
125.62,125.62
137.25,137.25
149.75,149.75
162.62,162.62
174.87,174.87
186.66,186.66
198.87,198.87
211.69,211.69
223.37,223.37
231.87,231.87
236.25,236.25
239.87,239.87
245.37,245.37
254.56,254.56
266.31,266.31
279.0,279.0
292.0,292.0
305.56,305.56
319.25,319.25
330.94,330.94
340.06,340.06
348.0,348.0
357.06,357.06
367.0,367.0
376.81,376.81
385.44,385.44
393.44,393.44
402.06,402.06
410.81,410.81
417.12,417.12
420.06,420.06
420.5,420.5
420.81,420.81
423.0,423.0
425.5,425.5
427.0,427.0
427.25,427.25
428.0,428.0
429.75,429.75
431.37,431.37
431.25,431.25
428.87,428.87
425.75,425.75
422.75,422.75
419.25,419.25
414.25,414.25
408.25,408.25
402.5,402.5
397.87,397.87
392.87,392.87
384.75,384.75
373.25,373.25
359.75,359.75
347.25,347.25
336.62,336.62
327.25,327.25
319.0,319.0
312.75,312.75
310.0,310.0
310.37,310.37
311.87,311.87
312.37,312.37
311.25,311.25
306.5,306.5
294.5,294.5
271.12,271.12
238.37,238.37
207.37,207.37
192.12,192.12
200.0,200.0
227.25,227.25
264.25,264.25
301.87,301.87
335.37,335.37
363.12,363.12
384.5,384.5
398.0,398.0
404.62,404.62
405.37,405.37
400.12,400.12
389.5,389.5
374.5,374.5
357.75,357.75
342.62,342.62
331.37,331.37
323.62,323.62
318.37,318.37
316.5,316.5
319.25,319.25
326.37,326.37
336.5,336.5
346.12,346.12
353.75,353.75
359.87,359.87
366.37,366.37
373.87,373.87
380.5,380.5
385.12,385.12
387.75,387.75
388.75,388.75
387.0,387.0
380.12,380.12
368.0,368.0
353.25,353.25
339.0,339.0
326.87,326.87
315.12,315.12
302.62,302.62
289.44,289.44
276.56,276.56
264.31,264.31
250.81,250.81
233.69,233.69
212.94,212.94
190.37,190.37
168.19,168.19
148.44,148.44
132.62,132.62
122.87,122.87
121.0,121.0
126.62,126.62
137.19,137.19
149.56,149.56
161.87,161.87
174.25,174.25
186.81,186.81
199.19,199.19
211.62,211.62
224.94,224.94
238.87,238.87
252.12,252.12
260.75,260.75
261.0,261.0
251.31,251.31
235.19,235.19
218.37,218.37
204.5,204.5
192.94,192.94
180.19,180.19
162.69,162.69
137.19,137.19
101.91,101.91
56.91,56.91
4.19,4.19
-53.53,-53.53
-115.09,-115.09
-180.09,-180.09
-246.22,-246.22
-308.81,-308.81
-361.28,-361.28
-397.25,-397.25
-414.16,-414.16
-414.0,-414.0
-402.56,-402.56
-386.75,-386.75
-371.66,-371.66
-360.28,-360.28
-352.58,-352.58
-347.37,-347.37
-342.69,-342.69
-337.36,-337.36
-330.91,-330.91
-323.7,-323.7
-316.27,-316.27
-308.98,-308.98
-302.09,-302.09
-295.72,-295.72
-289.61,-289.61
-283.38,-283.38
-275.05,-275.05
-260.25,-260.25
-232.3,-232.3
-187.69,-187.69
-128.46,-128.46
-62.87,-62.87
0.37,0.37
54.29,54.29
95.58,95.58
125.23,125.23
147.96,147.96
168.84,168.84
190.51,190.51
211.2,211.2
227.41,227.41
236.7,236.7
239.86,239.86
240.08,240.08
239.65,239.65
238.79,238.79
235.3,235.3
227.16,227.16
214.58,214.58
199.69,199.69
185.42,185.42
173.86,173.86
166.64,166.64
164.59,164.59
165.52,165.52
164.19,164.19
154.72,154.72
134.28,134.28
103.78,103.78
63.28,63.28
6.78,6.78
-74.56,-74.56
-177.31,-177.31
-273.97,-273.97
-324.56,-324.56
-307.37,-307.37
-240.72,-240.72
-178.22,-178.22
-174.16,-174.16
-245.84,-245.84
-365.62,-365.62
-485.09,-485.09
-565.28,-565.28
-591.19,-591.19
-569.56,-569.56
-516.37,-516.37
-445.94,-445.94
-367.56,-367.56
-286.75,-286.75
-208.5,-208.5
-136.31,-136.31
-68.0,-68.0
0.31,0.31
61.75,61.75
91.12,91.12
60.13,60.13
-38.19,-38.19
-172.75,-172.75
-281.25,-281.25
-302.31,-302.31
-214.0,-214.0
-47.13,-47.13
138.0,138.0
287.81,287.81
378.06,378.06
414.31,414.31
416.56,416.56
403.94,403.94
386.25,386.25
364.81,364.81
336.5,336.5
300.44,300.44
261.0,261.0
226.75,226.75
206.62,206.62
202.94,202.94
208.5,208.5
210.25,210.25
198.44,198.44
171.06,171.06
131.69,131.69
85.19,85.19
36.5,36.5
-9.56,-9.56
-49.06,-49.06
-81.12,-81.12
-106.31,-106.31
-126.06,-126.06
-137.81,-137.81
-134.5,-134.5
-106.62,-106.62
-54.31,-54.31
10.13,10.13
66.87,66.87
100.62,100.62
106.62,106.62
90.62,90.62
63.88,63.88
36.63,36.63
7.87,7.87
-52.13,-52.13
-181.62,-181.62
-360.37,-360.37
-496.62,-496.62
-514.37,-514.37
-440.12,-440.12
-375.0,-375.0
-376.62,-376.62
-404.5,-404.5
-392.5,-392.5
-345.5,-345.5
-333.0,-333.0
-393.5,-393.5
-476.62,-476.62
-501.37,-501.37
-457.12,-457.12
-417.25,-417.25
-448.37,-448.37
-527.75,-527.75
-571.87,-571.87
-545.12,-545.12
-500.37,-500.37
-503.37,-503.37
-545.5,-545.5
-559.12,-559.12
-515.87,-515.87
-466.37,-466.37
-470.0,-470.0
-511.37,-511.37
-520.0,-520.0
-467.37,-467.37
-408.5,-408.5
-410.87,-410.87
-471.5,-471.5
-523.12,-523.12
-515.25,-515.25
-474.37,-474.37
-458.12,-458.12
-476.62,-476.62
-481.87,-481.87
-439.87,-439.87
-384.75,-384.75
-373.12,-373.12
-405.5,-405.5
-417.87,-417.87
-346.75,-346.75
-212.87,-212.87
-109.75,-109.75
-100.12,-100.12
-146.25,-146.25
-166.0,-166.0
-136.5,-136.5
-114.25,-114.25
-145.62,-145.62
-198.25,-198.25
-202.62,-202.62
-149.62,-149.62
-107.37,-107.37
-133.5,-133.5
-198.87,-198.87
-224.87,-224.87
-185.12,-185.12
-141.37,-141.37
-160.87,-160.87
-227.12,-227.12
-260.37,-260.37
-222.87,-222.87
-168.25,-168.25
-166.5,-166.5
-209.75,-209.75
-225.87,-225.87
-180.25,-180.25
-126.06,-126.06
-129.81,-129.81
-179.31,-179.31
-199.81,-199.81
-155.81,-155.81
-101.25,-101.25
-103.37,-103.37
-151.44,-151.44
-163.87,-163.87
-81.62,-81.62
54.69,54.69
141.94,141.94
132.12,132.12
81.87,81.87
70.56,70.56
102.37,102.37
111.62,111.62
67.25,67.25
20.31,20.31
41.25,41.25
146.5,146.5
295.06,295.06
428.69,428.69
507.0,507.0
521.31,521.31
488.19,488.19
435.25,435.25
386.75,386.75
355.12,355.12
334.0,334.0
285.75,285.75
158.37,158.37
-53.31,-53.31
-269.37,-269.37
-377.12,-377.12
-344.81,-344.81
-254.06,-254.06
-207.06,-207.06
-217.44,-217.44
-221.19,-221.19
-180.19,-180.19
-138.44,-138.44
-158.62,-158.62
-247.06,-247.06
-360.19,-360.19
-453.94,-453.94
-509.78,-509.78
-528.28,-528.28
-509.56,-509.56
-440.91,-440.91
-323.56,-323.56
-205.0,-205.0
-146.72,-146.72
-158.72,-158.72
-186.34,-186.34
-176.94,-176.94
-141.56,-141.56
-128.75,-128.75
-153.56,-153.56
-176.59,-176.59
-157.41,-157.41
-112.09,-112.09
-90.69,-90.69
-107.48,-107.48
-114.09,-114.09
-49.13,-49.13
80.5,80.5
190.92,190.92
221.33,221.33
202.66,202.66
206.37,206.37
244.79,244.79
263.31,263.31
230.87,230.87
193.95,193.95
212.83,212.83
274.0,274.0
301.58,301.58
258.11,258.11
195.74,195.74
187.42,187.42
231.89,231.89
252.18,252.18
190.74,190.74
83.58,83.58
22.89,22.89
45.5,45.5
91.64,91.64
85.6,85.6
27.35,27.35
-15.37,-15.37
-1.95,-1.95
31.1,31.1
23.84,23.84
-29.34,-29.34
-74.05,-74.05
-67.08,-67.08
-30.92,-30.92
-18.08,-18.08
-42.86,-42.86
-61.16,-61.16
-17.53,-17.53
85.7,85.7
178.73,178.73
205.41,205.41
191.28,191.28
203.25,203.25
254.34,254.34
285.94,285.94
255.94,255.94
202.66,202.66
196.84,196.84
244.56,244.56
277.06,277.06
240.47,240.47
168.16,168.16
139.0,139.0
174.34,174.34
210.31,210.31
178.69,178.69
93.09,93.09
30.0,30.0
32.72,32.72
62.41,62.41
59.56,59.56
25.5,25.5
19.0,19.0
68.53,68.53
126.37,126.37
126.66,126.66
68.66,68.66
17.97,17.97
22.47,22.47
57.13,57.13
64.5,64.5
35.56,35.56
19.62,19.62
51.31,51.31
97.94,97.94
102.69,102.69
60.81,60.81
26.81,26.81
43.69,43.69
84.31,84.31
93.12,93.12
60.56,60.56
40.81,40.81
94.69,94.69
211.12,211.12
304.87,304.87
311.56,311.56
261.31,261.31
235.56,235.56
261.94,261.94
285.56,285.56
250.19,250.19
180.37,180.37
151.37,151.37
189.37,189.37
232.75,232.75
212.75,212.75
141.81,141.81
98.81,98.81
123.69,123.69
167.75,167.75
163.19,163.19
114.87,114.87
91.0,91.0
126.62,126.62
178.56,178.56
200.06,200.06
211.31,211.31
258.44,258.44
330.62,330.62
354.06,354.06
277.44,277.44
145.06,145.06
67.56,67.56
116.75,116.75
248.75,248.75
347.81,347.81
350.56,350.56
303.31,303.31
285.19,285.19
305.37,305.37
303.62,303.62
245.87,245.87
181.06,181.06
176.56,176.56
226.37,226.37
255.19,255.19
217.94,217.94
157.25,157.25
145.81,145.81
186.75,186.75
211.5,211.5
172.75,172.75
109.56,109.56
94.5,94.5
136.0,136.0
165.87,165.87
129.69,129.69
60.06,60.06
33.81,33.81
70.31,70.31
105.69,105.69
75.75,75.75
1.62,1.62
-36.69,-36.69
-4.56,-4.56
41.0,41.0
30.87,30.87
-24.87,-24.87
-51.63,-51.63
-14.13,-14.13
34.75,34.75
27.44,27.44
-25.56,-25.56
-42.31,-42.31
35.38,35.38
167.06,167.06
249.56,249.56
235.19,235.19
180.0,180.0
164.25,164.25
191.37,191.37
196.19,196.19
147.19,147.19
95.87,95.87
105.06,105.06
159.81,159.81
183.12,183.12
140.16,140.16
84.81,84.81
85.69,85.69
133.06,133.06
152.5,152.5
108.22,108.22
53.31,53.31
54.94,54.94
103.75,103.75
125.62,125.62
84.78,84.78
33.78,33.78
38.75,38.75
89.16,89.16
108.62,108.62
56.38,56.38
-16.91,-16.91
-35.28,-35.28
5.28,5.28
29.97,29.97
-19.31,-19.31
-110.87,-110.87
-158.37,-158.37
-130.41,-130.41
-87.41,-87.41
-100.78,-100.78
-159.78,-159.78
-181.22,-181.22
-105.44,-105.44
27.16,27.16
112.81,112.81
102.41,102.41
50.81,50.81
37.97,37.97
66.97,66.97
73.44,73.44
26.09,26.09
-23.58,-23.58
-12.78,-12.78
43.91,43.91
69.33,69.33
28.25,28.25
-25.2,-25.2
-22.42,-22.42
26.86,26.86
48.42,48.42
7.27,7.27
-44.0,-44.0
-30.53,-30.53
67.05,67.05
210.74,210.74
342.09,342.09
420.18,420.18
426.99,426.99
355.19,355.19
218.98,218.98
78.23,78.23
5.25,5.25
19.7,19.7
62.5,62.5
41.91,41.91
-73.0,-73.0
-212.1,-212.1
-269.4,-269.4
-196.39,-196.39
-26.76,-26.76
162.07,162.07
300.66,300.66
357.68,357.68
341.62,341.62
284.42,284.42
220.69,220.69
173.52,173.52
150.48,150.48
146.4,146.4
150.83,150.83
153.95,153.95
150.75,150.75
140.58,140.58
125.97,125.97
110.22,110.22
96.11,96.11
84.59,84.59
75.44,75.44
67.36,67.36
59.33,59.33
51.11,51.11
42.22,42.22
33.14,33.14
23.91,23.91
15.0,15.0
6.69,6.69
-1.34,-1.34
-9.0,-9.0
-16.62,-16.62
-24.16,-24.16
-31.37,-31.37
-38.53,-38.53
-45.59,-45.59
-52.34,-52.34
-59.03,-59.03
-65.41,-65.41
-71.69,-71.69
-77.94,-77.94
-83.84,-83.84
-89.44,-89.44
-95.22,-95.22
-100.66,-100.66
-106.06,-106.06
-111.16,-111.16
-116.12,-116.12
-121.12,-121.12
-125.75,-125.75
-130.31,-130.31
-134.87,-134.87
-146.56,-146.56
-191.12,-191.12
-286.5,-286.5
-400.0,-400.0
-464.37,-464.37
-447.06,-447.06
-394.62,-394.62
-392.62,-392.62
-466.06,-466.06
-545.75,-545.75
-546.19,-546.19
-443.94,-443.94
-282.87,-282.87
-128.5,-128.5
-28.94,-28.94
2.12,2.12
-19.75,-19.75
-65.5,-65.5
-108.81,-108.81
-134.69,-134.69
-141.06,-141.06
-134.37,-134.37
-123.94,-123.94
-116.37,-116.37
-115.06,-115.06
-119.0,-119.0
-133.19,-133.19
-178.44,-178.44
-265.5,-265.5
-359.0,-359.0
-399.56,-399.56
-370.19,-370.19
-316.81,-316.81
-296.06,-296.06
-310.31,-310.31
-317.31,-317.31
-292.69,-292.69
-265.25,-265.25
-272.56,-272.56
-304.75,-304.75
-316.56,-316.56
-287.25,-287.25
-258.19,-258.19
-296.31,-296.31
-407.06,-407.06
-509.25,-509.25
-521.37,-521.37
-457.37,-457.37
-404.37,-404.37
-411.75,-411.75
-435.56,-435.56
-412.56,-412.56
-351.69,-351.69
-330.81,-330.81
-404.62,-404.62
-529.69,-529.69
-603.0,-603.0
-577.56,-577.56
-511.31,-511.31
-484.5,-484.5
-501.44,-501.44
-497.62,-497.62
-440.25,-440.25
-380.87,-380.87
-381.44,-381.44
-427.94,-427.94
-442.5,-442.5
-390.81,-390.81
-327.06,-327.06
-319.87,-319.87
-359.62,-359.62
-371.5,-371.5
-320.75,-320.75
-260.37,-260.37
-257.0,-257.0
-299.12,-299.12
-305.31,-305.31
-216.44,-216.44
-73.81,-73.81
20.0,20.0
16.47,16.47
-28.53,-28.53
-33.59,-33.59
3.37,3.37
18.0,18.0
-21.0,-21.0
-62.66,-62.66
-43.91,-43.91
20.16,20.16
52.66,52.66
18.84,18.84
-27.69,-27.69
-17.75,-17.75
38.06,38.06
66.41,66.41
31.94,31.94
-12.72,-12.72
-0.94,-0.94
57.22,57.22
85.84,85.84
50.69,50.69
4.84,4.84
15.92,15.92
72.89,72.89
95.84,95.84
32.56,32.56
-71.66,-71.66
-124.91,-124.91
-95.64,-95.64
-48.63,-48.63
-57.05,-57.05
-119.88,-119.88
-185.12,-185.12
-227.74,-227.74
-263.93,-263.93
-309.25,-309.25
-359.11,-359.11
-399.46,-399.46
-418.38,-418.38
-412.57,-412.57
-388.25,-388.25
-355.59,-355.59
-323.17,-323.17
-297.0,-297.0
-277.03,-277.03
-262.2,-262.2
-249.45,-249.45
-235.8,-235.8
-220.72,-220.72
-203.75,-203.75
-186.42,-186.42
-169.22,-169.22
-152.61,-152.61
-137.16,-137.16
-122.84,-122.84
-108.62,-108.62
-94.5,-94.5
-80.78,-80.78
-67.16,-67.16
-53.63,-53.63
-40.22,-40.22
-27.19,-27.19
-14.78,-14.78
-2.47,-2.47
9.47,9.47
21.28,21.28
32.75,32.75
43.88,43.88
54.88,54.88
65.56,65.56
76.06,76.06
86.25,86.25
96.06,96.06
105.81,105.81
115.19,115.19
124.44,124.44
133.31,133.31
142.12,142.12
150.87,150.87
158.94,158.94
166.94,166.94
174.62,174.62
182.19,182.19
189.37,189.37
196.5,196.5
203.56,203.56
210.25,210.25
216.81,216.81
223.06,223.06
229.19,229.19
235.0,235.0
240.75,240.75
246.12,246.12
251.37,251.37
256.62,256.62
261.5,261.5
266.37,266.37
270.75,270.75
275.12,275.12
279.5,279.5
283.37,283.37
287.25,287.25
290.87,290.87
294.37,294.37
297.75,297.75
300.75,300.75
303.75,303.75
306.75,306.75
309.62,309.62
312.12,312.12
314.62,314.62
317.0,317.0
319.0,319.0
320.87,320.87
322.5,322.5
324.12,324.12
325.75,325.75
327.25,327.25
328.37,328.37
329.5,329.5
330.62,330.62
331.62,331.62
332.25,332.25
332.87,332.87
333.5,333.5
333.75,333.75
334.0,334.0
334.12,334.12
334.25,334.25
334.37,334.37
334.12,334.12
333.87,333.87
333.5,333.5
340.37,340.37
378.37,378.37
460.0,460.0
549.75,549.75
588.25,588.25
557.12,557.12
501.5,501.5
478.12,478.12
489.62,489.62
492.87,492.87
457.87,457.87
388.0,388.0
310.0,310.0
249.25,249.25
218.62,218.62
216.62,216.62
231.75,231.75
250.25,250.25
263.62,263.62
267.5,267.5
271.5,271.5
310.5,310.5
424.37,424.37
592.37,592.37
720.0,720.0
729.0,729.0
644.62,644.62
568.0,568.0
557.12,557.12
572.62,572.62
541.0,541.0
436.62,436.62
289.5,289.5
151.62,151.62
61.75,61.75
30.87,30.87
45.5,45.5
80.75,80.75
114.25,114.25
133.12,133.12
135.37,135.37
126.75,126.75
114.62,114.62
104.87,104.87
100.37,100.37
100.5,100.5
103.0,103.0
105.5,105.5
106.87,106.87
106.37,106.37
104.75,104.75
102.5,102.5
100.5,100.5
98.87,98.87
97.62,97.62
96.62,96.62
95.75,95.75
94.62,94.62
93.37,93.37
91.87,91.87
90.25,90.25
88.75,88.75
87.25,87.25
85.75,85.75
84.12,84.12
82.44,82.44
80.81,80.81
79.25,79.25
77.5,77.5
75.75,75.75
74.06,74.06
72.19,72.19
70.5,70.5
68.62,68.62
66.81,66.81
64.87,64.87
63.06,63.06
61.13,61.13
59.19,59.19
57.25,57.25
55.25,55.25
53.38,53.38
51.31,51.31
49.31,49.31
47.31,47.31
45.25,45.25
43.25,43.25
41.19,41.19
39.13,39.13
37.06,37.06
35.0,35.0
32.88,32.88
30.87,30.87
28.75,28.75
26.62,26.62
24.5,24.5
22.44,22.44
20.37,20.37
18.19,18.19
16.19,16.19
14.06,14.06
11.94,11.94
9.81,9.81
7.72,7.72
5.66,5.66
3.47,3.47
1.44,1.44
-0.69,-0.69
-2.69,-2.69
-4.78,-4.78
-6.87,-6.87
-8.94,-8.94
-10.97,-10.97
-13.13,-13.13
-15.13,-15.13
-17.16,-17.16
-19.19,-19.19
-21.25,-21.25
-23.22,-23.22
-17.66,-17.66
26.39,26.39
152.8,152.8
369.52,369.52
625.58,625.58
843.91,843.91
969.23,969.23
990.14,990.14
933.27,933.27
841.84,841.84
754.24,754.24
691.59,691.59
656.83,656.83
640.6,640.6
630.24,630.24
615.82,615.82
593.31,593.31
563.66,563.66
530.45,530.45
497.52,497.52
467.27,467.27
440.27,440.27
415.7,415.7
392.44,392.44
369.23,369.23
345.66,345.66
321.72,321.72
290.28,290.28
228.06,228.06
122.91,122.91
10.31,10.31
-51.03,-51.03
-43.97,-43.97
-14.38,-14.38
-17.22,-17.22
-51.88,-51.88
-81.94,-81.94
-108.56,-108.56
-182.31,-182.31
-338.69,-338.69
-553.81,-553.81
-763.19,-763.19
-908.69,-908.69
-966.69,-966.69
-949.81,-949.81
-891.75,-891.75
-827.69,-827.69
-780.5,-780.5
-757.25,-757.25
-752.81,-752.81
-756.19,-756.19
-758.12,-758.12
-753.5,-753.5
-741.87,-741.87
-725.75,-725.75
-708.81,-708.81
-693.25,-693.25
-680.25,-680.25
-669.37,-669.37
-659.5,-659.5
-649.87,-649.87
-639.62,-639.62
-628.62,-628.62
-617.37,-617.37
-605.87,-605.87
-594.87,-594.87
-584.12,-584.12
-573.75,-573.75
-563.62,-563.62
-553.62,-553.62
-543.62,-543.62
-533.62,-533.62
-523.5,-523.5
-513.62,-513.62
-504.0,-504.0
-494.37,-494.37
-485.0,-485.0
-475.62,-475.62
-466.5,-466.5
-457.37,-457.37
-448.25,-448.25
-439.25,-439.25
-430.37,-430.37
-421.62,-421.62
-413.0,-413.0
-404.37,-404.37
-395.87,-395.87
-387.5,-387.5
-379.25,-379.25
-371.0,-371.0
-363.0,-363.0
-354.87,-354.87
-347.12,-347.12
-339.25,-339.25
-331.62,-331.62
-323.87,-323.87
-316.37,-316.37
-309.0,-309.0
-301.62,-301.62
-294.25,-294.25
-287.12,-287.12
-280.12,-280.12
-273.12,-273.12
-266.25,-266.25
-251.75,-251.75
-199.0,-199.0
-64.0,-64.0
161.25,161.25
425.87,425.87
652.5,652.5
786.0,786.0
815.12,815.12
766.25,766.25
682.87,682.87
603.12,603.12
548.25,548.25
521.12,521.12
512.5,512.5
502.12,502.12
449.12,449.12
305.5,305.5
64.25,64.25
-219.75,-219.75
-465.87,-465.87
-608.87,-608.87
-605.75,-605.75
-440.25,-440.25
-148.62,-148.62
178.5,178.5
435.0,435.0
531.5,531.5
424.5,424.5
158.37,158.37
-128.12,-128.12
-280.37,-280.37
-228.37,-228.37
-18.62,-18.62
237.0,237.0
434.87,434.87
523.75,523.75
509.5,509.5
433.75,433.75
344.62,344.62
276.5,276.5
241.37,241.37
233.62,233.62
239.0,239.0
243.75,243.75
240.12,240.12
219.12,219.12
153.12,153.12
3.12,3.12
-227.87,-227.87
-463.5,-463.5
-614.75,-614.75
-662.75,-662.75
-657.25,-657.25
-651.12,-651.12
-666.75,-666.75
-698.0,-698.0
-727.5,-727.5
-741.25,-741.25
-734.62,-734.62
-712.12,-712.12
-682.12,-682.12
-653.12,-653.12
-629.37,-629.37
-611.75,-611.75
-598.25,-598.25
-586.37,-586.37
-573.87,-573.87
-559.62,-559.62
-544.0,-544.0
-527.62,-527.62
-511.37,-511.37
-495.75,-495.75
-480.87,-480.87
-466.62,-466.62
-452.87,-452.87
-439.12,-439.12
-425.37,-425.37
-411.5,-411.5
-398.0,-398.0
-384.62,-384.62
-371.5,-371.5
-358.62,-358.62
-346.12,-346.12
-333.62,-333.62
-321.19,-321.19
-301.5,-301.5
-243.37,-243.37
-103.19,-103.19
127.19,127.19
396.75,396.75
628.31,628.31
766.69,766.69
800.37,800.37
756.31,756.31
677.37,677.37
602.06,602.06
551.62,551.62
528.81,528.81
524.37,524.37
525.62,525.62
522.69,522.69
510.44,510.44
486.69,486.69
453.37,453.37
419.06,419.06
393.94,393.94
374.87,374.87
327.06,327.06
207.06,207.06
31.69,31.69
-107.06,-107.06
-131.0,-131.0
-64.25,-64.25
-13.19,-13.19
-58.63,-58.63
-172.25,-172.25
-253.31,-253.31
-248.0,-248.0
-205.12,-205.12
-199.06,-199.06
-230.5,-230.5
-235.31,-235.31
-183.87,-183.87
-129.81,-129.81
-145.0,-145.0
-238.31,-238.31
-345.19,-345.19
-393.81,-393.81
-379.19,-379.19
-350.87,-350.87
-344.0,-344.0
-341.69,-341.69
-311.31,-311.31
-263.12,-263.12
-241.12,-241.12
-269.06,-269.06
-334.44,-334.44
-405.19,-405.19
-452.94,-452.94
-465.44,-465.44
-447.28,-447.28
-412.44,-412.44
-375.62,-375.62
-346.09,-346.09
-327.28,-327.28
-316.59,-316.59
-309.19,-309.19
-301.31,-301.31
-290.94,-290.94
-277.66,-277.66
-262.44,-262.44
-247.31,-247.31
-232.78,-232.78
-219.62,-219.62
-207.53,-207.53
-196.02,-196.02
-184.59,-184.59
-173.23,-173.23
-161.7,-161.7
-150.0,-150.0
-138.64,-138.64
-127.61,-127.61
-116.66,-116.66
-106.05,-106.05
-95.76,-95.76
-85.8,-85.8
-75.68,-75.68
-65.88,-65.88
-56.41,-56.41
-46.77,-46.77
-37.46,-37.46
-28.23,-28.23
-19.33,-19.33
-10.76,-10.76
-2.27,-2.27
6.15,6.15
14.23,14.23
22.25,22.25
29.94,29.94
37.8,37.8
45.34,45.34
52.55,52.55
59.94,59.94
66.98,66.98
73.97,73.97
80.62,80.62
87.09,87.09
93.37,93.37
99.56,99.56
105.69,105.69
111.59,111.59
117.44,117.44
123.09,123.09
128.56,128.56
133.97,133.97
139.16,139.16
144.28,144.28
149.25,149.25
154.0,154.0
158.62,158.62
163.12,163.12
167.56,167.56
171.87,171.87
175.94,175.94
180.06,180.06
183.81,183.81
187.69,187.69
191.31,191.31
194.81,194.81
198.19,198.19
201.44,201.44
204.62,204.62
207.69,207.69
210.62,210.62
213.37,213.37
216.19,216.19
218.69,218.69
221.25,221.25
223.62,223.62
225.81,225.81
227.94,227.94
230.06,230.06
231.94,231.94
233.81,233.81
235.62,235.62
237.25,237.25
238.87,238.87
240.37,240.37
241.75,241.75
243.06,243.06
244.19,244.19
245.25,245.25
246.31,246.31
247.31,247.31
248.12,248.12
248.87,248.87
249.62,249.62
250.19,250.19
250.69,250.69
251.0,251.0
251.5,251.5
251.75,251.75
252.0,252.0
253.12,253.12
262.75,262.75
302.62,302.62
405.75,405.75
588.75,588.75
823.5,823.5
1047.75,1047.75
1202.5,1202.5
1261.63,1261.63
1236.88,1236.88
1163.0,1163.0
1078.38,1078.38
1009.37,1009.37
965.75,965.75
942.87,942.87
930.25,930.25
917.5,917.5
898.5,898.5
872.37,872.37
841.5,841.5
809.37,809.37
778.87,778.87
743.87,743.87
672.62,672.62
520.81,520.81
279.06,279.06
-2.0,-2.0
-246.0,-246.0
-397.0,-397.0
-443.44,-443.44
-411.5,-411.5
-343.94,-343.94
-278.69,-278.69
-238.0,-238.0
-225.37,-225.37
-232.44,-232.44
-245.94,-245.94
-255.25,-255.25
-255.56,-255.56
-247.87,-247.87
-235.44,-235.44
-222.56,-222.56
-212.06,-212.06
-204.62,-204.62
-199.44,-199.44
-195.25,-195.25
-191.0,-191.0
-186.0,-186.0
-180.25,-180.25
-174.06,-174.06
-167.87,-167.87
-161.81,-161.81
-156.19,-156.19
-151.0,-151.0
-146.12,-146.12
-133.87,-133.87
-83.0,-83.0
50.0,50.0
273.5,273.5
536.25,536.25
761.06,761.06
892.75,892.75
919.94,919.94
869.19,869.19
783.81,783.81
702.0,702.0
645.25,645.25
616.12,616.12
605.56,605.56
600.75,600.75
591.75,591.75
574.5,574.5
549.94,549.94
521.91,521.91
493.94,493.94
468.62,468.62
446.37,446.37
426.62,426.62
407.84,407.84
389.19,389.19
370.03,370.03
350.47,350.47
330.69,330.69
311.28,311.28
292.34,292.34
274.06,274.06
256.3,256.3
239.0,239.0
221.97,221.97
205.31,205.31
188.77,188.77
172.47,172.47
156.54,156.54
140.99,140.99
125.68,125.68
110.75,110.75
96.18,96.18
81.86,81.86
67.91,67.91
54.07,54.07
40.72,40.72
27.5,27.5
14.63,14.63
2.02,2.02
-10.23,-10.23
-22.27,-22.27
-34.05,-34.05
-45.45,-45.45
-56.75,-56.75
-67.72,-67.72
-84.03,-84.03
-130.84,-130.84
-241.19,-241.19
-401.0,-401.0
-530.53,-530.53
-558.56,-558.56
-506.47,-506.47
-464.81,-464.81
-483.44,-483.44
-518.09,-518.09
-503.59,-503.59
-449.44,-449.44
-433.62,-433.62
-511.94,-511.94
-641.75,-641.75
-720.5,-720.5
-700.62,-700.62
-639.87,-639.87
-618.81,-618.81
-641.37,-641.37
-642.37,-642.37
-590.0,-590.0
-535.0,-535.0
-540.44,-540.44
-591.0,-591.0
-610.25,-610.25
-562.75,-562.75
-503.12,-503.12
-499.94,-499.94
-543.44,-543.44
-559.0,-559.0
-512.06,-512.06
-455.19,-455.19
-455.06,-455.06
-500.87,-500.87
-510.12,-510.12
-424.56,-424.56
-283.12,-283.12
-188.0,-188.0
-206.69,-206.69
-329.19,-329.19
-503.75,-503.75
-674.12,-674.12
-797.12,-797.12
-846.12,-846.12
-803.56,-803.56
-679.0,-679.0
-534.75,-534.75
-448.44,-448.44
-447.12,-447.12
-484.25,-484.25
-497.0,-497.0
-475.75,-475.75
-456.87,-456.87
-456.12,-456.12
-443.06,-443.06
-391.56,-391.56
-329.0,-329.0
-302.62,-302.62
-303.0,-303.0
-263.56,-263.56
-142.0,-142.0
13.31,13.31
101.12,101.12
80.94,80.94
17.62,17.62
-2.81,-2.81
25.37,25.37
36.38,36.38
-4.56,-4.56
-47.81,-47.81
-32.19,-32.19
27.06,27.06
53.75,53.75
13.44,13.44
-38.75,-38.75
-33.94,-33.94
17.56,17.56
41.81,41.81
3.12,3.12
-45.44,-45.44
-37.38,-37.38
16.44,16.44
33.5,33.5
-44.38,-44.38
-176.0,-176.0
-259.19,-259.19
-244.81,-244.81
-189.75,-189.75
-173.94,-173.94
-201.0,-201.0
-198.31,-198.31
-110.81,-110.81
22.87,22.87
104.06,104.06
88.81,88.81
35.38,35.38
24.19,24.19
64.87,64.87
115.44,115.44
155.0,155.0
199.41,199.41
259.87,259.87
326.78,326.78
381.78,381.78
410.94,410.94
411.78,411.78
391.56,391.56
362.72,362.72
335.34,335.34
314.91,314.91
302.09,302.09
294.37,294.37
288.16,288.16
280.97,280.97
271.81,271.81
260.44,260.44
248.62,248.62
236.62,236.62
225.47,225.47
215.37,215.37
206.09,206.09
197.09,197.09
188.44,188.44
179.28,179.28
170.47,170.47
161.69,161.69
152.97,152.97
144.31,144.31
136.22,136.22
128.19,128.19
120.44,120.44
112.75,112.75
105.34,105.34
98.03,98.03
90.75,90.75
83.75,83.75
76.81,76.81
70.19,70.19
63.88,63.88
57.59,57.59
51.34,51.34
45.44,45.44
39.53,39.53
33.69,33.69
28.16,28.16
22.66,22.66
17.47,17.47
12.31,12.31
7.22,7.22
2.41,2.41
-2.37,-2.37
-7.09,-7.09
-11.53,-11.53
-15.91,-15.91
-20.0,-20.0
-24.31,-24.31
-28.06,-28.06
-32.03,-32.03
-35.72,-35.72
-39.34,-39.34
-42.97,-42.97
-46.28,-46.28
-49.56,-49.56
-52.78,-52.78
-55.75,-55.75
-58.66,-58.66
-61.53,-61.53
-64.12,-64.12
-66.94,-66.94
-69.47,-69.47
-71.72,-71.72
-74.19,-74.19
-76.34,-76.34
-78.5,-78.5
-80.62,-80.62
-82.44,-82.44
-84.25,-84.25
-86.03,-86.03
-87.75,-87.75
-89.47,-89.47
-90.91,-90.91
-92.31,-92.31
-93.72,-93.72
-95.06,-95.06
-96.16,-96.16
-97.19,-97.19
-98.22,-98.22
-99.5,-99.5
-99.97,-99.97
-100.94,-100.94
-101.87,-101.87
-102.28,-102.28
-103.16,-103.16
-103.53,-103.53
-103.87,-103.87
-104.22,-104.22
-104.53,-104.53
-104.84,-104.84
-105.09,-105.09
-105.37,-105.37
-105.59,-105.59
-105.81,-105.81
-105.53,-105.53
-105.72,-105.72
-105.37,-105.37
-105.53,-105.53
-105.19,-105.19
-104.81,-104.81
-104.44,-104.44
-104.03,-104.03
-103.62,-103.62
-103.22,-103.22
-102.78,-102.78
-102.31,-102.31
-101.87,-101.87
-100.91,-100.91
-100.44,-100.44
-99.94,-99.94
-98.97,-98.97
-98.47,-98.47
-97.44,-97.44
-96.44,-96.44
-95.91,-95.91
-94.87,-94.87
-93.84,-93.84
-92.81,-92.81
-92.25,-92.25
-91.19,-91.19
-90.16,-90.16
-89.09,-89.09
-87.5,-87.5
-86.44,-86.44
-85.37,-85.37
-84.31,-84.31
-83.22,-83.22
-81.66,-81.66
-80.59,-80.59
-79.5,-79.5
-77.94,-77.94
-76.84,-76.84
-75.28,-75.28
-74.19,-74.19
-72.62,-72.62
-71.53,-71.53
-69.97,-69.97
-68.41,-68.41
-67.31,-67.31
-65.75,-65.75
-64.19,-64.19
-62.63,-62.63
-61.08,-61.08
-60.03,-60.03
-58.48,-58.48
-56.94,-56.94
-55.41,-55.41
-53.88,-53.88
-52.34,-52.34
-50.83,-50.83
-49.31,-49.31
-47.81,-47.81
-46.31,-46.31
-44.31,-44.31
-42.83,-42.83
-41.36,-41.36
-39.89,-39.89
-38.42,-38.42
-36.97,-36.97
-35.02,-35.02
-33.59,-33.59
-32.16,-32.16
-30.25,-30.25
-28.84,-28.84
-27.45,-27.45
-25.55,-25.55
-24.19,-24.19
-22.82,-22.82
-20.96,-20.96
-19.62,-19.62
-17.79,-17.79
-16.47,-16.47
-15.16,-15.16
-13.36,-13.36
-12.07,-12.07
-10.3,-10.3
-9.04,-9.04
-7.29,-7.29
-5.55,-5.55
-4.33,-4.33
-2.62,-2.62
-1.43,-1.43
0.26,0.26
1.43,1.43
3.09,3.09
4.73,4.73
5.85,5.85
7.47,7.47
9.07,9.07
10.16,10.16
11.73,11.73
13.28,13.28
14.32,14.32
15.85,15.85
17.36,17.36
18.35,18.35
19.84,19.84
21.31,21.31
22.25,22.25
16.2,16.2
-21.31,-21.31
-101.97,-101.97
-191.39,-191.39
-236.45,-236.45
-244.08,-244.08
-278.08,-278.08
-391.23,-391.23
-566.31,-566.31
-731.69,-731.69
-820.45,-820.45
-821.78,-821.78
-773.98,-773.98
-720.47,-720.47
-685.87,-685.87
-671.97,-671.97
-669.09,-669.09
-663.66,-663.66
-641.16,-641.16
-569.25,-569.25
-407.94,-407.94
-154.03,-154.03
136.59,136.59
386.03,386.03
538.62,538.62
576.75,576.75
497.94,497.94
310.78,310.78
75.78,75.78
-91.09,-91.09
-109.44,-109.44
-16.06,-16.06
66.94,66.94
47.19,47.19
-51.94,-51.94
-128.06,-128.06
-122.56,-122.56
-72.56,-72.56
-25.0,-25.0
31.62,31.62
125.25,125.25
224.5,224.5
248.75,248.75
154.81,154.81
1.19,1.19
-96.56,-96.56
-84.87,-84.87
-22.31,-22.31
-2.25,-2.25
-63.44,-63.44
-180.56,-180.56
-300.06,-300.06
-376.37,-376.37
-394.0,-394.0
-362.87,-362.87
-307.0,-307.0
-251.12,-251.12
-209.19,-209.19
-185.06,-185.06
-173.19,-173.19
-166.31,-166.31
-157.62,-157.62
-144.37,-144.37
-126.75,-126.75
-106.25,-106.25
-85.87,-85.87
-67.25,-67.25
-50.75,-50.75
-36.0,-36.0
-21.75,-21.75
-7.62,-7.62
6.25,6.25
20.62,20.62
34.75,34.75
48.38,48.38
61.75,61.75
75.12,75.12
87.75,87.75
99.75,99.75
111.62,111.62
123.0,123.0
134.62,134.62
145.12,145.12
156.12,156.12
166.37,166.37
176.5,176.5
186.12,186.12
196.0,196.0
205.37,205.37
214.0,214.0
222.62,222.62
231.12,231.12
239.0,239.0
246.75,246.75
254.37,254.37
261.87,261.87
268.87,268.87
275.62,275.62
282.37,282.37
289.0,289.0
295.0,295.0
301.0,301.0
306.25,306.25
312.0,312.0
317.12,317.12
322.12,322.12
327.12,327.12
331.37,331.37
335.62,335.62
339.87,339.87
343.87,343.87
347.37,347.37
351.0,351.0
354.37,354.37
357.25,357.25
360.25,360.25
363.0,363.0
365.5,365.5
367.87,367.87
370.0,370.0
372.0,372.0
373.87,373.87
375.5,375.5
377.0,377.0
378.5,378.5
379.62,379.62
380.75,380.75
381.5,381.5
382.12,382.12
382.75,382.75
383.12,383.12
383.37,383.37
383.5,383.5
383.37,383.37
383.25,383.25
383.0,383.0
382.5,382.5
381.87,381.87
381.25,381.25
380.5,380.5
379.62,379.62
378.5,378.5
377.37,377.37
376.0,376.0
374.62,374.62
373.12,373.12
371.62,371.62
369.75,369.75
368.0,368.0
366.12,366.12
364.12,364.12
361.87,361.87
359.62,359.62
357.37,357.37
355.12,355.12
352.75,352.75
350.12,350.12
347.37,347.37
344.75,344.75
342.0,342.0
339.0,339.0
336.0,336.0
333.0,333.0
329.87,329.87
326.87,326.87
323.75,323.75
320.37,320.37
317.0,317.0
313.5,313.5
310.12,310.12
306.62,306.62
303.0,303.0
299.25,299.25
295.75,295.75
292.0,292.0
288.25,288.25
284.25,284.25
280.5,280.5
276.5,276.5
272.62,272.62
268.62,268.62
264.62,264.62
260.5,260.5
256.5,256.5
252.25,252.25
248.12,248.12
243.87,243.87
239.75,239.75
235.5,235.5
231.25,231.25
226.87,226.87
