channel1,channel2
14.69,14.69
14.38,14.38
14.06,14.06
13.75,13.75
13.44,13.44
13.63,13.63
13.88,13.88
15.56,15.56
17.69,17.69
20.37,20.37
22.0,22.0
23.06,23.06
22.69,22.69
21.25,21.25
19.87,19.87
17.94,17.94
16.59,16.59
14.72,14.72
12.38,12.38
9.03,9.03
6.22,6.22
3.44,3.44
1.69,1.69
-0.03,-0.03
-1.28,-1.28
-1.97,-1.97
-2.69,-2.69
-3.37,-3.37
-4.56,-4.56
-5.25,-5.25
-5.91,-5.91
-6.09,-6.09
-6.75,-6.75
-7.91,-7.91
-9.03,-9.03
-10.19,-10.19
-11.81,-11.81
-12.91,-12.91
-13.5,-13.5
-14.06,-14.06
-13.66,-13.66
-12.72,-12.72
-12.31,-12.31
-12.41,-12.41
-12.5,-12.5
-12.56,-12.56
-11.66,-11.66
-10.72,-10.72
-9.31,-9.31
-7.44,-7.44
-5.53,-5.53
-4.19,-4.19
-3.34,-3.34
-2.5,-2.5
-1.66,-1.66
-0.31,-0.31
0.5,0.5
0.81,0.81
1.12,1.12
1.44,1.44
2.22,2.22
4.03,4.03
10.78,10.78
29.5,29.5
67.03,67.03
125.22,125.22
197.37,197.37
271.81,271.81
332.53,332.53
368.66,368.66
377.91,377.91
366.5,366.5
344.62,344.62
320.91,320.91
302.37,302.37
290.47,290.47
283.09,283.09
277.28,277.28
271.47,271.47
264.16,264.16
254.87,254.87
244.62,244.62
234.47,234.47
224.84,224.84
215.78,215.78
207.75,207.75
199.78,199.78
191.84,191.84
183.97,183.97
176.12,176.12
168.31,168.31
160.56,160.56
152.87,152.87
145.72,145.72
138.09,138.09
131.03,131.03
123.5,123.5
115.53,115.53
105.11,105.11
92.78,92.78
79.03,79.03
64.91,64.91
50.91,50.91
38.02,38.02
26.25,26.25
15.58,15.58
4.0,4.0
-7.97,-7.97
-20.33,-20.33
-32.58,-32.58
-43.7,-43.7
-52.22,-52.22
-58.66,-58.66
-63.52,-63.52
-68.34,-68.34
-74.59,-74.59
-82.28,-82.28
-88.89,-88.89
-94.42,-94.42
-97.89,-97.89
-100.31,-100.31
-102.19,-102.19
-105.54,-105.54
-109.85,-109.85
-115.1,-115.1
-120.28,-120.28
-124.9,-124.9
-128.96,-128.96
-132.46,-132.46
-134.9,-134.9
-137.81,-137.81
-140.17,-140.17
-142.98,-142.98
-144.75,-144.75
-145.98,-145.98
-147.18,-147.18
-148.34,-148.34
-149.98,-149.98
-152.06,-152.06
-153.62,-153.62
-154.13,-154.13
-153.62,-153.62
-153.09,-153.09
-153.53,-153.53
-154.95,-154.95
-156.84,-156.84
-158.68,-158.68
-159.98,-159.98
-160.76,-160.76
-162.49,-162.49
-165.19,-165.19
-167.33,-167.33
-167.92,-167.92
-168.0,-168.0
-167.55,-167.55
-167.06,-167.06
-168.06,-168.06
-170.03,-170.03
-171.95,-171.95
-173.34,-173.34
-173.67,-173.67
-173.48,-173.48
-172.28,-172.28
-165.55,-165.55
-146.86,-146.86
-113.81,-113.81
-65.56,-65.56
-6.73,-6.73
53.06,53.06
100.3,100.3
127.09,127.09
133.12,133.12
123.56,123.56
107.59,107.59
92.23,92.23
81.02,81.02
75.37,75.37
73.28,73.28
71.7,71.7
70.12,70.12
66.55,66.55
61.98,61.98
56.47,56.47
50.98,50.98
46.05,46.05
42.14,42.14
38.27,38.27
34.44,34.44
31.12,31.12
27.33,27.33
23.58,23.58
19.84,19.84
16.16,16.16
12.98,12.98
9.36,9.36
6.25,6.25
3.19,3.19
0.13,0.13
-2.91,-2.91
-5.87,-5.87
-8.84,-8.84
-11.78,-11.78
-14.69,-14.69
-17.09,-17.09
-19.94,-19.94
-22.25,-22.25
-24.56,-24.56
-27.34,-27.34
-29.59,-29.59
-31.81,-31.81
-34.0,-34.0
-36.19,-36.19
-38.31,-38.31
-39.94,-39.94
-42.03,-42.03
-44.13,-44.13
-46.16,-46.16
-47.69,-47.69
-49.69,-49.69
-51.19,-51.19
-52.63,-52.63
-54.06,-54.06
-55.47,-55.47
-56.88,-56.88
-58.25,-58.25
-59.59,-59.59
-60.91,-60.91
-62.22,-62.22
-63.5,-63.5
-64.28,-64.28
-65.5,-65.5
-66.75,-66.75
-67.44,-67.44
-68.62,-68.62
-70.81,-70.81
-75.44,-75.44
-87.03,-87.03
-107.97,-107.97
-139.25,-139.25
-177.69,-177.69
-216.75,-216.75
-251.94,-251.94
-280.25,-280.25
-302.78,-302.78
-321.56,-321.56
-338.59,-338.59
-355.94,-355.94
-377.56,-377.56
-405.44,-405.44
-437.0,-437.0
-464.72,-464.72
-482.09,-482.09
-491.25,-491.25
-497.25,-497.25
-504.09,-504.09
-513.81,-513.81
-528.37,-528.37
-547.72,-547.72
-568.31,-568.31
-582.62,-582.62
-583.72,-583.72
-570.72,-570.72
-549.75,-549.75
-529.37,-529.37
-515.62,-515.62
-509.41,-509.41
-508.16,-508.16
-504.37,-504.37
-494.53,-494.53
-478.7,-478.7
-460.45,-460.45
-445.3,-445.3
-434.22,-434.22
-425.17,-425.17
-415.14,-415.14
-403.14,-403.14
-390.19,-390.19
-376.79,-376.79
-362.46,-362.46
-346.71,-346.71
-330.55,-330.55
-315.49,-315.49
-302.02,-302.02
-291.62,-291.62
-283.27,-283.27
-274.46,-274.46
-263.19,-263.19
-249.48,-249.48
-235.36,-235.36
-222.33,-222.33
-210.88,-210.88
-201.52,-201.52
-192.2,-192.2
-179.95,-179.95
-163.77,-163.77
-145.22,-145.22
-126.31,-126.31
-109.56,-109.56
-94.95,-94.95
-81.45,-81.45
-67.06,-67.06
-52.28,-52.28
-37.66,-37.66
-23.16,-23.16
-8.28,-8.28
8.47,8.47
26.56,26.56
44.5,44.5
59.25,59.25
69.34,69.34
75.84,75.84
80.81,80.81
86.66,86.66
94.0,94.0
102.69,102.69
113.31,113.31
124.87,124.87
136.75,136.75
148.5,148.5
159.12,159.12
167.69,167.69
173.06,173.06
176.44,176.44
181.19,181.19
189.87,189.87
204.5,204.5
222.44,222.44
239.19,239.19
252.25,252.25
259.12,259.12
261.87,261.87
262.12,262.12
261.81,261.81
261.44,261.44
261.31,261.31
263.87,263.87
269.87,269.87
278.81,278.81
288.37,288.37
297.25,297.25
306.25,306.25
316.0,316.0
326.0,326.0
334.12,334.12
339.12,339.12
342.0,342.0
343.12,343.12
342.62,342.62
340.5,340.5
338.0,338.0
337.12,337.12
339.75,339.75
345.75,345.75
353.75,353.75
361.25,361.25
366.5,366.5
369.0,369.0
368.25,368.25
364.75,364.75
358.87,358.87
355.12,355.12
356.5,356.5
364.12,364.12
374.0,374.0
381.62,381.62
383.0,383.0
378.12,378.12
369.75,369.75
362.12,362.12
357.0,357.0
354.25,354.25
351.25,351.25
347.12,347.12
343.5,343.5
343.0,343.0
346.5,346.5
351.62,351.62
355.25,355.25
355.25,355.25
352.12,352.12
348.0,348.0
343.75,343.75
340.25,340.25
338.37,338.37
338.0,338.0
337.75,337.75
337.0,337.0
334.87,334.87
331.25,331.25
327.5,327.5
323.0,323.0
319.37,319.37
318.0,318.0
319.62,319.62
323.25,323.25
326.0,326.0
324.5,324.5
315.87,315.87
299.25,299.25
277.12,277.12
253.25,253.25
231.0,231.0
213.75,213.75
203.5,203.5
199.37,199.37
198.87,198.87
197.87,197.87
194.75,194.75
188.87,188.87
181.25,181.25
174.12,174.12
168.87,168.87
165.87,165.87
164.87,164.87
165.25,165.25
166.25,166.25
167.12,167.12
168.0,168.0
168.5,168.5
169.37,169.37
169.12,169.12
166.87,166.87
161.12,161.12
151.37,151.37
138.25,138.25
123.62,123.62
110.75,110.75
101.87,101.87
97.62,97.62
97.06,97.06
98.31,98.31
99.75,99.75
100.44,100.44
100.06,100.06
98.44,98.44
96.75,96.75
94.87,94.87
93.25,93.25
92.06,92.06
91.06,91.06
89.94,89.94
88.81,88.81
87.44,87.44
85.94,85.94
84.44,84.44
82.87,82.87
81.37,81.37
79.75,79.75
78.12,78.12
76.5,76.5
74.94,74.94
73.19,73.19
71.5,71.5
69.75,69.75
68.06,68.06
66.19,66.19
64.37,64.37
62.56,62.56
60.63,60.63
58.81,58.81
56.94,56.94
55.0,55.0
53.06,53.06
51.06,51.06
49.19,49.19
47.19,47.19
45.19,45.19
43.25,43.25
41.25,41.25
39.31,39.31
37.38,37.38
35.47,35.47
34.28,34.28
34.88,34.88
38.22,38.22
45.13,45.13
55.72,55.72
69.34,69.34
84.81,84.81
99.78,99.78
112.59,112.59
122.75,122.75
130.56,130.56
137.41,137.41
144.78,144.78
152.81,152.81
160.41,160.41
166.25,166.25
170.03,170.03
172.11,172.11
173.28,173.28
174.16,174.16
175.14,175.14
176.33,176.33
177.84,177.84
179.2,179.2
179.53,179.53
177.95,177.95
174.47,174.47
169.75,169.75
164.55,164.55
158.87,158.87
152.47,152.47
145.99,145.99
140.03,140.03
134.86,134.86
129.6,129.6
123.61,123.61
117.53,117.53
115.24,115.24
121.7,121.7
138.09,138.09
158.69,158.69
174.44,174.44
179.52,179.52
172.66,172.66
157.2,157.2
137.98,137.98
119.44,119.44
103.89,103.89
91.62,91.62
81.31,81.31
71.72,71.72
61.81,61.81
51.38,51.38
40.28,40.28
29.41,29.41
18.97,18.97
9.41,9.41
0.69,0.69
-7.47,-7.47
-15.22,-15.22
-22.81,-22.81
-30.37,-30.37
-38.0,-38.0
-45.88,-45.88
-54.13,-54.13
-62.63,-62.63
-71.12,-71.12
-79.44,-79.44
-87.44,-87.44
-95.0,-95.0
-102.31,-102.31
-109.37,-109.37
-115.94,-115.94
-121.87,-121.87
-127.0,-127.0
-131.81,-131.81
-136.69,-136.69
-141.87,-141.87
-147.62,-147.62
-153.75,-153.75
-160.19,-160.19
-166.06,-166.06
-171.12,-171.12
-175.37,-175.37
-178.87,-178.87
-181.44,-181.44
-183.06,-183.06
-183.62,-183.62
-183.62,-183.62
-183.25,-183.25
-182.75,-182.75
-182.62,-182.62
-183.0,-183.0
-184.0,-184.0
-185.37,-185.37
-187.37,-187.37
-189.37,-189.37
-191.12,-191.12
-191.75,-191.75
-191.0,-191.0
-189.87,-189.87
-189.12,-189.12
-190.37,-190.37
-193.5,-193.5
-198.25,-198.25
-202.87,-202.87
-206.5,-206.5
-208.62,-208.62
-209.87,-209.87
-211.37,-211.37
-213.75,-213.75
-216.75,-216.75
-220.0,-220.0
-223.0,-223.0
-225.62,-225.62
-228.37,-228.37
-232.0,-232.0
-236.37,-236.37
-240.37,-240.37
-243.5,-243.5
-245.75,-245.75
-247.5,-247.5
-248.75,-248.75
-249.5,-249.5
-250.62,-250.62
-252.87,-252.87
-257.12,-257.12
-262.87,-262.87
-268.87,-268.87
-274.0,-274.0
-277.75,-277.75
-280.75,-280.75
-283.37,-283.37
-285.5,-285.5
-287.0,-287.0
-288.0,-288.0
-288.62,-288.62
-289.0,-289.0
-289.5,-289.5
-290.0,-290.0
-291.12,-291.12
-293.0,-293.0
-295.75,-295.75
-298.87,-298.87
-302.0,-302.0
-304.62,-304.62
-306.75,-306.75
-308.62,-308.62
-310.37,-310.37
-312.75,-312.75
-315.75,-315.75
-319.25,-319.25
-322.5,-322.5
-325.12,-325.12
-327.0,-327.0
-328.5,-328.5
-330.12,-330.12
-331.75,-331.75
-333.5,-333.5
-334.87,-334.87
-336.12,-336.12
-337.25,-337.25
-338.5,-338.5
-339.12,-339.12
-339.5,-339.5
-339.25,-339.25
-338.25,-338.25
-335.5,-335.5
-329.62,-329.62
-319.5,-319.5
-306.25,-306.25
-291.5,-291.5
-277.62,-277.62
-266.62,-266.62
-259.12,-259.12
-255.5,-255.5
-254.25,-254.25
-253.62,-253.62
-251.37,-251.37
-245.5,-245.5
-235.75,-235.75
-222.87,-222.87
-207.75,-207.75
-192.5,-192.5
-177.75,-177.75
-164.75,-164.75
-153.5,-153.5
-144.12,-144.12
-136.12,-136.12
-128.62,-128.62
-120.87,-120.87
-113.0,-113.0
-105.37,-105.37
-98.62,-98.62
-92.87,-92.87
-87.37,-87.37
-82.0,-82.0
-75.87,-75.87
-69.25,-69.25
-62.75,-62.75
-56.75,-56.75
-51.25,-51.25
-46.63,-46.63
-42.5,-42.5
-38.38,-38.38
-35.13,-35.13
-32.0,-32.0
-29.75,-29.75
-28.5,-28.5
-27.62,-27.62
-27.12,-27.12
-26.37,-26.37
-25.87,-25.87
-25.12,-25.12
-25.12,-25.12
-25.75,-25.75
-27.25,-27.25
-29.0,-29.0
-30.12,-30.12
-31.12,-31.12
-31.87,-31.87
-33.0,-33.0
-35.25,-35.25
-37.88,-37.88
-40.75,-40.75
-44.0,-44.0
-47.63,-47.63
-51.88,-51.88
-56.5,-56.5
-61.25,-61.25
-65.5,-65.5
-69.37,-69.37
-72.37,-72.37
-74.62,-74.62
-76.75,-76.75
-79.12,-79.12
-81.75,-81.75
-84.37,-84.37
-86.75,-86.75
-89.0,-89.0
-91.25,-91.25
-93.37,-93.37
-95.0,-95.0
-96.25,-96.25
-96.56,-96.56
-95.87,-95.87
-95.25,-95.25
-94.56,-94.56
-94.37,-94.37
-94.94,-94.94
-95.19,-95.19
-94.75,-94.75
-93.5,-93.5
-91.25,-91.25
-89.25,-89.25
-87.75,-87.75
-87.81,-87.81
-89.06,-89.06
-91.0,-91.0
-92.75,-92.75
-93.62,-93.62
-93.56,-93.56
-92.19,-92.19
-89.81,-89.81
-87.19,-87.19
-84.81,-84.81
-83.5,-83.5
-83.37,-83.37
-84.06,-84.06
-84.44,-84.44
-84.56,-84.56
-84.37,-84.37
-83.94,-83.94
-83.06,-83.06
-81.37,-81.37
-79.44,-79.44
-78.0,-78.0
-77.37,-77.37
-76.94,-76.94
-76.25,-76.25
-75.31,-75.31
-74.12,-74.12
-72.94,-72.94
-72.5,-72.5
-72.56,-72.56
-72.84,-72.84
-72.62,-72.62
-71.62,-71.62
-69.41,-69.41
-66.69,-66.69
-64.47,-64.47
-63.03,-63.03
-62.09,-62.09
-61.38,-61.38
-60.94,-60.94
-60.0,-60.0
-58.53,-58.53
-56.84,-56.84
-54.66,-54.66
-52.47,-52.47
-50.3,-50.3
-47.64,-47.64
-44.75,-44.75
-41.63,-41.63
-38.53,-38.53
-35.7,-35.7
-33.16,-33.16
-30.37,-30.37
-27.35,-27.35
-24.11,-24.11
-20.4,-20.4
-16.96,-16.96
-13.55,-13.55
-9.93,-9.93
-6.33,-6.33
-2.02,-2.02
3.75,3.75
10.73,10.73
18.38,18.38
25.21,25.21
30.98,30.98
35.69,35.69
40.1,40.1
44.72,44.72
49.78,49.78
55.05,55.05
60.25,60.25
64.91,64.91
69.0,69.0
73.3,73.3
77.55,77.55
82.23,82.23
86.14,86.14
89.72,89.72
92.28,92.28
94.53,94.53
97.0,97.0
99.94,99.94
103.59,103.59
107.44,107.44
111.25,111.25
114.75,114.75
117.19,117.19
118.59,118.59
119.22,119.22
119.56,119.56
120.66,120.66
122.69,122.69
125.97,125.97
129.66,129.66
133.59,133.59
136.44,136.44
138.0,138.0
138.0,138.0
137.75,137.75
138.0,138.0
139.0,139.0
140.87,140.87
143.31,143.31
145.37,145.37
147.19,147.19
148.5,148.5
148.94,148.94
148.44,148.44
146.87,146.87
144.56,144.56
142.94,142.94
143.12,143.12
145.06,145.06
147.37,147.37
149.0,149.0
148.0,148.0
145.5,145.5
142.81,142.81
141.06,141.06
142.06,142.06
146.56,146.56
154.75,154.75
166.06,166.06
178.25,178.25
189.81,189.81
199.5,199.5
206.56,206.56
211.5,211.5
214.62,214.62
216.44,216.44
217.5,217.5
218.19,218.19
218.62,218.62
218.56,218.56
218.19,218.19
216.75,216.75
214.31,214.31
211.12,211.12
207.19,207.19
203.0,203.0
199.56,199.56
196.37,196.37
193.94,193.94
192.25,192.25
191.56,191.56
192.12,192.12
193.12,193.12
193.56,193.56
193.75,193.75
193.62,193.62
193.0,193.0
192.06,192.06
190.62,190.62
188.87,188.87
187.25,187.25
185.75,185.75
184.5,184.5
183.25,183.25
181.75,181.75
180.0,180.0
177.87,177.87
176.62,176.62
175.5,175.5
175.0,175.0
174.37,174.37
173.5,173.5
172.37,172.37
170.37,170.37
168.0,168.0
165.12,165.12
161.62,161.62
158.25,158.25
155.12,155.12
152.37,152.37
150.5,150.5
149.12,149.12
147.75,147.75
146.0,146.0
143.87,143.87
141.37,141.37
139.0,139.0
137.0,137.0
135.37,135.37
133.87,133.87
133.0,133.0
131.5,131.5
129.75,129.75
128.37,128.37
127.62,127.62
128.12,128.12
129.62,129.62
131.0,131.0
131.75,131.75
131.12,131.12
129.25,129.25
127.12,127.12
125.0,125.0
122.87,122.87
120.81,120.81
117.69,117.69
114.31,114.31
110.94,110.94
108.62,108.62
107.06,107.06
106.0,106.0
104.87,104.87
103.56,103.56
101.19,101.19
97.62,97.62
92.56,92.56
86.25,86.25
80.0,80.0
74.56,74.56
71.19,71.19
69.75,69.75
69.37,69.37
69.5,69.5
69.37,69.37
68.44,68.44
66.75,66.75
65.12,65.12
63.44,63.44
62.31,62.31
61.63,61.63
61.5,61.5
61.31,61.31
61.44,61.44
61.5,61.5
61.56,61.56
61.63,61.63
61.38,61.38
61.69,61.69
61.94,61.94
61.69,61.69
61.44,61.44
60.44,60.44
59.19,59.19
57.69,57.69
56.19,56.19
54.5,54.5
52.75,52.75
50.75,50.75
49.31,49.31
48.88,48.88
48.88,48.88
49.69,49.69
50.44,50.44
50.19,50.19
49.19,49.19
47.19,47.19
44.94,44.94
43.69,43.69
43.5,43.5
44.25,44.25
45.0,45.0
45.25,45.25
44.5,44.5
43.75,43.75
42.94,42.94
42.19,42.19
41.69,41.69
40.44,40.44
38.69,38.69
36.44,36.44
34.19,34.19
32.44,32.44
31.5,31.5
31.06,31.06
31.12,31.12
31.87,31.87
32.94,32.94
33.94,33.94
34.44,34.44
33.94,33.94
32.44,32.44
30.69,30.69
28.94,28.94
27.94,27.94
27.69,27.69
27.75,27.75
28.0,28.0
28.28,28.28
28.53,28.53
28.78,28.78
28.78,28.78
28.5,28.5
28.0,28.0
27.25,27.25
25.72,25.72
23.97,23.97
21.75,21.75
19.03,19.03
15.56,15.56
11.66,11.66
7.75,7.75
4.16,4.16
1.34,1.34
-0.69,-0.69
-2.97,-2.97
-5.22,-5.22
-7.97,-7.97
-11.41,-11.41
-15.09,-15.09
-17.47,-17.47
-18.09,-18.09
-16.94,-16.94
-15.56,-15.56
-14.69,-14.69
-15.06,-15.06
-16.19,-16.19
-18.03,-18.03
-20.37,-20.37
-22.19,-22.19
-24.23,-24.23
-26.27,-26.27
-29.02,-29.02
-31.98,-31.98
-35.67,-35.67
-40.31,-40.31
-45.42,-45.42
-50.72,-50.72
-55.47,-55.47
-59.16,-59.16
-61.8,-61.8
-63.66,-63.66
-65.0,-65.0
-66.56,-66.56
-67.61,-67.61
-68.62,-68.62
-69.13,-69.13
-69.62,-69.62
-70.34,-70.34
-71.05,-71.05
-72.23,-72.23
-73.15,-73.15
-74.04,-74.04
-74.42,-74.42
-74.53,-74.53
-74.38,-74.38
-73.97,-73.97
-73.55,-73.55
-73.38,-73.38
-73.44,-73.44
-73.75,-73.75
-74.04,-74.04
-74.06,-74.06
-73.83,-73.83
-73.58,-73.58
-73.58,-73.58
-73.57,-73.57
-73.79,-73.79
-74.0,-74.0
-73.95,-73.95
-73.89,-73.89
-73.56,-73.56
-73.73,-73.73
-73.89,-73.89
-74.28,-74.28
-74.41,-74.41
-73.78,-73.78
-72.89,-72.89
-72.0,-72.0
-71.35,-71.35
-71.2,-71.2
-71.54,-71.54
-71.62,-71.62
-71.94,-71.94
-72.23,-72.23
-73.02,-73.02
-74.05,-74.05
-75.3,-75.3
-76.02,-76.02
-76.73,-76.73
-76.92,-76.92
-77.09,-77.09
-77.02,-77.02
-76.66,-76.66
-76.31,-76.31
-75.69,-75.69
-74.58,-74.58
-73.45,-73.45
-72.33,-72.33
-71.7,-71.7
-71.33,-71.33
-71.44,-71.44
-71.8,-71.8
-71.64,-71.64
-71.22,-71.22
-70.05,-70.05
-68.86,-68.86
-67.44,-67.44
-66.02,-66.02
-64.59,-64.59
-63.42,-63.42
-62.5,-62.5
-61.59,-61.59
-60.17,-60.17
-58.5,-58.5
-56.59,-56.59
-54.95,-54.95
-53.8,-53.8
-53.16,-53.16
-53.02,-53.02
-53.88,-53.88
-54.95,-54.95
-55.77,-55.77
-56.08,-56.08
-55.36,-55.36
-54.16,-54.16
-52.69,-52.69
-51.73,-51.73
-52.03,-52.03
-52.81,-52.81
-54.34,-54.34
-55.34,-55.34
-55.81,-55.81
-55.28,-55.28
-54.0,-54.0
-51.97,-51.97
-50.2,-50.2
-48.94,-48.94
-47.69,-47.69
-46.42,-46.42
-45.42,-45.42
-44.94,-44.94
-44.94,-44.94
-44.92,-44.92
-44.91,-44.91
-44.39,-44.39
-43.38,-43.38
-42.09,-42.09
-40.59,-40.59
-39.08,-39.08
-37.33,-37.33
-36.09,-36.09
-35.86,-35.86
-36.38,-36.38
-37.64,-37.64
-38.88,-38.88
-39.84,-39.84
-40.28,-40.28
-40.25,-40.25
-39.69,-39.69
-38.38,-38.38
-36.81,-36.81
-35.28,-35.28
-34.22,-34.22
-33.69,-33.69
-33.41,-33.41
-32.88,-32.88
-32.59,-32.59
-31.81,-31.81
-30.0,-30.0
-27.5,-27.5
-24.5,-24.5
-21.25,-21.25
-18.56,-18.56
-16.62,-16.62
-14.69,-14.69
-13.28,-13.28
-11.91,-11.91
-10.28,-10.28
-8.91,-8.91
-7.53,-7.53
-6.94,-6.94
-7.09,-7.09
-8.25,-8.25
-10.16,-10.16
-11.53,-11.53
-12.14,-12.14
-12.25,-12.25
-11.59,-11.59
-10.95,-10.95
-10.56,-10.56
-10.67,-10.67
-11.28,-11.28
-12.39,-12.39
-13.22,-13.22
-13.31,-13.31
-11.38,-11.38
-7.97,-7.97
-2.84,-2.84
2.48,2.48
7.52,7.52
11.25,11.25
13.2,13.2
13.88,13.88
13.3,13.3
11.97,11.97
10.66,10.66
9.84,9.84
9.55,9.55
9.25,9.25
7.95,7.95
5.67,5.67
2.91,2.91
0.66,0.66
-0.06,-0.06
0.47,0.47
2.0,2.0
3.78,3.78
4.77,4.77
5.02,5.02
5.0,5.0
4.73,4.73
4.72,4.72
4.22,4.22
3.7,3.7
2.7,2.7
2.2,2.2
2.2,2.2
3.22,3.22
5.47,5.47
8.44,8.44
11.39,11.39
13.81,13.81
15.2,15.2
15.34,15.34
14.22,14.22
12.59,12.59
10.75,10.75
8.91,8.91
7.84,7.84
7.28,7.28
6.97,6.97
6.16,6.16
4.11,4.11
0.83,0.83
-3.42,-3.42
-7.39,-7.39
-11.06,-11.06
-13.95,-13.95
-16.56,-16.56
-19.41,-19.41
-22.2,-22.2
-24.73,-24.73
-26.98,-26.98
-28.72,-28.72
-30.17,-30.17
-31.61,-31.61
-32.78,-32.78
-33.69,-33.69
-34.33,-34.33
-34.7,-34.7
-35.08,-35.08
-35.19,-35.19
-34.8,-34.8
-33.41,-33.41
-31.52,-31.52
-30.14,-30.14
-30.27,-30.27
-31.91,-31.91
-33.5,-33.5
-34.09,-34.09
-33.42,-33.42
-32.0,-32.0
-30.84,-30.84
-30.44,-30.44
-31.52,-31.52
-32.84,-32.84
-32.41,-32.41
-27.47,-27.47
-18.81,-18.81
-9.25,-9.25
-1.75,-1.75
3.41,3.41
7.78,7.78
14.11,14.11
23.89,23.89
37.56,37.56
54.86,54.86
75.25,75.25
97.42,97.42
120.89,120.89
144.12,144.12
166.37,166.37
187.16,187.16
205.2,205.2
218.81,218.81
226.02,226.02
226.61,226.61
220.92,220.92
209.25,209.25
193.16,193.16
174.42,174.42
154.84,154.84
137.17,137.17
122.37,122.37
110.95,110.95
101.62,101.62
92.11,92.11
80.92,80.92
67.56,67.56
53.83,53.83
41.95,41.95
32.19,32.19
24.5,24.5
17.39,17.39
8.33,8.33
-4.41,-4.41
-22.52,-22.52
-44.19,-44.19
-66.69,-66.69
-87.19,-87.19
-103.75,-103.75
-117.16,-117.16
-128.19,-128.19
-138.06,-138.06
-147.84,-147.84
-157.28,-157.28
-166.56,-166.56
-175.53,-175.53
-184.37,-184.37
-192.34,-192.34
-200.22,-200.22
-207.5,-207.5
-213.94,-213.94
-220.53,-220.53
-229.03,-229.03
-239.16,-239.16
-247.91,-247.91
-252.03,-252.03
-250.09,-250.09
-244.16,-244.16
-238.69,-238.69
-237.53,-237.53
-242.06,-242.06
-249.28,-249.28
-256.16,-256.16
-259.66,-259.66
-258.37,-258.37
-253.28,-253.28
-246.69,-246.69
-241.39,-241.39
-238.11,-238.11
-236.05,-236.05
-233.73,-233.73
-230.16,-230.16
-225.33,-225.33
-221.0,-221.0
-217.94,-217.94
-217.12,-217.12
-218.78,-218.78
-221.37,-221.37
-223.92,-223.92
-224.67,-224.67
-223.62,-223.62
-221.3,-221.3
-219.22,-219.22
-217.86,-217.86
-217.73,-217.73
-218.34,-218.34
-218.89,-218.89
-218.17,-218.17
-215.91,-215.91
-212.4,-212.4
-208.38,-208.38
-204.37,-204.37
-201.36,-201.36
-199.1,-199.1
-197.08,-197.08
-194.05,-194.05
-190.02,-190.02
-186.25,-186.25
-182.23,-182.23
-176.22,-176.22
-166.99,-166.99
-155.07,-155.07
-142.98,-142.98
-132.48,-132.48
-124.81,-124.81
-118.94,-118.94
-113.36,-113.36
-107.31,-107.31
-100.54,-100.54
-92.83,-92.83
-84.92,-84.92
-76.57,-76.57
-69.54,-69.54
-63.55,-63.55
-57.63,-57.63
-49.73,-49.73
-39.66,-39.66
-28.17,-28.17
-17.28,-17.28
-7.98,-7.98
-0.53,-0.53
4.61,4.61
8.2,8.2
10.78,10.78
13.06,13.06
15.56,15.56
18.31,18.31
21.75,21.75
26.69,26.69
33.06,33.06
40.38,40.38
47.84,47.84
54.78,54.78
60.59,60.59
65.12,65.12
68.87,68.87
72.31,72.31
75.19,75.19
77.28,77.28
78.87,78.87
79.66,79.66
80.94,80.94
82.94,82.94
86.41,86.41
90.34,90.34
93.44,93.44
95.56,95.56
95.37,95.37
93.62,93.62
91.19,91.19
89.5,89.5
89.75,89.75
92.56,92.56
96.81,96.81
101.5,101.5
105.87,105.87
109.94,109.94
114.25,114.25
119.44,119.44
125.12,125.12
130.69,130.69
135.94,135.94
139.87,139.87
143.0,143.0
146.12,146.12
150.62,150.62
157.37,157.37
166.0,166.0
175.25,175.25
183.94,183.94
191.25,191.25
196.75,196.75
201.12,201.12
204.69,204.69
207.69,207.69
210.12,210.12
213.0,213.0
216.62,216.62
220.87,220.87
225.56,225.56
230.69,230.69
235.94,235.94
240.44,240.44
244.5,244.5
248.06,248.06
251.56,251.56
254.5,254.5
256.56,256.56
258.37,258.37
259.31,259.31
260.0,260.0
260.37,260.37
261.0,261.0
261.31,261.31
261.31,261.31
261.5,261.5
262.94,262.94
265.06,265.06
267.37,267.37
269.12,269.12
269.56,269.56
269.25,269.25
268.62,268.62
268.44,268.44
267.94,267.94
266.75,266.75
264.94,264.94
263.12,263.12
262.19,262.19
261.94,261.94
261.94,261.94
261.62,261.62
260.56,260.56
258.31,258.31
255.06,255.06
251.12,251.12
247.25,247.25
243.81,243.81
241.31,241.31
239.62,239.62
238.56,238.56
238.06,238.06
238.69,238.69
240.81,240.81
243.06,243.06
243.56,243.56
240.94,240.94
236.25,236.25
230.94,230.94
226.0,226.0
222.06,222.06
218.5,218.5
214.81,214.81
211.0,211.0
207.12,207.12
203.31,203.31
199.62,199.62
196.37,196.37
193.56,193.56
191.81,191.81
190.87,190.87
190.25,190.25
189.56,189.56
187.94,187.94
185.31,185.31
181.94,181.94
178.94,178.94
176.5,176.5
175.12,175.12
174.75,174.75
175.31,175.31
175.5,175.5
174.37,174.37
171.37,171.37
167.12,167.12
162.37,162.37
157.94,157.94
154.37,154.37
151.56,151.56
148.5,148.5
144.53,144.53
139.12,139.12
132.97,132.97
127.5,127.5
123.19,123.19
120.25,120.25
117.84,117.84
115.19,115.19
112.0,112.0
108.5,108.5
104.87,104.87
100.62,100.62
95.78,95.78
90.59,90.59
85.56,85.56
81.22,81.22
78.12,78.12
76.28,76.28
75.97,75.97
76.03,76.03
75.56,75.56
73.97,73.97
71.37,71.37
68.05,68.05
63.86,63.86
59.2,59.2
54.7,54.7
51.23,51.23
48.42,48.42
45.25,45.25
40.98,40.98
35.23,35.23
28.04,28.04
20.4,20.4
14.09,14.09
9.7,9.7
7.1,7.1
5.02,5.02
2.47,2.47
-1.07,-1.07
-5.07,-5.07
-9.04,-9.04
-12.96,-12.96
-16.61,-16.61
-20.2,-20.2
-23.52,-23.52
-26.31,-26.31
-28.93,-28.93
-31.66,-31.66
-34.61,-34.61
-38.39,-38.39
-43.64,-43.64
-49.59,-49.59
-55.22,-55.22
-59.3,-59.3
-61.69,-61.69
-63.31,-63.31
-65.53,-65.53
-68.97,-68.97
-73.37,-73.37
-78.22,-78.22
-82.91,-82.91
-87.12,-87.12
-90.69,-90.69
-93.06,-93.06
-94.06,-94.06
-94.0,-94.0
-94.06,-94.06
-95.25,-95.25
-98.28,-98.28
-103.0,-103.0
-108.44,-108.44
-113.16,-113.16
-116.09,-116.09
-117.47,-117.47
-119.06,-119.06
-121.87,-121.87
-126.12,-126.12
-130.75,-130.75
-134.75,-134.75
-138.0,-138.0
-140.31,-140.31
-142.31,-142.31
-143.62,-143.62
-144.69,-144.69
-145.56,-145.56
-146.94,-146.94
-149.12,-149.12
-151.94,-151.94
-154.69,-154.69
-156.75,-156.75
-157.87,-157.87
-158.37,-158.37
-158.87,-158.87
-159.37,-159.37
-160.44,-160.44
-161.94,-161.94
-163.75,-163.75
-165.94,-165.94
-168.31,-168.31
-170.5,-170.5
-172.37,-172.37
-173.62,-173.62
-174.06,-174.06
-173.87,-173.87
-173.62,-173.62
-174.0,-174.0
-175.0,-175.0
-176.0,-176.0
-177.06,-177.06
-178.5,-178.5
-180.56,-180.56
-182.25,-182.25
-181.94,-181.94
-179.19,-179.19
-174.5,-174.5
-169.56,-169.56
-165.56,-165.56
-162.69,-162.69
-160.94,-160.94
-159.94,-159.94
-159.44,-159.44
-159.12,-159.12
-159.19,-159.19
-159.81,-159.81
-161.06,-161.06
-162.19,-162.19
-162.12,-162.12
-160.25,-160.25
-157.44,-157.44
-154.94,-154.94
-154.25,-154.25
-155.75,-155.75
-158.87,-158.87
-162.5,-162.5
-165.62,-165.62
-167.94,-167.94
-168.75,-168.75
-169.06,-169.06
-168.94,-168.94
-168.19,-168.19
-166.5,-166.5
-164.25,-164.25
-162.81,-162.81
-163.31,-163.31
-165.81,-165.81
-169.0,-169.0
-171.37,-171.37
-172.44,-172.44
-172.5,-172.5
-172.25,-172.25
-172.0,-172.0
-172.19,-172.19
-172.87,-172.87
-173.56,-173.56
-173.69,-173.69
-172.81,-172.81
-170.37,-170.37
-166.44,-166.44
-162.06,-162.06
-158.62,-158.62
-156.5,-156.5
-155.87,-155.87
-154.69,-154.69
-153.31,-153.31
-151.12,-151.12
-149.94,-149.94
-149.75,-149.75
-150.25,-150.25
-151.0,-151.0
-151.75,-151.75
-151.94,-151.94
-151.62,-151.62
-150.25,-150.25
-148.37,-148.37
-145.75,-145.75
-142.94,-142.94
-139.81,-139.81
-137.44,-137.44
-135.37,-135.37
-134.25,-134.25
-133.87,-133.87
-133.75,-133.75
-132.87,-132.87
-129.94,-129.94
-125.31,-125.31
-120.19,-120.19
-116.56,-116.56
-115.25,-115.25
-115.87,-115.87
-117.0,-117.0
-117.12,-117.12
-115.69,-115.69
-113.06,-113.06
-109.62,-109.62
-105.5,-105.5
-100.62,-100.62
-95.25,-95.25
-89.94,-89.94
-84.94,-84.94
-80.19,-80.19
-76.0,-76.0
-72.56,-72.56
-69.62,-69.62
-67.25,-67.25
-64.37,-64.37
-61.0,-61.0
-57.13,-57.13
-53.31,-53.31
-49.81,-49.81
-46.5,-46.5
-43.5,-43.5
-40.81,-40.81
-39.06,-39.06
-38.38,-38.38
-38.44,-38.44
-39.75,-39.75
-42.5,-42.5
-47.0,-47.0
-53.75,-53.75
-61.88,-61.88
-70.62,-70.62
-79.12,-79.12
-86.5,-86.5
-91.75,-91.75
-95.0,-95.0
-95.94,-95.94
-95.31,-95.31
-94.25,-94.25
-92.87,-92.87
-91.5,-91.5
-89.12,-89.12
-86.31,-86.31
-81.94,-81.94
-75.87,-75.87
-68.37,-68.37
-59.44,-59.44
-49.81,-49.81
-40.75,-40.75
-33.0,-33.0
-26.81,-26.81
-22.25,-22.25
-18.94,-18.94
-16.37,-16.37
-14.59,-14.59
-13.09,-13.09
-10.84,-10.84
-7.59,-7.59
-3.41,-3.41
0.75,0.75
4.87,4.87
8.22,8.22
11.28,11.28
14.06,14.06
16.56,16.56
19.53,19.53
22.97,22.97
27.12,27.12
31.5,31.5
35.56,35.56
38.84,38.84
42.09,42.09
45.28,45.28
48.22,48.22
51.09,51.09
53.44,53.44
55.53,55.53
57.06,57.06
58.34,58.34
59.09,59.09
59.31,59.31
59.06,59.06
58.78,58.78
58.48,58.48
58.19,58.19
58.14,58.14
58.08,58.08
58.27,58.27
58.69,58.69
59.34,59.34
59.48,59.48
59.88,59.88
60.5,60.5
61.36,61.36
62.19,62.19
62.02,62.02
60.33,60.33
57.41,57.41
53.5,53.5
49.61,49.61
46.26,46.26
43.93,43.93
43.86,43.86
45.04,45.04
46.7,46.7
46.59,46.59
44.22,44.22
39.87,39.87
35.05,35.05
31.02,31.02
28.02,28.02
26.54,26.54
26.57,26.57
27.86,27.86
29.62,29.62
30.61,30.61
30.59,30.59
29.57,29.57
28.29,28.29
26.03,26.03
24.04,24.04
23.05,23.05
24.33,24.33
28.59,28.59
37.05,37.05
51.93,51.93
75.43,75.43
107.19,107.19
142.64,142.64
174.51,174.51
196.3,196.3
206.12,206.12
207.06,207.06
202.71,202.71
197.12,197.12
191.31,191.31
183.52,183.52
171.52,171.52
158.36,158.36
151.54,151.54
158.02,158.02
181.15,181.15
218.8,218.8
263.32,263.32
304.65,304.65
333.8,333.8
345.63,345.63
341.31,341.31
326.48,326.48
307.48,307.48
290.11,290.11
276.34,276.34
266.67,266.67
259.3,259.3
252.45,252.45
245.12,245.12
236.58,236.58
227.33,227.33
217.37,217.37
205.98,205.98
191.41,191.41
168.94,168.94
127.16,127.16
51.98,51.98
-60.52,-60.52
-200.98,-200.98
-352.12,-352.12
-496.09,-496.09
-616.91,-616.91
-702.29,-702.29
-747.52,-747.52
-756.24,-756.24
-738.51,-738.51
-707.08,-707.08
-672.33,-672.33
-641.55,-641.55
-616.7,-616.7
-596.73,-596.73
-579.11,-579.11
-561.56,-561.56
-542.84,-542.84
-522.45,-522.45
-501.42,-501.42
-480.52,-480.52
-460.22,-460.22
-440.78,-440.78
-422.47,-422.47
-404.25,-404.25
-386.64,-386.64
-369.14,-369.14
-351.73,-351.73
-334.44,-334.44
-317.5,-317.5
-300.66,-300.66
-284.44,-284.44
-268.56,-268.56
-253.06,-253.06
-237.91,-237.91
-223.09,-223.09
-208.37,-208.37
-193.78,-193.78
-179.53,-179.53
-165.62,-165.62
-151.81,-151.81
-138.62,-138.62
-125.53,-125.53
-112.53,-112.53
-100.16,-100.16
-87.87,-87.87
-75.69,-75.69
-63.81,-63.81
-52.31,-52.31
-40.94,-40.94
-29.87,-29.87
-19.19,-19.19
-8.56,-8.56
1.69,1.69
11.88,11.88
21.69,21.69
31.44,31.44
40.81,40.81
49.88,49.88
58.81,58.81
67.69,67.69
76.25,76.25
84.44,84.44
92.5,92.5
100.5,100.5
108.19,108.19
115.5,115.5
123.0,123.0
129.94,129.94
136.75,136.75
143.5,143.5
149.94,149.94
156.25,156.25
162.5,162.5
168.44,168.44
174.31,174.31
180.06,180.06
185.25,185.25
190.31,190.31
195.31,195.31
200.12,200.12
204.75,204.75
209.25,209.25
213.75,213.75
217.87,217.87
222.0,222.0
226.0,226.0
229.75,229.75
233.12,233.12
236.62,236.62
239.87,239.87
243.37,243.37
246.25,246.25
249.0,249.0
251.75,251.75
254.12,254.12
256.5,256.5
258.87,258.87
260.75,260.75
263.0,263.0
264.87,264.87
266.62,266.62
268.5,268.5
269.87,269.87
271.25,271.25
272.62,272.62
273.62,273.62
274.87,274.87
275.87,275.87
276.5,276.5
277.37,277.37
277.87,277.87
278.37,278.37
278.87,278.87
279.25,279.25
279.37,279.37
279.62,279.62
279.62,279.62
279.37,279.37
279.25,279.25
279.0,279.0
278.75,278.75
278.37,278.37
277.87,277.87
277.12,277.12
276.62,276.62
275.75,275.75
274.87,274.87
274.0,274.0
273.0,273.0
271.87,271.87
270.75,270.75
269.5,269.5
268.25,268.25
266.87,266.87
265.5,265.5
264.12,264.12
262.75,262.75
261.0,261.0
259.25,259.25
257.37,257.37
255.62,255.62
253.75,253.75
251.87,251.87
250.12,250.12
248.12,248.12
246.12,246.12
243.87,243.87
241.75,241.75
239.37,239.37
237.12,237.12
234.87,234.87
232.5,232.5
230.12,230.12
227.75,227.75
225.25,225.25
222.87,222.87
220.37,220.37
217.87,217.87
215.12,215.12
212.62,212.62
209.87,209.87
207.25,207.25
204.5,204.5
201.75,201.75
199.0,199.0
196.25,196.25
193.37,193.37
190.62,190.62
187.75,187.75
184.75,184.75
181.87,181.87
179.0,179.0
176.0,176.0
173.0,173.0
170.0,170.0
167.12,167.12
164.12,164.12
161.12,161.12
158.0,158.0
155.0,155.0
151.87,151.87
148.87,148.87
145.75,145.75
142.69,142.69
139.56,139.56
136.5,136.5
133.44,133.44
130.31,130.31
127.12,127.12
124.06,124.06
120.94,120.94
117.81,117.81
114.69,114.69
111.56,111.56
108.44,108.44
105.37,105.37
102.25,102.25
99.06,99.06
96.0,96.0
92.87,92.87
89.81,89.81
86.69,86.69
83.56,83.56
80.62,80.62
77.5,77.5
74.37,74.37
71.31,71.31
68.25,68.25
65.25,65.25
62.25,62.25
59.31,59.31
56.5,56.5
53.63,53.63
50.69,50.69
47.69,47.69
44.56,44.56
41.5,41.5
38.38,38.38
35.44,35.44
32.5,32.5
29.62,29.62
26.87,26.87
24.09,24.09
21.25,21.25
18.44,18.44
15.63,15.63
12.84,12.84
10.16,10.16
7.5,7.5
4.91,4.91
2.22,2.22
-0.44,-0.44
-3.19,-3.19
-5.91,-5.91
-8.56,-8.56
-11.19,-11.19
-13.78,-13.78
-16.28,-16.28
-18.78,-18.78
-21.22,-21.22
-23.66,-23.66
-26.11,-26.11
-28.56,-28.56
-30.97,-30.97
-33.3,-33.3
-35.66,-35.66
-37.98,-37.98
-40.23,-40.23
-42.51,-42.51
-44.77,-44.77
-46.98,-46.98
-49.19,-49.19
-51.29,-51.29
-53.44,-53.44
-55.55,-55.55
-57.64,-57.64
-59.7,-59.7
-61.73,-61.73
-63.74,-63.74
-65.71,-65.71
-67.66,-67.66
-69.58,-69.58
-71.47,-71.47
-73.28,-73.28
-75.11,-75.11
-76.92,-76.92
-78.7,-78.7
-80.48,-80.48
-82.17,-82.17
-83.87,-83.87
-85.53,-85.53
-87.17,-87.17
-88.78,-88.78
-90.37,-90.37
-91.89,-91.89
-93.42,-93.42
-94.92,-94.92
-96.41,-96.41
-97.81,-97.81
-99.22,-99.22
-100.53,-100.53
-101.81,-101.81
-103.06,-103.06
-104.28,-104.28
-105.59,-105.59
-106.91,-106.91
-108.25,-108.25
-109.5,-109.5
-110.66,-110.66
-111.78,-111.78
-112.84,-112.84
-113.87,-113.87
-114.91,-114.91
-115.91,-115.91
-116.87,-116.87
-117.78,-117.78
-118.66,-118.66
-119.44,-119.44
-120.28,-120.28
-121.12,-121.12
-122.06,-122.06
-122.91,-122.91
-123.75,-123.75
-124.5,-124.5
-125.19,-125.19
-125.87,-125.87
-126.44,-126.44
-127.06,-127.06
-127.56,-127.56
-128.0,-128.0
-128.5,-128.5
-129.12,-129.12
-129.69,-129.69
-130.25,-130.25
-130.75,-130.75
-131.19,-131.19
-131.56,-131.56
-131.87,-131.87
-132.19,-132.19
-132.5,-132.5
-132.81,-132.81
-133.06,-133.06
-133.31,-133.31
-133.5,-133.5
-133.69,-133.69
-133.87,-133.87
-134.0,-134.0
-134.12,-134.12
-134.19,-134.19
-134.25,-134.25
-134.31,-134.31
-134.31,-134.31
-134.31,-134.31
-134.31,-134.31
-134.25,-134.25
-134.19,-134.19
-134.12,-134.12
-134.0,-134.0
-133.87,-133.87
-133.69,-133.69
-133.56,-133.56
-133.31,-133.31
-133.12,-133.12
-132.87,-132.87
-132.62,-132.62
-132.37,-132.37
-132.06,-132.06
-131.75,-131.75
-131.44,-131.44
-131.06,-131.06
-130.69,-130.69
-130.31,-130.31
-129.87,-129.87
-129.5,-129.5
-129.0,-129.0
-128.56,-128.56
-128.06,-128.06
-127.56,-127.56
-127.06,-127.06
-126.56,-126.56
-126.0,-126.0
-125.44,-125.44
-124.87,-124.87
-124.25,-124.25
-123.69,-123.69
-123.06,-123.06
-122.37,-122.37
-121.75,-121.75
-121.06,-121.06
-120.37,-120.37
-119.69,-119.69
-119.0,-119.0
-118.25,-118.25
-117.5,-117.5
-116.75,-116.75
-116.0,-116.0
-115.25,-115.25
-114.44,-114.44
-113.62,-113.62
-112.81,-112.81
-112.0,-112.0
-111.19,-111.19
-110.31,-110.31
-109.5,-109.5
-108.62,-108.62
-107.75,-107.75
-106.87,-106.87
-105.94,-105.94
-105.06,-105.06
-104.12,-104.12
-103.19,-103.19
-102.25,-102.25
-101.31,-101.31
-100.37,-100.37
-99.37,-99.37
-98.44,-98.44
-97.44,-97.44
-96.44,-96.44
-95.5,-95.5
-94.5,-94.5
-93.44,-93.44
-92.44,-92.44
-91.44,-91.44
-90.44,-90.44
-89.37,-89.37
-88.31,-88.31
-87.31,-87.31
-86.25,-86.25
-85.19,-85.19
-84.12,-84.12
-83.06,-83.06
-82.0,-82.0
-80.94,-80.94
-79.87,-79.87
-78.75,-78.75
-77.69,-77.69
-76.56,-76.56
-75.5,-75.5
-74.37,-74.37
-73.31,-73.31
-72.19,-72.19
-71.12,-71.12
-70.0,-70.0
-68.87,-68.87
-67.81,-67.81
-66.69,-66.69
-65.56,-65.56
-64.44,-64.44
-63.31,-63.31
-62.19,-62.19
-61.13,-61.13
-60.0,-60.0
-58.88,-58.88
-57.69,-57.69
-56.5,-56.5
-55.31,-55.31
-54.13,-54.13
-53.06,-53.06
-52.06,-52.06
-51.06,-51.06
-50.0,-50.0
-48.94,-48.94
-47.81,-47.81
-46.69,-46.69
-45.56,-45.56
-44.44,-44.44
-43.31,-43.31
-42.19,-42.19
-41.13,-41.13
-40.0,-40.0
-38.94,-38.94
-37.81,-37.81
-36.75,-36.75
-35.69,-35.69
-34.56,-34.56
-33.5,-33.5
-32.44,-32.44
-31.37,-31.37
-30.31,-30.31
-29.25,-29.25
-28.19,-28.19
-27.12,-27.12
-26.06,-26.06
-25.0,-25.0
-24.0,-24.0
-22.94,-22.94
-21.94,-21.94
-20.87,-20.87
-19.87,-19.87
-18.81,-18.81
-17.81,-17.81
-16.81,-16.81
-15.81,-15.81
-14.84,-14.84
-13.84,-13.84
-12.84,-12.84
-11.88,-11.88
-10.91,-10.91
-9.94,-9.94
-9.0,-9.0
-8.03,-8.03
-7.09,-7.09
-6.09,-6.09
-5.09,-5.09
-4.09,-4.09
-3.12,-3.12
-2.25,-2.25
-1.44,-1.44
-0.62,-0.62
0.19,0.19
1.03,1.03
1.91,1.91
2.78,2.78
3.69,3.69
4.56,4.56
5.41,5.41
6.25,6.25
7.06,7.06
7.87,7.87
8.69,8.69
9.5,9.5
10.31,10.31
11.09,11.09
11.88,11.88
12.66,12.66
13.41,13.41
14.19,14.19
14.94,14.94
15.66,15.66
16.41,16.41
17.12,17.12
17.84,17.84
18.56,18.56
19.25,19.25
19.94,19.94
20.62,20.62
21.31,21.31
22.02,22.02
22.75,22.75
23.48,23.48
24.16,24.16
24.75,24.75
25.28,25.28
25.8,25.8
26.31,26.31
26.87,26.87
27.47,27.47
28.08,28.08
28.67,28.67
29.25,29.25
29.8,29.8
30.34,30.34
30.86,30.86
31.37,31.37
31.89,31.89
32.39,32.39
32.89,32.89
33.38,33.38
33.87,33.87
34.34,34.34
34.8,34.8
35.25,35.25
35.7,35.7
36.13,36.13
36.55,36.55
36.97,36.97
37.38,37.38
37.78,37.78
38.21,38.21
38.68,38.68
39.18,39.18
39.66,39.66
40.07,40.07
40.36,40.36
40.56,40.56
40.72,40.72
40.91,40.91
41.15,41.15
41.44,41.44
41.76,41.76
42.09,42.09
42.4,42.4
42.68,42.68
42.94,42.94
43.18,43.18
43.41,43.41
43.64,43.64
43.87,43.87
44.09,44.09
44.3,44.3
44.51,44.51
44.71,44.71
44.89,44.89
45.07,45.07
45.24,45.24
45.4,45.4
45.55,45.55
45.71,45.71
45.91,45.91
46.43,46.43
48.11,48.11
52.45,52.45
61.06,61.06
74.67,74.67
92.49,92.49
112.44,112.44
131.98,131.98
149.15,149.15
163.31,163.31
175.17,175.17
185.87,185.87
196.2,196.2
206.25,206.25
215.72,215.72
224.55,224.55
233.12,233.12
241.78,241.78
250.45,250.45
258.59,258.59
265.68,265.68
271.5,271.5
275.96,275.96
278.83,278.83
279.84,279.84
279.14,279.14
277.31,277.31
274.94,274.94
272.23,272.23
268.95,268.95
264.7,264.7
259.19,259.19
252.36,252.36
244.64,244.64
236.97,236.97
230.48,230.48
225.95,225.95
223.42,223.42
222.31,222.31
221.71,221.71
220.76,220.76
218.71,218.71
215.22,215.22
210.39,210.39
204.7,204.7
198.51,198.51
192.08,192.08
185.67,185.67
179.49,179.49
173.73,173.73
168.57,168.57
164.17,164.17
160.46,160.46
156.9,156.9
152.78,152.78
147.74,147.74
142.1,142.1
136.51,136.51
131.13,131.13
125.66,125.66
119.66,119.66
112.82,112.82
105.27,105.27
97.37,97.37
89.49,89.49
82.27,82.27
76.01,76.01
70.95,70.95
66.67,66.67
62.09,62.09
56.16,56.16
48.48,48.48
39.34,39.34
29.36,29.36
19.17,19.17
9.75,9.75
2.02,2.02
-3.02,-3.02
-5.3,-5.3
-5.55,-5.55
-4.86,-4.86
-4.11,-4.11
-3.94,-3.94
-4.39,-4.39
-5.66,-5.66
-8.38,-8.38
-13.34,-13.34
-20.53,-20.53
-28.56,-28.56
-35.72,-35.72
-41.19,-41.19
-44.94,-44.94
-47.94,-47.94
-50.75,-50.75
-54.28,-54.28
-58.84,-58.84
-64.31,-64.31
-70.06,-70.06
-75.75,-75.75
-80.91,-80.91
-85.59,-85.59
-90.0,-90.0
-94.22,-94.22
-98.5,-98.5
-103.06,-103.06
-107.59,-107.59
-111.78,-111.78
-115.16,-115.16
-117.19,-117.19
-117.53,-117.53
-117.0,-117.0
-116.87,-116.87
-118.25,-118.25
-121.22,-121.22
-124.87,-124.87
-128.75,-128.75
-131.97,-131.97
-134.44,-134.44
-136.06,-136.06
-137.37,-137.37
-139.12,-139.12
-141.75,-141.75
-145.19,-145.19
-148.56,-148.56
-151.81,-151.81
-154.44,-154.44
-156.94,-156.94
-158.87,-158.87
-159.87,-159.87
-160.0,-160.0
-159.62,-159.62
-159.56,-159.56
-160.31,-160.31
-162.37,-162.37
-165.19,-165.19
-168.37,-168.37
-171.12,-171.12
-172.94,-172.94
-173.44,-173.44
-173.31,-173.31
-173.37,-173.37
-174.94,-174.94
-178.0,-178.0
-181.81,-181.81
-185.75,-185.75
-188.69,-188.69
-190.5,-190.5
-190.87,-190.87
-190.19,-190.19
-188.87,-188.87
-187.69,-187.69
-187.06,-187.06
-186.94,-186.94
-186.94,-186.94
-186.12,-186.12
-184.31,-184.31
-182.31,-182.31
-181.0,-181.0
-180.25,-180.25
-180.12,-180.12
-180.37,-180.37
-180.44,-180.44
-180.06,-180.06
-179.0,-179.0
-177.37,-177.37
-174.94,-174.94
-171.69,-171.69
-167.81,-167.81
-163.19,-163.19
-158.81,-158.81
-155.56,-155.56
-154.25,-154.25
-155.37,-155.37
-158.75,-158.75
-163.56,-163.56
-168.81,-168.81
-172.75,-172.75
-175.06,-175.06
-175.37,-175.37
-174.69,-174.69
-173.44,-173.44
-171.94,-171.94
-170.12,-170.12
-167.37,-167.37
-164.37,-164.37
-160.81,-160.81
-157.31,-157.31
-154.06,-154.06
-151.06,-151.06
-147.56,-147.56
-143.31,-143.31
-137.56,-137.56
-130.37,-130.37
-121.75,-121.75
-112.66,-112.66
-103.66,-103.66
-95.69,-95.69
-89.56,-89.56
-85.19,-85.19
-82.37,-82.37
-80.56,-80.56
-79.5,-79.5
-78.94,-78.94
-78.12,-78.12
-76.06,-76.06
-71.75,-71.75
-65.72,-65.72
-59.47,-59.47
-53.28,-53.28
-46.41,-46.41
-38.56,-38.56
-29.03,-29.03
-18.09,-18.09
-6.5,-6.5
4.72,4.72
13.59,13.59
18.91,18.91
20.16,20.16
18.37,18.37
15.13,15.13
13.16,13.16
17.19,17.19
34.44,34.44
70.78,70.78
126.78,126.78
194.75,194.75
260.31,260.31
310.5,310.5
337.66,337.66
342.28,342.28
330.31,330.31
310.41,310.41
290.12,290.12
273.73,273.73
262.47,262.47
254.5,254.5
248.31,248.31
241.41,241.41
233.27,233.27
223.92,223.92
214.12,214.12
204.39,204.39
195.22,195.22
186.59,186.59
178.52,178.52
170.98,170.98
163.25,163.25
155.81,155.81
148.17,148.17
140.83,140.83
133.52,133.52
126.52,126.52
119.56,119.56
112.89,112.89
106.53,106.53
100.2,100.2
93.91,93.91
87.67,87.67
81.72,81.72
76.06,76.06
70.19,70.19
62.88,62.88
51.11,51.11
29.44,29.44
-5.28,-5.28
-53.19,-53.19
-107.91,-107.91
-161.59,-161.59
-208.78,-208.78
-248.25,-248.25
-282.06,-282.06
-312.28,-312.28
-339.17,-339.17
-362.02,-362.02
-379.86,-379.86
-390.97,-390.97
-395.67,-395.67
-395.77,-395.77
-394.56,-394.56
-392.8,-392.8
-390.25,-390.25
-384.91,-384.91
-375.06,-375.06
-361.25,-361.25
-344.51,-344.51
-325.36,-325.36
-304.84,-304.84
-283.22,-283.22
-260.5,-260.5
-236.95,-236.95
-212.33,-212.33
-186.14,-186.14
-161.17,-161.17
-140.16,-140.16
-124.06,-124.06
-111.85,-111.85
-100.72,-100.72
-87.69,-87.69
-72.26,-72.26
-55.96,-55.96
-41.29,-41.29
-31.76,-31.76
-28.06,-28.06
-29.64,-29.64
-35.2,-35.2
-42.96,-42.96
-51.64,-51.64
-58.72,-58.72
-62.49,-62.49
-63.96,-63.96
-65.66,-65.66
-69.09,-69.09
-73.47,-73.47
-77.3,-77.3
-79.84,-79.84
-81.33,-81.33
-83.31,-83.31
-86.25,-86.25
-89.91,-89.91
-92.75,-92.75
-93.58,-93.58
-91.61,-91.61
-88.42,-88.42
-86.23,-86.23
-85.8,-85.8
-86.37,-86.37
-85.14,-85.14
-81.19,-81.19
-75.0,-75.0
-68.37,-68.37
-63.03,-63.03
-58.97,-58.97
-55.47,-55.47
-51.22,-51.22
-45.75,-45.75
-40.31,-40.31
-37.44,-37.44
-37.84,-37.84
-39.72,-39.72
-40.56,-40.56
-38.16,-38.16
-32.78,-32.78
-25.94,-25.94
-19.66,-19.66
-13.91,-13.91
-7.97,-7.97
-1.34,-1.34
5.47,5.47
10.75,10.75
14.16,14.16
15.38,15.38
16.0,16.0
16.94,16.94
18.81,18.81
21.69,21.69
26.0,26.0
31.56,31.56
36.81,36.81
41.25,41.25
46.63,46.63
54.0,54.0
63.25,63.25
72.12,72.12
79.0,79.0
82.75,82.75
84.44,84.44
85.12,85.12
84.75,84.75
84.37,84.37
84.56,84.56
86.44,86.44
90.25,90.25
95.81,95.81
102.25,102.25
108.19,108.19
111.5,111.5
112.06,112.06
110.06,110.06
107.81,107.81
107.87,107.87
110.62,110.62
115.56,115.56
120.19,120.19
122.06,122.06
120.62,120.62
117.12,117.12
112.69,112.69
108.81,108.81
106.37,106.37
106.0,106.0
107.12,107.12
108.69,108.69
110.25,110.25
111.75,111.75
114.44,114.44
118.62,118.62
122.75,122.75
125.37,125.37
125.62,125.62
125.62,125.62
126.69,126.69
129.37,129.37
133.0,133.0
136.12,136.12
137.75,137.75
138.25,138.25
137.5,137.5
135.25,135.25
131.25,131.25
126.5,126.5
121.0,121.0
115.12,115.12
109.37,109.37
104.5,104.5
101.0,101.0
98.37,98.37
95.87,95.87
91.75,91.75
86.5,86.5
80.75,80.75
77.12,77.12
76.37,76.37
79.0,79.0
83.75,83.75
88.5,88.5
92.37,92.37
94.75,94.75
95.37,95.37
94.87,94.87
95.12,95.12
98.25,98.25
104.25,104.25
111.62,111.62
119.25,119.25
125.75,125.75
131.87,131.87
138.75,138.75
146.75,146.75
155.37,155.37
163.75,163.75
171.62,171.62
178.25,178.25
183.25,183.25
187.25,187.25
190.37,190.37
194.25,194.25
199.5,199.5
205.37,205.37
210.25,210.25
212.0,212.0
209.25,209.25
203.0,203.0
195.25,195.25
188.5,188.5
184.62,184.62
184.75,184.75
187.75,187.75
193.0,193.0
198.62,198.62
204.75,204.75
211.0,211.0
217.62,217.62
224.0,224.0
228.5,228.5
230.87,230.87
231.5,231.5
231.75,231.75
232.5,232.5
234.25,234.25
236.62,236.62
238.75,238.75
240.12,240.12
240.37,240.37
239.62,239.62
237.75,237.75
235.12,235.12
232.12,232.12
229.5,229.5
226.62,226.62
222.25,222.25
215.62,215.62
207.87,207.87
200.5,200.5
195.75,195.75
193.5,193.5
194.0,194.0
196.25,196.25
198.37,198.37
198.75,198.75
197.12,197.12
195.0,195.0
193.75,193.75
194.25,194.25
195.75,195.75
198.0,198.0
200.12,200.12
200.75,200.75
199.62,199.62
197.62,197.62
195.5,195.5
193.5,193.5
192.75,192.75
192.75,192.75
192.75,192.75
190.69,190.69
186.62,186.62
181.56,181.56
177.25,177.25
174.25,174.25
172.5,172.5
171.19,171.19
170.12,170.12
169.31,169.31
168.75,168.75
167.12,167.12
163.75,163.75
159.44,159.44
154.31,154.31
149.75,149.75
146.69,146.69
145.44,145.44
145.62,145.62
145.25,145.25
143.69,143.69
139.56,139.56
132.75,132.75
123.94,123.94
114.94,114.94
107.56,107.56
102.69,102.69
99.81,99.81
96.75,96.75
92.44,92.44
86.62,86.62
80.62,80.62
75.19,75.19
71.0,71.0
67.37,67.37
64.75,64.75
62.63,62.63
62.56,62.56
64.69,64.69
69.81,69.81
77.87,77.87
88.34,88.34
99.22,99.22
107.72,107.72
111.12,111.12
109.47,109.47
103.59,103.59
95.75,95.75
87.69,87.69
80.22,80.22
72.03,72.03
61.91,61.91
50.13,50.13
37.94,37.94
27.12,27.12
18.62,18.62
11.47,11.47
4.62,4.62
-3.41,-3.41
-13.11,-13.11
-24.48,-24.48
-36.5,-36.5
-48.14,-48.14
-59.17,-59.17
-70.09,-70.09
-81.41,-81.41
-93.35,-93.35
-105.18,-105.18
-115.63,-115.63
-124.21,-124.21
-131.45,-131.45
-138.86,-138.86
-147.17,-147.17
-157.14,-157.14
-168.24,-168.24
-179.71,-179.71
-190.06,-190.06
-197.28,-197.28
-200.9,-200.9
-201.71,-201.71
-201.73,-201.73
-202.23,-202.23
-203.69,-203.69
-205.34,-205.34
-206.47,-206.47
-206.53,-206.53
-205.83,-205.83
-204.59,-204.59
-202.84,-202.84
-200.33,-200.33
-196.81,-196.81
-192.53,-192.53
-187.78,-187.78
-183.78,-183.78
-180.78,-180.78
-177.81,-177.81
-174.81,-174.81
-171.59,-171.59
-168.84,-168.84
-167.87,-167.87
-168.37,-168.37
-171.09,-171.09
-175.25,-175.25
-180.37,-180.37
-185.16,-185.16
-189.84,-189.84
-193.75,-193.75
-196.81,-196.81
-198.09,-198.09
-197.06,-197.06
-193.25,-193.25
-187.22,-187.22
-179.94,-179.94
-172.47,-172.47
-166.03,-166.03
-160.66,-160.66
-156.03,-156.03
-151.66,-151.66
-146.81,-146.81
-141.25,-141.25
-135.47,-135.47
-130.44,-130.44
-125.75,-125.75
-120.81,-120.81
-115.87,-115.87
-110.19,-110.19
-104.31,-104.31
-99.25,-99.25
-94.94,-94.94
-91.94,-91.94
-90.44,-90.44
-88.69,-88.69
-85.69,-85.69
-79.94,-79.94
-72.0,-72.0
-62.81,-62.81
-54.0,-54.0
-47.06,-47.06
-42.13,-42.13
-39.94,-39.94
-39.56,-39.56
-41.19,-41.19
-43.0,-43.0
-44.31,-44.31
-43.38,-43.38
-40.94,-40.94
-38.0,-38.0
-35.38,-35.38
-33.94,-33.94
-34.06,-34.06
-35.44,-35.44
-37.31,-37.31
-38.63,-38.63
-39.19,-39.19
-38.69,-38.69
-37.75,-37.75
-35.81,-35.81
-33.31,-33.31
-30.44,-30.44
-27.0,-27.0
-23.37,-23.37
-20.0,-20.0
-16.69,-16.69
-13.19,-13.19
-9.63,-9.63
-6.19,-6.19
-2.94,-2.94
-0.06,-0.06
2.87,2.87
5.75,5.75
8.06,8.06
9.88,9.88
10.94,10.94
11.75,11.75
13.0,13.0
16.25,16.25
21.5,21.5
27.19,27.19
32.56,32.56
36.88,36.88
39.94,39.94
41.44,41.44
42.13,42.13
41.63,41.63
40.31,40.31
38.31,38.31
36.0,36.0
33.25,33.25
31.0,31.0
29.56,29.56
28.56,28.56
27.37,27.37
25.19,25.19
21.5,21.5
16.87,16.87
11.5,11.5
5.44,5.44
-0.81,-0.81
-7.56,-7.56
-13.69,-13.69
-19.0,-19.0
-23.56,-23.56
-27.31,-27.31
-30.25,-30.25
-33.13,-33.13
-35.81,-35.81
-38.88,-38.88
-42.44,-42.44
-46.75,-46.75
-51.5,-51.5
-56.44,-56.44
-61.06,-61.06
-65.62,-65.62
-70.37,-70.37
-75.62,-75.62
-81.06,-81.06
-86.37,-86.37
-90.69,-90.69
-93.94,-93.94
-96.12,-96.12
-97.5,-97.5
-99.69,-99.69
-103.0,-103.0
-107.56,-107.56
-111.81,-111.81
-115.25,-115.25
-117.62,-117.62
-119.5,-119.5
-121.31,-121.31
-123.56,-123.56
-126.81,-126.81
-130.25,-130.25
-134.62,-134.62
-139.75,-139.75
-145.25,-145.25
-150.44,-150.44
-155.56,-155.56
-160.12,-160.12
-164.56,-164.56
-169.0,-169.0
-173.37,-173.37
-177.37,-177.37
-180.62,-180.62
-183.5,-183.5
-185.87,-185.87
-187.94,-187.94
-189.44,-189.44
-190.19,-190.19
-189.87,-189.87
-188.56,-188.56
-186.19,-186.19
-183.31,-183.31
-180.69,-180.69
-178.56,-178.56
-176.94,-176.94
-175.06,-175.06
-172.94,-172.94
-171.0,-171.0
-169.87,-169.87
-168.94,-168.94
-168.5,-168.5
-167.75,-167.75
-167.06,-167.06
-166.06,-166.06
-165.5,-165.5
-165.0,-165.0
-164.69,-164.69
-163.87,-163.87
-162.5,-162.5
-161.37,-161.37
-160.25,-160.25
-159.37,-159.37
-159.0,-159.0
-158.81,-158.81
-159.12,-159.12
-159.12,-159.12
-159.12,-159.12
-158.87,-158.87
-159.06,-159.06
-159.25,-159.25
-159.62,-159.62
-159.5,-159.5
-158.62,-158.62
-157.19,-157.19
-155.56,-155.56
-153.87,-153.87
-152.19,-152.19
-150.5,-150.5
-148.25,-148.25
-145.81,-145.81
-143.37,-143.37
-141.37,-141.37
-139.69,-139.69
-138.25,-138.25
-136.25,-136.25
-133.75,-133.75
-131.31,-131.31
-129.06,-129.06
-127.62,-127.62
-126.62,-126.62
-125.94,-125.94
-125.44,-125.44
-124.62,-124.62
-123.12,-123.12
-121.37,-121.37
-119.06,-119.06
-117.06,-117.06
-115.5,-115.5
-114.5,-114.5
-112.94,-112.94
-110.69,-110.69
-107.12,-107.12
-103.12,-103.12
-99.62,-99.62
-97.87,-97.87
-97.12,-97.12
-96.12,-96.12
-93.87,-93.87
-90.94,-90.94
-88.69,-88.69
-87.94,-87.94
-89.0,-89.0
-92.0,-92.0
-95.94,-95.94
-99.87,-99.87
-103.72,-103.72
-106.53,-106.53
-108.53,-108.53
-108.78,-108.78
-107.5,-107.5
-105.44,-105.44
-102.91,-102.91
-100.37,-100.37
-97.34,-97.34
-93.84,-93.84
-89.34,-89.34
-84.12,-84.12
-78.47,-78.47
-72.56,-72.56
-66.22,-66.22
-60.41,-60.41
-54.41,-54.41
-48.72,-48.72
-42.78,-42.78
-37.19,-37.19
-31.86,-31.86
-26.33,-26.33
-20.34,-20.34
-13.92,-13.92
-7.05,-7.05
-0.23,-0.23
5.77,5.77
10.47,10.47
14.61,14.61
18.97,18.97
23.53,23.53
28.8,28.8
34.52,34.52
40.44,40.44
45.78,45.78
49.83,49.83
51.83,51.83
52.55,52.55
52.51,52.51
52.72,52.72
53.66,53.66
56.33,56.33
60.47,60.47
65.82,65.82
71.61,71.61
77.09,77.09
81.49,81.49
84.85,84.85
86.92,86.92
88.45,88.45
89.71,89.71
90.69,90.69
91.4,91.4
91.83,91.83
91.5,91.5
90.67,90.67
89.31,89.31
87.47,87.47
85.12,85.12
83.3,83.3
82.2,82.2
82.62,82.62
84.77,84.77
88.64,88.64
93.72,93.72
99.47,99.47
105.16,105.16
110.28,110.28
114.34,114.34
117.84,117.84
120.81,120.81
123.72,123.72
126.06,126.06
128.16,128.16
129.44,129.44
130.94,130.94
132.66,132.66
134.84,134.84
137.72,137.72
140.84,140.84
143.87,143.87
146.62,146.62
148.81,148.81
150.0,150.0
150.87,150.87
151.72,151.72
152.28,152.28
152.81,152.81
153.06,153.06
153.28,153.28
154.0,154.0
154.69,154.69
155.06,155.06
154.94,154.94
154.81,154.81
155.12,155.12
155.94,155.94
156.94,156.94
158.19,158.19
159.12,159.12
159.81,159.81
160.44,160.44
161.0,161.0
161.37,161.37
161.12,161.12
160.94,160.94
160.69,160.69
160.19,160.19
159.87,159.87
159.31,159.31
158.75,158.75
157.62,157.62
156.06,156.06
153.69,153.69
150.81,150.81
148.19,148.19
146.56,146.56
145.94,145.94
145.81,145.81
145.87,145.87
145.19,145.19
144.0,144.0
142.06,142.06
139.81,139.81
137.37,137.37
134.69,134.69
131.94,131.94
129.25,129.25
126.06,126.06
122.87,122.87
119.69,119.69
117.0,117.0
114.37,114.37
111.94,111.94
109.56,109.56
106.69,106.69
103.31,103.31
98.94,98.94
94.31,94.31
90.5,90.5
88.0,88.0
86.94,86.94
87.37,87.37
88.12,88.12
88.5,88.5
88.69,88.69
88.56,88.56
88.44,88.44
88.56,88.56
88.44,88.44
88.5,88.5
88.12,88.12
87.69,87.69
87.25,87.25
87.0,87.0
86.81,86.81
86.62,86.62
86.62,86.62
86.62,86.62
86.37,86.37
85.81,85.81
85.06,85.06
84.25,84.25
83.75,83.75
83.19,83.19
82.62,82.62
81.81,81.81
80.75,80.75
79.44,79.44
77.62,77.62
75.56,75.56
74.0,74.0
72.94,72.94
72.37,72.37
72.06,72.06
71.5,71.5
70.44,70.44
68.56,68.56
66.75,66.75
64.94,64.94
63.88,63.88
63.81,63.81
64.25,64.25
64.44,64.44
63.63,63.63
61.75,61.75
58.94,58.94
56.63,56.63
54.81,54.81
54.0,54.0
53.19,53.19
52.63,52.63
52.13,52.13
51.56,51.56
51.25,51.25
50.94,50.94
51.63,51.63
53.5,53.5
56.69,56.69
60.5,60.5
63.31,63.31
64.12,64.12
63.13,63.13
60.88,60.88
57.63,57.63
54.44,54.44
51.0,51.0
47.84,47.84
45.19,45.19
42.31,42.31
39.72,39.72
37.13,37.13
35.06,35.06
32.75,32.75
29.97,29.97
25.94,25.94
21.19,21.19
16.5,16.5
12.59,12.59
10.47,10.47
9.63,9.63
9.78,9.78
9.91,9.91
9.56,9.56
8.47,8.47
7.12,7.12
5.28,5.28
3.47,3.47
1.66,1.66
0.13,0.13
-1.12,-1.12
-1.91,-1.91
-1.66,-1.66
-0.66,-0.66
0.59,0.59
0.81,0.81
0.28,0.28
-0.97,-0.97
-2.75,-2.75
-4.22,-4.22
-4.97,-4.97
-5.19,-5.19
-4.91,-4.91
-4.62,-4.62
-4.59,-4.59
-5.31,-5.31
-6.28,-6.28
-7.72,-7.72
-9.16,-9.16
-10.59,-10.59
-11.5,-11.5
-12.41,-12.41
-12.78,-12.78
-12.94,-12.94
-12.31,-12.31
-11.69,-11.69
-11.09,-11.09
-11.22,-11.22
-12.13,-12.13
-13.25,-13.25
-13.88,-13.88
-13.73,-13.73
-13.09,-13.09
-11.95,-11.95
-11.83,-11.83
-12.95,-12.95
-15.56,-15.56
-18.39,-18.39
-21.19,-21.19
-22.97,-22.97
-24.22,-24.22
-24.97,-24.97
-25.7,-25.7
-26.17,-26.17
-26.87,-26.87
-27.33,-27.33
-28.52,-28.52
-30.2,-30.2
-32.11,-32.11
-33.48,-33.48
-33.36,-33.36
-31.97,-31.97
-30.34,-30.34
-29.72,-29.72
-30.36,-30.36
-32.23,-32.23
-34.83,-34.83
-37.4,-37.4
-39.45,-39.45
-40.71,-40.71
-41.21,-41.21
-41.2,-41.2
-41.19,-41.19
-41.16,-41.16
-41.38,-41.38
-41.09,-41.09
-41.05,-41.05
-41.01,-41.01
-41.2,-41.2
-42.15,-42.15
-42.57,-42.57
-42.98,-42.98
-42.64,-42.64
-41.79,-41.79
-40.44,-40.44
-39.1,-39.1
-38.26,-38.26
-37.43,-37.43
-37.35,-37.35
-37.51,-37.51
-37.67,-37.67
-38.07,-38.07
-37.96,-37.96
-37.59,-37.59
-36.72,-36.72
-35.61,-35.61
-34.75,-34.75
-33.89,-33.89
-33.54,-33.54
-33.18,-33.18
-32.82,-32.82
-32.21,-32.21
-31.6,-31.6
-30.99,-30.99
-30.89,-30.89
-31.53,-31.53
-32.65,-32.65
-33.02,-33.02
-32.87,-32.87
-31.72,-31.72
-30.33,-30.33
-28.69,-28.69
-27.57,-27.57
-26.45,-26.45
-26.09,-26.09
-25.72,-25.72
-25.61,-25.61
-25.49,-25.49
-25.62,-25.62
-26.25,-26.25
-27.62,-27.62
-29.21,-29.21
-30.3,-30.3
-29.86,-29.86
-28.43,-28.43
-26.25,-26.25
-24.59,-24.59
-23.69,-23.69
-23.55,-23.55
-23.9,-23.9
-24.5,-24.5
-24.59,-24.59
-24.67,-24.67
-24.75,-24.75
-25.32,-25.32
-26.14,-26.14
-26.69,-26.69
-26.98,-26.98
-27.02,-27.02
-27.3,-27.3
-27.59,-27.59
-27.85,-27.85
-28.37,-28.37
-28.62,-28.62
-29.12,-29.12
-29.36,-29.36
-29.59,-29.59
-29.57,-29.57
-29.04,-29.04
-27.76,-27.76
-25.49,-25.49
-22.73,-22.73
-19.75,-19.75
-17.3,-17.3
-15.61,-15.61
-15.43,-15.43
-15.76,-15.76
-16.33,-16.33
-17.14,-17.14
-18.69,-18.69
-20.47,-20.47
-21.98,-21.98
-23.48,-23.48
-24.22,-24.22
-24.69,-24.69
-25.4,-25.4
-26.35,-26.35
-27.54,-27.54
-28.71,-28.71
-29.87,-29.87
-31.27,-31.27
-32.89,-32.89
-34.75,-34.75
-35.84,-35.84
-36.15,-36.15
-36.21,-36.21
-36.52,-36.52
-36.81,-36.81
-37.36,-37.36
-37.38,-37.38
-37.16,-37.16
-36.42,-36.42
-35.44,-35.44
-34.72,-34.72
-34.48,-34.48
-34.5,-34.5
-34.77,-34.77
-35.53,-35.53
-36.53,-36.53
-37.5,-37.5
-38.22,-38.22
-38.42,-38.42
-38.13,-38.13
-36.81,-36.81
-35.52,-35.52
-34.22,-34.22
-33.44,-33.44
-32.91,-32.91
-32.61,-32.61
-32.08,-32.08
-31.8,-31.8
-31.25,-31.25
-30.97,-30.97
-30.67,-30.67
-30.62,-30.62
-30.83,-30.83
-31.03,-31.03
-31.47,-31.47
-32.14,-32.14
-33.06,-33.06
-33.72,-33.72
-33.63,-33.63
-32.52,-32.52
-29.66,-29.66
-25.83,-25.83
-21.52,-21.52
-18.25,-18.25
-16.27,-16.27
-16.05,-16.05
-16.83,-16.83
-17.84,-17.84
-18.59,-18.59
-18.84,-18.84
-18.33,-18.33
-17.58,-17.58
-16.57,-16.57
-16.08,-16.08
-16.09,-16.09
-17.09,-17.09
-18.33,-18.33
-19.05,-19.05
-19.02,-19.02
-18.24,-18.24
-16.96,-16.96
-15.94,-15.94
-15.42,-15.42
-15.41,-15.41
-15.4,-15.4
-15.13,-15.13
-14.87,-14.87
-14.6,-14.6
-13.83,-13.83
-12.57,-12.57
-10.82,-10.82
-9.34,-9.34
-8.61,-8.61
-8.89,-8.89
-10.16,-10.16
-11.68,-11.68
-12.93,-12.93
-14.16,-14.16
-15.13,-15.13
-16.34,-16.34
-17.79,-17.79
-19.22,-19.22
-20.13,-20.13
-18.54,-18.54
-14.95,-14.95
-10.15,-10.15
-6.88,-6.88
-5.4,-5.4
-5.43,-5.43
-5.46,-5.46
-4.73,-4.73
-3.52,-3.52
-2.31,-2.31
-1.37,-1.37
-0.68,-0.68
0.25,0.25
2.17,2.17
5.58,5.58
10.45,10.45
15.78,15.78
20.8,20.8
25.78,25.78
31.21,31.21
38.09,38.09
45.89,45.89
54.62,54.62
63.0,63.0
69.55,69.55
73.04,73.04
73.23,73.23
69.9,69.9
64.59,64.59
58.08,58.08
51.62,51.62
45.45,45.45
39.84,39.84
34.52,34.52
29.49,29.49
24.27,24.27
18.57,18.57
12.93,12.93
8.09,8.09
4.29,4.29
1.53,1.53
-0.71,-0.71
-3.18,-3.18
-5.87,-5.87
-8.55,-8.55
-11.19,-11.19
-13.55,-13.55
-15.41,-15.41
-17.23,-17.23
-19.03,-19.03
-20.82,-20.82
-22.09,-22.09
-23.09,-23.09
-23.33,-23.33
-22.81,-22.81
-21.8,-21.8
-21.05,-21.05
-20.79,-20.79
-21.03,-21.03
-20.77,-20.77
-19.76,-19.76
-18.01,-18.01
-16.26,-16.26
-16.03,-16.03
-17.55,-17.55
-20.81,-20.81
-24.03,-24.03
-26.22,-26.22
-26.88,-26.88
-26.54,-26.54
-25.19,-25.19
-24.1,-24.1
-23.02,-23.02
-22.95,-22.95
-23.37,-23.37
-24.03,-24.03
-24.19,-24.19
-23.84,-23.84
-22.98,-22.98
-21.64,-21.64
-20.55,-20.55
-20.72,-20.72
-21.89,-21.89
-23.54,-23.54
-24.67,-24.67
-24.79,-24.79
-23.9,-23.9
-22.77,-22.77
-21.64,-21.64
-21.02,-21.02
-20.41,-20.41
-19.55,-19.55
-18.19,-18.19
-16.59,-16.59
-14.75,-14.75
-13.43,-13.43
-12.62,-12.62
-12.31,-12.31
-11.75,-11.75
-10.7,-10.7
-9.41,-9.41
-8.13,-8.13
-7.35,-7.35
-7.33,-7.33
-7.56,-7.56
-7.54,-7.54
-7.02,-7.02
-6.0,-6.0
-4.74,-4.74
-2.74,-2.74
-0.51,-0.51
1.45,1.45
2.65,2.65
2.58,2.58
1.26,1.26
-0.29,-0.29
-1.34,-1.34
-0.87,-0.87
0.35,0.35
2.3,2.3
3.73,3.73
4.15,4.15
3.32,3.32
1.74,1.74
0.68,0.68
-0.12,-0.12
0.08,0.08
0.54,0.54
0.74,0.74
0.68,0.68
0.63,0.63
0.83,0.83
1.27,1.27
1.71,1.71
2.4,2.4
3.08,3.08
3.26,3.26
3.93,3.93
4.84,4.84
6.0,6.0
7.14,7.14
8.03,8.03
8.65,8.65
9.52,9.52
10.87,10.87
12.47,12.47
14.04,14.04
15.6,15.6
17.15,17.15
19.17,19.17
21.93,21.93
24.66,24.66
27.61,27.61
29.52,29.52
30.42,30.42
30.55,30.55
29.93,29.93
29.05,29.05
27.94,27.94
26.82,26.82
25.46,25.46
24.62,24.62
23.77,23.77
23.43,23.43
23.09,23.09
23.5,23.5
24.66,24.66
25.54,25.54
25.67,25.67
24.54,24.54
22.92,22.92
21.56,21.56
21.46,21.46
22.1,22.1
23.99,23.99
26.1,26.1
28.45,28.45
30.26,30.26
31.06,31.06
31.09,31.09
30.87,30.87
30.14,30.14
29.42,29.42
28.7,28.7
27.98,27.98
27.77,27.77
28.05,28.05
29.33,29.33
31.09,31.09
32.82,32.82
33.79,33.79
34.25,34.25
34.44,34.44
34.63,34.63
34.06,34.06
32.74,32.74
30.68,30.68
28.88,28.88
27.84,27.84
27.81,27.81
27.78,27.78
27.49,27.49
26.45,26.45
25.16,25.16
23.89,23.89
23.12,23.12
22.36,22.36
21.59,21.59
20.34,20.34
19.09,19.09
17.84,17.84
16.86,16.86
16.39,16.39
16.16,16.16
15.69,15.69
14.71,14.71
13.75,13.75
12.79,12.79
12.34,12.34
12.64,12.64
13.43,13.43
14.22,14.22
15.0,15.0
15.27,15.27
15.53,15.53
15.54,15.54
15.29,15.29
15.3,15.3
15.05,15.05
15.05,15.05
15.05,15.05
15.05,15.05
14.8,14.8
14.29,14.29
14.29,14.29
14.04,14.04
13.54,13.54
12.79,12.79
11.79,11.79
11.05,11.05
11.07,11.07
11.08,11.08
11.35,11.35
11.61,11.61
11.36,11.36
10.61,10.61
9.63,9.63
8.14,8.14
7.17,7.17
7.21,7.21
8.0,8.0
9.03,9.03
9.04,9.04
8.81,8.81
8.08,8.08
7.1,7.1
6.63,6.63
5.91,5.91
5.2,5.2
4.75,4.75
4.29,4.29
4.1,4.1
3.9,3.9
3.7,3.7
3.01,3.01
2.07,2.07
0.89,0.89
0.22,0.22
0.06,0.06
0.64,0.64
1.23,1.23
1.8,1.8
1.62,1.62
0.7,0.7
-0.47,-0.47
-1.13,-1.13
-1.28,-1.28
-1.43,-1.43
-1.33,-1.33
-0.98,-0.98
-0.64,-0.64
-0.29,-0.29
-0.2,-0.2
-0.11,-0.11
-0.27,-0.27
-0.18,-0.18
0.16,0.16
0.75,0.75
1.08,1.08
0.66,0.66
-0.01,-0.01
-0.92,-0.92
-2.08,-2.08
-3.22,-3.22
-4.35,-4.35
-5.47,-5.47
-6.08,-6.08
-6.68,-6.68
-7.03,-7.03
-7.37,-7.37
-7.46,-7.46
-7.29,-7.29
-7.13,-7.13
-7.47,-7.47
-8.05,-8.05
-9.13,-9.13
-9.94,-9.94
-10.5,-10.5
-10.8,-10.8
-10.84,-10.84
-10.63,-10.63
-10.43,-10.43
-10.72,-10.72
-12.01,-12.01
-13.79,-13.79
-15.54,-15.54
-16.29,-16.29
-16.26,-16.26
-15.74,-15.74
-15.22,-15.22
-14.7,-14.7
-14.44,-14.44
-14.42,-14.42
-14.66,-14.66
-14.88,-14.88
-15.36,-15.36
-15.57,-15.57
-15.29,-15.29
-14.5,-14.5
-12.97,-12.97
-11.2,-11.2
-9.45,-9.45
-8.21,-8.21
-7.73,-7.73
-7.75,-7.75
-7.77,-7.77
-7.79,-7.79
-7.81,-7.81
-7.83,-7.83
-7.84,-7.84
-7.86,-7.86
-8.12,-8.12
-8.38,-8.38
-8.89,-8.89
-9.39,-9.39
-9.63,-9.63
-9.63,-9.63
-9.11,-9.11
-8.36,-8.36
-7.6,-7.6
-7.36,-7.36
-7.61,-7.61
-8.36,-8.36
-8.86,-8.86
-9.09,-9.09
-8.83,-8.83
-8.56,-8.56
-8.3,-8.3
-8.54,-8.54
-8.77,-8.77
-9.5,-9.5
-10.23,-10.23
-10.69,-10.69
-11.15,-11.15
-11.1,-11.1
-10.55,-10.55
-9.51,-9.51
-7.97,-7.97
-6.95,-6.95
-6.43,-6.43
-6.41,-6.41
-6.9,-6.9
-7.38,-7.38
-7.61,-7.61
-7.58,-7.58
-7.3,-7.3
-6.77,-6.77
-6.25,-6.25
-5.73,-5.73
-5.47,-5.47
-5.7,-5.7
-6.19,-6.19
-6.91,-6.91
-7.13,-7.13
-6.85,-6.85
-6.32,-6.32
-5.8,-5.8
-6.02,-6.02
-6.49,-6.49
-6.96,-6.96
-7.42,-7.42
-7.38,-7.38
-7.09,-7.09
-6.55,-6.55
-5.51,-5.51
-4.73,-4.73
-3.96,-3.96
-3.44,-3.44
-2.68,-2.68
-2.42,-2.42
-2.67,-2.67
-3.16,-3.16
-3.66,-3.66
-4.13,-4.13
-4.37,-4.37
-4.84,-4.84
-5.81,-5.81
-7.02,-7.02
-8.22,-8.22
-8.66,-8.66
-9.09,-9.09
-9.02,-9.02
-8.95,-8.95
-8.87,-8.87
-8.54,-8.54
-7.97,-7.97
-7.9,-7.9
-8.08,-8.08
-8.51,-8.51
-9.17,-9.17
-9.84,-9.84
-10.24,-10.24
-10.65,-10.65
-10.29,-10.29
-9.69,-9.69
-9.09,-9.09
-8.75,-8.75
-8.66,-8.66
-8.31,-8.31
-8.22,-8.22
-7.63,-7.63
-7.29,-7.29
-7.2,-7.2
-7.12,-7.12
-7.28,-7.28
-7.45,-7.45
-7.6,-7.6
-7.76,-7.76
-7.66,-7.66
-6.57,-6.57
-3.98,-3.98
-1.16,-1.16
1.37,1.37
2.39,2.39
2.4,2.4
1.4,1.4
0.41,0.41
-0.56,-0.56
-1.28,-1.28
-2.24,-2.24
-3.2,-3.2
-4.38,-4.38
-5.81,-5.81
-6.98,-6.98
-7.64,-7.64
-7.54,-7.54
-6.94,-6.94
-6.59,-6.59
-6.99,-6.99
-7.64,-7.64
-7.53,-7.53
-6.68,-6.68
-6.08,-6.08
-6.23,-6.23
-7.38,-7.38
-9.27,-9.27
-11.89,-11.89
-14.23,-14.23
-14.81,-14.81
-12.88,-12.88
-8.95,-8.95
-3.82,-3.82
0.52,0.52
3.32,3.32
4.59,4.59
5.35,5.35
6.61,6.61
8.85,8.85
11.57,11.57
14.26,14.26
16.42,16.42
17.82,17.82
18.95,18.95
20.81,20.81
23.15,23.15
25.97,25.97
29.26,29.26
33.52,33.52
37.73,37.73
41.4,41.4
43.52,43.52
43.88,43.88
42.47,42.47
39.82,39.82
36.18,36.18
32.33,32.33
28.25,28.25
23.96,23.96
20.2,20.2
16.98,16.98
13.78,13.78
9.86,9.86
4.72,4.72
-1.87,-1.87
-8.66,-8.66
-14.62,-14.62
-19.03,-19.03
-21.9,-21.9
-23.74,-23.74
-25.55,-25.55
-27.85,-27.85
-30.62,-30.62
-33.87,-33.87
-37.08,-37.08
-40.0,-40.0
-42.64,-42.64
-44.75,-44.75
-46.58,-46.58
-48.14,-48.14
-49.43,-49.43
-50.45,-50.45
-51.95,-51.95
-53.93,-53.93
-55.63,-55.63
-56.56,-56.56
-56.73,-56.73
-57.63,-57.63
-59.27,-59.27
-61.63,-61.63
-63.21,-63.21
-63.02,-63.02
-60.06,-60.06
-55.88,-55.88
-51.98,-51.98
-49.35,-49.35
-48.25,-48.25
-47.64,-47.64
-47.28,-47.28
-47.17,-47.17
-47.05,-47.05
-46.68,-46.68
-44.8,-44.8
-41.68,-41.68
-36.84,-36.84
-31.29,-31.29
-24.52,-24.52
-17.57,-17.57
-11.18,-11.18
-5.84,-5.84
-0.56,-0.56
5.18,5.18
12.62,12.62
20.48,20.48
26.27,26.27
28.01,28.01
26.72,26.72
25.94,25.94
26.67,26.67
28.63,28.63
31.07,31.07
34.74,34.74
40.36,40.36
49.18,49.18
62.16,62.16
79.76,79.76
101.69,101.69
129.16,129.16
163.85,163.85
208.7,208.7
262.61,262.61
320.24,320.24
372.3,372.3
409.07,409.07
425.19,425.19
421.61,421.61
403.99,403.99
380.72,380.72
357.86,357.86
339.65,339.65
326.06,326.06
315.54,315.54
306.07,306.07
296.14,296.14
285.0,285.0
272.68,272.68
260.18,260.18
247.75,247.75
235.89,235.89
224.61,224.61
213.9,213.9
203.5,203.5
193.42,193.42
183.15,183.15
173.2,173.2
163.31,163.31
153.48,153.48
143.98,143.98
134.54,134.54
125.41,125.41
116.59,116.59
107.86,107.86
99.42,99.42
90.8,90.8
82.73,82.73
74.73,74.73
66.81,66.81
59.19,59.19
51.63,51.63
44.13,44.13
36.94,36.94
30.05,30.05
23.23,23.23
16.45,16.45
9.78,9.78
3.37,3.37
-2.72,-2.72
-8.75,-8.75
-14.72,-14.72
-20.62,-20.62
-26.25,-26.25
-31.78,-31.78
-37.03,-37.03
-42.25,-42.25
-47.38,-47.38
-52.47,-52.47
-57.25,-57.25
-61.72,-61.72
-66.41,-66.41
-70.78,-70.78
-75.09,-75.09
-79.12,-79.12
-83.34,-83.34
-87.28,-87.28
-90.91,-90.91
-94.75,-94.75
-98.28,-98.28
-101.75,-101.75
-104.94,-104.94
-108.09,-108.09
-111.44,-111.44
-114.22,-114.22
-117.22,-117.22
-119.94,-119.94
-122.59,-122.59
-125.22,-125.22
-127.56,-127.56
-130.09,-130.09
-132.12,-132.12
-134.31,-134.31
-136.75,-136.75
-138.37,-138.37
-140.44,-140.44
-142.0,-142.0
-144.0,-144.0
-145.5,-145.5
-146.94,-146.94
-148.31,-148.31
-149.69,-149.69
-151.06,-151.06
-152.31,-152.31
-153.12,-153.12
-154.31,-154.31
-155.56,-155.56
-156.19,-156.19
-156.81,-156.81
-157.94,-157.94
-158.5,-158.5
-159.06,-159.06
-159.56,-159.56
-160.06,-160.06
-160.0,-160.0
-160.44,-160.44
-160.81,-160.81
-161.19,-161.19
-161.06,-161.06
-160.87,-160.87
-161.19,-161.19
-160.94,-160.94
-160.69,-160.69
-160.94,-160.94
-160.62,-160.62
-160.31,-160.31
-160.0,-160.0
-159.62,-159.62
-159.25,-159.25
-158.37,-158.37
-157.94,-157.94
-157.5,-157.5
-156.56,-156.56
-156.06,-156.06
-155.06,-155.06
-154.56,-154.56
-153.56,-153.56
-153.0,-153.0
-151.94,-151.94
-150.87,-150.87
-150.31,-150.31
-149.19,-149.19
-148.06,-148.06
-146.94,-146.94
-145.81,-145.81
-144.69,-144.69
-143.5,-143.5
-142.37,-142.37
-140.69,-140.69
-139.5,-139.5
-138.25,-138.25
-137.06,-137.06
-135.37,-135.37
-134.12,-134.12
-132.87,-132.87
-131.19,-131.19
-129.94,-129.94
-128.19,-128.19
-126.87,-126.87
-125.12,-125.12
-123.87,-123.87
-122.12,-122.12
-120.31,-120.31
-119.06,-119.06
-117.25,-117.25
-115.5,-115.5
-113.69,-113.69
-112.37,-112.37
-110.62,-110.62
-108.81,-108.81
-107.0,-107.0
-105.25,-105.25
-103.44,-103.44
-101.62,-101.62
-99.84,-99.84
-98.06,-98.06
-96.28,-96.28
-94.47,-94.47
-92.69,-92.69
-90.91,-90.91
-89.12,-89.12
-87.34,-87.34
-85.59,-85.59
-83.31,-83.31
-81.56,-81.56
-79.78,-79.78
-78.03,-78.03
-76.28,-76.28
-74.03,-74.03
-72.31,-72.31
-70.56,-70.56
-68.34,-68.34
-66.62,-66.62
-64.91,-64.91
-62.72,-62.72
-61.0,-61.0
-59.31,-59.31
-57.16,-57.16
-55.47,-55.47
-53.31,-53.31
-51.66,-51.66
-49.5,-49.5
-47.88,-47.88
-46.25,-46.25
-44.13,-44.13
-42.53,-42.53
-40.44,-40.44
-38.34,-38.34
-36.78,-36.78
-34.72,-34.72
-33.17,-33.17
-31.12,-31.12
-29.61,-29.61
-27.59,-27.59
-26.09,-26.09
-24.09,-24.09
-22.12,-22.12
-20.66,-20.66
-18.7,-18.7
-17.27,-17.27
-15.34,-15.34
-13.44,-13.44
-12.03,-12.03
-10.16,-10.16
-8.28,-8.28
-6.93,-6.93
-5.09,-5.09
-3.26,-3.26
-1.95,-1.95
-0.15,-0.15
1.63,1.63
2.9,2.9
4.65,4.65
6.39,6.39
7.61,7.61
9.31,9.31
11.0,11.0
12.18,12.18
13.84,13.84
15.48,15.48
17.11,17.11
18.22,18.22
19.81,19.81
21.39,21.39
22.45,22.45
24.0,24.0
25.53,25.53
27.04,27.04
28.04,28.04
29.52,29.52
30.98,30.98
31.92,31.92
33.35,33.35
34.77,34.77
36.16,36.16
37.04,37.04
38.4,38.4
39.74,39.74
40.58,40.58
41.89,41.89
43.19,43.19
44.45,44.45
45.22,45.22
46.45,46.45
47.69,47.69
48.89,48.89
49.58,49.58
50.75,50.75
51.91,51.91
52.55,52.55
53.67,53.67
54.78,54.78
55.88,55.88
56.44,56.44
57.5,57.5
58.53,58.53
59.06,59.06
60.06,60.06
61.03,61.03
61.5,61.5
62.47,62.47
63.41,63.41
64.31,64.31
64.72,64.72
65.62,65.62
66.47,66.47
66.84,66.84
67.66,67.66
68.5,68.5
68.78,68.78
69.59,69.59
70.34,70.34
70.59,70.59
71.34,71.34
72.06,72.06
72.28,72.28
72.97,72.97
73.66,73.66
73.81,73.81
74.44,74.44
75.06,75.06
75.19,75.19
75.78,75.78
75.87,75.87
76.44,76.44
77.0,77.0
77.03,77.03
77.56,77.56
78.06,78.06
78.06,78.06
78.53,78.53
78.5,78.5
78.94,78.94
79.37,79.37
79.31,79.31
79.72,79.72
79.59,79.59
79.97,79.97
80.34,80.34
80.19,80.19
80.53,80.53
80.37,80.37
80.69,80.69
80.47,80.47
80.78,80.78
81.03,81.03
80.81,80.81
81.06,81.06
80.75,80.75
81.0,81.0
80.69,80.69
80.94,80.94
80.62,80.62
80.75,80.75
80.44,80.44
80.62,80.62
80.75,80.75
80.37,80.37
80.5,80.5
80.06,80.06
80.19,80.19
79.75,79.75
79.87,79.87
79.44,79.44
79.44,79.44
79.0,79.0
79.06,79.06
78.56,78.56
78.06,78.06
78.06,78.06
77.56,77.56
77.56,77.56
77.06,77.06
77.0,77.0
76.5,76.5
76.44,76.44
75.37,75.37
71.31,71.31
56.75,56.75
16.37,16.37
-69.19,-69.19
-214.94,-214.94
-411.81,-411.81
-621.87,-621.87
-793.87,-793.87
-891.69,-891.69
-908.0,-908.0
-864.5,-864.5
-792.81,-792.81
-722.12,-722.12
-668.94,-668.94
-636.19,-636.19
-618.12,-618.12
-605.12,-605.12
-589.19,-589.19
-568.25,-568.25
-541.94,-541.94
-512.81,-512.81
-483.87,-483.87
-457.06,-457.06
-432.5,-432.5
-409.56,-409.56
-388.25,-388.25
-366.62,-366.62
-345.62,-345.62
-323.75,-323.75
-302.56,-302.56
-281.0,-281.0
-260.56,-260.56
-240.31,-240.31
-221.19,-221.19
-202.19,-202.19
-183.37,-183.37
-165.19,-165.19
-147.62,-147.62
-130.19,-130.19
-112.94,-112.94
-95.81,-95.81
-79.81,-79.81
-63.44,-63.44
-48.25,-48.25
-32.63,-32.63
-17.75,-17.75
-3.37,-3.37
10.75,10.75
24.87,24.87
38.25,38.25
51.5,51.5
64.12,64.12
76.75,76.75
88.62,88.62
100.87,100.87
112.12,112.12
123.62,123.62
134.5,134.5
144.87,144.87
155.5,155.5
165.62,165.62
175.0,175.0
184.87,184.87
193.5,193.5
202.62,202.62
211.12,211.12
219.5,219.5
227.75,227.75
235.5,235.5
243.0,243.0
250.5,250.5
257.37,257.37
264.0,264.0
270.75,270.75
276.75,276.75
282.62,282.62
288.5,288.5
294.25,294.25
299.37,299.37
304.5,304.5
309.5,309.5
314.37,314.37
318.62,318.62
322.75,322.75
326.87,326.87
330.37,330.37
334.37,334.37
337.75,337.75
341.0,341.0
343.62,343.62
346.75,346.75
349.37,349.37
351.75,351.75
354.12,354.12
356.0,356.0
358.25,358.25
359.87,359.87
361.5,361.5
362.75,362.75
363.87,363.87
365.0,365.0
366.12,366.12
366.87,366.87
367.37,367.37
368.0,368.0
368.0,368.0
368.37,368.37
368.25,368.25
368.12,368.12
368.0,368.0
367.62,367.62
367.12,367.12
366.5,366.5
365.62,365.62
365.0,365.0
363.75,363.75
362.75,362.75
361.5,361.5
360.12,360.12
358.75,358.75
357.12,357.12
355.37,355.37
353.62,353.62
351.87,351.87
349.75,349.75
348.0,348.0
345.5,345.5
343.37,343.37
341.12,341.12
338.75,338.75
336.12,336.12
333.62,333.62
330.87,330.87
328.25,328.25
325.37,325.37
322.75,322.75
319.75,319.75
316.62,316.62
313.37,313.37
310.12,310.12
306.62,306.62
303.37,303.37
300.12,300.12
296.62,296.62
293.25,293.25
289.75,289.75
286.12,286.12
282.62,282.62
279.0,279.0
275.12,275.12
271.25,271.25
267.62,267.62
263.75,263.75
259.87,259.87
256.0,256.0
251.87,251.87
248.0,248.0
243.87,243.87
239.62,239.62
235.75,235.75
231.62,231.62
227.5,227.5
223.12,223.12
219.0,219.0
214.87,214.87
210.5,210.5
206.12,206.12
202.0,202.0
197.75,197.75
193.37,193.37
189.0,189.0
184.75,184.75
180.5,180.5
175.87,175.87
171.62,171.62
167.12,167.12
162.87,162.87
158.37,158.37
154.12,154.12
149.62,149.62
145.12,145.12
140.87,140.87
136.5,136.5
132.0,132.0
127.62,127.62
123.31,123.31
118.87,118.87
114.5,114.5
110.06,110.06
105.69,105.69
101.37,101.37
97.06,97.06
92.75,92.75
88.37,88.37
84.12,84.12
79.81,79.81
75.44,75.44
71.31,71.31
67.06,67.06
62.81,62.81
58.63,58.63
54.31,54.31
50.19,50.19
46.06,46.06
41.88,41.88
37.81,37.81
33.69,33.69
29.69,29.69
25.62,25.62
21.56,21.56
17.56,17.56
13.59,13.59
9.66,9.66
5.75,5.75
1.87,1.87
-1.84,-1.84
-5.66,-5.66
-9.28,-9.28
-13.03,-13.03
-16.84,-16.84
-20.62,-20.62
-24.37,-24.37
-28.08,-28.08
-31.75,-31.75
-35.25,-35.25
-38.84,-38.84
-42.28,-42.28
-45.8,-45.8
-49.16,-49.16
-52.59,-52.59
-56.0,-56.0
-59.23,-59.23
-62.56,-62.56
-65.84,-65.84
-69.08,-69.08
-72.29,-72.29
-75.32,-75.32
-78.45,-78.45
-81.53,-81.53
-84.57,-84.57
-87.58,-87.58
-90.48,-90.48
-93.41,-93.41
-96.28,-96.28
-99.06,-99.06
-101.8,-101.8
-104.42,-104.42
-107.09,-107.09
-109.84,-109.84
-112.53,-112.53
-115.19,-115.19
-117.81,-117.81
-120.31,-120.31
-122.72,-122.72
-125.03,-125.03
-127.37,-127.37
-129.72,-129.72
-132.09,-132.09
-134.41,-134.41
-136.72,-136.72
-138.97,-138.97
-141.12,-141.12
-143.12,-143.12
-145.12,-145.12
-147.19,-147.19
-149.06,-149.06
-151.0,-151.0
-152.94,-152.94
-154.75,-154.75
-156.56,-156.56
-158.31,-158.31
-160.0,-160.0
-161.69,-161.69
-163.31,-163.31
-164.87,-164.87
-166.44,-166.44
-167.94,-167.94
-169.44,-169.44
-170.81,-170.81
-172.19,-172.19
-173.56,-173.56
-174.81,-174.81
-176.0,-176.0
-177.19,-177.19
-178.31,-178.31
-179.31,-179.31
-180.37,-180.37
-181.44,-181.44
-182.5,-182.5
-183.56,-183.56
-184.69,-184.69
-185.62,-185.62
-186.5,-186.5
-187.25,-187.25
-187.87,-187.87
-188.62,-188.62
-189.25,-189.25
-190.06,-190.06
-190.75,-190.75
-191.5,-191.5
-192.0,-192.0
-192.5,-192.5
-193.0,-193.0
-193.5,-193.5
-193.75,-193.75
-194.12,-194.12
-194.5,-194.5
-194.75,-194.75
-195.12,-195.12
-195.25,-195.25
-195.5,-195.5
-195.62,-195.62
-195.75,-195.75
-195.87,-195.87
-195.87,-195.87
-195.87,-195.87
-195.87,-195.87
-195.87,-195.87
-195.75,-195.75
-195.62,-195.62
-195.5,-195.5
-195.25,-195.25
-195.12,-195.12
-194.75,-194.75
-194.5,-194.5
-194.0,-194.0
-193.75,-193.75
-193.37,-193.37
-193.0,-193.0
-192.75,-192.75
-192.37,-192.37
-191.87,-191.87
-191.37,-191.37
-190.87,-190.87
-190.25,-190.25
-189.62,-189.62
-189.0,-189.0
-188.37,-188.37
-187.75,-187.75
-187.0,-187.0
-186.37,-186.37
-185.5,-185.5
-184.75,-184.75
-184.0,-184.0
-183.12,-183.12
-182.37,-182.37
-181.5,-181.5
-180.5,-180.5
-179.62,-179.62
-178.75,-178.75
-177.75,-177.75
-176.75,-176.75
-175.75,-175.75
-174.75,-174.75
-173.75,-173.75
-172.62,-172.62
-171.62,-171.62
-170.5,-170.5
-169.37,-169.37
-168.25,-168.25
-167.0,-167.0
-165.87,-165.87
-164.62,-164.62
-163.5,-163.5
-162.25,-162.25
-161.0,-161.0
-159.75,-159.75
-158.37,-158.37
-157.12,-157.12
-155.75,-155.75
-154.25,-154.25
-152.87,-152.87
-151.62,-151.62
-150.37,-150.37
-149.0,-149.0
-147.75,-147.75
-146.37,-146.37
-144.87,-144.87
-143.37,-143.37
-141.87,-141.87
-140.37,-140.37
-138.75,-138.75
-137.37,-137.37
-136.0,-136.0
-134.62,-134.62
-133.12,-133.12
-131.62,-131.62
-130.12,-130.12
-128.62,-128.62
-127.0,-127.0
-125.5,-125.5
-123.87,-123.87
-122.25,-122.25
-120.75,-120.75
-119.12,-119.12
-117.62,-117.62
-116.0,-116.0
-114.37,-114.37
-112.75,-112.75
-111.12,-111.12
-109.5,-109.5
-107.87,-107.87
-106.25,-106.25
-104.62,-104.62
-103.0,-103.0
-101.37,-101.37
-99.75,-99.75
-98.12,-98.12
-96.5,-96.5
-94.87,-94.87
-93.25,-93.25
-91.5,-91.5
-89.87,-89.87
-88.25,-88.25
-86.62,-86.62
-84.87,-84.87
-83.25,-83.25
-81.62,-81.62
-80.0,-80.0
-78.25,-78.25
-76.5,-76.5
-74.75,-74.75
-73.12,-73.12
-71.5,-71.5
-69.87,-69.87
-68.12,-68.12
-66.62,-66.62
-65.0,-65.0
-63.44,-63.44
-61.88,-61.88
-60.31,-60.31
-58.69,-58.69
-57.06,-57.06
-55.44,-55.44
-53.81,-53.81
-52.19,-52.19
-50.56,-50.56
-48.94,-48.94
-47.38,-47.38
-45.81,-45.81
-44.19,-44.19
-42.63,-42.63
-41.06,-41.06
-39.44,-39.44
-37.88,-37.88
-36.31,-36.31
-34.81,-34.81
-33.25,-33.25
-31.69,-31.69
-30.19,-30.19
-28.69,-28.69
-27.12,-27.12
-25.62,-25.62
-24.12,-24.12
-22.62,-22.62
-21.19,-21.19
-19.69,-19.69
-18.25,-18.25
-16.75,-16.75
-15.31,-15.31
-13.88,-13.88
-12.44,-12.44
-11.06,-11.06
-9.63,-9.63
-8.25,-8.25
-6.81,-6.81
-5.44,-5.44
-4.06,-4.06
-2.62,-2.62
-1.19,-1.19
0.19,0.19
1.5,1.5
2.75,2.75
4.06,4.06
5.37,5.37
6.69,6.69
7.87,7.87
9.13,9.13
10.25,10.25
11.44,11.44
12.69,12.69
13.88,13.88
15.13,15.13
16.31,16.31
17.5,17.5
18.69,18.69
19.84,19.84
20.97,20.97
22.12,22.12
23.28,23.28
24.47,24.47
25.66,25.66
26.78,26.78
27.81,27.81
28.78,28.78
29.72,29.72
30.69,30.69
31.66,31.66
32.69,32.69
33.69,33.69
34.69,34.69
35.69,35.69
36.66,36.66
37.59,37.59
38.5,38.5
39.41,39.41
40.31,40.31
41.22,41.22
42.09,42.09
42.97,42.97
43.81,43.81
44.66,44.66
45.47,45.47
46.28,46.28
47.08,47.08
47.86,47.86
48.64,48.64
49.39,49.39
50.14,50.14
50.88,50.88
51.59,51.59
52.3,52.3
52.98,52.98
53.66,53.66
54.33,54.33
54.97,54.97
55.61,55.61
56.23,56.23
56.85,56.85
57.45,57.45
58.03,58.03
58.6,58.6
59.16,59.16
59.7,59.7
60.23,60.23
60.76,60.76
61.26,61.26
61.75,61.75
62.23,62.23
62.7,62.7
63.16,63.16
63.6,63.6
64.02,64.02
64.44,64.44
64.84,64.84
65.23,65.23
65.61,65.61
65.97,65.97
66.32,66.32
66.66,66.66
66.99,66.99
67.31,67.31
67.61,67.61
67.9,67.9
68.18,68.18
68.44,68.44
68.7,68.7
68.94,68.94
69.16,69.16
69.38,69.38
69.59,69.59
69.78,69.78
69.97,69.97
70.13,70.13
70.3,70.3
70.45,70.45
70.58,70.58
70.7,70.7
70.82,70.82
70.92,70.92
71.02,71.02
71.09,71.09
71.16,71.16
71.22,71.22
71.27,71.27
71.31,71.31
71.33,71.33
71.34,71.34
71.36,71.36
71.36,71.36
71.37,71.37
71.44,71.44
71.48,71.48
71.48,71.48
71.39,71.39
71.23,71.23
71.06,71.06
70.91,70.91
70.81,70.81
70.8,70.8
70.8,70.8
70.75,70.75
70.59,70.59
70.37,70.37
70.12,70.12
69.87,69.87
69.67,69.67
69.5,69.5
69.34,69.34
69.19,69.19
68.98,68.98
68.81,68.81
68.59,68.59
68.41,68.41
68.25,68.25
68.09,68.09
67.87,67.87
67.59,67.59
67.22,67.22
66.87,66.87
66.5,66.5
66.19,66.19
65.91,65.91
65.62,65.62
65.34,65.34
65.06,65.06
64.75,64.75
64.41,64.41
64.09,64.09
63.75,63.75
63.41,63.41
63.09,63.09
62.81,62.81
62.53,62.53
62.22,62.22
61.81,61.81
61.34,61.34
60.84,60.84
60.38,60.38
59.97,59.97
59.56,59.56
59.19,59.19
58.78,58.78
58.41,58.41
58.0,58.0
57.56,57.56
57.13,57.13
56.69,56.69
56.25,56.25
55.78,55.78
55.34,55.34
54.94,54.94
54.56,54.56
54.22,54.22
53.78,53.78
53.28,53.28
52.72,52.72
52.16,52.16
51.59,51.59
51.09,51.09
50.59,50.59
50.16,50.16
49.69,49.69
49.22,49.22
48.72,48.72
48.22,48.22
47.72,47.72
47.22,47.22
46.69,46.69
46.19,46.19
45.69,45.69
45.19,45.19
44.66,44.66
44.16,44.16
43.63,43.63
43.13,43.13
42.59,42.59
42.09,42.09
41.56,41.56
41.03,41.03
40.5,40.5
40.0,40.0
39.47,39.47
38.94,38.94
38.41,38.41
37.88,37.88
37.34,37.34
36.81,36.81
36.28,36.28
35.75,35.75
35.22,35.22
34.69,34.69
34.16,34.16
33.63,33.63
33.06,33.06
32.53,32.53
32.0,32.0
31.47,31.47
30.94,30.94
30.41,30.41
29.87,29.87
29.34,29.34
28.81,28.81
28.28,28.28
27.75,27.75
27.22,27.22
26.69,26.69
26.16,26.16
25.66,25.66
25.12,25.12
24.59,24.59
24.16,24.16
23.78,23.78
23.44,23.44
23.0,23.0
22.41,22.41
21.72,21.72
21.0,21.0
20.33,20.33
19.75,19.75
19.25,19.25
18.8,18.8
18.34,18.34
17.87,17.87
17.37,17.37
16.87,16.87
16.36,16.36
15.86,15.86
15.39,15.39
14.98,14.98
14.58,14.58
14.14,14.14
13.63,13.63
13.05,13.05
12.47,12.47
11.92,11.92
11.41,11.41
10.94,10.94
10.5,10.5
10.06,10.06
9.61,9.61
9.16,9.16
8.7,8.7
8.23,8.23
7.78,7.78
7.33,7.33
6.87,6.87
6.44,6.44
6.0,6.0
5.58,5.58
5.23,5.23
4.95,4.95
4.7,4.7
4.36,4.36
3.87,3.87
3.27,3.27
2.66,2.66
2.09,2.09
1.62,1.62
1.22,1.22
0.88,0.88
0.53,0.53
0.17,0.17
-0.2,-0.2
-0.59,-0.59
-0.98,-0.98
-1.37,-1.37
-1.77,-1.77
-2.12,-2.12
-2.5,-2.5
-2.84,-2.84
-3.2,-3.2
-3.55,-3.55
-3.91,-3.91
-4.26,-4.26
-4.59,-4.59
-4.9,-4.9
-5.15,-5.15
-5.39,-5.39
-5.68,-5.68
-6.04,-6.04
-6.45,-6.45
-6.85,-6.85
-7.16,-7.16
-7.34,-7.34
-7.47,-7.47
-7.67,-7.67
-8.01,-8.01
-8.47,-8.47
-8.95,-8.95
-9.38,-9.38
-9.7,-9.7
-9.9,-9.9
-10.03,-10.03
-10.16,-10.16
-10.34,-10.34
-10.59,-10.59
-10.92,-10.92
-11.3,-11.3
-11.69,-11.69
-12.04,-12.04
-12.33,-12.33
-12.56,-12.56
-12.77,-12.77
-12.96,-12.96
-13.16,-13.16
-13.36,-13.36
-13.58,-13.58
-13.8,-13.8
-13.98,-13.98
-13.86,-13.86
-12.7,-12.7
-9.34,-9.34
-2.9,-2.9
6.56,6.56
18.0,18.0
30.04,30.04
41.64,41.64
52.31,52.31
61.9,61.9
70.22,70.22
77.04,77.04
82.26,82.26
86.1,86.1
89.2,89.2
92.58,92.58
97.09,97.09
102.78,102.78
108.81,108.81
113.99,113.99
117.56,117.56
119.6,119.6
120.96,120.96
122.61,122.61
125.05,125.05
128.15,128.15
131.48,131.48
134.71,134.71
137.68,137.68
140.18,140.18
141.83,141.83
142.32,142.32
141.77,141.77
140.77,140.77
140.05,140.05
140.13,140.13
141.03,141.03
142.3,142.3
143.36,143.36
143.81,143.81
143.48,143.48
142.36,142.36
140.66,140.66
138.59,138.59
136.3,136.3
133.87,133.87
131.39,131.39
128.83,128.83
126.11,126.11
123.0,123.0
119.48,119.48
115.73,115.73
111.98,111.98
108.28,108.28
104.52,104.52
100.41,100.41
95.61,95.61
89.98,89.98
83.73,83.73
77.34,77.34
71.3,71.3
65.73,65.73
60.5,60.5
55.19,55.19
49.47,49.47
43.25,43.25
36.66,36.66
30.0,30.0
23.59,23.59
17.69,17.69
12.31,12.31
7.28,7.28
2.22,2.22
-3.03,-3.03
-8.41,-8.41
-13.81,-13.81
-18.94,-18.94
-23.41,-23.41
-26.87,-26.87
-29.5,-29.5
-32.0,-32.0
-35.09,-35.09
-38.84,-38.84
-42.84,-42.84
-46.66,-46.66
-50.09,-50.09
-53.34,-53.34
-56.75,-56.75
-60.47,-60.47
-64.44,-64.44
-68.72,-68.72
-73.03,-73.03
-77.19,-77.19
-80.87,-80.87
-84.19,-84.19
-87.5,-87.5
-90.87,-90.87
-94.31,-94.31
-97.62,-97.62
-100.75,-100.75
-103.56,-103.56
-106.19,-106.19
-108.62,-108.62
-110.94,-110.94
-113.31,-113.31
-116.0,-116.0
-119.19,-119.19
-122.56,-122.56
-125.62,-125.62
-128.19,-128.19
-130.31,-130.31
-132.25,-132.25
-133.81,-133.81
-134.87,-134.87
-135.31,-135.31
-135.69,-135.69
-136.5,-136.5
-137.81,-137.81
-138.94,-138.94
-139.75,-139.75
-140.5,-140.5
-141.56,-141.56
-143.19,-143.19
-144.94,-144.94
-146.62,-146.62
-147.81,-147.81
-148.69,-148.69
-149.06,-149.06
-148.75,-148.75
-147.69,-147.69
-145.56,-145.56
-142.5,-142.5
-139.25,-139.25
-136.56,-136.56
-135.5,-135.5
-136.56,-136.56
-139.94,-139.94
-145.25,-145.25
-151.87,-151.87
-158.44,-158.44
-164.19,-164.19
-168.69,-168.69
-172.37,-172.37
-175.81,-175.81
-179.25,-179.25
-183.06,-183.06
-187.0,-187.0
-190.75,-190.75
-193.62,-193.62
-195.5,-195.5
-196.12,-196.12
-195.81,-195.81
-194.75,-194.75
-193.69,-193.69
-192.94,-192.94
-192.25,-192.25
-191.87,-191.87
-191.31,-191.31
-190.44,-190.44
-189.62,-189.62
-188.62,-188.62
-187.31,-187.31
-185.69,-185.69
-183.62,-183.62
-181.06,-181.06
-178.37,-178.37
-175.44,-175.44
-172.75,-172.75
-170.31,-170.31
-168.44,-168.44
-167.12,-167.12
-166.44,-166.44
-165.81,-165.81
-165.31,-165.31
-164.37,-164.37
-163.0,-163.0
-159.94,-159.94
-154.87,-154.87
-148.06,-148.06
-141.12,-141.12
-135.25,-135.25
-131.5,-131.5
-129.94,-129.94
-130.31,-130.31
-131.37,-131.37
-132.06,-132.06
-132.06,-132.06
-131.31,-131.31
-130.19,-130.19
-128.87,-128.87
-127.25,-127.25
-124.94,-124.94
-122.0,-122.0
-118.75,-118.75
-115.5,-115.5
-112.25,-112.25
-108.87,-108.87
-105.5,-105.5
-102.44,-102.44
-99.75,-99.75
-97.19,-97.19
-94.5,-94.5
-91.06,-91.06
-87.12,-87.12
-83.0,-83.0
-78.91,-78.91
-75.47,-75.47
-72.66,-72.66
-70.34,-70.34
-68.69,-68.69
-67.03,-67.03
-65.66,-65.66
-64.0,-64.0
-61.59,-61.59
-58.72,-58.72
-55.34,-55.34
-51.78,-51.78
-47.97,-47.97
-43.91,-43.91
-40.66,-40.66
-38.44,-38.44
-36.97,-36.97
-36.0,-36.0
-34.78,-34.78
-33.59,-33.59
-31.87,-31.87
-29.69,-29.69
-27.03,-27.03
-24.62,-24.62
-22.25,-22.25
-19.87,-19.87
-17.78,-17.78
-15.97,-15.97
-14.16,-14.16
-12.09,-12.09
-10.06,-10.06
-7.8,-7.8
-5.81,-5.81
-3.83,-3.83
-2.11,-2.11
-0.92,-0.92
0.27,0.27
1.44,1.44
3.36,3.36
5.25,5.25
7.62,7.62
9.98,9.98
12.06,12.06
13.63,13.63
14.41,14.41
15.2,15.2
15.98,15.98
16.99,16.99
18.49,18.49
19.98,19.98
21.45,21.45
22.16,22.16
22.85,22.85
23.54,23.54
24.46,24.46
25.62,25.62
27.27,27.27
28.4,28.4
29.52,29.52
30.37,30.37
31.46,31.46
32.53,32.53
33.34,33.34
34.13,34.13
35.16,35.16
35.93,35.93
37.19,37.19
38.43,38.43
40.4,40.4
42.84,42.84
45.02,45.02
46.66,46.66
47.28,47.28
47.39,47.39
47.48,47.48
48.08,48.08
49.66,49.66
51.95,51.95
54.73,54.73
56.98,56.98
58.45,58.45
59.39,59.39
60.06,60.06
60.47,60.47
61.13,61.13
62.0,62.0
63.11,63.11
64.47,64.47
65.78,65.78
67.59,67.59
69.34,69.34
71.09,71.09
72.81,72.81
74.28,74.28
75.19,75.19
75.59,75.59
75.72,75.72
75.84,75.84
76.97,76.97
79.03,79.03
81.34,81.34
83.62,83.62
85.12,85.12
85.31,85.31
84.53,84.53
83.72,83.72
82.66,82.66
81.84,81.84
81.53,81.53
81.94,81.94
83.09,83.09
84.47,84.47
85.56,85.56
86.16,86.16
86.22,86.22
86.28,86.28
86.06,86.06
85.59,85.59
85.34,85.34
85.12,85.12
84.84,84.84
84.59,84.59
84.06,84.06
83.78,83.78
83.5,83.5
83.69,83.69
84.62,84.62
85.78,85.78
86.69,86.69
87.53,87.53
87.87,87.87
87.72,87.72
87.53,87.53
86.84,86.84
85.87,85.87
85.19,85.19
84.44,84.44
84.25,84.25
84.0,84.0
84.06,84.06
84.5,84.5
85.25,85.25
85.75,85.75
86.44,86.44
86.56,86.56
86.75,86.75
86.37,86.37
85.5,85.5
84.19,84.19
82.56,82.56
80.94,80.94
80.06,80.06
79.69,79.69
79.56,79.56
79.44,79.44
79.25,79.25
79.12,79.12
78.94,78.94
78.75,78.75
78.56,78.56
78.12,78.12
77.87,77.87
77.44,77.44
76.69,76.69
76.5,76.5
76.5,76.5
76.5,76.5
76.44,76.44
76.19,76.19
75.69,75.69
74.87,74.87
74.81,74.81
74.75,74.75
75.19,75.19
74.87,74.87
74.5,74.5
73.69,73.69
73.31,73.31
72.94,72.94
72.62,72.62
72.0,72.0
71.31,71.31
70.19,70.19
69.06,69.06
67.94,67.94
67.06,67.06
66.94,66.94
67.25,67.25
67.87,67.87
68.69,68.69
69.5,69.5
70.25,70.25
70.56,70.56
70.56,70.56
69.81,69.81
68.56,68.56
66.75,66.75
65.0,65.0
64.06,64.06
63.31,63.31
63.31,63.31
63.56,63.56
63.75,63.75
63.75,63.75
62.94,62.94
62.13,62.13
61.13,61.13
60.31,60.31
59.75,59.75
59.75,59.75
59.94,59.94
60.81,60.81
62.25,62.25
63.38,63.38
63.75,63.75
63.63,63.63
62.75,62.75
61.56,61.56
60.44,60.44
58.5,58.5
56.63,56.63
54.0,54.0
51.38,51.38
48.31,48.31
45.19,45.19
42.38,42.38
40.13,40.13
38.81,38.81
38.81,38.81
39.06,39.06
39.5,39.5
39.69,39.69
39.94,39.94
40.38,40.38
41.03,41.03
42.47,42.47
44.13,44.13
45.5,45.5
46.09,46.09
45.19,45.19
43.03,43.03
40.16,40.16
37.28,37.28
34.69,34.69
32.59,32.59
30.78,30.78
29.0,29.0
27.19,27.19
25.91,25.91
25.16,25.16
24.62,24.62
24.37,24.37
23.59,23.59
22.84,22.84
21.81,21.81
20.81,20.81
19.56,19.56
17.81,17.81
16.09,16.09
14.63,14.63
13.94,13.94
13.97,13.97
14.28,14.28
14.56,14.56
14.84,14.84
15.63,15.63
16.66,16.66
17.94,17.94
19.19,19.19
19.91,19.91
20.12,20.12
19.84,19.84
19.31,19.31
18.03,18.03
16.03,16.03
12.5,12.5
8.03,8.03
3.34,3.34
0.22,0.22
-1.16,-1.16
-0.5,-0.5
1.41,1.41
3.28,3.28
4.62,4.62
4.47,4.47
3.31,3.31
1.41,1.41
-0.97,-0.97
-3.81,-3.81
-6.91,-6.91
-10.19,-10.19
-13.72,-13.72
-16.69,-16.69
-18.91,-18.91
-19.59,-19.59
-18.5,-18.5
-16.19,-16.19
-12.88,-12.88
-9.59,-9.59
-7.34,-7.34
-6.12,-6.12
-5.41,-5.41
-5.22,-5.22
-5.5,-5.5
-5.78,-5.78
-5.56,-5.56
-5.11,-5.11
-3.89,-3.89
-2.69,-2.69
-1.5,-1.5
-0.83,-0.83
-0.89,-0.89
-2.22,-2.22
-4.03,-4.03
-6.08,-6.08
-7.61,-7.61
-8.38,-8.38
-8.38,-8.38
-8.63,-8.63
-8.88,-8.88
-9.36,-9.36
-10.61,-10.61
-12.08,-12.08
-13.55,-13.55
-14.98,-14.98
-16.42,-16.42
-17.58,-17.58
-18.98,-18.98
-20.11,-20.11
-20.98,-20.98
-21.09,-21.09
-19.95,-19.95
-18.06,-18.06
-15.69,-15.69
-13.84,-13.84
-12.5,-12.5
-11.92,-11.92
-11.86,-11.86
-12.03,-12.03
-11.7,-11.7
-10.62,-10.62
-9.05,-9.05
-7.49,-7.49
-6.2,-6.2
-5.42,-5.42
-4.4,-4.4
-3.37,-3.37
-2.37,-2.37
-1.87,-1.87
-1.62,-1.62
-1.63,-1.63
-1.64,-1.64
-1.89,-1.89
-2.4,-2.4
-3.4,-3.4
-5.13,-5.13
-7.36,-7.36
-9.56,-9.56
-11.24,-11.24
-11.9,-11.9
-11.55,-11.55
-10.71,-10.71
-9.62,-9.62
-9.29,-9.29
-9.21,-9.21
-9.39,-9.39
-9.55,-9.55
-9.97,-9.97
-10.38,-10.38
-11.54,-11.54
-12.18,-12.18
-13.06,-13.06
-14.19,-14.19
-16.05,-16.05
-18.89,-18.89
-21.96,-21.96
-24.99,-24.99
-27.24,-27.24
-28.72,-28.72
-29.18,-29.18
-29.38,-29.38
-29.57,-29.57
-29.51,-29.51
-29.44,-29.44
-28.37,-28.37
-26.56,-26.56
-24.76,-24.76
-22.96,-22.96
-21.69,-21.69
-20.92,-20.92
-19.66,-19.66
-18.15,-18.15
-16.66,-16.66
-15.42,-15.42
-14.95,-14.95
-14.73,-14.73
-14.25,-14.25
-13.28,-13.28
-11.82,-11.82
-9.62,-9.62
-7.93,-7.93
-7.02,-7.02
-6.85,-6.85
-6.94,-6.94
-7.02,-7.02
-6.86,-6.86
-6.95,-6.95
-7.03,-7.03
-7.11,-7.11
-6.95,-6.95
-7.02,-7.02
-7.35,-7.35
-8.42,-8.42
-10.23,-10.23
-12.53,-12.53
-14.8,-14.8
-16.3,-16.3
-17.29,-17.29
-17.26,-17.26
-16.73,-16.73
-16.2,-16.2
-16.42,-16.42
-17.89,-17.89
-21.09,-21.09
-25.77,-25.77
-30.39,-30.39
-34.23,-34.23
-36.76,-36.76
-38.52,-38.52
-40.5,-40.5
-42.22,-42.22
-43.41,-43.41
-43.08,-43.08
-41.75,-41.75
-39.92,-39.92
-38.86,-38.86
-38.8,-38.8
-39.23,-39.23
-39.91,-39.91
-40.06,-40.06
-39.72,-39.72
-39.38,-39.38
-39.03,-39.03
-38.17,-38.17
-36.56,-36.56
-33.98,-33.98
-30.91,-30.91
-28.11,-28.11
-27.08,-27.08
-27.8,-27.8
-30.27,-30.27
-33.7,-33.7
-37.11,-37.11
-39.97,-39.97
-42.3,-42.3
-44.86,-44.86
-47.64,-47.64
-51.13,-51.13
-54.58,-54.58
-57.98,-57.98
-60.61,-60.61
-62.95,-62.95
-64.77,-64.77
-65.8,-65.8
-66.06,-66.06
-66.06,-66.06
-66.3,-66.3
-67.03,-67.03
-68.0,-68.0
-68.44,-68.44
-68.36,-68.36
-67.28,-67.28
-65.45,-65.45
-63.13,-63.13
-61.31,-61.31
-60.25,-60.25
-60.2,-60.2
-61.14,-61.14
-62.56,-62.56
-63.45,-63.45
-64.58,-64.58
-65.69,-65.69
-67.28,-67.28
-69.59,-69.59
-71.87,-71.87
-73.12,-73.12
-72.59,-72.59
-70.08,-70.08
-67.06,-67.06
-64.06,-64.06
-61.83,-61.83
-60.61,-60.61
-60.14,-60.14
-59.67,-59.67
-58.44,-58.44
-56.97,-56.97
-54.98,-54.98
-53.28,-53.28
-51.33,-51.33
-49.64,-49.64
-47.2,-47.2
-44.53,-44.53
-41.63,-41.63
-38.5,-38.5
-35.39,-35.39
-32.05,-32.05
-29.48,-29.48
-27.95,-27.95
-27.17,-27.17
-27.14,-27.14
-26.86,-26.86
-25.31,-25.31
-23.05,-23.05
-19.78,-19.78
-16.31,-16.31
-13.36,-13.36
-10.69,-10.69
-9.03,-9.03
-8.14,-8.14
-7.5,-7.5
-7.12,-7.12
-6.5,-6.5
-5.13,-5.13
-3.27,-3.27
-1.18,-1.18
1.64,1.64
4.19,4.19
6.21,6.21
8.22,8.22
9.95,9.95
11.92,11.92
13.87,13.87
15.3,15.3
15.95,15.95
16.11,16.11
16.26,16.26
16.91,16.91
18.29,18.29
20.16,20.16
22.52,22.52
24.84,24.84
27.15,27.15
29.42,29.42
30.92,30.92
31.41,31.41
30.88,30.88
28.86,28.86
25.84,25.84
21.86,21.86
16.16,16.16
9.5,9.5
1.4,1.4
-6.12,-6.12
-12.57,-12.57
-16.96,-16.96
-19.31,-19.31
-20.14,-20.14
-19.45,-19.45
-17.02,-17.02
-12.11,-12.11
-5.74,-5.74
1.32,1.32
7.82,7.82
13.26,13.26
17.4,17.4
20.24,20.24
21.56,21.56
20.86,20.86
17.16,17.16
10.5,10.5
1.64,1.64
-6.88,-6.88
-13.57,-13.57
-16.96,-16.96
-17.81,-17.81
-17.65,-17.65
-18.73,-18.73
-21.56,-21.56
-26.1,-26.1
-31.36,-31.36
-36.55,-36.55
-40.45,-40.45
-43.3,-43.3
-45.12,-45.12
-45.92,-45.92
-45.95,-45.95
-45.22,-45.22
-44.25,-44.25
-42.78,-42.78
-41.31,-41.31
-39.85,-39.85
-38.4,-38.4
-37.46,-37.46
-37.02,-37.02
-36.32,-36.32
-35.13,-35.13
-33.45,-33.45
-31.52,-31.52
-29.61,-29.61
-28.71,-28.71
-28.06,-28.06
-27.67,-27.67
-27.27,-27.27
-26.63,-26.63
-25.48,-25.48
-23.85,-23.85
-21.97,-21.97
-19.61,-19.61
-17.02,-17.02
-13.95,-13.95
-10.65,-10.65
-7.63,-7.63
-5.14,-5.14
-3.17,-3.17
-1.22,-1.22
0.72,0.72
2.88,2.88
5.03,5.03
7.66,7.66
10.5,10.5
13.33,13.33
15.63,15.63
17.9,17.9
19.65,19.65
21.12,21.12
22.84,22.84
24.78,24.78
27.45,27.45
30.09,30.09
32.21,32.21
33.55,33.55
34.63,34.63
35.69,35.69
36.73,36.73
37.76,37.76
38.52,38.52
38.77,38.77
39.02,39.02
39.5,39.5
39.97,39.97
40.44,40.44
40.89,40.89
41.08,41.08
41.52,41.52
42.44,42.44
43.85,43.85
45.23,45.23
46.86,46.86
48.45,48.45
50.03,50.03
50.84,50.84
51.38,51.38
51.66,51.66
52.17,52.17
53.42,53.42
54.91,54.91
56.38,56.38
57.81,57.81
59.23,59.23
61.63,61.63
64.25,64.25
67.33,67.33
69.62,69.62
70.89,70.89
70.62,70.62
69.11,69.11
66.59,66.59
64.09,64.09
61.86,61.86
60.13,60.13
58.66,58.66
57.94,57.94
57.72,57.72
58.5,58.5
59.5,59.5
60.75,60.75
61.47,61.47
61.42,61.42
60.61,60.61
59.31,59.31
57.5,57.5
55.45,55.45
53.67,53.67
52.39,52.39
51.88,51.88
51.59,51.59
51.56,51.56
51.52,51.52
50.97,50.97
50.67,50.67
50.13,50.13
49.81,49.81
49.5,49.5
49.44,49.44
48.61,48.61
47.55,47.55
46.22,46.22
45.16,45.16
44.34,44.34
43.78,43.78
43.47,43.47
42.91,42.91
41.83,41.83
40.52,40.52
39.45,39.45
38.41,38.41
37.59,37.59
37.05,37.05
36.75,36.75
36.45,36.45
36.64,36.64
37.08,37.08
37.5,37.5
38.42,38.42
39.33,39.33
39.97,39.97
39.84,39.84
38.46,38.46
36.09,36.09
33.99,33.99
33.4,33.4
34.55,34.55
36.7,36.7
38.57,38.57
39.41,39.41
39.25,39.25
39.08,39.08
38.65,38.65
38.22,38.22
37.79,37.79
36.86,36.86
36.18,36.18
35.75,35.75
35.07,35.07
34.39,34.39
33.71,33.71
33.54,33.54
33.36,33.36
33.42,33.42
32.98,32.98
32.04,32.04
30.61,30.61
28.93,28.93
27.26,27.26
25.86,25.86
25.46,25.46
25.56,25.56
26.16,26.16
26.25,26.25
25.83,25.83
24.91,24.91
23.5,23.5
21.6,21.6
19.46,19.46
17.59,17.59
16.48,16.48
15.88,15.88
15.53,15.53
14.69,14.69
13.1,13.1
11.02,11.02
8.21,8.21
5.92,5.92
4.4,4.4
3.65,3.65
2.65,2.65
0.67,0.67
-2.3,-2.3
-5.5,-5.5
-8.16,-8.16
-9.54,-9.54
-9.92,-9.92
-10.29,-10.29
-11.15,-11.15
-12.75,-12.75
-15.59,-15.59
-19.15,-19.15
-22.92,-22.92
-26.66,-26.66
-30.11,-30.11
-33.27,-33.27
-35.64,-35.64
-36.74,-36.74
-36.83,-36.83
-36.16,-36.16
-35.73,-35.73
-36.81,-36.81
-39.38,-39.38
-43.41,-43.41
-48.65,-48.65
-54.58,-54.58
-59.2,-59.2
-61.02,-61.02
-60.31,-60.31
-58.61,-58.61
-56.91,-56.91
-56.46,-56.46
-56.77,-56.77
-57.8,-57.8
-59.07,-59.07
-60.08,-60.08
-60.55,-60.55
-60.02,-60.02
-58.74,-58.74
-57.46,-57.46
-57.18,-57.18
-56.89,-56.89
-56.85,-56.85
-56.3,-56.3
-56.25,-56.25
-56.19,-56.19
-56.62,-56.62
-57.29,-57.29
-58.2,-58.2
-59.08,-59.08
-59.2,-59.2
-59.05,-59.05
-58.66,-58.66
-59.01,-59.01
-60.09,-60.09
-60.66,-60.66
-59.96,-59.96
-58.51,-58.51
-56.81,-56.81
-55.62,-55.62
-55.93,-55.93
-57.23,-57.23
-59.27,-59.27
-61.52,-61.52
-63.74,-63.74
-65.68,-65.68
-67.1,-67.1
-68.24,-68.24
-68.11,-68.11
-67.23,-67.23
-65.84,-65.84
-64.45,-64.45
-63.06,-63.06
-62.18,-62.18
-61.3,-61.3
-61.16,-61.16
-61.52,-61.52
-61.88,-61.88
-61.95,-61.95
-61.28,-61.28
-60.6,-60.6
-59.41,-59.41
-57.98,-57.98
-56.06,-56.06
-54.39,-54.39
-52.73,-52.73
-51.33,-51.33
-49.93,-49.93
-48.04,-48.04
-45.66,-45.66
-43.28,-43.28
-40.68,-40.68
-38.09,-38.09
-35.28,-35.28
-32.23,-32.23
-27.96,-27.96
-22.72,-22.72
-17.77,-17.77
-14.37,-14.37
-12.75,-12.75
-12.63,-12.63
-13.02,-13.02
-12.91,-12.91
-12.29,-12.29
-10.92,-10.92
-9.82,-9.82
-8.48,-8.48
-7.64,-7.64
-6.31,-6.31
-5.0,-5.0
-3.7,-3.7
-1.9,-1.9
0.13,0.13
2.39,2.39
5.12,5.12
7.34,7.34
8.78,8.78
9.2,9.2
9.13,9.13
9.05,9.05
9.46,9.46
10.38,10.38
12.04,12.04
14.67,14.67
18.04,18.04
22.11,22.11
25.65,25.65
28.15,28.15
29.12,29.12
29.59,29.59
29.04,29.04
28.49,28.49
27.7,27.7
26.9,26.9
26.36,26.36
26.32,26.32
26.78,26.78
27.48,27.48
28.17,28.17
28.84,28.84
29.26,29.26
29.67,29.67
29.82,29.82
30.21,30.21
30.6,30.6
30.98,30.98
31.1,31.1
30.21,30.21
29.33,29.33
28.21,28.21
27.58,27.58
27.21,27.21
26.59,26.59
25.22,25.22
22.61,22.61
19.52,19.52
15.7,15.7
12.17,12.17
8.67,8.67
5.7,5.7
3.75,3.75
2.32,2.32
1.91,1.91
2.49,2.49
4.33,4.33
6.39,6.39
8.19,8.19
8.96,8.96
8.98,8.98
8.75,8.75
9.02,9.02
9.78,9.78
10.29,10.29
10.54,10.54
10.28,10.28
10.28,10.28
10.77,10.77
12.01,12.01
13.49,13.49
15.95,15.95
18.38,18.38
20.54,20.54
21.68,21.68
22.56,22.56
23.17,23.17
23.27,23.27
23.12,23.12
22.22,22.22
21.07,21.07
20.18,20.18
19.79,19.79
20.16,20.16
20.76,20.76
21.11,21.11
21.46,21.46
21.54,21.54
21.12,21.12
20.46,20.46
20.04,20.04
19.88,19.88
19.97,19.97
20.05,20.05
19.88,19.88
19.45,19.45
19.28,19.28
19.61,19.61
21.18,21.18
23.23,23.23
25.26,25.26
26.52,26.52
26.51,26.51
25.75,25.75
24.24,24.24
22.49,22.49
21.51,21.51
21.53,21.53
22.29,22.29
23.3,23.3
23.04,23.04
21.53,21.53
19.29,19.29
17.06,17.06
15.35,15.35
14.4,14.4
14.46,14.46
14.51,14.51
14.81,14.81
14.61,14.61
14.41,14.41
13.95,13.95
13.75,13.75
14.3,14.3
15.09,15.09
15.63,15.63
16.15,16.15
16.17,16.17
16.18,16.18
15.7,15.7
14.71,14.71
13.48,13.48
12.26,12.26
11.55,11.55
11.35,11.35
11.14,11.14
11.18,11.18
11.23,11.23
11.02,11.02
11.06,11.06
10.85,10.85
10.64,10.64
10.18,10.18
9.47,9.47
8.51,8.51
7.82,7.82
7.63,7.63
7.94,7.94
8.5,8.5
9.04,9.04
9.09,9.09
8.63,8.63
7.43,7.43
5.23,5.23
2.8,2.8
0.9,0.9
0.01,0.01
0.63,0.63
2.75,2.75
5.34,5.34
6.91,6.91
6.97,6.97
4.77,4.77
1.6,1.6
-1.05,-1.05
-1.68,-1.68
-0.04,-0.04
2.82,2.82
5.91,5.91
7.98,7.98
8.77,8.77
8.05,8.05
6.84,6.84
5.14,5.14
3.2,3.2
1.78,1.78
0.88,0.88
0.98,0.98
1.82,1.82
2.92,2.92
3.5,3.5
3.07,3.07
2.15,2.15
1.24,1.24
0.59,0.59
-0.06,-0.06
-0.95,-0.95
-2.34,-2.34
-3.71,-3.71
-4.32,-4.32
-4.17,-4.17
-3.77,-3.77
-3.13,-3.13
-2.24,-2.24
-1.61,-1.61
-1.23,-1.23
-1.11,-1.11
-1.74,-1.74
-3.11,-3.11
-4.72,-4.72
-6.57,-6.57
-7.64,-7.64
-7.96,-7.96
-7.27,-7.27
-6.84,-6.84
-6.91,-6.91
-8.48,-8.48
-11.53,-11.53
-14.8,-14.8
-16.79,-16.79
-17.27,-17.27
-16.48,-16.48
-14.95,-14.95
-13.42,-13.42
-12.91,-12.91
-13.66,-13.66
-15.39,-15.39
-17.86,-17.86
-20.05,-20.05
-21.47,-21.47
-21.37,-21.37
-20.02,-20.02
-17.68,-17.68
-15.11,-15.11
-13.3,-13.3
-12.77,-12.77
-13.74,-13.74
-15.7,-15.7
-17.38,-17.38
-18.05,-18.05
-17.7,-17.7
-16.62,-16.62
-15.03,-15.03
-13.21,-13.21
-12.66,-12.66
-13.35,-13.35
-14.54,-14.54
-14.96,-14.96
-13.88,-13.88
-11.81,-11.81
-9.5,-9.5
-7.97,-7.97
-6.95,-6.95
-7.18,-7.18
-7.91,-7.91
-8.88,-8.88
-10.09,-10.09
-10.8,-10.8
-11.49,-11.49
-11.42,-11.42
-10.61,-10.61
-9.3,-9.3
-7.75,-7.75
-6.71,-6.71
-6.93,-6.93
-8.15,-8.15
-10.1,-10.1
-12.29,-12.29
-14.2,-14.2
-15.85,-15.85
-16.98,-16.98
-16.84,-16.84
-15.7,-15.7
-14.08,-14.08
-12.71,-12.71
-12.61,-12.61
-14.0,-14.0
-16.88,-16.88
-20.23,-20.23
-22.05,-22.05
-21.34,-21.34
-18.89,-18.89
-16.21,-16.21
-14.8,-14.8
-15.41,-15.41
-17.25,-17.25
-19.57,-19.57
-20.62,-20.62
-20.41,-20.41
-19.2,-19.2
-17.99,-17.99
-17.55,-17.55
-17.1,-17.1
-15.66,-15.66
-13.98,-13.98
-12.8,-12.8
-13.14,-13.14
-15.23,-15.23
-18.29,-18.29
-21.32,-21.32
-23.32,-23.32
-23.8,-23.8
-23.27,-23.27
-21.99,-21.99
-21.23,-21.23
-21.71,-21.71
-23.19,-23.19
-24.89,-24.89
-26.59,-26.59
-26.76,-26.76
-25.17,-25.17
-22.34,-22.34
-19.55,-19.55
-17.27,-17.27
-16.51,-16.51
-17.25,-17.25
-18.98,-18.98
-20.95,-20.95
-22.39,-22.39
-23.32,-23.32
-23.48,-23.48
-23.4,-23.4
-22.8,-22.8
-21.47,-21.47
-20.13,-20.13
-18.56,-18.56
-17.5,-17.5
-16.7,-16.7
-16.65,-16.65
-17.1,-17.1
-17.29,-17.29
-16.98,-16.98
-16.42,-16.42
-15.61,-15.61
-15.05,-15.05
-15.0,-15.0
-14.95,-14.95
-14.9,-14.9
-14.09,-14.09
-12.79,-12.79
-11.25,-11.25
-9.97,-9.97
-8.95,-8.95
-7.94,-7.94
-7.19,-7.19
-6.44,-6.44
-5.7,-5.7
-4.96,-4.96
-4.49,-4.49
-4.51,-4.51
-4.54,-4.54
-4.81,-4.81
-4.83,-4.83
-4.35,-4.35
-3.37,-3.37
-2.15,-2.15
-0.94,-0.94
0.0,0.0
0.2,0.2
-0.12,-0.12
-0.68,-0.68
-1.73,-1.73
-2.78,-2.78
-3.06,-3.06
-2.35,-2.35
-1.13,-1.13
0.07,0.07
1.01,1.01
1.19,1.19
0.62,0.62
-0.45,-0.45
-1.5,-1.5
-2.05,-2.05
-2.34,-2.34
-2.13,-2.13
-1.67,-1.67
-1.21,-1.21
-1.01,-1.01
-1.8,-1.8
-3.6,-3.6
-5.87,-5.87
-7.62,-7.62
-7.61,-7.61
-5.59,-5.59
-2.59,-2.59
0.13,0.13
2.07,2.07
2.25,2.25
0.93,0.93
-0.88,-0.88
-2.68,-2.68
-4.21,-4.21
-5.97,-5.97
-7.72,-7.72
-8.95,-8.95
-9.42,-9.42
-8.63,-8.63
-6.59,-6.59
-4.58,-4.58
-3.08,-3.08
-2.35,-2.35
-2.62,-2.62
-3.14,-3.14
-3.4,-3.4
-3.17,-3.17
-2.43,-2.43
-1.2,-1.2
0.02,0.02
0.98,0.98
1.68,1.68
1.87,1.87
1.81,1.81
1.5,1.5
0.95,0.95
1.15,1.15
2.09,2.09
3.28,3.28
4.21,4.21
4.37,4.37
4.29,4.29
4.96,4.96
6.12,6.12
7.01,7.01
7.15,7.15
6.54,6.54
5.68,5.68
4.57,4.57
3.98,3.98
3.64,3.64
3.55,3.55
3.72,3.72
3.63,3.63
3.29,3.29
2.71,2.71
2.37,2.37
2.55,2.55
3.22,3.22
4.13,4.13
5.79,5.79
7.18,7.18
8.3,8.3
9.41,9.41
10.02,10.02
10.61,10.61
11.2,11.2
11.78,11.78
11.85,11.85
11.17,11.17
9.5,9.5
8.09,8.09
7.2,7.2
7.3,7.3
7.16,7.16
6.52,6.52
5.37,5.37
4.5,4.5
4.37,4.37
5.5,5.5
7.37,7.37
9.47,9.47
11.05,11.05
11.61,11.61
11.67,11.67
11.97,11.97
12.27,12.27
13.06,13.06
13.6,13.6
13.88,13.88
12.91,12.91
11.43,11.43
9.98,9.98
10.03,10.03
11.58,11.58
14.12,14.12
17.12,17.12
19.36,19.36
20.57,20.57
21.26,21.26
21.95,21.95
22.87,22.87
24.78,24.78
27.42,27.42
30.03,30.03
31.12,31.12
30.69,30.69
29.01,29.01
26.84,26.84
24.94,24.94
23.8,23.8
23.66,23.66
24.27,24.27
25.37,25.37
25.97,25.97
26.3,26.3
26.62,26.62
26.95,26.95
27.0,27.0
26.31,26.31
25.12,25.12
23.43,23.43
21.26,21.26
19.35,19.35
17.21,17.21
15.84,15.84
15.22,15.22
16.11,16.11
18.49,18.49
21.59,21.59
23.66,23.66
24.46,24.46
24.5,24.5
24.79,24.79
26.06,26.06
28.08,28.08
29.82,29.82
30.79,30.79
30.74,30.74
30.7,30.7
32.39,32.39
36.57,36.57
43.45,43.45
51.52,51.52
58.5,58.5
63.41,63.41
66.52,66.52
68.83,68.83
70.62,70.62
71.87,71.87
72.36,72.36
71.83,71.83
71.05,71.05
71.26,71.26
72.7,72.7
75.38,75.38
78.27,78.27
79.87,79.87
79.7,79.7
78.01,78.01
75.32,75.32
72.9,72.9
71.74,71.74
71.84,71.84
73.41,73.41
77.71,77.71
85.72,85.72
96.88,96.88
109.93,109.93
121.09,121.09
127.89,127.89
128.35,128.35
123.29,123.29
114.51,114.51
103.79,103.79
93.4,93.4
83.59,83.59
74.36,74.36
65.7,65.7
56.61,56.61
47.1,47.1
37.16,37.16
26.56,26.56
16.05,16.05
5.89,5.89
-3.43,-3.43
-11.91,-11.91
-19.32,-19.32
-25.91,-25.91
-31.18,-31.18
-35.15,-35.15
-37.83,-37.83
-39.72,-39.72
-41.35,-41.35
-43.95,-43.95
-47.52,-47.52
-51.8,-51.8
-56.54,-56.54
-60.97,-60.97
-64.11,-64.11
-65.7,-65.7
-66.53,-66.53
-67.58,-67.58
-70.11,-70.11
-72.86,-72.86
-75.08,-75.08
-76.26,-76.26
-76.17,-76.17
-75.82,-75.82
-74.96,-74.96
-73.85,-73.85
-72.49,-72.49
-71.37,-71.37
-70.76,-70.76
-70.39,-70.39
-69.77,-69.77
-68.89,-68.89
-67.26,-67.26
-64.63,-64.63
-61.02,-61.02
-55.93,-55.93
-50.38,-50.38
-45.87,-45.87
-43.39,-43.39
-44.43,-44.43
-47.21,-47.21
-49.95,-49.95
-50.66,-50.66
-48.36,-48.36
-44.07,-44.07
-39.06,-39.06
-34.85,-34.85
-32.41,-32.41
-32.75,-32.75
-34.82,-34.82
-37.87,-37.87
-40.64,-40.64
-42.88,-42.88
-44.58,-44.58
-45.77,-45.77
-45.94,-45.94
-44.85,-44.85
-42.26,-42.26
-39.45,-39.45
-37.64,-37.64
-37.61,-37.61
-38.56,-38.56
-40.0,-40.0
-41.93,-41.93
-44.32,-44.32
-46.69,-46.69
-49.29,-49.29
-52.09,-52.09
-55.62,-55.62
-59.36,-59.36
-63.05,-63.05
-65.45,-65.45
-65.82,-65.82
-63.92,-63.92
-61.28,-61.28
-58.16,-58.16
-52.8,-52.8
-39.24,-39.24
-13.05,-13.05
23.41,23.41
63.53,63.53
97.28,97.28
118.2,118.2
124.16,124.16
118.05,118.05
104.98,104.98
89.76,89.76
75.67,75.67
63.44,63.44
53.07,53.07
44.28,44.28
37.32,37.32
31.91,31.91
27.3,27.3
22.48,22.48
16.7,16.7
10.71,10.71
5.04,5.04
0.66,0.66
-2.93,-2.93
-6.24,-6.24
-10.26,-10.26
-15.5,-15.5
-20.93,-20.93
-25.81,-25.81
-30.15,-30.15
-33.19,-33.19
-34.7,-34.7
-34.94,-34.94
-34.66,-34.66
-34.89,-34.89
-36.11,-36.11
-38.32,-38.32
-40.24,-40.24
-42.15,-42.15
-44.03,-44.03
-46.14,-46.14
-48.47,-48.47
-51.02,-51.02
-53.29,-53.29
-54.78,-54.78
-56.25,-56.25
-57.45,-57.45
-58.63,-58.63
-59.04,-59.04
-58.69,-58.69
-58.08,-58.08
-58.21,-58.21
-59.09,-59.09
-60.45,-60.45
-61.29,-61.29
-61.36,-61.36
-60.93,-60.93
-61.98,-61.98
-65.02,-65.02
-69.27,-69.27
-71.97,-71.97
-71.89,-71.89
-69.29,-69.29
-66.71,-66.71
-66.14,-66.14
-68.32,-68.32
-72.21,-72.21
-76.07,-76.07
-78.12,-78.12
-77.89,-77.89
-76.16,-76.16
-74.42,-74.42
-73.2,-73.2
-72.47,-72.47
-71.99,-71.99
-72.25,-72.25
-72.75,-72.75
-74.23,-74.23
-75.44,-75.44
-76.62,-76.62
-76.79,-76.79
-75.19,-75.19
-71.09,-71.09
-65.52,-65.52
-60.24,-60.24
-56.5,-56.5
-55.29,-55.29
-57.07,-57.07
-60.84,-60.84
-63.81,-63.81
-63.24,-63.24
-58.67,-58.67
-51.13,-51.13
-43.4,-43.4
-37.24,-37.24
-32.88,-32.88
-30.05,-30.05
-28.24,-28.24
-25.7,-25.7
-21.68,-21.68
-16.93,-16.93
-11.98,-11.98
-8.57,-8.57
-6.45,-6.45
-5.59,-5.59
-5.23,-5.23
-4.89,-4.89
-4.29,-4.29
-3.2,-3.2
-1.37,-1.37
1.7,1.7
6.49,6.49
12.23,12.23
17.92,17.92
22.8,22.8
25.64,25.64
26.45,26.45
26.5,26.5
26.79,26.79
27.82,27.82
29.59,29.59
31.09,31.09
31.32,31.32
31.05,31.05
30.77,30.77
30.99,30.99
32.2,32.2
33.91,33.91
35.33,35.33
35.73,35.73
34.64,34.64
32.3,32.3
29.22,29.22
27.66,27.66
27.86,27.86
29.06,29.06
30.48,30.48
31.41,31.41
32.06,32.06
32.7,32.7
34.08,34.08
35.44,35.44
37.55,37.55
40.11,40.11
43.41,43.41
46.91,46.91
49.88,49.88
51.8,51.8
52.95,52.95
52.59,52.59
51.22,51.22
49.11,49.11
47.02,47.02
46.17,46.17
46.58,46.58
48.23,48.23
50.36,50.36
52.7,52.7
54.53,54.53
55.58,55.58
55.61,55.61
55.13,55.13
54.64,54.64
55.16,55.16
56.66,56.66
58.38,58.38
60.33,60.33
61.52,61.52
62.42,62.42
62.8,62.8
63.42,63.42
64.53,64.53
65.37,65.37
64.95,64.95
63.52,63.52
61.83,61.83
60.41,60.41
60.23,60.23
61.31,61.31
63.11,63.11
64.39,64.39
64.64,64.64
64.14,64.14
62.38,62.38
60.13,60.13
58.38,58.38
57.64,57.64
57.91,57.91
58.66,58.66
59.14,59.14
59.36,59.36
58.31,58.31
57.03,57.03
56.48,56.48
57.45,57.45
60.14,60.14
63.05,63.05
64.92,64.92
65.27,65.27
64.11,64.11
62.19,62.19
60.78,60.78
60.38,60.38
61.22,61.22
62.55,62.55
63.09,63.09
62.63,62.63
61.41,61.41
59.45,59.45
57.23,57.23
55.05,55.05
53.11,53.11
52.19,52.19
52.02,52.02
51.33,51.33
49.91,49.91
47.47,47.47
44.56,44.56
42.42,42.42
42.05,42.05
42.91,42.91
45.02,45.02
47.09,47.09
48.89,48.89
49.67,49.67
48.69,48.69
46.7,46.7
44.48,44.48
42.27,42.27
40.33,40.33
38.39,38.39
36.47,36.47
34.31,34.31
32.41,32.41
31.53,31.53
32.16,32.16
34.02,34.02
36.34,36.34
37.91,37.91
38.45,38.45
37.72,37.72
36.75,36.75
35.3,35.3
34.58,34.58
34.63,34.63
34.66,34.66
34.69,34.69
33.47,33.47
31.25,31.25
28.8,28.8
27.61,27.61
27.94,27.94
29.5,29.5
30.55,30.55
30.08,30.08
28.11,28.11
25.66,25.66
23.48,23.48
21.31,21.31
19.66,19.66
18.52,18.52
18.88,18.88
20.24,20.24
21.34,21.34
21.42,21.42
20.0,20.0
17.59,17.59
15.45,15.45
14.32,14.32
14.7,14.7
16.58,16.58
18.19,18.19
17.77,17.77
15.12,15.12
10.73,10.73
5.88,5.88
2.58,2.58
1.8,1.8
3.53,3.53
6.0,6.0
7.69,7.69
6.87,6.87
4.3,4.3
0.5,0.5
-3.26,-3.26
-5.98,-5.98
-7.43,-7.43
-7.12,-7.12
-6.06,-6.06
-5.0,-5.0
-4.46,-4.46
-4.42,-4.42
-4.88,-4.88
-5.58,-5.58
-6.03,-6.03
-6.22,-6.22
-5.66,-5.66
-5.36,-5.36
-6.05,-6.05
-8.24,-8.24
-11.41,-11.41
-15.04,-15.04
-17.65,-17.65
-18.72,-18.72
-17.28,-17.28
-13.6,-13.6
-9.71,-9.71
-7.85,-7.85
-9.0,-9.0
-12.64,-12.64
-17.25,-17.25
-21.31,-21.31
-23.33,-23.33
-23.33,-23.33
-21.58,-21.58
-19.59,-19.59
-17.86,-17.86
-16.65,-16.65
-16.2,-16.2
-15.99,-15.99
-16.29,-16.29
-17.09,-17.09
-18.37,-18.37
-19.38,-19.38
-20.39,-20.39
-21.63,-21.63
-23.86,-23.86
-25.81,-25.81
-27.25,-27.25
-27.66,-27.66
-27.32,-27.32
-26.48,-26.48
-25.64,-25.64
-24.8,-24.8
-24.72,-24.72
-25.38,-25.38
-26.29,-26.29
-26.43,-26.43
-24.82,-24.82
-21.47,-21.47
-17.39,-17.39
-15.35,-15.35
-15.83,-15.83
-18.8,-18.8
-21.99,-21.99
-23.65,-23.65
-23.04,-23.04
-20.92,-20.92
-19.08,-19.08
-18.0,-18.0
-17.94,-17.94
-18.11,-18.11
-18.28,-18.28
-18.95,-18.95
-19.61,-19.61
-20.5,-20.5
-21.39,-21.39
-22.52,-22.52
-23.14,-23.14
-23.48,-23.48
-23.09,-23.09
-21.44,-21.44
-19.05,-19.05
-17.17,-17.17
-16.81,-16.81
-17.95,-17.95
-20.34,-20.34
-22.19,-22.19
-22.78,-22.78
-21.86,-21.86
-20.69,-20.69
-19.78,-19.78
-19.37,-19.37
-18.97,-18.97
-18.81,-18.81
-18.66,-18.66
-19.0,-19.0
-20.08,-20.08
-21.66,-21.66
-22.97,-22.97
-22.75,-22.75
-20.8,-20.8
-17.84,-17.84
-15.92,-15.92
-15.02,-15.02
-15.63,-15.63
-16.72,-16.72
-18.3,-18.3
-20.36,-20.36
-22.14,-22.14
-23.67,-23.67
-24.42,-24.42
-24.16,-24.16
-23.91,-23.91
-23.39,-23.39
-22.89,-22.89
-22.12,-22.12
-21.37,-21.37
-21.12,-21.12
-21.87,-21.87
-23.11,-23.11
-24.58,-24.58
-25.78,-25.78
-26.23,-26.23
-26.16,-26.16
-25.09,-25.09
-23.78,-23.78
-23.22,-23.22
-23.67,-23.67
-25.36,-25.36
-26.78,-26.78
-26.92,-26.92
-25.08,-25.08
-21.48,-21.48
-18.92,-18.92
-18.39,-18.39
-20.09,-20.09
-22.8,-22.8
-25.2,-25.2
-26.09,-26.09
-25.47,-25.47
-23.36,-23.36
-21.5,-21.5
-20.66,-20.66
-20.56,-20.56
-21.48,-21.48
-22.62,-22.62
-23.02,-23.02
-22.64,-22.64
-21.27,-21.27
-19.16,-19.16
-16.56,-16.56
-13.98,-13.98
-11.69,-11.69
-10.16,-10.16
-9.63,-9.63
-10.11,-10.11
-11.34,-11.34
-12.8,-12.8
-14.25,-14.25
-15.69,-15.69
-17.09,-17.09
-19.0,-19.0
-21.37,-21.37
-24.48,-24.48
-28.31,-28.31
-31.84,-31.84
-34.09,-34.09
-33.81,-33.81
-31.78,-31.78
-29.27,-29.27
-28.52,-28.52
-30.02,-30.02
-33.27,-33.27
-37.45,-37.45
-40.63,-40.63
-41.48,-41.48
-39.84,-39.84
-36.97,-36.97
-34.61,-34.61
-33.52,-33.52
-33.67,-33.67
-34.56,-34.56
-35.2,-35.2
-34.59,-34.59
-32.72,-32.72
-30.11,-30.11
-27.77,-27.77
-26.19,-26.19
-25.62,-25.62
-25.56,-25.56
-25.25,-25.25
-24.94,-24.94
-24.62,-24.62
-24.05,-24.05
-23.48,-23.48
-23.67,-23.67
-24.36,-24.36
-25.78,-25.78
-27.19,-27.19
-28.56,-28.56
-29.19,-29.19
-28.8,-28.8
-27.91,-27.91
-26.52,-26.52
-25.89,-25.89
-26.77,-26.77
-28.62,-28.62
-30.22,-30.22
-31.03,-31.03
-31.09,-31.09
-30.89,-30.89
-31.2,-31.2
-31.98,-31.98
-32.77,-32.77
-33.55,-33.55
-33.55,-33.55
-32.55,-32.55
-30.31,-30.31
-27.58,-27.58
-25.12,-25.12
-23.69,-23.69
-22.75,-22.75
-22.58,-22.58
-22.41,-22.41
-21.97,-21.97
-20.55,-20.55
-19.12,-19.12
-17.97,-17.97
-17.58,-17.58
-17.42,-17.42
-17.28,-17.28
-16.37,-16.37
-15.23,-15.23
-14.59,-14.59
-14.7,-14.7
-15.58,-15.58
-16.42,-16.42
-16.77,-16.77
-16.36,-16.36
-14.94,-14.94
-12.55,-12.55
-10.16,-10.16
-8.05,-8.05
-7.2,-7.2
-6.87,-6.87
-6.3,-6.3
-5.45,-5.45
-4.39,-4.39
-3.58,-3.58
-3.27,-3.27
-3.97,-3.97
-5.41,-5.41
-6.83,-6.83
-7.73,-7.73
-8.14,-8.14
-8.03,-8.03
-8.67,-8.67
-10.31,-10.31
-12.44,-12.44
-14.3,-14.3
-15.63,-15.63
-15.44,-15.44
-14.5,-14.5
-13.08,-13.08
-11.91,-11.91
-11.25,-11.25
-11.11,-11.11
-10.7,-10.7
-9.55,-9.55
-8.16,-8.16
-7.28,-7.28
-6.91,-6.91
-7.28,-7.28
-7.66,-7.66
-7.02,-7.02
-4.9,-4.9
-1.55,-1.55
2.28,2.28
5.58,5.58
7.59,7.59
8.08,8.08
7.56,7.56
6.8,6.8
5.8,5.8
5.55,5.55
6.05,6.05
7.8,7.8
9.53,9.53
10.75,10.75
10.45,10.45
9.65,9.65
8.86,8.86
8.83,8.83
9.79,9.79
11.74,11.74
14.17,14.17
15.84,15.84
15.98,15.98
14.12,14.12
11.02,11.02
8.2,8.2
6.4,6.4
5.87,5.87
5.34,5.34
5.07,5.07
4.55,4.55
4.78,4.78
6.27,6.27
8.48,8.48
10.43,10.43
11.6,11.6
11.51,11.51
10.67,10.67
8.84,8.84
6.77,6.77
4.23,4.23
1.45,1.45
-1.05,-1.05
-2.03,-2.03
-1.25,-1.25
0.77,0.77
2.53,2.53
4.02,4.02
4.49,4.49
3.96,3.96
2.94,2.94
1.42,1.42
0.17,0.17
-0.83,-0.83
-1.56,-1.56
-1.79,-1.79
-1.51,-1.51
-0.48,-0.48
0.53,0.53
1.79,1.79
2.28,2.28
2.77,2.77
3.0,3.0
3.48,3.48
4.96,4.96
7.17,7.17
9.61,9.61
11.78,11.78
13.43,13.43
15.06,15.06
16.92,16.92
18.76,18.76
20.58,20.58
21.88,21.88
23.17,23.17
23.94,23.94
24.21,24.21
23.46,23.46
22.22,22.22
20.49,20.49
18.76,18.76
17.56,17.56
16.86,16.86
16.41,16.41
16.72,16.72
17.77,17.77
18.56,18.56
18.33,18.33
16.86,16.86
14.4,14.4
12.21,12.21
10.29,10.29
8.63,8.63
7.24,7.24
5.61,5.61
3.74,3.74
1.88,1.88
0.3,0.3
-0.27,-0.27
-0.08,-0.08
1.85,1.85
5.27,5.27
8.9,8.9
11.5,11.5
11.82,11.82
10.39,10.39
8.47,8.47
7.57,7.57
8.17,8.17
9.77,9.77
11.35,11.35
11.91,11.91
11.72,11.72
10.78,10.78
9.84,9.84
9.67,9.67
10.24,10.24
11.8,11.8
13.1,13.1
13.89,13.89
13.16,13.16
11.7,11.7
10.24,10.24
9.29,9.29
9.61,9.61
10.66,10.66
11.95,11.95
12.73,12.73
13.26,13.26
13.27,13.27
13.29,13.29
13.8,13.8
15.05,15.05
16.3,16.3
17.27,17.27
16.99,16.99
16.46,16.46
16.18,16.18
15.9,15.9
15.62,15.62
14.59,14.59
13.06,13.06
11.55,11.55
10.3,10.3
10.31,10.31
11.07,11.07
12.32,12.32
13.55,13.55
14.02,14.02
13.99,13.99
13.46,13.46
13.43,13.43
13.89,13.89
15.1,15.1
15.8,15.8
15.98,15.98
14.92,14.92
12.61,12.61
10.32,10.32
8.55,8.55
8.3,8.3
9.29,9.29
11.52,11.52
13.73,13.73
15.68,15.68
17.85,17.85
19.5,19.5
20.62,20.62
20.99,20.99
20.85,20.85
20.46,20.46
20.57,20.57
20.67,20.67
20.77,20.77
20.37,20.37
19.97,19.97
21.06,21.06
24.15,24.15
28.95,28.95
34.95,34.95
40.65,40.65
45.04,45.04
48.13,48.13
49.43,49.43
48.96,48.96
46.49,46.49
42.79,42.79
38.62,38.62
34.72,34.72
31.61,31.61
29.52,29.52
28.45,28.45
28.62,28.62
28.8,28.8
29.22,29.22
28.87,28.87
27.79,27.79
25.95,25.95
23.87,23.87
21.32,21.32
19.28,19.28
18.02,18.02
18.0,18.0
19.73,19.73
22.45,22.45
25.14,25.14
27.05,27.05
27.94,27.94
28.06,28.06
27.93,27.93
27.3,27.3
26.67,26.67
26.04,26.04
24.41,24.41
21.05,21.05
15.21,15.21
6.67,6.67
-3.54,-3.54
-14.41,-14.41
-25.42,-25.42
-35.09,-35.09
-42.91,-42.91
-48.64,-48.64
-52.07,-52.07
-53.46,-53.46
-53.09,-53.09
-51.2,-51.2
-49.07,-49.07
-46.96,-46.96
-44.86,-44.86
-42.77,-42.77
-40.7,-40.7
-39.13,-39.13
-37.58,-37.58
-35.53,-35.53
-32.75,-32.75
-28.98,-28.98
-25.25,-25.25
-21.8,-21.8
-19.13,-19.13
-17.73,-17.73
-16.58,-16.58
-15.7,-15.7
-14.57,-14.57
-12.95,-12.95
-11.09,-11.09
-9.5,-9.5
-8.42,-8.42
-7.35,-7.35
-6.04,-6.04
-4.23,-4.23
-2.2,-2.2
-0.43,-0.43
1.07,1.07
2.55,2.55
4.28,4.28
4.98,4.98
4.68,4.68
3.89,3.89
2.84,2.84
2.56,2.56
3.03,3.03
4.75,4.75
7.45,7.45
10.37,10.37
12.51,12.51
12.88,12.88
10.75,10.75
6.89,6.89
2.8,2.8
0.01,0.01
-0.5,-0.5
1.48,1.48
4.45,4.45
6.89,6.89
8.06,8.06
8.71,8.71
9.36,9.36
9.75,9.75
9.89,9.89
9.27,9.27
8.41,8.41
8.05,8.05
8.2,8.2
8.59,8.59
9.23,9.23
9.61,9.61
9.24,9.24
7.37,7.37
4.26,4.26
0.68,0.68
-1.61,-1.61
-1.39,-1.39
1.09,1.09
4.54,4.54
7.21,7.21
8.1,8.1
7.23,7.23
5.62,5.62
4.78,4.78
4.94,4.94
5.6,5.6
6.5,6.5
6.65,6.65
5.79,5.79
4.44,4.44
3.09,3.09
2.52,2.52
2.7,2.7
3.87,3.87
5.03,5.03
5.93,5.93
6.32,6.32
5.96,5.96
5.61,5.61
5.25,5.25
5.39,5.39
5.54,5.54
5.68,5.68
5.82,5.82
5.45,5.45
4.84,4.84
4.23,4.23
3.13,3.13
1.79,1.79
-0.04,-0.04
-2.35,-2.35
-4.64,-4.64
-6.66,-6.66
-8.16,-8.16
-9.39,-9.39
-10.87,-10.87
-13.57,-13.57
-17.26,-17.26
-20.15,-20.15
-21.02,-21.02
-18.62,-18.62
-14.74,-14.74
-11.15,-11.15
-10.09,-10.09
-12.03,-12.03
-15.96,-15.96
-20.34,-20.34
-23.69,-23.69
-25.75,-25.75
-26.29,-26.29
-25.57,-25.57
-24.35,-24.35
-22.89,-22.89
-21.93,-21.93
-20.99,-20.99
-20.3,-20.3
-19.86,-19.86
-19.93,-19.93
-20.23,-20.23
-20.04,-20.04
-19.59,-19.59
-18.65,-18.65
-17.71,-17.71
-16.77,-16.77
-15.84,-15.84
-14.67,-14.67
-14.01,-14.01
-13.6,-13.6
-13.44,-13.44
-12.54,-12.54
-10.88,-10.88
-8.74,-8.74
-6.62,-6.62
-6.02,-6.02
-6.92,-6.92
-9.07,-9.07
-11.44,-11.44
-13.54,-13.54
-15.12,-15.12
-15.68,-15.68
-14.98,-14.98
-13.29,-13.29
-10.86,-10.86
-8.45,-8.45
-7.06,-7.06
-7.19,-7.19
-8.31,-8.31
-9.92,-9.92
-11.26,-11.26
-11.59,-11.59
-10.67,-10.67
-8.5,-8.5
-5.6,-5.6
-2.98,-2.98
-1.87,-1.87
-2.29,-2.29
-3.94,-3.94
-5.58,-5.58
-6.2,-6.2
-5.82,-5.82
-3.94,-3.94
-1.58,-1.58
0.27,0.27
1.34,1.34
1.41,1.41
1.47,1.47
2.04,2.04
3.34,3.34
5.64,5.64
8.16,8.16
11.16,11.16
13.63,13.63
15.83,15.83
17.25,17.25
17.91,17.91
17.81,17.81
17.46,17.46
17.11,17.11
16.75,16.75
16.15,16.15
16.05,16.05
15.96,15.96
16.11,16.11
16.0,16.0
15.14,15.14
13.54,13.54
12.21,12.21
10.88,10.88
9.81,9.81
9.5,9.5
9.45,9.45
9.39,9.39
9.08,9.08
8.02,8.02
6.47,6.47
4.69,4.69
4.16,4.16
4.65,4.65
6.62,6.62
9.09,9.09
11.27,11.27
11.94,11.94
11.59,11.59
10.25,10.25
8.17,8.17
5.6,5.6
3.06,3.06
1.55,1.55
1.79,1.79
3.03,3.03
4.02,4.02
3.98,3.98
2.95,2.95
2.18,2.18
2.67,2.67
4.15,4.15
6.12,6.12
7.82,7.82
8.75,8.75
9.42,9.42
9.59,9.59
9.75,9.75
9.41,9.41
9.31,9.31
9.73,9.73
10.88,10.88
12.27,12.27
13.65,13.65
14.52,14.52
15.37,15.37
15.46,15.46
14.8,14.8
13.64,13.64
12.49,12.49
12.35,12.35
13.46,13.46
15.31,15.31
17.14,17.14
18.2,18.2
17.99,17.99
16.79,16.79
15.84,15.84
15.91,15.91
17.21,17.21
19.26,19.26
21.03,21.03
22.03,22.03
21.77,21.77
20.26,20.26
18.76,18.76
17.77,17.77
17.29,17.29
17.05,17.05
16.32,16.32
15.09,15.09
13.88,13.88
13.17,13.17
13.21,13.21
14.25,14.25
15.79,15.79
16.8,16.8
16.55,16.55
14.3,14.3
11.07,11.07
8.37,8.37
7.45,7.45
8.77,8.77
11.34,11.34
13.63,13.63
14.9,14.9
14.4,14.4
12.91,12.91
10.93,10.93
8.96,8.96
7.51,7.51
6.57,6.57
6.14,6.14
6.22,6.22
6.29,6.29
6.61,6.61
7.18,7.18
7.98,7.98
9.29,9.29
10.57,10.57
11.6,11.6
12.11,12.11
11.87,11.87
10.88,10.88
9.14,9.14
7.68,7.68
5.96,5.96
4.27,4.27
3.34,3.34
3.17,3.17
4.25,4.25
5.82,5.82
7.88,7.88
8.91,8.91
9.19,9.19
8.96,8.96
8.73,8.73
9.0,9.0
9.52,9.52
9.53,9.53
9.29,9.29
8.8,8.8
8.81,8.81
8.82,8.82
9.08,9.08
8.59,8.59
8.1,8.1
7.87,7.87
8.38,8.38
9.14,9.14
10.14,10.14
11.38,11.38
12.61,12.61
13.32,13.32
12.78,12.78
11.23,11.23
9.45,9.45
7.69,7.69
6.19,6.19
5.2,5.2
3.97,3.97
3.26,3.26
2.79,2.79
2.58,2.58
2.63,2.63
2.92,2.92
2.71,2.71
2.0,2.0
0.8,0.8
-0.15,-0.15
-0.08,-0.08
0.99,0.99
3.04,3.04
4.33,4.33
4.85,4.85
4.12,4.12
3.65,3.65
3.68,3.68
4.71,4.71
6.22,6.22
8.22,8.22
8.96,8.96
8.18,8.18
5.67,5.67
1.92,1.92
-1.04,-1.04
-3.23,-3.23
-3.89,-3.89
-3.55,-3.55
-2.46,-2.46
-0.89,-0.89
0.43,0.43
1.48,1.48
2.28,2.28
2.31,2.31
1.6,1.6
-0.11,-0.11
-1.8,-1.8
-2.73,-2.73
-3.15,-3.15
-3.07,-3.07
-2.73,-2.73
-2.9,-2.9
-4.06,-4.06
-5.96,-5.96
-8.1,-8.1
-10.46,-10.46
-12.56,-12.56
-13.88,-13.88
-15.19,-15.19
-15.48,-15.48
-15.02,-15.02
-14.3,-14.3
-13.6,-13.6
-13.4,-13.4
-13.45,-13.45
-14.24,-14.24
-15.02,-15.02
-15.8,-15.8
-17.32,-17.32
-19.07,-19.07
-21.55,-21.55
-24.01,-24.01
-25.19,-25.19
-25.1,-25.1
-24.02,-24.02
-22.18,-22.18
-20.12,-20.12
-18.56,-18.56
-17.27,-17.27
-16.99,-16.99
-17.96,-17.96
-19.41,-19.41
-20.6,-20.6
-20.78,-20.78
-19.95,-19.95
-18.37,-18.37
-17.56,-17.56
-17.76,-17.76
-19.95,-19.95
-23.11,-23.11
-26.99,-26.99
-30.84,-30.84
-33.89,-33.89
-36.16,-36.16
-37.66,-37.66
-38.38,-38.38
-38.09,-38.09
-37.8,-37.8
-37.26,-37.26
-37.46,-37.46
-37.66,-37.66
-38.1,-38.1
-38.28,-38.28
-38.2,-38.2
-38.38,-38.38
-39.29,-39.29
-40.18,-40.18
-40.56,-40.56
-39.69,-39.69
-38.56,-38.56
-37.69,-37.69
-37.07,-37.07
-36.2,-36.2
-34.59,-34.59
-31.98,-31.98
-28.64,-28.64
-25.09,-25.09
-22.05,-22.05
-20.29,-20.29
-19.3,-19.3
-18.3,-18.3
-16.82,-16.82
-14.35,-14.35
-11.15,-11.15
-7.48,-7.48
-3.84,-3.84
-1.23,-1.23
0.36,0.36
0.93,0.93
1.49,1.49
2.8,2.8
3.85,3.85
4.64,4.64
4.42,4.42
3.95,3.95
3.98,3.98
5.02,5.02
6.54,6.54
8.3,8.3
9.54,9.54
10.02,10.02
9.74,9.74
9.22,9.22
8.2,8.2
7.18,7.18
6.17,6.17
5.92,5.92
6.43,6.43
7.17,7.17
7.66,7.66
7.15,7.15
5.38,5.38
3.39,3.39
1.41,1.41
-0.05,-0.05
-1.25,-1.25
-1.69,-1.69
0.13,0.13
4.18,4.18
10.45,10.45
16.65,16.65
21.79,21.79
25.38,25.38
27.7,27.7
28.48,28.48
27.75,27.75
26.27,26.27
24.55,24.55
22.85,22.85
21.41,21.41
19.98,19.98
18.3,18.3
17.14,17.14
17.24,17.24
17.59,17.59
17.92,17.92
16.76,16.76
14.84,14.84
11.95,11.95
9.59,9.59
8.48,8.48
9.14,9.14
9.8,9.8
9.44,9.44
7.84,7.84
5.25,5.25
2.43,2.43
-0.61,-0.61
-3.62,-3.62
-7.36,-7.36
-12.06,-12.06
-15.97,-15.97
-18.59,-18.59
-18.93,-18.93
-17.77,-17.77
-16.1,-16.1
-14.46,-14.46
-13.83,-13.83
-14.2,-14.2
-15.32,-15.32
-15.67,-15.67
-14.27,-14.27
-11.63,-11.63
-8.26,-8.26
-6.17,-6.17
-5.6,-5.6
-7.04,-7.04
-9.7,-9.7
-12.35,-12.35
-13.72,-13.72
-13.07,-13.07
-10.93,-10.93
-8.3,-8.3
-6.7,-6.7
-6.86,-6.86
-8.77,-8.77
-11.16,-11.16
-14.02,-14.02
-16.36,-16.36
-17.93,-17.93
-18.48,-18.48
-18.02,-18.02
-17.3,-17.3
-17.85,-17.85
-19.39,-19.39
-21.41,-21.41
-23.16,-23.16
-24.63,-24.63
-25.84,-25.84
-26.8,-26.8
-27.98,-27.98
-29.4,-29.4
-31.05,-31.05
-32.93,-32.93
-34.29,-34.29
-35.38,-35.38
-35.71,-35.71
-35.52,-35.52
-35.09,-35.09
-35.16,-35.16
-35.96,-35.96
-37.76,-37.76
-39.28,-39.28
-40.53,-40.53
-40.52,-40.52
-39.5,-39.5
-38.23,-38.23
-37.22,-37.22
-37.21,-37.21
-37.7,-37.7
-38.17,-38.17
-38.39,-38.39
-38.1,-38.1
-37.55,-37.55
-37.26,-37.26
-36.46,-36.46
-35.66,-35.66
-34.87,-34.87
-34.32,-34.32
-33.28,-33.28
-30.99,-30.99
-28.22,-28.22
-25.72,-25.72
-24.23,-24.23
-24.26,-24.26
-25.04,-25.04
-25.8,-25.8
-25.8,-25.8
-24.8,-24.8
-22.55,-22.55
-20.07,-20.07
-17.61,-17.61
-15.67,-15.67
-14.0,-14.0
-13.09,-13.09
-11.93,-11.93
-10.54,-10.54
-8.65,-8.65
-6.28,-6.28
-3.43,-3.43
-0.36,-0.36
2.44,2.44
4.46,4.46
5.96,5.96
7.44,7.44
8.91,8.91
11.12,11.12
14.05,14.05
18.21,18.21
23.32,23.32
28.64,28.64
33.9,33.9
38.36,38.36
41.02,41.02
42.4,42.4
42.76,42.76
43.12,43.12
44.71,44.71
48.78,48.78
55.06,55.06
62.27,62.27
69.41,69.41
75.47,75.47
79.96,79.96
82.9,82.9
84.05,84.05
84.43,84.43
84.54,84.54
85.89,85.89
88.21,88.21
90.75,90.75
93.25,93.25
94.46,94.46
94.65,94.65
93.82,93.82
92.99,92.99
92.15,92.15
91.55,91.55
91.2,91.2
90.59,90.59
89.46,89.46
87.83,87.83
85.96,85.96
84.09,84.09
82.47,82.47
80.36,80.36
77.75,77.75
74.15,74.15
70.08,70.08
65.53,65.53
61.52,61.52
57.78,57.78
55.32,55.32
53.87,53.87
53.17,53.17
52.23,52.23
50.53,50.53
48.1,48.1
45.18,45.18
42.77,42.77
41.64,41.64
41.5,41.5
42.12,42.12
42.22,42.22
41.56,41.56
40.15,40.15
37.75,37.75
35.12,35.12
32.25,32.25
29.16,29.16
25.84,25.84
22.8,22.8
20.53,20.53
18.78,18.78
17.29,17.29
15.81,15.81
14.34,14.34
12.89,12.89
11.44,11.44
9.76,9.76
7.59,7.59
4.94,4.94
2.07,2.07
-0.53,-0.53
-2.61,-2.61
-3.67,-3.67
-4.47,-4.47
-5.25,-5.25
-6.54,-6.54
-9.3,-9.3
-13.8,-13.8
-19.25,-19.25
-24.14,-24.14
-27.74,-27.74
-29.55,-29.55
-31.09,-31.09
-32.61,-32.61
-34.36,-34.36
-36.34,-36.34
-38.05,-38.05
-39.98,-39.98
-42.14,-42.14
-44.28,-44.28
-45.64,-45.64
-46.23,-46.23
-45.56,-45.56
-45.14,-45.14
-45.46,-45.46
-46.78,-46.78
-48.82,-48.82
-51.09,-51.09
-53.34,-53.34
-55.05,-55.05
-56.48,-56.48
-57.65,-57.65
-58.3,-58.3
-58.68,-58.68
-59.55,-59.55
-60.91,-60.91
-62.73,-62.73
-65.05,-65.05
-67.32,-67.32
-69.06,-69.06
-70.03,-70.03
-69.98,-69.98
-69.16,-69.16
-67.35,-67.35
-64.54,-64.54
-61.5,-61.5
-59.48,-59.48
-58.46,-58.46
-58.95,-58.95
-60.41,-60.41
-62.12,-62.12
-63.54,-63.54
-64.2,-64.2
-63.58,-63.58
-62.46,-62.46
-60.84,-60.84
-59.48,-59.48
-58.88,-58.88
-58.77,-58.77
-59.39,-59.39
-60.51,-60.51
-60.86,-60.86
-60.45,-60.45
-59.02,-59.02
-57.6,-57.6
-56.69,-56.69
-56.28,-56.28
-55.86,-55.86
-55.19,-55.19
-53.77,-53.77
-51.34,-51.34
-49.44,-49.44
-46.8,-46.8
-45.16,-45.16
-43.05,-43.05
-40.44,-40.44
-37.84,-37.84
-34.77,-34.77
-31.23,-31.23
-28.7,-28.7
-25.7,-25.7
-23.72,-23.72
-22.76,-22.76
-21.8,-21.8
-21.35,-21.35
-21.89,-21.89
-21.93,-21.93
-21.97,-21.97
-22.0,-22.0
-21.03,-21.03
-19.56,-19.56
-18.61,-18.61
-18.15,-18.15
-18.71,-18.71
-19.25,-19.25
-19.29,-19.29
-19.32,-19.32
-19.84,-19.84
-19.87,-19.87
-20.38,-20.38
-20.89,-20.89
-20.9,-20.9
-20.4,-20.4
-19.4,-19.4
-18.9,-18.9
-18.41,-18.41
-17.92,-17.92
-18.94,-18.94
-19.94,-19.94
-21.42,-21.42
-22.39,-22.39
-22.85,-22.85
-23.3,-23.3
-23.25,-23.25
-22.19,-22.19
-20.13,-20.13
-18.1,-18.1
-16.07,-16.07
-14.07,-14.07
-12.58,-12.58
-11.6,-11.6
-10.13,-10.13
-9.17,-9.17
-7.72,-7.72
-6.28,-6.28
-4.36,-4.36
-2.45,-2.45
-1.55,-1.55
-1.17,-1.17
-1.29,-1.29
-0.9,-0.9
-1.02,-1.02
-1.64,-1.64
-4.25,-4.25
-7.34,-7.34
-10.9,-10.9
-13.93,-13.93
-14.92,-14.92
-14.91,-14.91
-13.89,-13.89
-12.88,-12.88
-11.38,-11.38
-9.88,-9.88
-7.91,-7.91
-5.94,-5.94
-2.99,-2.99
-0.58,-0.58
1.82,1.82
4.2,4.2
6.55,6.55
8.88,8.88
10.19,10.19
10.98,10.98
11.27,11.27
11.05,11.05
10.83,10.83
10.61,10.61
11.39,11.39
12.66,12.66
13.92,13.92
14.66,14.66
15.91,15.91
16.62,16.62
17.34,17.34
18.05,18.05
19.74,19.74
20.92,20.92
22.09,22.09
22.73,22.73
22.87,22.87
23.0,23.0
23.14,23.14
22.77,22.77
21.89,21.89
20.52,20.52
18.66,18.66
17.81,17.81
17.47,17.47
17.12,17.12
16.3,16.3
14.45,14.45
12.64,12.64
11.33,11.33
10.53,10.53
9.25,9.25
7.47,7.47
5.2,5.2
2.45,2.45
-0.27,-0.27
-2.45,-2.45
-4.12,-4.12
-4.78,-4.78
-4.44,-4.44
-4.59,-4.59
-4.75,-4.75
-5.39,-5.39
-4.53,-4.53
-3.19,-3.19
-0.84,-0.84
1.97,1.97
3.75,3.75
4.53,4.53
5.3,5.3
5.31,5.31
5.81,5.81
6.56,6.56
7.81,7.81
9.05,9.05
9.77,9.77
10.22,10.22
10.17,10.17
10.63,10.63
12.08,12.08
14.27,14.27
16.67,16.67
18.56,18.56
19.67,19.67
19.78,19.78
19.87,19.87
20.47,20.47
21.06,21.06
21.64,21.64
21.7,21.7
21.52,21.52
21.84,21.84
22.89,22.89
24.94,24.94
26.97,26.97
28.72,28.72
30.19,30.19
31.16,31.16
32.34,32.34
33.28,33.28
34.2,34.2
35.09,35.09
35.48,35.48
35.88,35.88
35.75,35.75
35.63,35.63
35.75,35.75
36.09,36.09
36.94,36.94
37.78,37.78
38.59,38.59
38.91,38.91
38.72,38.72
38.53,38.53
38.81,38.81
39.34,39.34
40.63,40.63
42.38,42.38
43.84,43.84
45.31,45.31
45.75,45.75
46.19,46.19
46.13,46.13
46.28,46.28
46.69,46.69
47.59,47.59
48.47,48.47
48.84,48.84
48.19,48.19
47.28,47.28
45.91,45.91
45.0,45.0
44.63,44.63
45.22,45.22
46.06,46.06
47.16,47.16
47.47,47.47
47.0,47.0
46.06,46.06
44.88,44.88
43.69,43.69
42.25,42.25
41.06,41.06
40.38,40.38
40.69,40.69
41.5,41.5
42.81,42.81
44.34,44.34
45.59,45.59
46.59,46.59
48.06,48.06
50.03,50.03
52.72,52.72
55.34,55.34
57.22,57.22
58.06,58.06
57.88,57.88
57.44,57.44
57.0,57.0
57.06,57.06
57.59,57.59
58.66,58.66
59.41,59.41
59.66,59.66
59.16,59.16
58.13,58.13
56.36,56.36
54.36,54.36
52.61,52.61
50.86,50.86
49.38,49.38
47.66,47.66
45.94,45.94
43.98,43.98
42.03,42.03
40.59,40.59
40.17,40.17
39.98,39.98
40.05,40.05
39.11,39.11
37.42,37.42
34.98,34.98
32.33,32.33
29.94,29.94
28.56,28.56
28.44,28.44
29.31,29.31
30.44,30.44
31.28,31.28
31.62,31.62
31.2,31.2
30.28,30.28
28.87,28.87
27.47,27.47
26.06,26.06
24.92,24.92
24.05,24.05
23.91,23.91
23.78,23.78
23.39,23.39
22.52,22.52
20.64,20.64
18.27,18.27
15.67,15.67
13.34,13.34
11.55,11.55
10.5,10.5
9.97,9.97
9.69,9.69
9.66,9.66
9.38,9.38
8.86,8.86
8.58,8.58
9.06,9.06
10.03,10.03
10.98,10.98
11.19,11.19
10.38,10.38
8.84,8.84
6.8,6.8
5.03,5.03
4.03,4.03
3.53,3.53
2.8,2.8
2.06,2.06
1.09,1.09
0.37,0.37
-0.09,-0.09
-0.3,-0.3
-0.26,-0.26
-0.22,-0.22
-0.17,-0.17
-0.13,-0.13
-0.84,-0.84
-1.54,-1.54
-2.23,-2.23
-2.66,-2.66
-3.1,-3.1
-3.53,-3.53
-5.95,-5.95
-14.86,-14.86
-32.67,-32.67
-59.07,-59.07
-88.47,-88.47
-113.34,-113.34
-128.46,-128.46
-131.93,-131.93
-125.84,-125.84
-114.29,-114.29
-101.83,-101.83
-91.22,-91.22
-83.44,-83.44
-77.97,-77.97
-73.54,-73.54
-69.38,-69.38
-65.76,-65.76
-62.41,-62.41
-59.07,-59.07
-55.76,-55.76
-51.73,-51.73
-47.47,-47.47
-42.99,-42.99
-38.55,-38.55
-33.89,-33.89
-30.02,-30.02
-27.18,-27.18
-25.61,-25.61
-25.05,-25.05
-24.99,-24.99
-24.18,-24.18
-22.88,-22.88
-21.33,-21.33
-19.54,-19.54
-18.02,-18.02
-16.01,-16.01
-13.76,-13.76
-11.78,-11.78
-10.57,-10.57
-10.37,-10.37
-11.67,-11.67
-14.45,-14.45
-19.21,-19.21
-27.92,-27.92
-40.8,-40.8
-57.3,-57.3
-76.39,-76.39
-95.55,-95.55
-114.02,-114.02
-133.05,-133.05
-155.14,-155.14
-180.76,-180.76
-207.61,-207.61
-230.68,-230.68
-245.26,-245.26
-249.92,-249.92
-245.0,-245.0
-233.34,-233.34
-218.0,-218.0
-201.51,-201.51
-185.65,-185.65
-170.9,-170.9
-157.51,-157.51
-144.47,-144.47
-131.28,-131.28
-117.69,-117.69
-103.7,-103.7
-90.33,-90.33
-78.06,-78.06
-67.14,-67.14
-57.07,-57.07
-47.58,-47.58
-37.91,-37.91
-28.08,-28.08
-18.34,-18.34
-8.43,-8.43
0.89,0.89
9.13,9.13
16.78,16.78
23.87,23.87
30.64,30.64
37.09,37.09
42.97,42.97
49.3,49.3
55.55,55.55
62.5,62.5
69.12,69.12
74.93,74.93
80.16,80.16
84.84,84.84
88.71,88.71
92.53,92.53
95.8,95.8
98.79,98.79
101.23,101.23
103.87,103.87
106.48,106.48
109.05,109.05
111.34,111.34
113.58,113.58
116.03,116.03
118.45,118.45
121.07,121.07
123.65,123.65
125.45,125.45
126.45,126.45
126.17,126.17
125.13,125.13
123.84,123.84
122.77,122.77
122.21,122.21
122.88,122.88
124.03,124.03
126.15,126.15
128.23,128.23
130.02,130.02
131.77,131.77
132.74,132.74
132.68,132.68
131.85,131.85
130.01,130.01
127.91,127.91
125.56,125.56
123.23,123.23
121.13,121.13
118.8,118.8
116.46,116.46
113.87,113.87
111.05,111.05
107.73,107.73
104.43,104.43
101.39,101.39
98.87,98.87
96.84,96.84
94.84,94.84
93.07,93.07
91.06,91.06
88.56,88.56
85.81,85.81
82.34,82.34
79.12,79.12
75.93,75.93
73.0,73.0
70.59,70.59
68.19,68.19
65.55,65.55
62.67,62.67
59.56,59.56
56.23,56.23
52.91,52.91
49.86,49.86
47.09,47.09
44.58,44.58
42.34,42.34
40.12,40.12
37.91,37.91
35.71,35.71
32.78,32.78
29.62,29.62
25.98,25.98
22.12,22.12
18.8,18.8
15.75,15.75
13.23,13.23
11.73,11.73
11.74,11.74
13.25,13.25
15.24,15.24
16.46,16.46
16.67,16.67
15.88,15.88
14.34,14.34
12.56,12.56
11.29,11.29
9.79,9.79
8.05,8.05
5.82,5.82
3.61,3.61
1.42,1.42
-0.74,-0.74
-2.89,-2.89
-5.02,-5.02
-6.38,-6.38
-7.23,-7.23
-7.81,-7.81
-9.14,-9.14
-10.71,-10.71
-12.26,-12.26
-14.04,-14.04
-15.55,-15.55
-17.3,-17.3
-19.78,-19.78
-22.49,-22.49
-24.92,-24.92
-26.83,-26.83
-27.95,-27.95
-28.31,-28.31
-28.17,-28.17
-28.28,-28.28
-28.62,-28.62
-29.47,-29.47
-30.3,-30.3
-31.37,-31.37
-32.42,-32.42
-33.72,-33.72
-34.73,-34.73
-36.23,-36.23
-37.48,-37.48
-38.2,-38.2
-38.41,-38.41
-38.61,-38.61
-38.8,-38.8
-39.73,-39.73
-40.91,-40.91
-42.06,-42.06
-42.7,-42.7
-43.33,-43.33
-43.69,-43.69
-44.3,-44.3
-45.38,-45.38
-46.7,-46.7
-48.27,-48.27
-49.3,-49.3
-49.81,-49.81
-49.56,-49.56
-49.31,-49.31
-48.81,-48.81
-48.3,-48.3
-48.03,-48.03
-48.03,-48.03
-47.75,-47.75
-47.22,-47.22
-45.94,-45.94
-44.41,-44.41
-42.66,-42.66
-41.13,-41.13
-40.63,-40.63
-40.63,-40.63
-41.38,-41.38
-42.09,-42.09
-43.31,-43.31
-44.75,-44.75
-46.69,-46.69
-48.84,-48.84
-50.72,-50.72
-51.81,-51.81
-52.66,-52.66
-52.97,-52.97
-53.03,-53.03
-52.56,-52.56
-52.88,-52.88
-53.66,-53.66
-54.66,-54.66
-55.66,-55.66
-56.41,-56.41
-56.88,-56.88
-57.81,-57.81
-59.5,-59.5
-61.91,-61.91
-63.56,-63.56
-64.91,-64.91
-65.75,-65.75
-67.06,-67.06
-67.59,-67.59
-67.37,-67.37
-66.41,-66.41
-64.69,-64.69
-63.44,-63.44
-63.47,-63.47
-64.0,-64.0
-65.5,-65.5
-66.97,-66.97
-68.19,-68.19
-69.12,-69.12
-70.03,-70.03
-70.94,-70.94
-71.81,-71.81
-72.69,-72.69
-73.25,-73.25
-74.09,-74.09
-74.91,-74.91
-76.94,-76.94
-79.94,-79.94
-84.91,-84.91
-91.06,-91.06
-98.16,-98.16
-104.66,-104.66
-111.59,-111.59
-121.44,-121.44
-137.19,-137.19
-160.28,-160.28
-191.62,-191.62
-229.91,-229.91
-271.53,-271.53
-311.03,-311.03
-342.34,-342.34
-360.56,-360.56
-364.81,-364.81
-356.5,-356.5
-340.19,-340.19
-319.72,-319.72
-298.87,-298.87
-279.94,-279.94
-263.16,-263.16
-248.47,-248.47
-234.37,-234.37
-220.12,-220.12
-203.47,-203.47
-183.94,-183.94
-161.31,-161.31
-138.36,-138.36
-116.86,-116.86
-99.77,-99.77
-88.08,-88.08
-81.98,-81.98
-79.94,-79.94
-80.64,-80.64
-84.08,-84.08
-91.97,-91.97
-105.77,-105.77
-125.19,-125.19
-146.91,-146.91
-165.64,-165.64
-177.2,-177.2
-179.86,-179.86
-174.73,-174.73
-163.62,-163.62
-149.59,-149.59
-135.41,-135.41
-122.58,-122.58
-110.61,-110.61
-98.73,-98.73
-86.19,-86.19
-72.5,-72.5
-58.68,-58.68
-45.23,-45.23
-32.64,-32.64
-20.41,-20.41
-8.79,-8.79
2.22,2.22
12.39,12.39
21.96,21.96
31.43,31.43
41.07,41.07
50.11,50.11
59.07,59.07
67.93,67.93
76.7,76.7
84.63,84.63
91.98,91.98
98.73,98.73
105.42,105.42
113.28,113.28
121.8,121.8
130.73,130.73
138.8,138.8
145.03,145.03
149.17,149.17
152.02,152.02
154.56,154.56
157.8,157.8
162.23,162.23
167.86,167.86
173.17,173.17
177.89,177.89
181.8,181.8
184.62,184.62
187.42,187.42
189.66,189.66
192.08,192.08
194.22,194.22
196.3,196.3
198.59,198.59
201.06,201.06
204.25,204.25
207.87,207.87
210.94,210.94
213.19,213.19
214.37,214.37
214.53,214.53
214.37,214.37
214.47,214.47
214.78,214.78
215.53,215.53
216.53,216.53
217.44,217.44
217.84,217.84
217.22,217.22
216.03,216.03
214.59,214.59
212.87,212.87
210.91,210.91
208.66,208.66
206.16,206.16
203.66,203.66
201.37,201.37
199.09,199.09
197.31,197.31
196.28,196.28
195.44,195.44
195.09,195.09
194.0,194.0
191.59,191.59
187.69,187.69
182.31,182.31
176.44,176.44
171.09,171.09
167.03,167.03
164.22,164.22
162.44,162.44
160.37,160.37
158.06,158.06
154.47,154.47
150.66,150.66
146.37,146.37
142.59,142.59
139.06,139.06
135.81,135.81
133.06,133.06
130.31,130.31
127.31,127.31
124.09,124.09
120.37,120.37
116.42,116.42
111.98,111.98
107.58,107.58
103.44,103.44
100.06,100.06
96.97,96.97
94.12,94.12
91.31,91.31
87.75,87.75
83.7,83.7
79.17,79.17
74.69,74.69
70.73,70.73
68.05,68.05
66.12,66.12
63.95,63.95
61.56,61.56
57.42,57.42
51.8,51.8
44.98,44.98
38.47,38.47
33.27,33.27
29.59,29.59
27.45,27.45
27.09,27.09
27.72,27.72
28.59,28.59
28.94,28.94
28.29,28.29
26.63,26.63
24.24,24.24
21.62,21.62
19.27,19.27
17.44,17.44
15.38,15.38
12.57,12.57
9.29,9.29
6.04,6.04
3.07,3.07
0.13,0.13
-2.79,-2.79
-5.43,-5.43
-7.79,-7.79
-9.89,-9.89
-11.71,-11.71
-13.76,-13.76
-16.3,-16.3
-19.3,-19.3
-22.53,-22.53
-25.22,-25.22
-27.39,-27.39
-29.28,-29.28
-30.9,-30.9
-32.75,-32.75
-34.58,-34.58
-36.39,-36.39
-37.92,-37.92
-38.43,-38.43
-38.69,-38.69
-38.44,-38.44
-38.43,-38.43
-38.41,-38.41
-38.65,-38.65
-38.87,-38.87
-38.59,-38.59
-37.55,-37.55
-35.52,-35.52
-33.24,-33.24
-31.48,-31.48
-30.73,-30.73
-31.26,-31.26
-32.75,-32.75
-34.73,-34.73
-36.69,-36.69
-38.38,-38.38
-40.03,-40.03
-41.17,-41.17
-42.05,-42.05
-42.66,-42.66
-43.0,-43.0
-43.34,-43.34
-43.92,-43.92
-44.48,-44.48
-45.3,-45.3
-46.33,-46.33
-47.11,-47.11
-47.88,-47.88
-48.86,-48.86
-49.84,-49.84
-51.31,-51.31
-52.75,-52.75
-54.42,-54.42
-56.06,-56.06
-57.44,-57.44
-57.55,-57.55
-56.89,-56.89
-55.22,-55.22
-53.81,-53.81
-52.92,-52.92
-53.02,-53.02
-53.38,-53.38
-53.94,-53.94
-54.03,-54.03
-53.56,-53.56
-53.63,-53.63
-54.19,-54.19
-55.72,-55.72
-57.47,-57.47
-58.72,-58.72
-59.44,-59.44
-59.38,-59.38
-59.31,-59.31
-59.5,-59.5
-60.19,-60.19
-60.84,-60.84
-61.47,-61.47
-61.84,-61.84
-62.22,-62.22
-63.06,-63.06
-63.66,-63.66
-64.47,-64.47
-65.03,-65.03
-65.81,-65.81
-66.34,-66.34
-67.09,-67.09
-67.81,-67.81
-68.78,-68.78
-70.0,-70.0
-71.19,-71.19
-72.59,-72.59
-73.47,-73.47
-74.09,-74.09
-73.94,-73.94
-73.28,-73.28
-72.34,-72.34
-71.94,-71.94
-71.5,-71.5
-71.59,-71.59
-71.62,-71.62
-71.69,-71.69
-71.72,-71.72
-71.5,-71.5
-71.25,-71.25
-71.0,-71.0
-71.0,-71.0
-71.25,-71.25
-71.22,-71.22
-70.94,-70.94
-70.37,-70.37
-70.09,-70.09
-69.53,-69.53
-69.22,-69.22
-69.12,-69.12
-68.81,-68.81
-68.72,-68.72
-68.62,-68.62
-68.5,-68.5
-68.12,-68.12
-67.5,-67.5
-66.62,-66.62
-65.5,-65.5
-64.62,-64.62
-63.5,-63.5
-62.34,-62.34
-61.97,-61.97
-61.59,-61.59
-61.94,-61.94
-62.03,-62.03
-62.13,-62.13
-61.44,-61.44
-60.03,-60.03
-58.09,-58.09
-55.69,-55.69
-53.53,-53.53
-52.13,-52.13
-51.75,-51.75
-52.13,-52.13
-53.22,-53.22
-54.28,-54.28
-54.84,-54.84
-54.66,-54.66
-53.94,-53.94
-52.97,-52.97
-51.78,-51.78
-50.81,-50.81
-50.38,-50.38
-49.91,-49.91
-49.44,-49.44
-48.97,-48.97
-48.5,-48.5
-48.03,-48.03
-47.81,-47.81
-47.59,-47.59
-47.84,-47.84
-48.63,-48.63
-49.34,-49.34
-49.84,-49.84
-50.31,-50.31
-51.0,-51.0
-51.69,-51.69
-52.38,-52.38
-53.03,-53.03
-53.19,-53.19
-53.31,-53.31
-53.44,-53.44
-53.81,-53.81
-54.19,-54.19
-54.53,-54.53
-54.84,-54.84
-55.19,-55.19
-55.0,-55.0
-54.81,-54.81
-54.34,-54.34
-54.16,-54.16
-54.19,-54.19
-54.22,-54.22
-54.5,-54.5
-54.0,-54.0
-53.0,-53.0
-51.53,-51.53
-50.28,-50.28
-49.06,-49.06
-48.06,-48.06
-47.34,-47.34
-47.13,-47.13
-46.89,-46.89
-46.91,-46.91
-46.41,-46.41
-44.91,-44.91
-42.92,-42.92
-39.94,-39.94
-36.98,-36.98
-34.3,-34.3
-32.13,-32.13
-30.73,-30.73
-29.84,-29.84
-29.45,-29.45
-29.06,-29.06
-27.67,-27.67
-25.28,-25.28
-22.17,-22.17
-18.33,-18.33
-14.52,-14.52
-11.5,-11.5
-8.75,-8.75
-6.53,-6.53
-5.06,-5.06
-4.37,-4.37
-4.19,-4.19
-4.5,-4.5
-4.81,-4.81
-4.62,-4.62
-3.67,-3.67
-1.98,-1.98
0.18,0.18
2.58,2.58
4.2,4.2
4.82,4.82
4.42,4.42
3.78,3.78
2.9,2.9
2.77,2.77
2.89,2.89
3.26,3.26
3.87,3.87
4.48,4.48
5.09,5.09
5.69,5.69
6.53,6.53
7.86,7.86
8.93,8.93
9.74,9.74
10.29,10.29
10.08,10.08
9.88,9.88
9.67,9.67
9.96,9.96
11.0,11.0
12.28,12.28
13.8,13.8
15.05,15.05
15.78,15.78
16.26,16.26
16.73,16.73
17.44,17.44
18.4,18.4
19.84,19.84
21.51,21.51
23.17,23.17
24.81,24.81
25.93,25.93
26.54,26.54
26.13,26.13
24.98,24.98
23.08,23.08
20.95,20.95
19.08,19.08
17.98,17.98
17.88,17.88
18.79,18.79
20.18,20.18
21.8,21.8
23.41,23.41
25.25,25.25
27.32,27.32
29.37,29.37
31.39,31.39
33.14,33.14
34.87,34.87
35.58,35.58
35.27,35.27
34.46,34.46
33.41,33.41
32.61,32.61
32.56,32.56
32.76,32.76
33.45,33.45
33.88,33.88
34.3,34.3
34.71,34.71
35.12,35.12
36.01,36.01
37.63,37.63
39.5,39.5
41.33,41.33
42.64,42.64
42.94,42.94
42.73,42.73
41.77,41.77
40.8,40.8
40.08,40.08
39.86,39.86
40.66,40.66
41.67,41.67
42.67,42.67
43.41,43.41
43.64,43.64
43.59,43.59
43.31,43.31
43.52,43.52
43.97,43.97
44.66,44.66
45.58,45.58
46.23,46.23
46.13,46.13
45.77,45.77
44.91,44.91
44.05,44.05
43.44,43.44
42.81,42.81
42.45,42.45
41.84,41.84
41.22,41.22
40.61,40.61
40.23,40.23
39.86,39.86
39.23,39.23
39.11,39.11
38.98,38.98
39.11,39.11
39.7,39.7
40.06,40.06
40.14,40.14
40.23,40.23
40.05,40.05
39.38,39.38
38.69,38.69
37.77,37.77
36.84,36.84
35.42,35.42
34.75,34.75
34.33,34.33
34.92,34.92
35.5,35.5
36.06,36.06
35.86,35.86
35.41,35.41
34.45,34.45
33.25,33.25
32.06,32.06
31.37,31.37
31.19,31.19
31.75,31.75
32.3,32.3
32.84,32.84
32.38,32.38
31.41,31.41
30.19,30.19
28.73,28.73
27.53,27.53
26.83,26.83
26.89,26.89
27.95,27.95
29.23,29.23
30.77,30.77
31.77,31.77
31.77,31.77
31.0,31.0
29.98,29.98
29.23,29.23
28.98,28.98
29.47,29.47
29.95,29.95
30.19,30.19
29.66,29.66
28.87,28.87
27.86,27.86
27.08,27.08
26.31,26.31
25.8,25.8
25.53,25.53
25.02,25.02
24.75,24.75
24.98,24.98
25.95,25.95
27.17,27.17
28.37,28.37
29.31,29.31
29.98,29.98
30.39,30.39
30.8,30.8
30.94,30.94
31.08,31.08
30.7,30.7
30.34,30.34
30.22,30.22
30.34,30.34
30.72,30.72
31.58,31.58
32.17,32.17
32.77,32.77
33.34,33.34
33.66,33.66
33.72,33.72
33.53,33.53
33.33,33.33
33.38,33.38
34.17,34.17
35.45,35.45
36.72,36.72
37.7,37.7
38.19,38.19
38.16,38.16
37.63,37.63
36.59,36.59
35.31,35.31
34.28,34.28
33.27,33.27
32.25,32.25
31.23,31.23
29.73,29.73
27.98,27.98
26.25,26.25
24.52,24.52
22.81,22.81
21.36,21.36
20.17,20.17
19.73,19.73
19.56,19.56
19.37,19.37
19.19,19.19
18.75,18.75
18.56,18.56
18.64,18.64
18.69,18.69
18.75,18.75
18.31,18.31
17.86,17.86
17.17,17.17
16.48,16.48
15.8,15.8
15.11,15.11
14.19,14.19
13.27,13.27
12.36,12.36
11.94,11.94
11.78,11.78
12.13,12.13
12.72,12.72
13.05,13.05
13.13,13.13
12.7,12.7
11.28,11.28
9.86,9.86
8.2,8.2
7.33,7.33
6.94,6.94
7.06,7.06
7.19,7.19
7.05,7.05
6.67,6.67
6.04,6.04
5.41,5.41
5.04,5.04
4.67,4.67
4.3,4.3
3.95,3.95
3.59,3.59
3.23,3.23
3.12,3.12
3.77,3.77
4.41,4.41
5.29,5.29
5.91,5.91
5.78,5.78
5.15,5.15
4.02,4.02
2.41,2.41
0.3,0.3
-1.53,-1.53
-3.34,-3.34
-4.15,-4.15
-4.69,-4.69
-4.48,-4.48
-4.51,-4.51
-4.3,-4.3
-4.84,-4.84
-6.12,-6.12
-8.39,-8.39
-11.13,-11.13
-13.6,-13.6
-15.3,-15.3
-15.98,-15.98
-16.4,-16.4
-17.56,-17.56
-20.21,-20.21
-24.84,-24.84
-30.41,-30.41
-36.18,-36.18
-41.14,-41.14
-44.31,-44.31
-45.18,-45.18
-43.29,-43.29
-39.17,-39.17
-34.07,-34.07
-29.52,-29.52
-25.75,-25.75
-23.51,-23.51
-22.29,-22.29
-21.83,-21.83
-21.87,-21.87
-22.4,-22.4
-23.43,-23.43
-24.44,-24.44
-25.44,-25.44
-26.18,-26.18
-26.65,-26.65
-26.37,-26.37
-25.34,-25.34
-24.31,-24.31
-23.79,-23.79
-23.77,-23.77
-24.49,-24.49
-25.46,-25.46
-25.91,-25.91
-26.11,-26.11
-25.05,-25.05
-23.49,-23.49
-21.7,-21.7
-20.67,-20.67
-20.14,-20.14
-20.62,-20.62
-21.84,-21.84
-23.04,-23.04
-23.48,-23.48
-23.17,-23.17
-23.1,-23.1
-22.78,-22.78
-22.71,-22.71
-21.63,-21.63
-19.82,-19.82
-17.26,-17.26
-15.23,-15.23
-14.46,-14.46
-15.2,-15.2
-16.93,-16.93
-18.64,-18.64
-19.83,-19.83
-20.01,-20.01
-19.68,-19.68
-18.61,-18.61
-17.04,-17.04
-14.73,-14.73
-11.94,-11.94
-8.68,-8.68
-5.44,-5.44
-2.73,-2.73
-0.55,-0.55
1.61,1.61
4.26,4.26
7.38,7.38
10.71,10.71
14.02,14.02
16.8,16.8
18.79,18.79
20.02,20.02
21.23,21.23
22.18,22.18
23.12,23.12
23.79,23.79
24.45,24.45
25.11,25.11
25.75,25.75
26.63,26.63
27.51,27.51
27.87,27.87
27.72,27.72
27.07,27.07
26.42,26.42
25.52,25.52
24.63,24.63
23.49,23.49
22.36,22.36
21.49,21.49
20.87,20.87
20.5,20.5
19.89,19.89
18.77,18.77
17.66,17.66
16.07,16.07
14.73,14.73
13.4,13.4
12.59,12.59
11.77,11.77
11.47,11.47
11.16,11.16
10.61,10.61
9.56,9.56
8.52,8.52
7.73,7.73
7.71,7.71
7.18,7.18
5.9,5.9
3.89,3.89
1.89,1.89
0.41,0.41
-0.55,-0.55
-0.76,-0.76
-0.71,-0.71
-0.66,-0.66
-0.87,-0.87
-0.57,-0.57
-0.78,-0.78
-0.98,-0.98
-1.43,-1.43
-1.88,-1.88
-2.57,-2.57
-2.76,-2.76
-3.2,-3.2
-3.87,-3.87
-4.3,-4.3
-4.71,-4.71
-4.87,-4.87
-5.54,-5.54
-6.2,-6.2
-7.84,-7.84
-10.22,-10.22
-12.83,-12.83
-14.91,-14.91
-16.47,-16.47
-17.02,-17.02
-17.3,-17.3
-17.34,-17.34
-17.86,-17.86
-19.13,-19.13
-21.14,-21.14
-23.37,-23.37
-25.84,-25.84
-28.02,-28.02
-29.93,-29.93
-31.07,-31.07
-31.7,-31.7
-32.3,-32.3
-32.91,-32.91
-33.75,-33.75
-35.08,-35.08
-36.14,-36.14
-37.44,-37.44
-38.22,-38.22
-38.98,-38.98
-39.23,-39.23
-39.73,-39.73
-40.47,-40.47
-40.94,-40.94
-40.9,-40.9
-40.35,-40.35
-39.55,-39.55
-39.02,-39.02
-38.47,-38.47
-38.42,-38.42
-38.62,-38.62
-39.06,-39.06
-39.49,-39.49
-39.91,-39.91
-40.07,-40.07
-39.73,-39.73
-38.63,-38.63
-37.03,-37.03
-35.2,-35.2
-33.88,-33.88
-32.8,-32.8
-32.24,-32.24
-32.43,-32.43
-32.86,-32.86
-33.53,-33.53
-34.19,-34.19
-34.59,-34.59
-35.23,-35.23
-35.86,-35.86
-36.98,-36.98
-37.83,-37.83
-38.17,-38.17
-37.25,-37.25
-35.33,-35.33
-32.67,-32.67
-30.54,-30.54
-29.42,-29.42
-29.05,-29.05
-29.44,-29.44
-30.56,-30.56
-31.92,-31.92
-33.27,-33.27
-34.34,-34.34
-35.16,-35.16
-35.7,-35.7
-36.24,-36.24
-36.77,-36.77
-37.29,-37.29
-37.55,-37.55
-37.3,-37.3
-36.29,-36.29
-34.79,-34.79
-33.3,-33.3
-31.81,-31.81
-30.59,-30.59
-29.62,-29.62
-28.66,-28.66
-27.7,-27.7
-26.49,-26.49
-24.79,-24.79
-22.86,-22.86
-21.44,-21.44
-20.27,-20.27
-19.62,-19.62
-19.47,-19.47
-19.31,-19.31
-19.16,-19.16
-18.75,-18.75
-17.34,-17.34
-15.45,-15.45
-13.32,-13.32
-10.96,-10.96
-8.62,-8.62
-6.29,-6.29
-4.49,-4.49
-3.2,-3.2
-2.43,-2.43
-2.16,-2.16
-2.14,-2.14
-2.12,-2.12
-2.36,-2.36
-2.59,-2.59
-2.82,-2.82
-2.79,-2.79
-2.52,-2.52
-2.0,-2.0
-1.23,-1.23
-0.71,-0.71
-0.71,-0.71
-0.95,-0.95
-1.45,-1.45
-1.43,-1.43
-1.42,-1.42
-1.15,-1.15
-0.39,-0.39
0.86,0.86
2.36,2.36
3.84,3.84
5.3,5.3
6.5,6.5
7.44,7.44
7.62,7.62
7.55,7.55
6.72,6.72
6.16,6.16
5.84,5.84
6.03,6.03
6.97,6.97
8.39,8.39
9.81,9.81
10.95,10.95
11.59,11.59
11.72,11.72
11.59,11.59
11.72,11.72
11.84,11.84
11.71,11.71
11.58,11.58
10.69,10.69
9.57,9.57
8.45,8.45
8.09,8.09
8.74,8.74
10.87,10.87
13.74,13.74
16.33,16.33
17.39,17.39
17.19,17.19
15.98,15.98
14.79,14.79
14.36,14.36
14.92,14.92
16.23,16.23
17.78,17.78
19.81,19.81
21.56,21.56
23.05,23.05
23.77,23.77
23.98,23.98
23.94,23.94
23.89,23.89
23.84,23.84
24.03,24.03
23.97,23.97
23.41,23.41
22.35,22.35
20.79,20.79
19.25,19.25
17.97,17.97
16.69,16.69
16.18,16.18
15.91,15.91
15.9,15.9
15.64,15.64
15.12,15.12
14.61,14.61
13.85,13.85
13.09,13.09
13.09,13.09
13.34,13.34
13.59,13.59
13.82,13.82
14.06,14.06
14.29,14.29
15.02,15.02
15.73,15.73
16.19,16.19
15.89,15.89
14.35,14.35
12.56,12.56
10.79,10.79
9.54,9.54
9.29,9.29
9.29,9.29
9.29,9.29
9.29,9.29
9.29,9.29
9.29,9.29
9.54,9.54
9.53,9.53
9.52,9.52
9.77,9.77
10.0,10.0
10.23,10.23
10.21,10.21
9.69,9.69
8.68,8.68
7.41,7.41
6.16,6.16
4.93,4.93
3.7,3.7
2.73,2.73
2.27,2.27
2.56,2.56
3.1,3.1
3.39,3.39
3.67,3.67
3.45,3.45
3.23,3.23
3.01,3.01
3.3,3.3
4.08,4.08
4.84,4.84
5.61,5.61
6.12,6.12
5.87,5.87
4.87,4.87
3.38,3.38
1.41,1.41
0.2,0.2
-0.24,-0.24
0.81,0.81
2.86,2.86
4.89,4.89
6.4,6.4
7.39,7.39
7.62,7.62
7.86,7.86
8.34,8.34
9.05,9.05
9.77,9.77
10.73,10.73
10.67,10.67
9.62,9.62
8.07,8.07
6.79,6.79
6.52,6.52
7.24,7.24
8.96,8.96
10.66,10.66
12.35,12.35
13.27,13.27
13.93,13.93
14.08,14.08
13.48,13.48
12.63,12.63
11.78,11.78
11.45,11.45
11.36,11.36
11.77,11.77
12.17,12.17
12.58,12.58
12.73,12.73
13.12,13.12
13.0,13.0
13.39,13.39
14.02,14.02
14.89,14.89
15.5,15.5
15.61,15.61
15.46,15.46
15.06,15.06
15.16,15.16
16.01,16.01
17.09,17.09
18.42,18.42
19.23,19.23
19.78,19.78
19.83,19.83
19.37,19.37
18.91,18.91
18.2,18.2
17.74,17.74
17.79,17.79
17.58,17.58
17.62,17.62
17.91,17.91
18.2,18.2
18.23,18.23
18.25,18.25
18.02,18.02
17.8,17.8
17.57,17.57
17.34,17.34
17.11,17.11
16.63,16.63
16.16,16.16
15.68,15.68
14.7,14.7
13.73,13.73
12.52,12.52
11.83,11.83
11.63,11.63
11.68,11.68
11.48,11.48
10.79,10.79
10.09,10.09
9.4,9.4
8.46,8.46
7.54,7.54
6.62,6.62
5.71,5.71
4.8,4.8
4.15,4.15
4.01,4.01
3.87,3.87
3.73,3.73
3.34,3.34
2.95,2.95
2.32,2.32
1.94,1.94
1.56,1.56
1.69,1.69
1.57,1.57
1.45,1.45
1.07,1.07
0.2,0.2
-0.41,-0.41
-0.51,-0.51
-0.62,-0.62
-1.22,-1.22
-3.07,-3.07
-5.64,-5.64
-8.2,-8.2
-10.73,-10.73
-13.74,-13.74
-17.21,-17.21
-21.16,-21.16
-25.81,-25.81
-30.67,-30.67
-34.98,-34.98
-38.74,-38.74
-41.96,-41.96
-44.4,-44.4
-45.55,-45.55
-45.2,-45.2
-43.34,-43.34
-39.98,-39.98
-36.4,-36.4
-32.85,-32.85
-29.58,-29.58
-26.83,-26.83
-24.11,-24.11
-21.65,-21.65
-18.96,-18.96
-16.3,-16.3
-13.41,-13.41
-11.04,-11.04
-9.44,-9.44
-8.61,-8.61
-7.77,-7.77
-6.95,-6.95
-5.39,-5.39
-3.08,-3.08
-0.8,-0.8
1.46,1.46
3.45,3.45
4.92,4.92
6.13,6.13
6.82,6.82
7.02,7.02
6.45,6.45
6.14,6.14
5.83,5.83
6.02,6.02
6.46,6.46
6.9,6.9
7.33,7.33
7.51,7.51
7.43,7.43
6.85,6.85
6.28,6.28
5.71,5.71
5.39,5.39
4.58,4.58
3.53,3.53
2.48,2.48
1.95,1.95
2.16,2.16
3.12,3.12
4.83,4.83
6.77,6.77
7.94,7.94
8.35,8.35
8.5,8.5
9.41,9.41
11.8,11.8
14.66,14.66
17.0,17.0
18.32,18.32
18.62,18.62
18.16,18.16
16.46,16.46
14.02,14.02
11.6,11.6
9.45,9.45
8.07,8.07
7.2,7.2
6.83,6.83
6.47,6.47
5.61,5.61
4.51,4.51
2.67,2.67
0.34,0.34
-2.46,-2.46
-5.49,-5.49
-7.99,-7.99
-9.97,-9.97
-11.18,-11.18
-11.87,-11.87
-12.56,-12.56
-13.23,-13.23
-13.9,-13.9
-15.06,-15.06
-15.71,-15.71
-16.6,-16.6
-17.98,-17.98
-19.85,-19.85
-22.19,-22.19
-24.76,-24.76
-27.05,-27.05
-28.82,-28.82
-29.82,-29.82
-30.55,-30.55
-31.27,-31.27
-31.98,-31.98
-31.93,-31.93
-31.13,-31.13
-29.57,-29.57
-27.28,-27.28
-25.26,-25.26
-23.49,-23.49
-22.25,-22.25
-20.76,-20.76
-18.53,-18.53
-15.31,-15.31
-11.88,-11.88
-8.72,-8.72
-6.34,-6.34
-4.23,-4.23
-2.14,-2.14
-0.07,-0.07
1.73,1.73
2.51,2.51
2.29,2.29
1.07,1.07
-0.39,-0.39
-1.34,-1.34
-0.53,-0.53
1.53,1.53
4.56,4.56
7.07,7.07
8.8,8.8
9.52,9.52
10.23,10.23
11.18,11.18
13.37,13.37
16.54,16.54
19.93,19.93
23.28,23.28
26.35,26.35
29.63,29.63
33.38,33.38
37.35,37.35
40.77,40.77
43.9,43.9
47.0,47.0
50.06,50.06
53.84,53.84
57.07,57.07
60.02,60.02
61.43,61.43
61.32,61.32
60.2,60.2
59.58,59.58
60.71,60.71
64.07,64.07
68.38,68.38
72.65,72.65
75.87,75.87
77.55,77.55
77.95,77.95
78.33,78.33
79.2,79.2
80.8,80.8
81.87,81.87
81.68,81.68
80.71,80.71
78.25,78.25
74.8,74.8
69.87,69.87
63.97,63.97
57.11,57.11
49.81,49.81
41.57,41.57
31.9,31.9
21.06,21.06
10.57,10.57
1.67,1.67
-4.15,-4.15
-7.41,-7.41
-9.64,-9.64
-12.35,-12.35
-16.04,-16.04
-20.43,-20.43
-24.54,-24.54
-28.6,-28.6
-32.63,-32.63
-37.11,-37.11
-41.54,-41.54
-44.93,-44.93
-47.53,-47.53
-49.6,-49.6
-51.64,-51.64
-54.15,-54.15
-57.39,-57.39
-60.59,-60.59
-63.49,-63.49
-66.11,-66.11
-68.7,-68.7
-71.26,-71.26
-74.03,-74.03
-76.51,-76.51
-78.46,-78.46
-80.38,-80.38
-82.27,-82.27
-83.63,-83.63
-85.21,-85.21
-87.02,-87.02
-89.05,-89.05
-91.04,-91.04
-93.01,-93.01
-94.69,-94.69
-96.59,-96.59
-98.21,-98.21
-99.8,-99.8
-100.86,-100.86
-101.4,-101.4
-101.42,-101.42
-101.92,-101.92
-102.4,-102.4
-103.36,-103.36
-103.54,-103.54
-102.71,-102.71
-100.62,-100.62
-97.79,-97.79
-94.96,-94.96
-92.65,-92.65
-91.34,-91.34
-90.29,-90.29
-88.97,-88.97
-87.41,-87.41
-85.35,-85.35
-83.29,-83.29
-81.49,-81.49
-80.2,-80.2
-78.9,-78.9
-77.86,-77.86
-77.06,-77.06
-76.25,-76.25
-74.95,-74.95
-73.39,-73.39
-72.09,-72.09
-70.79,-70.79
-69.98,-69.98
-68.93,-68.93
-67.62,-67.62
-65.82,-65.82
-63.52,-63.52
-60.99,-60.99
-57.72,-57.72
-54.22,-54.22
-50.49,-50.49
-47.29,-47.29
-44.61,-44.61
-42.7,-42.7
-41.3,-41.3
-39.91,-39.91
-37.27,-37.27
-32.9,-32.9
-27.07,-27.07
-20.29,-20.29
-14.06,-14.06
-9.14,-9.14
-5.01,-5.01
-1.18,-1.18
2.63,2.63
6.4,6.4
9.88,9.88
13.09,13.09
16.26,16.26
19.4,19.4
22.75,22.75
25.82,25.82
28.87,28.87
31.37,31.37
33.6,33.6
35.56,35.56
37.49,37.49
39.15,39.15
39.79,39.79
39.66,39.66
39.54,39.54
40.41,40.41
43.26,43.26
47.58,47.58
52.34,52.34
56.06,56.06
58.0,58.0
58.16,58.16
57.05,57.05
55.94,55.94
54.83,54.83
54.23,54.23
53.63,53.63
53.52,53.52
53.91,53.91
54.78,54.78
56.39,56.39
58.22,58.22
59.78,59.78
61.31,61.31
62.33,62.33
62.56,62.56
62.05,62.05
62.03,62.03
63.25,63.25
65.94,65.94
69.36,69.36
71.72,71.72
72.81,72.81
71.87,71.87
69.69,69.69
67.77,67.77
67.09,67.09
67.92,67.92
69.73,69.73
72.27,72.27
74.27,74.27
75.48,75.48
75.44,75.44
74.62,74.62
73.3,73.3
71.98,71.98
71.67,71.67
71.84,71.84
72.27,72.27
72.16,72.16
71.3,71.3
69.94,69.94
69.08,69.08
68.45,68.45
68.59,68.59
69.2,69.2
70.56,70.56
72.14,72.14
73.69,73.69
75.22,75.22
76.47,76.47
77.2,77.2
77.17,77.17
76.37,76.37
74.81,74.81
73.52,73.52
72.72,72.72
72.91,72.91
73.59,73.59
74.27,74.27
74.41,74.41
74.05,74.05
73.42,73.42
73.05,73.05
72.92,72.92
72.52,72.52
71.62,71.62
69.47,69.47
66.83,66.83
64.19,64.19
61.83,61.83
59.97,59.97
58.88,58.88
58.28,58.28
58.42,58.42
59.06,59.06
59.45,59.45
59.31,59.31
58.17,58.17
55.53,55.53
52.14,52.14
49.05,49.05
46.47,46.47
44.89,44.89
44.34,44.34
44.53,44.53
44.7,44.7
44.88,44.88
44.05,44.05
42.95,42.95
41.38,41.38
40.56,40.56
40.73,40.73
41.41,41.41
41.81,41.81
41.71,41.71
40.35,40.35
38.26,38.26
35.66,35.66
33.34,33.34
31.55,31.55
29.5,29.5
27.23,27.23
24.22,24.22
21.98,21.98
21.26,21.26
21.29,21.29
22.07,22.07
22.09,22.09
21.11,21.11
18.63,18.63
15.42,15.42
12.49,12.49
10.34,10.34
9.45,9.45
8.57,8.57
7.69,7.69
6.07,6.07
3.72,3.72
0.89,0.89
-2.42,-2.42
-5.45,-5.45
-7.95,-7.95
-10.17,-10.17
-11.87,-11.87
-13.56,-13.56
-14.73,-14.73
-15.38,-15.38
-15.03,-15.03
-14.18,-14.18
-13.33,-13.33
-12.99,-12.99
-12.9,-12.9
-12.56,-12.56
-11.47,-11.47
-9.38,-9.38
-7.32,-7.32
-6.27,-6.27
-6.99,-6.99
-8.69,-8.69
-10.13,-10.13
-10.05,-10.05
-8.22,-8.22
-5.91,-5.91
-3.87,-3.87
-2.85,-2.85
-3.33,-3.33
-4.81,-4.81
-5.78,-5.78
-5.48,-5.48
-3.19,-3.19
-0.42,-0.42
1.83,1.83
2.3,2.3
1.77,1.77
1.0,1.0
-0.27,-0.27
-2.27,-2.27
-4.52,-4.52
-6.48,-6.48
-7.17,-7.17
-6.62,-6.62
-6.31,-6.31
-6.76,-6.76
-8.7,-8.7
-11.87,-11.87
-16.01,-16.01
-20.61,-20.61
-24.67,-24.67
-27.67,-27.67
-29.91,-29.91
-32.13,-32.13
-34.8,-34.8
-38.2,-38.2
-42.33,-42.33
-45.89,-45.89
-48.17,-48.17
-48.69,-48.69
-47.92,-47.92
-46.42,-46.42
-45.42,-45.42
-45.17,-45.17
-45.67,-45.67
-46.41,-46.41
-47.13,-47.13
-47.08,-47.08
-46.03,-46.03
-44.23,-44.23
-42.2,-42.2
-41.17,-41.17
-41.16,-41.16
-41.13,-41.13
-40.34,-40.34
-38.56,-38.56
-36.3,-36.3
-34.28,-34.28
-32.8,-32.8
-31.81,-31.81
-31.83,-31.83
-32.09,-32.09
-32.34,-32.34
-32.59,-32.59
-32.59,-32.59
-32.08,-32.08
-31.06,-31.06
-30.06,-30.06
-29.31,-29.31
-29.56,-29.56
-30.55,-30.55
-32.53,-32.53
-34.73,-34.73
-35.92,-35.92
-35.33,-35.33
-33.25,-33.25
-30.92,-30.92
-29.37,-29.37
-28.83,-28.83
-29.03,-29.03
-29.98,-29.98
-31.42,-31.42
-33.33,-33.33
-35.23,-35.23
-37.11,-37.11
-38.7,-38.7
-40.78,-40.78
-43.84,-43.84
-46.86,-46.86
-48.34,-48.34
-47.81,-47.81
-45.52,-45.52
-43.0,-43.0
-41.48,-41.48
-41.23,-41.23
-41.73,-41.73
-43.22,-43.22
-45.44,-45.44
-47.88,-47.88
-49.78,-49.78
-50.16,-50.16
-48.8,-48.8
-46.66,-46.66
-44.06,-44.06
-42.22,-42.22
-41.13,-41.13
-40.81,-40.81
-40.47,-40.47
-40.13,-40.13
-39.31,-39.31
-38.72,-38.72
-39.63,-39.63
-42.53,-42.53
-47.38,-47.38
-53.22,-53.22
-58.72,-58.72
-64.16,-64.16
-68.28,-68.28
-70.87,-70.87
-71.19,-71.19
-69.72,-69.72
-67.0,-67.0
-64.31,-64.31
-61.64,-61.64
-58.97,-58.97
-55.33,-55.33
-51.2,-51.2
-46.86,-46.86
-42.3,-42.3
-38.27,-38.27
-34.77,-34.77
-33.31,-33.31
-35.84,-35.84
-43.11,-43.11
-53.3,-53.3
-63.14,-63.14
-69.12,-69.12
-70.55,-70.55
-68.44,-68.44
-65.11,-65.11
-62.03,-62.03
-60.23,-60.23
-59.69,-59.69
-59.64,-59.64
-59.33,-59.33
-57.52,-57.52
-54.2,-54.2
-50.17,-50.17
-46.42,-46.42
-43.94,-43.94
-42.98,-42.98
-43.02,-43.02
-43.81,-43.81
-45.08,-45.08
-46.58,-46.58
-47.81,-47.81
-48.27,-48.27
-47.47,-47.47
-45.17,-45.17
-42.39,-42.39
-39.88,-39.88
-38.13,-38.13
-36.89,-36.89
-36.16,-36.16
-36.42,-36.42
-37.44,-37.44
-38.92,-38.92
-40.16,-40.16
-40.86,-40.86
-40.56,-40.56
-39.25,-39.25
-36.95,-36.95
-34.42,-34.42
-31.89,-31.89
-29.64,-29.64
-27.17,-27.17
-24.95,-24.95
-22.0,-22.0
-18.83,-18.83
-15.42,-15.42
-12.06,-12.06
-9.47,-9.47
-7.64,-7.64
-6.59,-6.59
-6.05,-6.05
-5.26,-5.26
-3.73,-3.73
-1.2,-1.2
2.55,2.55
7.01,7.01
10.93,10.93
13.81,13.81
15.92,15.92
17.01,17.01
17.58,17.58
18.14,18.14
18.45,18.45
18.25,18.25
17.3,17.3
15.85,15.85
14.17,14.17
12.75,12.75
11.34,11.34
9.69,9.69
7.3,7.3
4.69,4.69
1.6,1.6
-1.21,-1.21
-3.5,-3.5
-5.02,-5.02
-6.02,-6.02
-6.76,-6.76
-7.49,-7.49
-8.96,-8.96
-10.68,-10.68
-13.12,-13.12
-15.79,-15.79
-18.43,-18.43
-20.8,-20.8
-22.64,-22.64
-24.21,-24.21
-25.01,-25.01
-25.05,-25.05
-24.34,-24.34
-22.63,-22.63
-19.93,-19.93
-16.25,-16.25
-12.11,-12.11
-7.75,-7.75
-3.93,-3.93
-0.39,-0.39
3.11,3.11
6.08,6.08
9.28,9.28
12.44,12.44
15.82,15.82
19.67,19.67
23.48,23.48
26.75,26.75
29.99,29.99
33.45,33.45
37.36,37.36
41.99,41.99
47.07,47.07
52.34,52.34
57.31,57.31
61.47,61.47
64.59,64.59
66.42,66.42
67.72,67.72
68.25,68.25
68.77,68.77
70.02,70.02
71.74,71.74
73.95,73.95
76.36,76.36
78.25,78.25
79.85,79.85
81.19,81.19
82.74,82.74
84.77,84.77
87.27,87.27
89.23,89.23
91.16,91.16
92.55,92.55
93.93,93.93
95.02,95.02
95.59,95.59
95.65,95.65
94.93,94.93
93.71,93.71
92.73,92.73
92.01,92.01
91.77,91.77
91.52,91.52
91.51,91.51
91.48,91.48
91.7,91.7
91.9,91.9
91.33,91.33
90.5,90.5
89.41,89.41
88.08,88.08
86.74,86.74
85.65,85.65
85.05,85.05
84.71,84.71
84.34,84.34
84.48,84.48
84.34,84.34
83.7,83.7
82.55,82.55
80.9,80.9
78.74,78.74
76.35,76.35
73.97,73.97
71.85,71.85
69.98,69.98
68.62,68.62
67.52,67.52
66.66,66.66
66.31,66.31
65.7,65.7
64.33,64.33
62.71,62.71
60.85,60.85
58.75,58.75
56.16,56.16
53.83,53.83
51.77,51.77
49.96,49.96
48.42,48.42
46.88,46.88
45.1,45.1
42.58,42.58
39.57,39.57
36.59,36.59
33.38,33.38
30.95,30.95
28.27,28.27
25.62,25.62
22.5,22.5
19.14,19.14
15.82,15.82
12.77,12.77
10.0,10.0
7.25,7.25
4.27,4.27
1.83,1.83
-0.1,-0.1
-1.51,-1.51
-2.15,-2.15
-2.54,-2.54
-3.18,-3.18
-4.05,-4.05
-5.67,-5.67
-7.28,-7.28
-9.37,-9.37
-10.69,-10.69
-11.99,-11.99
-13.03,-13.03
-14.31,-14.31
-15.08,-15.08
-14.83,-14.83
-13.84,-13.84
-12.6,-12.6
-12.37,-12.37
-13.15,-13.15
-14.41,-14.41
-15.66,-15.66
-16.9,-16.9
-18.37,-18.37
-19.82,-19.82
-21.26,-21.26
-21.44,-21.44
-20.36,-20.36
-17.78,-17.78
-14.73,-14.73
-12.7,-12.7
-12.19,-12.19
-12.93,-12.93
-14.91,-14.91
-16.62,-16.62
-17.57,-17.57
-17.5,-17.5
-17.68,-17.68
-18.36,-18.36
-20.28,-20.28
-22.42,-22.42
-24.55,-24.55
-26.4,-26.4
-27.73,-27.73
-28.79,-28.79
-29.34,-29.34
-29.38,-29.38
-29.16,-29.16
-28.45,-28.45
-27.98,-27.98
-27.52,-27.52
-27.55,-27.55
-27.84,-27.84
-28.86,-28.86
-30.12,-30.12
-30.86,-30.86
-30.34,-30.34
-28.58,-28.58
-25.82,-25.82
-23.59,-23.59
-22.62,-22.62
-22.91,-22.91
-23.69,-23.69
-24.21,-24.21
-24.23,-24.23
-24.23,-24.23
-24.49,-24.49
-24.74,-24.74
-25.23,-25.23
-25.47,-25.47
-25.95,-25.95
-26.91,-26.91
-27.87,-27.87
-28.82,-28.82
-29.5,-29.5
-30.42,-30.42
-31.58,-31.58
-32.97,-32.97
-34.09,-34.09
-34.7,-34.7
-35.06,-35.06
-35.39,-35.39
-36.73,-36.73
-38.8,-38.8
-41.58,-41.58
-44.34,-44.34
-47.06,-47.06
-48.77,-48.77
-49.67,-49.67
-49.33,-49.33
-48.73,-48.73
-48.14,-48.14
-48.03,-48.03
-48.17,-48.17
-48.8,-48.8
-49.42,-49.42
-49.53,-49.53
-49.38,-49.38
-47.97,-47.97
-46.06,-46.06
-44.17,-44.17
-42.78,-42.78
-42.16,-42.16
-42.03,-42.03
-42.16,-42.16
-42.27,-42.27
-42.38,-42.38
-41.97,-41.97
-41.56,-41.56
-41.39,-41.39
-40.98,-40.98
-39.56,-39.56
-36.91,-36.91
-33.77,-33.77
-31.41,-31.41
-30.55,-30.55
-31.7,-31.7
-33.84,-33.84
-35.95,-35.95
-37.55,-37.55
-38.86,-38.86
-39.16,-39.16
-38.7,-38.7
-37.48,-37.48
-36.03,-36.03
-34.84,-34.84
-34.14,-34.14
-34.2,-34.2
-34.77,-34.77
-35.55,-35.55
-35.83,-35.83
-35.86,-35.86
-35.38,-35.38
-35.14,-35.14
-35.16,-35.16
-35.16,-35.16
-33.91,-33.91
-30.92,-30.92
-27.2,-27.2
-24.02,-24.02
-22.6,-22.6
-22.7,-22.7
-24.04,-24.04
-26.12,-26.12
-27.91,-27.91
-29.2,-29.2
-29.72,-29.72
-29.48,-29.48
-29.23,-29.23
-28.98,-28.98
-28.73,-28.73
-28.23,-28.23
-27.73,-27.73
-27.23,-27.23
-26.48,-26.48
-25.73,-25.73
-24.73,-24.73
-23.99,-23.99
-23.26,-23.26
-23.27,-23.27
-23.79,-23.79
-23.8,-23.8
-23.8,-23.8
-23.3,-23.3
-23.04,-23.04
-23.29,-23.29
-23.53,-23.53
-23.27,-23.27
-21.25,-21.25
-18.75,-18.75
-16.52,-16.52
-15.06,-15.06
-14.61,-14.61
-14.66,-14.66
-14.46,-14.46
-14.26,-14.26
-13.8,-13.8
-12.86,-12.86
-11.16,-11.16
-8.48,-8.48
-5.82,-5.82
-3.69,-3.69
-2.08,-2.08
-0.98,-0.98
0.11,0.11
1.19,1.19
2.76,2.76
4.07,4.07
4.61,4.61
3.65,3.65
1.69,1.69
-1.49,-1.49
-5.4,-5.4
-10.02,-10.02
-14.85,-14.85
-19.88,-19.88
-24.62,-24.62
-28.3,-28.3
-30.45,-30.45
-31.32,-31.32
-31.18,-31.18
-30.79,-30.79
-30.64,-30.64
-31.0,-31.0
-30.84,-30.84
-29.43,-29.43
-26.53,-26.53
-22.91,-22.91
-19.06,-19.06
-15.99,-15.99
-13.2,-13.2
-11.19,-11.19
-9.44,-9.44
-7.7,-7.7
-4.98,-4.98
-1.53,-1.53
2.13,2.13
5.52,5.52
8.61,8.61
11.93,11.93
15.22,15.22
18.48,18.48
20.95,20.95
22.65,22.65
23.33,23.33
23.75,23.75
23.91,23.91
24.56,24.56
25.96,25.96
27.84,27.84
30.2,30.2
31.78,31.78
32.59,32.59
32.9,32.9
32.94,32.94
33.48,33.48
34.25,34.25
35.52,35.52
37.27,37.27
38.99,38.99
39.7,39.7
38.89,38.89
37.34,37.34
35.79,35.79
34.75,34.75
34.22,34.22
33.68,33.68
33.15,33.15
33.12,33.12
33.82,33.82
34.77,34.77
35.21,35.21
35.63,35.63
36.3,36.3
36.7,36.7
37.1,37.1
36.48,36.48
35.88,35.88
35.26,35.26
35.9,35.9
37.02,37.02
38.13,38.13
38.48,38.48
38.06,38.06
36.89,36.89
35.98,35.98
35.33,35.33
34.66,34.66
34.25,34.25
33.84,33.84
33.19,33.19
32.28,32.28
31.12,31.12
30.22,30.22
29.58,29.58
29.17,29.17
27.78,27.78
26.14,26.14
24.77,24.77
24.41,24.41
25.03,25.03
25.91,25.91
26.02,26.02
25.62,25.62
24.48,24.48
23.59,23.59
22.95,22.95
22.33,22.33
21.95,21.95
21.56,21.56
21.44,21.44
21.31,21.31
20.42,20.42
18.8,18.8
16.94,16.94
15.58,15.58
15.5,15.5
16.66,16.66
18.55,18.55
20.67,20.67
22.27,22.27
23.61,23.61
24.17,24.17
24.23,24.23
24.03,24.03
23.84,23.84
23.14,23.14
22.45,22.45
21.75,21.75
20.81,20.81
20.62,20.62
20.44,20.44
20.0,20.0
19.31,19.31
17.89,17.89
15.97,15.97
14.06,14.06
12.42,12.42
11.03,11.03
9.42,9.42
8.56,8.56
8.72,8.72
9.86,9.86
11.25,11.25
12.13,12.13
11.48,11.48
9.61,9.61
6.48,6.48
2.89,2.89
0.09,0.09
-1.94,-1.94
-2.95,-2.95
-3.45,-3.45
-4.2,-4.2
-4.95,-4.95
-5.67,-5.67
-6.16,-6.16
-5.62,-5.62
-4.59,-4.59
-2.83,-2.83
-1.58,-1.58
-1.09,-1.09
-1.61,-1.61
-2.61,-2.61
-3.86,-3.86
-4.59,-4.59
-5.08,-5.08
-4.56,-4.56
-4.03,-4.03
-3.52,-3.52
-2.75,-2.75
-1.75,-1.75
-0.5,-0.5
0.73,0.73
1.95,1.95
2.67,2.67
2.62,2.62
2.08,2.08
1.8,1.8
2.5,2.5
4.47,4.47
6.66,6.66
8.56,8.56
9.47,9.47
9.09,9.09
7.98,7.98
7.39,7.39
6.8,6.8
6.7,6.7
6.86,6.86
7.27,7.27
7.67,7.67
8.06,8.06
8.7,8.7
8.58,8.58
8.22,8.22
7.86,7.86
7.98,7.98
8.63,8.63
9.25,9.25
9.63,9.63
9.48,9.48
8.86,8.86
8.48,8.48
8.34,8.34
8.72,8.72
9.34,9.34
10.2,10.2
11.05,11.05
11.64,11.64
11.98,11.98
12.31,12.31
12.63,12.63
13.2,13.2
13.77,13.77
14.08,14.08
14.13,14.13
14.17,14.17
14.22,14.22
14.75,14.75
15.3,15.3
15.58,15.58
15.09,15.09
14.63,14.63
14.14,14.14
14.42,14.42
15.45,15.45
17.22,17.22
18.71,18.71
20.19,20.19
20.9,20.9
21.1,21.1
20.3,20.3
19.0,19.0
17.21,17.21
15.94,15.94
16.17,16.17
17.15,17.15
19.12,19.12
20.56,20.56
21.24,21.24
21.41,21.41
21.08,21.08
20.49,20.49
19.66,19.66
18.59,18.59
17.27,17.27
15.95,15.95
14.9,14.9
13.86,13.86
13.57,13.57
14.03,14.03
15.24,15.24
16.94,16.94
18.11,18.11
18.02,18.02
16.94,16.94
15.35,15.35
13.78,13.78
12.73,12.73
12.43,12.43
13.13,13.13
14.07,14.07
15.5,15.5
16.42,16.42
16.58,16.58
15.73,15.73
14.38,14.38
13.3,13.3
12.48,12.48
11.91,11.91
11.34,11.34
10.78,10.78
10.47,10.47
10.66,10.66
11.35,11.35
12.78,12.78
13.7,13.7
14.1,14.1
13.5,13.5
11.91,11.91
10.57,10.57
10.25,10.25
10.43,10.43
10.85,10.85
10.27,10.27
7.95,7.95
4.64,4.64
1.61,1.61
0.11,0.11
0.37,0.37
1.63,1.63
2.63,2.63
2.37,2.37
0.36,0.36
-2.37,-2.37
-5.09,-5.09
-7.28,-7.28
-8.7,-8.7
-9.35,-9.35
-9.75,-9.75
-9.89,-9.89
-10.02,-10.02
-10.66,-10.66
-11.79,-11.79
-13.16,-13.16
-14.51,-14.51
-15.84,-15.84
-16.92,-16.92
-17.73,-17.73
-18.78,-18.78
-20.31,-20.31
-21.83,-21.83
-22.59,-22.59
-21.83,-21.83
-19.83,-19.83
-17.59,-17.59
-16.12,-16.12
-16.16,-16.16
-17.45,-17.45
-19.22,-19.22
-20.98,-20.98
-22.46,-22.46
-22.68,-22.68
-21.64,-21.64
-19.36,-19.36
-16.1,-16.1
-13.36,-13.36
-11.9,-11.9
-12.45,-12.45
-13.74,-13.74
-15.27,-15.27
-16.03,-16.03
-15.78,-15.78
-14.78,-14.78
-13.04,-13.04
-10.82,-10.82
-8.86,-8.86
-7.92,-7.92
-7.48,-7.48
-7.3,-7.3
-7.12,-7.12
-6.94,-6.94
-6.76,-6.76
-6.83,-6.83
-6.9,-6.9
-6.47,-6.47
-5.54,-5.54
-4.37,-4.37
-3.2,-3.2
-2.3,-2.3
-2.41,-2.41
-3.01,-3.01
-4.61,-4.61
-5.95,-5.95
-6.77,-6.77
-6.83,-6.83
-5.89,-5.89
-4.96,-4.96
-3.78,-3.78
-2.87,-2.87
-1.71,-1.71
-1.06,-1.06
-1.43,-1.43
-2.53,-2.53
-3.88,-3.88
-4.71,-4.71
-4.54,-4.54
-3.61,-3.61
-2.7,-2.7
-2.29,-2.29
-2.38,-2.38
-2.47,-2.47
-2.82,-2.82
-2.91,-2.91
-2.74,-2.74
-1.83,-1.83
-0.93,-0.93
-0.29,-0.29
-0.14,-0.14
0.24,0.24
1.13,1.13
2.5,2.5
3.87,3.87
4.72,4.72
5.06,5.06
4.65,4.65
4.24,4.24
3.58,3.58
3.68,3.68
4.03,4.03
4.62,4.62
4.46,4.46
3.55,3.55
2.4,2.4
1.5,1.5
1.37,1.37
1.48,1.48
1.1,1.1
0.47,0.47
-0.16,-0.16
-0.53,-0.53
-0.39,-0.39
0.23,0.23
1.11,1.11
1.23,1.23
0.59,0.59
-1.03,-1.03
-3.14,-3.14
-4.99,-4.99
-6.06,-6.06
-6.13,-6.13
-5.19,-5.19
-4.26,-4.26
-3.59,-3.59
-3.43,-3.43
-3.51,-3.51
-3.59,-3.59
-3.43,-3.43
-3.52,-3.52
-3.34,-3.34
-3.93,-3.93
-5.26,-5.26
-7.32,-7.32
-9.37,-9.37
-11.39,-11.39
-12.4,-12.4
-12.14,-12.14
-10.88,-10.88
-8.88,-8.88
-6.41,-6.41
-4.2,-4.2
-3.26,-3.26
-3.58,-3.58
-5.4,-5.4
-7.7,-7.7
-9.73,-9.73
-11.23,-11.23
-12.47,-12.47
-13.2,-13.2
-13.42,-13.42
-12.63,-12.63
-11.1,-11.1
-9.59,-9.59
-9.09,-9.09
-9.84,-9.84
-11.82,-11.82
-13.8,-13.8
-15.49,-15.49
-16.68,-16.68
-17.09,-17.09
-17.76,-17.76
-18.66,-18.66
-19.55,-19.55
-20.94,-20.94
-22.55,-22.55
-24.9,-24.9
-27.23,-27.23
-29.02,-29.02
-29.55,-29.55
-29.06,-29.06
-27.33,-27.33
-24.86,-24.86
-22.41,-22.41
-20.48,-20.48
-20.05,-20.05
-20.89,-20.89
-22.71,-22.71
-24.51,-24.51
-25.54,-25.54
-25.31,-25.31
-24.33,-24.33
-23.34,-23.34
-22.37,-22.37
-22.41,-22.41
-23.19,-23.19
-23.95,-23.95
-24.71,-24.71
-25.46,-25.46
-25.95,-25.95
-26.17,-26.17
-25.64,-25.64
-24.62,-24.62
-22.84,-22.84
-20.84,-20.84
-19.34,-19.34
-18.61,-18.61
-18.37,-18.37
-18.65,-18.65
-19.16,-19.16
-19.67,-19.67
-20.42,-20.42
-20.41,-20.41
-19.4,-19.4
-17.64,-17.64
-15.65,-15.65
-14.16,-14.16
-13.7,-13.7
-13.98,-13.98
-15.02,-15.02
-15.79,-15.79
-16.05,-16.05
-15.3,-15.3
-13.81,-13.81
-11.84,-11.84
-10.12,-10.12
-9.17,-9.17
-9.23,-9.23
-9.29,-9.29
-9.34,-9.34
-8.4,-8.4
-7.2,-7.2
-6.02,-6.02
-4.86,-4.86
-4.2,-4.2
-4.04,-4.04
-3.64,-3.64
-2.98,-2.98
-2.34,-2.34
-1.7,-1.7
-1.32,-1.32
-1.19,-1.19
-1.56,-1.56
-1.43,-1.43
-1.04,-1.04
-0.16,-0.16
0.96,0.96
1.82,1.82
2.42,2.42
2.27,2.27
1.87,1.87
0.97,0.97
-0.18,-0.18
-1.3,-1.3
-1.43,-1.43
-0.54,-0.54
1.33,1.33
2.94,2.94
4.03,4.03
4.36,4.36
4.68,4.68
4.76,4.76
5.08,5.08
5.15,5.15
5.21,5.21
5.28,5.28
5.09,5.09
5.16,5.16
5.72,5.72
6.53,6.53
7.08,7.08
7.87,7.87
8.41,8.41
8.93,8.93
9.71,9.71
10.22,10.22
10.98,10.98
11.73,11.73
12.46,12.46
13.95,13.95
15.16,15.16
16.12,16.12
16.06,16.06
15.0,15.0
13.45,13.45
12.4,12.4
12.12,12.12
12.34,12.34
12.8,12.8
12.76,12.76
11.96,11.96
10.68,10.68
9.15,9.15
8.38,8.38
8.12,8.12
9.11,9.11
10.84,10.84
12.8,12.8
14.75,14.75
15.92,15.92
16.08,16.08
15.49,15.49
14.65,14.65
14.31,14.31
14.98,14.98
15.88,15.88
16.78,16.78
16.92,16.92
16.05,16.05
14.69,14.69
13.08,13.08
11.75,11.75
10.92,10.92
10.59,10.59
9.77,9.77
8.71,8.71
7.9,7.9
7.85,7.85
8.54,8.54
9.73,9.73
10.91,10.91
11.58,11.58
11.99,11.99
11.89,11.89
11.54,11.54
11.44,11.44
11.1,11.1
11.0,11.0
10.4,10.4
9.56,9.56
8.72,8.72
7.89,7.89
7.32,7.32
6.5,6.5
5.93,5.93
5.37,5.37
4.57,4.57
3.77,3.77
2.98,2.98
2.19,2.19
0.91,0.91
-0.1,-0.1
-0.61,-0.61
-0.61,-0.61
-0.12,-0.12
0.38,0.38
-0.13,-0.13
-1.89,-1.89
-4.38,-4.38
-6.85,-6.85
-8.54,-8.54
-9.22,-9.22
-9.14,-9.14
-9.31,-9.31
-9.72,-9.72
-10.38,-10.38
-10.29,-10.29
-10.19,-10.19
-10.34,-10.34
-10.74,-10.74
-11.63,-11.63
-12.52,-12.52
-13.39,-13.39
-14.25,-14.25
-15.11,-15.11
-15.7,-15.7
-15.29,-15.29
-14.12,-14.12
-12.22,-12.22
-10.33,-10.33
-8.96,-8.96
-8.09,-8.09
-7.99,-7.99
-8.38,-8.38
-9.02,-9.02
-9.15,-9.15
-8.78,-8.78
-7.17,-7.17
-5.56,-5.56
-3.97,-3.97
-3.14,-3.14
-3.07,-3.07
-4.0,-4.0
-5.18,-5.18
-6.59,-6.59
-7.73,-7.73
-8.12,-8.12
-7.74,-7.74
-7.13,-7.13
-6.26,-6.26
-5.66,-5.66
-4.8,-4.8
-3.46,-3.46
-1.88,-1.88
-0.81,-0.81
0.0,0.0
-0.2,-0.2
-0.89,-0.89
-1.58,-1.58
-1.26,-1.26
-0.7,-0.7
0.61,0.61
1.66,1.66
2.94,2.94
3.97,3.97
4.48,4.48
3.99,3.99
3.01,3.01
2.03,2.03
1.31,1.31
0.6,0.6
-0.11,-0.11
-0.81,-0.81
-1.25,-1.25
-1.44,-1.44
-1.38,-1.38
-1.07,-1.07
-0.26,-0.26
0.29,0.29
0.84,0.84
0.88,0.88
0.93,0.93
0.72,0.72
0.76,0.76
1.05,1.05
1.59,1.59
2.38,2.38
3.4,3.4
4.42,4.42
4.93,4.93
5.43,5.43
5.43,5.43
5.42,5.42
5.67,5.67
6.16,6.16
7.14,7.14
7.87,7.87
8.34,8.34
8.55,8.55
8.26,8.26
7.47,7.47
6.69,6.69
6.41,6.41
6.88,6.88
8.1,8.1
9.81,9.81
11.0,11.0
11.68,11.68
11.35,11.35
10.77,10.77
10.19,10.19
10.12,10.12
10.05,10.05
9.72,9.72
9.4,9.4
8.83,8.83
8.26,8.26
7.7,7.7
7.39,7.39
7.59,7.59
7.78,7.78
7.96,7.96
7.9,7.9
7.58,7.58
7.27,7.27
7.2,7.2
6.89,6.89
6.33,6.33
5.52,5.52
3.72,3.72
1.43,1.43
-0.83,-0.83
-2.57,-2.57
-3.3,-3.3
-2.77,-2.77
-1.25,-1.25
0.51,0.51
1.76,1.76
2.49,2.49
2.47,2.47
2.7,2.7
3.17,3.17
4.39,4.39
5.35,5.35
6.05,6.05
6.24,6.24
5.92,5.92
5.11,5.11
4.06,4.06
3.27,3.27
2.48,2.48
2.45,2.45
2.67,2.67
2.63,2.63
2.6,2.6
2.82,2.82
2.53,2.53
2.25,2.25
1.47,1.47
0.69,0.69
0.17,0.17
0.16,0.16
0.9,0.9
2.38,2.38
3.6,3.6
3.8,3.8
2.5,2.5
0.22,0.22
-2.05,-2.05
-3.79,-3.79
-4.77,-4.77
-5.24,-5.24
-5.7,-5.7
-6.91,-6.91
-8.86,-8.86
-11.53,-11.53
-13.93,-13.93
-15.81,-15.81
-17.42,-17.42
-18.76,-18.76
-19.58,-19.58
-19.15,-19.15
-17.46,-17.46
-14.54,-14.54
-11.64,-11.64
-9.52,-9.52
-8.41,-8.41
-8.57,-8.57
-10.22,-10.22
-12.85,-12.85
-15.46,-15.46
-17.29,-17.29
-17.36,-17.36
-16.67,-16.67
-15.73,-15.73
-14.55,-14.55
-12.38,-12.38
-9.98,-9.98
-7.59,-7.59
-5.98,-5.98
-5.88,-5.88
-6.28,-6.28
-6.93,-6.93
-6.82,-6.82
-6.46,-6.46
-5.85,-5.85
-5.25,-5.25
-4.65,-4.65
-4.06,-4.06
-3.47,-3.47
-3.38,-3.38
-2.8,-2.8
-2.22,-2.22
-1.15,-1.15
-0.08,-0.08
0.22,0.22
0.03,0.03
-0.42,-0.42
-1.36,-1.36
-2.05,-2.05
-2.97,-2.97
-3.39,-3.39
-3.3,-3.3
-2.22,-2.22
-1.14,-1.14
-0.32,-0.32
-0.51,-0.51
-1.2,-1.2
-1.89,-1.89
-2.56,-2.56
-3.23,-3.23
-3.14,-3.14
-3.06,-3.06
-2.22,-2.22
-0.89,-0.89
-0.07,-0.07
0.74,0.74
1.04,1.04
0.59,0.59
-0.36,-0.36
-1.29,-1.29
-2.22,-2.22
-2.64,-2.64
-2.56,-2.56
-2.22,-2.22
-1.39,-1.39
-0.82,-0.82
-0.5,-0.5
-0.19,-0.19
-0.12,-0.12
-0.06,-0.06
-0.5,-0.5
-0.93,-0.93
-1.36,-1.36
-1.04,-1.04
-0.22,-0.22
1.1,1.1
1.9,1.9
1.69,1.69
0.49,0.49
-1.21,-1.21
-3.38,-3.38
-4.79,-4.79
-4.94,-4.94
-3.58,-3.58
-1.48,-1.48
0.85,0.85
3.15,3.15
5.19,5.19
6.95,6.95
7.95,7.95
8.69,8.69
9.17,9.17
9.89,9.89
10.86,10.86
12.31,12.31
13.75,13.75
14.68,14.68
14.59,14.59
13.26,13.26
10.93,10.93
7.12,7.12
2.1,2.1
-3.88,-3.88
-10.55,-10.55
-17.16,-17.16
-22.46,-22.46
-26.21,-26.21
-27.91,-27.91
-28.85,-28.85
-30.03,-30.03
-32.44,-32.44
-36.82,-36.82
-43.16,-43.16
-50.68,-50.68
-57.88,-57.88
-63.25,-63.25
-65.31,-65.31
-64.34,-64.34
-61.13,-61.13
-56.68,-56.68
-51.77,-51.77
-46.14,-46.14
-40.8,-40.8
-35.77,-35.77
-31.27,-31.27
-27.05,-27.05
-22.62,-22.62
-17.98,-17.98
-12.63,-12.63
-7.32,-7.32
-2.32,-2.32
2.39,2.39
6.82,6.82
10.94,10.94
14.53,14.53
17.34,17.34
19.36,19.36
21.61,21.61
24.59,24.59
29.05,29.05
33.45,33.45
37.55,37.55
39.88,39.88
41.16,41.16
40.93,40.93
40.7,40.7
40.46,40.46
40.22,40.22
40.47,40.47
41.47,41.47
43.45,43.45
46.16,46.16
49.33,49.33
51.72,51.72
52.83,52.83
52.41,52.41
51.0,51.0
49.34,49.34
48.2,48.2
47.55,47.55
47.39,47.39
47.24,47.24
47.33,47.33
46.91,46.91
45.98,45.98
44.57,44.57
42.66,42.66
41.0,41.0
39.6,39.6
38.72,38.72
38.09,38.09
37.2,37.2
36.06,36.06
34.69,34.69
33.81,33.81
32.7,32.7
31.84,31.84
30.48,30.48
29.12,29.12
28.28,28.28
27.69,27.69
27.6,27.6
27.01,27.01
26.41,26.41
25.08,25.08
23.99,23.99
22.67,22.67
22.1,22.1
21.79,21.79
21.23,21.23
20.41,20.41
19.1,19.1
17.3,17.3
16.02,16.02
15.24,15.24
15.22,15.22
15.2,15.2
15.42,15.42
15.39,15.39
15.61,15.61
15.57,15.57
15.28,15.28
14.74,14.74
13.71,13.71
12.18,12.18
10.41,10.41
8.66,8.66
7.18,7.18
6.45,6.45
6.23,6.23
6.26,6.26
6.04,6.04
5.32,5.32
4.36,4.36
3.66,3.66
2.71,2.71
2.02,2.02
1.09,1.09
0.16,0.16
-0.75,-0.75
-1.16,-1.16
-1.32,-1.32
-1.72,-1.72
-2.12,-2.12
-3.02,-3.02
-4.15,-4.15
-5.28,-5.28
-5.64,-5.64
-5.5,-5.5
-5.11,-5.11
-4.23,-4.23
-3.35,-3.35
-2.48,-2.48
-1.36,-1.36
-0.76,-0.76
-0.91,-0.91
-1.81,-1.81
-3.2,-3.2
-4.08,-4.08
-3.7,-3.7
-2.57,-2.57
-1.71,-1.71
-1.34,-1.34
-1.49,-1.49
-2.63,-2.63
-4.01,-4.01
-5.38,-5.38
-5.48,-5.48
-4.58,-4.58
-3.45,-3.45
-2.56,-2.56
-2.44,-2.44
-3.07,-3.07
-3.44,-3.44
-3.56,-3.56
-2.43,-2.43
-0.8,-0.8
1.3,1.3
2.39,2.39
1.97,1.97
0.55,0.55
-1.6,-1.6
-3.23,-3.23
-3.85,-3.85
-3.47,-3.47
-2.33,-2.33
-1.21,-1.21
-0.35,-0.35
0.01,0.01
0.11,0.11
0.47,0.47
0.81,0.81
1.16,1.16
1.5,1.5
1.34,1.34
0.68,0.68
0.03,0.03
-1.12,-1.12
-1.76,-1.76
-2.14,-2.14
-2.02,-2.02
-1.15,-1.15
-0.54,-0.54
-0.93,-0.93
-2.31,-2.31
-3.94,-3.94
-5.05,-5.05
-5.4,-5.4
-4.74,-4.74
-3.84,-3.84
-3.2,-3.2
-3.06,-3.06
-3.68,-3.68
-5.79,-5.79
-8.38,-8.38
-11.44,-11.44
-13.72,-13.72
-15.23,-15.23
-15.47,-15.47
-14.96,-14.96
-13.45,-13.45
-12.21,-12.21
-11.47,-11.47
-12.24,-12.24
-14.0,-14.0
-16.24,-16.24
-17.96,-17.96
-18.66,-18.66
-18.6,-18.6
-18.04,-18.04
-16.98,-16.98
-16.17,-16.17
-15.63,-15.63
-15.83,-15.83
-16.53,-16.53
-16.98,-16.98
-17.66,-17.66
-17.84,-17.84
-17.76,-17.76
-17.43,-17.43
-16.35,-16.35
-14.53,-14.53
-12.47,-12.47
-10.18,-10.18
-8.66,-8.66
-8.4,-8.4
-9.14,-9.14
-10.88,-10.88
-12.84,-12.84
-14.54,-14.54
-15.72,-15.72
-16.39,-16.39
-16.54,-16.54
-16.7,-16.7
-17.34,-17.34
-18.49,-18.49
-20.36,-20.36
-22.22,-22.22
-22.81,-22.81
-21.89,-21.89
-19.97,-19.97
-17.82,-17.82
-16.18,-16.18
-15.56,-15.56
-16.44,-16.44
-18.06,-18.06
-19.91,-19.91
-21.75,-21.75
-23.31,-23.31
-24.11,-24.11
-23.89,-23.89
-23.42,-23.42
-22.71,-22.71
-22.24,-22.24
-22.03,-22.03
-21.82,-21.82
-21.35,-21.35
-20.63,-20.63
-19.92,-19.92
-19.46,-19.46
-20.01,-20.01
-21.29,-21.29
-23.32,-23.32
-25.81,-25.81
-27.79,-27.79
-28.23,-28.23
-27.68,-27.68
-26.62,-26.62
-25.57,-25.57
-25.02,-25.02
-25.48,-25.48
-25.92,-25.92
-26.36,-26.36
-25.79,-25.79
-23.97,-23.97
-21.42,-21.42
-18.63,-18.63
-16.62,-16.62
-15.38,-15.38
-15.14,-15.14
-15.9,-15.9
-16.4,-16.4
-16.4,-16.4
-14.89,-14.89
-12.4,-12.4
-9.68,-9.68
-7.73,-7.73
-6.79,-6.79
-7.36,-7.36
-8.68,-8.68
-9.98,-9.98
-11.03,-11.03
-10.8,-10.8
-9.84,-9.84
-7.87,-7.87
-4.93,-4.93
-1.76,-1.76
0.63,0.63
1.75,1.75
1.86,1.86
0.97,0.97
-0.16,-0.16
-1.29,-1.29
-1.9,-1.9
-2.01,-2.01
-1.87,-1.87
-1.22,-1.22
-0.34,-0.34
0.54,0.54
1.41,1.41
1.78,1.78
2.63,2.63
3.74,3.74
4.58,4.58
5.66,5.66
6.48,6.48
6.54,6.54
6.1,6.1
4.67,4.67
2.99,2.99
1.83,1.83
1.69,1.69
2.79,2.79
4.63,4.63
6.71,6.71
8.01,8.01
8.05,8.05
7.34,7.34
6.64,6.64
6.44,6.44
7.49,7.49
8.78,8.78
10.31,10.31
11.32,11.32
11.82,11.82
12.07,12.07
12.31,12.31
13.05,13.05
14.02,14.02
14.99,14.99
15.45,15.45
15.4,15.4
15.09,15.09
15.29,15.29
15.49,15.49
16.18,16.18
16.61,16.61
17.28,17.28
17.95,17.95
18.61,18.61
19.5,19.5
20.14,20.14
21.02,21.02
21.39,21.39
21.25,21.25
20.11,20.11
18.22,18.22
15.85,15.85
14.25,14.25
13.91,13.91
15.08,15.08
17.48,17.48
21.1,21.1
25.19,25.19
28.99,28.99
31.5,31.5
31.73,31.73
29.7,29.7
25.69,25.69
21.21,21.21
17.52,17.52
15.86,15.86
16.22,16.22
17.06,17.06
18.4,18.4
18.97,18.97
19.04,19.04
18.1,18.1
16.66,16.66
14.99,14.99
13.33,13.33
12.43,12.43
12.04,12.04
11.9,11.9
11.76,11.76
10.87,10.87
9.74,9.74
8.36,8.36
6.75,6.75
5.15,5.15
3.31,3.31
1.24,1.24
-0.31,-0.31
-1.84,-1.84
-2.62,-2.62
-2.38,-2.38
-1.15,-1.15
0.57,0.57
2.78,2.78
4.47,4.47
5.14,5.14
5.05,5.05
4.46,4.46
3.63,3.63
2.55,2.55
2.24,2.24
1.92,1.92
1.61,1.61
1.55,1.55
2.0,2.0
2.68,2.68
3.36,3.36
3.54,3.54
2.96,2.96
1.89,1.89
0.32,0.32
-0.48,-0.48
-0.52,-0.52
-0.06,-0.06
-0.1,-0.1
-0.9,-0.9
-2.44,-2.44
-4.46,-4.46
-6.46,-6.46
-8.45,-8.45
-9.67,-9.67
-10.12,-10.12
-10.32,-10.32
-10.26,-10.26
-10.2,-10.2
-10.39,-10.39
-11.08,-11.08
-12.51,-12.51
-14.18,-14.18
-15.83,-15.83
-17.46,-17.46
-18.32,-18.32
-18.42,-18.42
-17.52,-17.52
-16.38,-16.38
-15.24,-15.24
-14.61,-14.61
-15.24,-15.24
-16.85,-16.85
-18.95,-18.95
-20.78,-20.78
-21.83,-21.83
-21.38,-21.38
-19.92,-19.92
-18.48,-18.48
-17.29,-17.29
-16.62,-16.62
-16.7,-16.7
-17.02,-17.02
-17.59,-17.59
-17.9,-17.9
-18.21,-18.21
-18.0,-18.0
-17.3,-17.3
-16.11,-16.11
-14.42,-14.42
-12.24,-12.24
-10.08,-10.08
-8.44,-8.44
-7.57,-7.57
-7.7,-7.7
-7.83,-7.83
-7.96,-7.96
-8.33,-8.33
-8.7,-8.7
-8.56,-8.56
-7.93,-7.93
-7.05,-7.05
-5.92,-5.92
-4.56,-4.56
-2.96,-2.96
-1.37,-1.37
0.21,0.21
2.02,2.02
4.06,4.06
5.83,5.83
6.84,6.84
7.34,7.34
7.83,7.83
8.06,8.06
8.04,8.04
7.02,7.02
5.26,5.26
2.27,2.27
-1.2,-1.2
-4.39,-4.39
-7.55,-7.55
-9.92,-9.92
-11.53,-11.53
-13.12,-13.12
-14.44,-14.44
-15.74,-15.74
-16.79,-16.79
-17.57,-17.57
-17.84,-17.84
-18.1,-18.1
-17.61,-17.61
-16.13,-16.13
-14.15,-14.15
-11.19,-11.19
-7.75,-7.75
-4.1,-4.1
-0.98,-0.98
1.12,1.12
1.94,1.94
2.01,2.01
1.58,1.58
0.9,0.9
0.97,0.97
1.8,1.8
4.11,4.11
6.91,6.91
9.43,9.43
10.92,10.92
11.65,11.65
11.62,11.62
11.09,11.09
10.81,10.81
11.29,11.29
12.76,12.76
14.71,14.71
16.39,16.39
18.05,18.05
18.45,18.45
17.84,17.84
16.23,16.23
13.64,13.64
11.81,11.81
11.0,11.0
12.2,12.2
14.63,14.63
16.79,16.79
18.43,18.43
19.55,19.55
20.41,20.41
20.5,20.5
19.6,19.6
17.69,17.69
16.05,16.05
14.68,14.68
13.31,13.31
12.21,12.21
11.11,11.11
10.77,10.77
11.44,11.44
13.59,13.59
15.97,15.97
17.33,17.33
17.18,17.18
16.77,16.77
16.62,16.62
16.46,16.46
15.55,15.55
13.65,13.65
11.26,11.26
9.65,9.65
9.54,9.54
10.44,10.44
11.58,11.58
11.7,11.7
10.82,10.82
10.2,10.2
10.58,10.58
11.96,11.96
13.57,13.57
13.67,13.67
12.26,12.26
10.62,10.62
8.73,8.73
7.12,7.12
6.01,6.01
5.92,5.92
6.32,6.32
6.48,6.48
5.87,5.87
4.53,4.53
3.19,3.19
2.62,2.62
3.05,3.05
3.48,3.48
3.4,3.4
3.08,3.08
1.75,1.75
-0.56,-0.56
-3.6,-3.6
-6.87,-6.87
-9.85,-9.85
-11.8,-11.8
-11.99,-11.99
-10.67,-10.67
-8.61,-8.61
-7.07,-7.07
-6.04,-6.04
-5.77,-5.77
-6.25,-6.25
-7.22,-7.22
-8.19,-8.19
-8.65,-8.65
-8.1,-8.1
-6.8,-6.8
-5.52,-5.52
-4.74,-4.74
-5.22,-5.22
-5.95,-5.95
-6.67,-6.67
-6.38,-6.38
-5.6,-5.6
-4.82,-4.82
-4.54,-4.54
-5.52,-5.52
-7.24,-7.24
-8.44,-8.44
-8.63,-8.63
-7.57,-7.57
-6.51,-6.51
-6.22,-6.22
-6.67,-6.67
-7.37,-7.37
-7.81,-7.81
-7.75,-7.75
-6.94,-6.94
-5.88,-5.88
-5.08,-5.08
-5.29,-5.29
-5.75,-5.75
-6.2,-6.2
-6.15,-6.15
-5.59,-5.59
-4.04,-4.04
-2.5,-2.5
-1.23,-1.23
-1.22,-1.22
-2.21,-2.21
-3.68,-3.68
-4.9,-4.9
-5.35,-5.35
-4.8,-4.8
-3.75,-3.75
-1.96,-1.96
0.06,0.06
1.81,1.81
3.05,3.05
3.53,3.53
3.75,3.75
3.22,3.22
2.44,2.44
1.17,1.17
0.16,0.16
-0.34,-0.34
-0.83,-0.83
-0.82,-0.82
-1.06,-1.06
-1.55,-1.55
-2.04,-2.04
-3.01,-3.01
-3.98,-3.98
-5.19,-5.19
-6.14,-6.14
-6.08,-6.08
-5.02,-5.02
-3.46,-3.46
-2.67,-2.67
-2.39,-2.39
-2.36,-2.36
-2.08,-2.08
-1.8,-1.8
-1.78,-1.78
-2.75,-2.75
-3.96,-3.96
-5.17,-5.17
-5.36,-5.36
-5.05,-5.05
-4.74,-4.74
-4.43,-4.43
-3.87,-3.87
-2.82,-2.82
-1.53,-1.53
-0.25,-0.25
1.01,1.01
1.52,1.52
1.27,1.27
-0.22,-0.22
-2.46,-2.46
-3.67,-3.67
-3.62,-3.62
-2.32,-2.32
-0.78,-0.78
0.25,0.25
0.76,0.76
0.77,0.77
0.78,0.78
0.79,0.79
1.55,1.55
2.8,2.8
4.04,4.04
4.52,4.52
4.49,4.49
3.72,3.72
3.2,3.2
2.93,2.93
2.67,2.67
2.41,2.41
2.39,2.39
3.13,3.13
4.37,4.37
5.34,5.34
5.55,5.55
5.01,5.01
3.72,3.72
2.44,2.44
1.93,1.93
2.17,2.17
2.65,2.65
2.88,2.88
3.11,3.11
3.09,3.09
2.57,2.57
1.8,1.8
1.29,1.29
0.78,0.78
0.52,0.52
0.77,0.77
1.52,1.52
2.26,2.26
2.74,2.74
2.97,2.97
2.69,2.69
2.17,2.17
1.4,1.4
1.14,1.14
1.13,1.13
2.12,2.12
3.6,3.6
5.82,5.82
7.77,7.77
9.19,9.19
8.86,8.86
7.02,7.02
4.45,4.45
2.15,2.15
0.37,0.37
-0.63,-0.63
-1.39,-1.39
-2.13,-2.13
-2.87,-2.87
-3.85,-3.85
-4.82,-4.82
-6.03,-6.03
-7.73,-7.73
-9.16,-9.16
-10.58,-10.58
-11.48,-11.48
-12.37,-12.37
-12.75,-12.75
-12.88,-12.88
-12.51,-12.51
-12.13,-12.13
-12.01,-12.01
-11.39,-11.39
-10.77,-10.77
-9.9,-9.9
-9.04,-9.04
-8.69,-8.69
-8.59,-8.59
-8.99,-8.99
-9.38,-9.38
-9.77,-9.77
-9.91,-9.91
-10.04,-10.04
-9.67,-9.67
-9.55,-9.55
-9.18,-9.18
-8.81,-8.81
-8.2,-8.2
-7.83,-7.83
-7.73,-7.73
-7.62,-7.62
-7.76,-7.76
-8.39,-8.39
-9.03,-9.03
-9.65,-9.65
-10.52,-10.52
-10.62,-10.62
-9.73,-9.73
-7.84,-7.84
-5.72,-5.72
-4.11,-4.11
-4.02,-4.02
-5.18,-5.18
-6.58,-6.58
-7.97,-7.97
-9.09,-9.09
-9.95,-9.95
-10.55,-10.55
-11.14,-11.14
-11.23,-11.23
-10.81,-10.81
-10.14,-10.14
-9.73,-9.73
-9.33,-9.33
-9.17,-9.17
-9.27,-9.27
-8.86,-8.86
-7.46,-7.46
-5.56,-5.56
-3.18,-3.18
-1.33,-1.33
0.01,0.01
0.34,0.34
0.41,0.41
0.48,0.48
1.05,1.05
2.62,2.62
4.93,4.93
7.46,7.46
9.71,9.71
11.2,11.2
12.41,12.41
13.37,13.37
14.07,14.07
14.5,14.5
15.18,15.18
16.11,16.11
17.77,17.77
19.66,19.66
21.53,21.53
23.13,23.13
24.72,24.72
25.79,25.79
26.09,26.09
26.13,26.13
25.68,25.68
25.47,25.47
25.51,25.51
26.04,26.04
27.07,27.07
28.08,28.08
29.08,29.08
29.82,29.82
29.79,29.79
29.52,29.52
28.98,28.98
29.45,29.45
30.66,30.66
32.61,32.61
34.78,34.78
36.68,36.68
37.8,37.8
37.91,37.91
38.01,38.01
38.61,38.61
40.19,40.19
42.5,42.5
44.79,44.79
45.55,45.55
45.04,45.04
43.03,43.03
40.04,40.04
36.56,36.56
32.86,32.86
28.44,28.44
22.81,22.81
16.72,16.72
10.69,10.69
5.71,5.71
1.28,1.28
-2.87,-2.87
-6.47,-6.47
-9.8,-9.8
-12.34,-12.34
-14.35,-14.35
-15.85,-15.85
-16.83,-16.83
-17.29,-17.29
-17.26,-17.26
-17.21,-17.21
-17.17,-17.17
-17.37,-17.37
-17.07,-17.07
-16.02,-16.02
-14.73,-14.73
-12.95,-12.95
-10.67,-10.67
-7.67,-7.67
-4.45,-4.45
-1.25,-1.25
1.41,1.41
2.8,2.8
3.68,3.68
3.8,3.8
3.92,3.92
4.54,4.54
6.15,6.15
8.24,8.24
10.82,10.82
12.62,12.62
13.15,13.15
12.42,12.42
11.45,11.45
10.49,10.49
10.28,10.28
10.82,10.82
11.36,11.36
12.14,12.14
12.41,12.41
12.18,12.18
11.44,11.44
10.22,10.22
9.25,9.25
8.29,8.29
8.09,8.09
8.63,8.63
9.17,9.17
9.71,9.71
9.74,9.74
9.26,9.26
8.29,8.29
7.08,7.08
5.88,5.88
5.19,5.19
4.5,4.5
3.82,3.82
2.64,2.64
1.98,1.98
1.57,1.57
1.91,1.91
2.25,2.25
1.84,1.84
1.18,1.18
-0.23,-0.23
-1.62,-1.62
-2.74,-2.74
-3.36,-3.36
-3.72,-3.72
-4.33,-4.33
-4.93,-4.93
-5.53,-5.53
-5.37,-5.37
-5.2,-5.2
-5.04,-5.04
-4.88,-4.88
-4.73,-4.73
-4.57,-4.57
-4.66,-4.66
-5.0,-5.0
-5.09,-5.09
-5.18,-5.18
-5.01,-5.01
-5.09,-5.09
-5.43,-5.43
-5.76,-5.76
-5.83,-5.83
-5.41,-5.41
-4.48,-4.48
-3.32,-3.32
-2.41,-2.41
-2.02,-2.02
-1.87,-1.87
-1.98,-1.98
-1.84,-1.84
-1.7,-1.7
-1.05,-1.05
-0.66,-0.66
-0.28,-0.28
-0.15,-0.15
-0.02,-0.02
-0.15,-0.15
-0.27,-0.27
-0.64,-0.64
-1.01,-1.01
-1.62,-1.62
-2.23,-2.23
-2.33,-2.33
-1.68,-1.68
-0.29,-0.29
1.09,1.09
1.71,1.71
0.82,0.82
-0.81,-0.81
-2.92,-2.92
-4.52,-4.52
-5.85,-5.85
-6.41,-6.41
-6.73,-6.73
-6.28,-6.28
-5.59,-5.59
-5.16,-5.16
-5.23,-5.23
-6.04,-6.04
-7.35,-7.35
-8.65,-8.65
-9.43,-9.43
-9.95,-9.95
-9.72,-9.72
-8.98,-8.98
-7.76,-7.76
-6.8,-6.8
-6.34,-6.34
-6.88,-6.88
-7.92,-7.92
-9.2,-9.2
-9.96,-9.96
-10.72,-10.72
-10.97,-10.97
-10.71,-10.71
-9.95,-9.95
-9.2,-9.2
-8.71,-8.71
-9.22,-9.22
-9.97,-9.97
-10.47,-10.47
-10.45,-10.45
-10.2,-10.2
-9.93,-9.93
-10.16,-10.16
-10.41,-10.41
-10.88,-10.88
-11.36,-11.36
-11.58,-11.58
-11.79,-11.79
-12.51,-12.51
-13.46,-13.46
-14.15,-14.15
-14.59,-14.59
-14.51,-14.51
-14.19,-14.19
-13.87,-13.87
-14.04,-14.04
-14.72,-14.72
-15.63,-15.63
-16.79,-16.79
-17.43,-17.43
-17.31,-17.31
-16.7,-16.7
-15.83,-15.83
-15.22,-15.22
-15.61,-15.61
-16.25,-16.25
-16.63,-16.63
-17.0,-17.0
-16.87,-16.87
-16.23,-16.23
-15.61,-15.61
-14.98,-14.98
-15.11,-15.11
-15.98,-15.98
-17.59,-17.59
-18.69,-18.69
-19.02,-19.02
-18.09,-18.09
-16.68,-16.68
-15.52,-15.52
-15.12,-15.12
-15.23,-15.23
-16.32,-16.32
-17.66,-17.66
-18.98,-18.98
-19.79,-19.79
-19.34,-19.34
-18.38,-18.38
-17.43,-17.43
-17.24,-17.24
-17.8,-17.8
-18.85,-18.85
-19.89,-19.89
-20.91,-20.91
-21.68,-21.68
-22.93,-22.93
-24.42,-24.42
-26.14,-26.14
-27.84,-27.84
-29.27,-29.27
-29.94,-29.94
-30.09,-30.09
-29.23,-29.23
-28.39,-28.39
-28.04,-28.04
-28.45,-28.45
-30.09,-30.09
-33.22,-33.22
-36.3,-36.3
-38.62,-38.62
-39.15,-39.15
-37.92,-37.92
-36.45,-36.45
-34.98,-34.98
-34.27,-34.27
-34.56,-34.56
-34.85,-34.85
-35.13,-35.13
-34.9,-34.9
-34.66,-34.66
-34.43,-34.43
-34.19,-34.19
-33.45,-33.45
-32.7,-32.7
-31.71,-31.71
-31.23,-31.23
-30.99,-30.99
-31.01,-31.01
-30.52,-30.52
-29.27,-29.27
-27.04,-27.04
-24.07,-24.07
-21.12,-21.12
-18.7,-18.7
-17.3,-17.3
-16.15,-16.15
-15.27,-15.27
-14.14,-14.14
-12.52,-12.52
-10.41,-10.41
-9.07,-9.07
-8.24,-8.24
-7.67,-7.67
-6.85,-6.85
-5.79,-5.79
-4.73,-4.73
-3.94,-3.94
-2.9,-2.9
-1.62,-1.62
-0.6,-0.6
0.4,0.4
1.65,1.65
3.39,3.39
5.36,5.36
6.81,6.81
7.5,7.5
7.43,7.43
6.86,6.86
5.8,5.8
4.74,4.74
3.94,3.94
3.4,3.4
3.61,3.61
4.58,4.58
5.78,5.78
6.97,6.97
7.89,7.89
8.81,8.81
9.97,9.97
11.12,11.12
12.25,12.25
12.87,12.87
12.48,12.48
11.6,11.6
10.72,10.72
10.1,10.1
9.98,9.98
10.62,10.62
10.99,10.99
11.36,11.36
11.22,11.22
10.59,10.59
10.21,10.21
10.33,10.33
10.94,10.94
11.3,11.3
11.66,11.66
11.01,11.01
10.11,10.11
8.97,8.97
8.6,8.6
9.22,9.22
10.83,10.83
12.68,12.68
14.51,14.51
15.57,15.57
15.87,15.87
15.42,15.42
14.71,14.71
14.26,14.26
14.56,14.56
15.36,15.36
16.65,16.65
17.92,17.92
19.43,19.43
19.92,19.92
19.91,19.91
19.64,19.64
19.62,19.62
19.85,19.85
19.57,19.57
18.54,18.54
17.52,17.52
16.76,16.76
16.75,16.75
17.74,17.74
18.96,18.96
20.18,20.18
20.62,20.62
20.57,20.57
19.75,19.75
18.7,18.7
17.4,17.4
15.86,15.86
14.83,14.83
14.3,14.3
14.79,14.79
15.26,15.26
15.48,15.48
15.44,15.44
14.65,14.65
14.12,14.12
14.09,14.09
14.55,14.55
15.01,15.01
14.97,14.97
13.91,13.91
12.13,12.13
10.35,10.35
9.34,9.34
9.34,9.34
9.83,9.83
10.32,10.32
10.3,10.3
9.53,9.53
8.27,8.27
6.77,6.77
5.03,5.03
3.55,3.55
2.34,2.34
1.64,1.64
0.7,0.7
0.01,0.01
-1.17,-1.17
-2.34,-2.34
-3.75,-3.75
-5.14,-5.14
-6.52,-6.52
-7.14,-7.14
-6.75,-6.75
-5.62,-5.62
-4.24,-4.24
-3.12,-3.12
-2.27,-2.27
-1.92,-1.92
-2.33,-2.33
-3.48,-3.48
-5.12,-5.12
-7.74,-7.74
-11.34,-11.34
-15.41,-15.41
-18.93,-18.93
-21.67,-21.67
-22.63,-22.63
-22.33,-22.33
-21.28,-21.28
-19.73,-19.73
-18.45,-18.45
-17.18,-17.18
-15.66,-15.66
-13.16,-13.16
-9.67,-9.67
-4.97,-4.97
0.69,0.69
6.05,6.05
10.61,10.61
13.88,13.88
15.61,15.61
16.08,16.08
16.28,16.28
16.99,16.99
17.94,17.94
18.62,18.62
19.55,19.55
20.96,20.96
22.86,22.86
25.23,25.23
27.84,27.84
29.91,29.91
30.96,30.96
31.49,31.49
31.52,31.52
31.29,31.29
31.31,31.31
31.32,31.32
31.59,31.59
31.84,31.84
31.58,31.58
31.32,31.32
30.56,30.56
30.05,30.05
29.3,29.3
29.04,29.04
29.03,29.03
30.02,30.02
31.99,31.99
34.7,34.7
36.62,36.62
37.02,37.02
35.41,35.41
33.05,33.05
30.97,30.97
30.15,30.15
30.09,30.09
30.51,30.51
31.43,31.43
33.09,33.09
35.48,35.48
37.59,37.59
39.42,39.42
40.23,40.23
40.28,40.28
40.07,40.07
39.11,39.11
38.4,38.4
38.45,38.45
39.48,39.48
41.75,41.75
43.49,43.49
44.46,44.46
44.16,44.16
43.12,43.12
42.07,42.07
41.02,41.02
40.73,40.73
40.45,40.45
40.15,40.15
39.59,39.59
39.05,39.05
38.49,38.49
37.44,37.44
35.89,35.89
33.85,33.85
31.58,31.58
29.06,29.06
26.57,26.57
24.85,24.85
24.39,24.39
24.68,24.68
25.96,25.96
26.73,26.73
26.48,26.48
24.98,24.98
22.75,22.75
20.28,20.28
18.09,18.09
16.9,16.9
16.23,16.23
16.06,16.06
16.39,16.39
16.71,16.71
16.28,16.28
15.1,15.1
13.18,13.18
11.27,11.27
10.13,10.13
9.5,9.5
9.37,9.37
8.99,8.99
8.62,8.62
8.0,8.0
7.62,7.62
7.01,7.01
6.9,6.9
6.54,6.54
6.18,6.18
5.57,5.57
4.46,4.46
3.37,3.37
2.04,2.04
0.96,0.96
-0.1,-0.1
-0.9,-0.9
-1.94,-1.94
-3.23,-3.23
-5.0,-5.0
-6.76,-6.76
-8.25,-8.25
-9.22,-9.22
-9.94,-9.94
-10.89,-10.89
-12.09,-12.09
-13.27,-13.27
-13.69,-13.69
-13.36,-13.36
-12.52,-12.52
-12.19,-12.19
-11.86,-11.86
-12.29,-12.29
-13.45,-13.45
-14.86,-14.86
-16.5,-16.5
-18.37,-18.37
-20.22,-20.22
-21.56,-21.56
-22.37,-22.37
-23.43,-23.43
-24.47,-24.47
-25.75,-25.75
-26.77,-26.77
-26.27,-26.27
-24.52,-24.52
-22.53,-22.53
-20.81,-20.81
-19.85,-19.85
-19.9,-19.9
-20.19,-20.19
-20.98,-20.98
-21.51,-21.51
-22.03,-22.03
-22.04,-22.04
-21.8,-21.8
-21.05,-21.05
-20.06,-20.06
-17.83,-17.83
-14.36,-14.36
-10.68,-10.68
-7.52,-7.52
-5.89,-5.89
-5.78,-5.78
-6.92,-6.92
-7.8,-7.8
-7.66,-7.66
-6.28,-6.28
-4.41,-4.41
-3.3,-3.3
-3.7,-3.7
-5.85,-5.85
-7.98,-7.98
-9.84,-9.84
-11.19,-11.19
-12.01,-12.01
-12.83,-12.83
-13.13,-13.13
-12.44,-12.44
-11.25,-11.25
-9.81,-9.81
-8.89,-8.89
-8.73,-8.73
-9.06,-9.06
-9.89,-9.89
-10.72,-10.72
-10.53,-10.53
-9.34,-9.34
-7.91,-7.91
-6.5,-6.5
-5.59,-5.59
-5.45,-5.45
-5.8,-5.8
-6.65,-6.65
-7.49,-7.49
-7.83,-7.83
-7.91,-7.91
-8.23,-8.23
-9.3,-9.3
-11.11,-11.11
-12.66,-12.66
-13.43,-13.43
-13.45,-13.45
-12.96,-12.96
-12.73,-12.73
-13.0,-13.0
-14.02,-14.02
-15.52,-15.52
-16.0,-16.0
-14.98,-14.98
-12.47,-12.47
-9.73,-9.73
-7.51,-7.51
-6.55,-6.55
-6.37,-6.37
-6.92,-6.92
-7.73,-7.73
-8.52,-8.52
-9.3,-9.3
-10.08,-10.08
-10.85,-10.85
-12.11,-12.11
-14.1,-14.1
-17.08,-17.08
-20.02,-20.02
-22.2,-22.2
-24.09,-24.09
-25.21,-25.21
-26.07,-26.07
-26.91,-26.91
-28.0,-28.0
-29.07,-29.07
-30.12,-30.12
-30.16,-30.16
-28.7,-28.7
-26.75,-26.75
-25.55,-25.55
-25.62,-25.62
-26.69,-26.69
-28.48,-28.48
-29.77,-29.77
-30.02,-30.02
-29.78,-29.78
-29.04,-29.04
-28.03,-28.03
-26.8,-26.8
-25.81,-25.81
-24.09,-24.09
-22.12,-22.12
-19.42,-19.42
-15.98,-15.98
-12.84,-12.84
-9.47,-9.47
-6.87,-6.87
-5.05,-5.05
-3.74,-3.74
-3.2,-3.2
-2.91,-2.91
-2.62,-2.62
-2.09,-2.09
-1.55,-1.55
-0.53,-0.53
-0.27,-0.27
-1.0,-1.0
-2.48,-2.48
-4.69,-4.69
-6.38,-6.38
-6.81,-6.81
-6.48,-6.48
-5.16,-5.16
-3.84,-3.84
-2.79,-2.79
-2.25,-2.25
-2.71,-2.71
-3.66,-3.66
-4.61,-4.61
-4.8,-4.8
-3.98,-3.98
-3.18,-3.18
-2.37,-2.37
-1.83,-1.83
-1.04,-1.04
0.24,0.24
1.76,1.76
3.77,3.77
6.01,6.01
8.47,8.47
10.66,10.66
12.59,12.59
14.23,14.23
15.62,15.62
16.74,16.74
17.59,17.59
17.69,17.69
17.53,17.53
16.87,16.87
15.47,15.47
12.57,12.57
9.2,9.2
5.61,5.61
2.8,2.8
0.77,0.77
-1.24,-1.24
-3.99,-3.99
-7.21,-7.21
-11.16,-11.16
-15.55,-15.55
-19.41,-19.41
-22.99,-22.99
-25.77,-25.77
-27.78,-27.78
-29.77,-29.77
-32.48,-32.48
-36.16,-36.16
-40.3,-40.3
-43.15,-43.15
-43.97,-43.97
-43.52,-43.52
-42.57,-42.57
-42.38,-42.38
-43.42,-43.42
-44.95,-44.95
-46.71,-46.71
-48.45,-48.45
-50.16,-50.16
-52.1,-52.1
-53.27,-53.27
-52.66,-52.66
-49.56,-49.56
-45.23,-45.23
-41.17,-41.17
-38.65,-38.65
-37.4,-37.4
-36.9,-36.9
-35.9,-35.9
-34.41,-34.41
-31.66,-31.66
-28.2,-28.2
-24.26,-24.26
-20.85,-20.85
-17.97,-17.97
-15.37,-15.37
-13.03,-13.03
-11.22,-11.22
-10.16,-10.16
-9.13,-9.13
-7.34,-7.34
-4.82,-4.82
-1.58,-1.58
1.89,1.89
4.83,4.83
6.98,6.98
7.87,7.87
7.75,7.75
7.62,7.62
7.76,7.76
7.88,7.88
7.75,7.75
6.87,6.87
5.51,5.51
4.65,4.65
4.3,4.3
4.7,4.7
5.59,5.59
5.48,5.48
3.87,3.87
0.52,0.52
-4.05,-4.05
-9.07,-9.07
-13.55,-13.55
-16.48,-16.48
-18.14,-18.14
-19.53,-19.53
-21.4,-21.4
-24.0,-24.0
-27.32,-27.32
-30.86,-30.86
-33.87,-33.87
-36.09,-36.09
-37.03,-37.03
-36.96,-36.96
-36.89,-36.89
-37.81,-37.81
-38.96,-38.96
-40.86,-40.86
-42.72,-42.72
-44.81,-44.81
-46.63,-46.63
-47.93,-47.93
-48.45,-48.45
-48.21,-48.21
-47.47,-47.47
-46.47,-46.47
-45.48,-45.48
-44.75,-44.75
-44.26,-44.26
-43.52,-43.52
-42.52,-42.52
-41.54,-41.54
-40.55,-40.55
-39.32,-39.32
-38.59,-38.59
-37.61,-37.61
-36.39,-36.39
-35.17,-35.17
-33.96,-33.96
-32.75,-32.75
-31.8,-31.8
-30.61,-30.61
-28.92,-28.92
-26.99,-26.99
-24.82,-24.82
-22.92,-22.92
-21.79,-21.79
-21.16,-21.16
-21.03,-21.03
-20.66,-20.66
-19.78,-19.78
-17.4,-17.4
-15.3,-15.3
-14.21,-14.21
-14.39,-14.39
-14.8,-14.8
-14.46,-14.46
-13.38,-13.38
-11.3,-11.3
-8.98,-8.98
-6.95,-6.95
-5.42,-5.42
-4.91,-4.91
-4.65,-4.65
-4.89,-4.89
-4.88,-4.88
-4.62,-4.62
-4.12,-4.12
-3.61,-3.61
-2.86,-2.86
-1.62,-1.62
0.37,0.37
3.58,3.58
7.52,7.52
11.16,11.16
13.77,13.77
15.37,15.37
15.68,15.68
16.0,16.0
16.3,16.3
17.61,17.61
18.4,18.4
18.69,18.69
18.46,18.46
18.98,18.98
22.0,22.0
27.23,27.23
33.41,33.41
39.03,39.03
43.09,43.09
45.36,45.36
47.11,47.11
49.08,49.08
52.03,52.03
56.69,56.69
62.55,62.55
69.34,69.34
75.81,75.81
81.22,81.22
84.05,84.05
83.61,83.61
80.41,80.41
75.2,75.2
69.56,69.56
64.2,64.2
59.63,59.63
55.58,55.58
51.58,51.58
47.34,47.34
42.89,42.89
37.97,37.97
33.09,33.09
28.5,28.5
23.95,23.95
20.19,20.19
16.45,16.45
12.0,12.0
6.84,6.84
0.98,0.98
-5.08,-5.08
-10.33,-10.33
-14.55,-14.55
-17.7,-17.7
-20.09,-20.09
-22.45,-22.45
-26.03,-26.03
-30.58,-30.58
-35.83,-35.83
-40.78,-40.78
-45.17,-45.17
-49.28,-49.28
-53.33,-53.33
-58.34,-58.34
-63.8,-63.8
-69.44,-69.44
-74.78,-74.78
-79.3,-79.3
-82.27,-82.27
-83.95,-83.95
-84.11,-84.11
-81.98,-81.98
-77.39,-77.39
-70.06,-70.06
-61.05,-61.05
-52.09,-52.09
-45.23,-45.23
-40.41,-40.41
-37.14,-37.14
-33.13,-33.13
-27.17,-27.17
-18.5,-18.5
-7.41,-7.41
4.84,4.84
17.22,17.22
28.75,28.75
39.41,39.41
48.97,48.97
57.66,57.66
65.78,65.78
74.06,74.06
82.03,82.03
89.87,89.87
96.16,96.16
100.87,100.87
104.28,104.28
107.12,107.12
109.94,109.94
112.72,112.72
114.94,114.94
116.87,116.87
117.78,117.78
117.91,117.91
117.0,117.0
115.09,115.09
112.44,112.44
109.81,109.81
108.91,108.91
110.53,110.53
113.59,113.59
116.87,116.87
118.34,118.34
117.81,117.81
114.75,114.75
110.69,110.69
105.66,105.66
100.91,100.91
96.41,96.41
92.97,92.97
90.53,90.53
89.12,89.12
88.94,88.94
89.25,89.25
89.81,89.81
89.84,89.84
88.84,88.84
86.62,86.62
83.37,83.37
80.16,80.16
77.72,77.72
75.78,75.78
74.34,74.34
73.69,73.69
73.75,73.75
74.53,74.53
75.84,75.84
76.34,76.34
75.34,75.34
72.84,72.84
68.84,68.84
64.87,64.87
61.44,61.44
59.5,59.5
59.09,59.09
59.69,59.69
60.0,60.0
60.06,60.06
59.38,59.38
58.16,58.16
56.47,56.47
54.27,54.27
51.33,51.33
48.91,48.91
47.52,47.52
47.13,47.13
46.47,46.47
44.83,44.83
41.69,41.69
37.81,37.81
33.47,33.47
29.67,29.67
26.39,26.39
23.66,23.66
22.42,22.42
22.45,22.45
23.48,23.48
24.25,24.25
23.5,23.5
21.52,21.52
18.78,18.78
16.33,16.33
14.14,14.14
12.22,12.22
10.08,10.08
7.69,7.69
5.58,5.58
3.48,3.48
1.41,1.41
-0.41,-0.41
-1.45,-1.45
-1.98,-1.98
-2.0,-2.0
-1.78,-1.78
-2.31,-2.31
-3.83,-3.83
-5.83,-5.83
-7.83,-7.83
-9.3,-9.3
-9.75,-9.75
-9.2,-9.2
-8.15,-8.15
-7.36,-7.36
-7.58,-7.58
-8.79,-8.79
-10.24,-10.24
-11.43,-11.43
-11.85,-11.85
-11.52,-11.52
-11.19,-11.19
-11.36,-11.36
-12.52,-12.52
-14.68,-14.68
-16.56,-16.56
-17.68,-17.68
-17.52,-17.52
-15.88,-15.88
-13.73,-13.73
-11.12,-11.12
-7.77,-7.77
-4.2,-4.2
-0.66,-0.66
2.84,2.84
6.57,6.57
9.0,9.0
9.16,9.16
7.33,7.33
4.25,4.25
1.21,1.21
-0.81,-0.81
-0.81,-0.81
2.44,2.44
8.16,8.16
15.33,15.33
22.68,22.68
28.45,28.45
32.43,32.43
33.86,33.86
33.27,33.27
31.93,31.93
31.35,31.35
32.52,32.52
35.93,35.93
39.79,39.79
42.12,42.12
41.92,41.92
39.46,39.46
35.53,35.53
30.87,30.87
26.75,26.75
22.91,22.91
19.61,19.61
16.83,16.83
14.07,14.07
11.09,11.09
7.14,7.14
1.71,1.71
-4.16,-4.16
-10.23,-10.23
-14.98,-14.98
-18.45,-18.45
-21.13,-21.13
-23.79,-23.79
-26.16,-26.16
-29.02,-29.02
-32.58,-32.58
-36.61,-36.61
-40.85,-40.85
-44.3,-44.3
-46.95,-46.95
-48.58,-48.58
-49.43,-49.43
-50.02,-50.02
-50.59,-50.59
-51.66,-51.66
-53.2,-53.2
-55.72,-55.72
-58.47,-58.47
-61.17,-61.17
-63.09,-63.09
-64.23,-64.23
-64.86,-64.86
-64.72,-64.72
-64.83,-64.83
-64.92,-64.92
-64.75,-64.75
-64.06,-64.06
-63.64,-63.64
-63.2,-63.2
-63.0,-63.0
-63.05,-63.05
-63.84,-63.84
-65.36,-65.36
-66.86,-66.86
-68.34,-68.34
-69.3,-69.3
-69.97,-69.97
-70.39,-70.39
-70.53,-70.53
-70.92,-70.92
-71.55,-71.55
-72.16,-72.16
-73.0,-73.0
-73.58,-73.58
-73.37,-73.37
-72.17,-72.17
-69.97,-69.97
-68.03,-68.03
-66.59,-66.59
-66.16,-66.16
-66.47,-66.47
-67.27,-67.27
-68.05,-68.05
-68.06,-68.06
-66.81,-66.81
-64.56,-64.56
-61.83,-61.83
-59.11,-59.11
-55.91,-55.91
-52.23,-52.23
-47.08,-47.08
-41.2,-41.2
-34.64,-34.64
-29.37,-29.37
-25.64,-25.64
-24.2,-24.2
-24.28,-24.28
-24.59,-24.59
-24.64,-24.64
-24.45,-24.45
-24.5,-24.5
-24.55,-24.55
-24.59,-24.59
-25.12,-25.12
-25.66,-25.66
-26.92,-26.92
-28.94,-28.94
-31.42,-31.42
-33.63,-33.63
-35.3,-35.3
-36.47,-36.47
-37.36,-37.36
-38.48,-38.48
-40.09,-40.09
-42.19,-42.19
-44.27,-44.27
-45.55,-45.55
-46.08,-46.08
-45.33,-45.33
-44.34,-44.34
-43.11,-43.11
-42.13,-42.13
-42.16,-42.16
-42.66,-42.66
-44.17,-44.17
-46.66,-46.66
-49.36,-49.36
-51.52,-51.52
-53.42,-53.42
-54.53,-54.53
-54.88,-54.88
-54.72,-54.72
-54.05,-54.05
-53.88,-53.88
-54.2,-54.2
-55.52,-55.52
-56.81,-56.81
-57.33,-57.33
-57.08,-57.08
-55.58,-55.58
-53.84,-53.84
-52.11,-52.11
-51.13,-51.13
-50.64,-50.64
-50.17,-50.17
-48.94,-48.94
-46.95,-46.95
-43.73,-43.73
-40.05,-40.05
-36.63,-36.63
-33.98,-33.98
-31.86,-31.86
-30.0,-30.0
-27.66,-27.66
-23.06,-23.06
-15.53,-15.53
-6.3,-6.3
2.84,2.84
11.14,11.14
18.12,18.12
24.03,24.03
29.39,29.39
34.2,34.2
38.2,38.2
40.91,40.91
42.84,42.84
45.0,45.0
48.13,48.13
52.22,52.22
56.52,56.52
60.02,60.02
61.72,61.72
62.16,62.16
61.83,61.83
61.0,61.0
60.91,60.91
61.06,61.06
61.95,61.95
62.33,62.33
61.7,61.7
60.06,60.06
57.67,57.67
55.8,55.8
54.95,54.95
55.83,55.83
57.7,57.7
59.8,59.8
61.36,61.36
61.41,61.41
60.19,60.19
57.98,57.98
54.77,54.77
52.09,52.09
49.92,49.92
48.52,48.52
47.38,47.38
46.23,46.23
44.34,44.34
42.45,42.45
40.34,40.34
37.98,37.98
35.39,35.39
32.07,32.07
28.02,28.02
23.76,23.76
19.78,19.78
16.34,16.34
14.41,14.41
13.52,13.52
13.37,13.37
12.73,12.73
11.34,11.34
8.95,8.95
6.09,6.09
3.26,3.26
1.45,1.45
0.41,0.41
-0.13,-0.13
-1.16,-1.16
-2.68,-2.68
-4.69,-4.69
-7.42,-7.42
-10.63,-10.63
-14.56,-14.56
-17.95,-17.95
-20.05,-20.05
-20.64,-20.64
-20.47,-20.47
-20.3,-20.3
-21.37,-21.37
-23.18,-23.18
-25.47,-25.47
-27.48,-27.48
-29.23,-29.23
-30.45,-30.45
-31.16,-31.16
-30.85,-30.85
-29.55,-29.55
-28.0,-28.0
-27.46,-27.46
-28.67,-28.67
-30.87,-30.87
-33.55,-33.55
-35.19,-35.19
-35.8,-35.8
-35.67,-35.67
-35.27,-35.27
-35.13,-35.13
-35.48,-35.48
-36.33,-36.33
-37.41,-37.41
-37.97,-37.97
-37.27,-37.27
-35.83,-35.83
-33.39,-33.39
-31.47,-31.47
-30.3,-30.3
-30.16,-30.16
-31.0,-31.0
-32.58,-32.58
-33.89,-33.89
-34.69,-34.69
-34.98,-34.98
-35.5,-35.5
-36.02,-36.02
-36.52,-36.52
-37.27,-37.27
-37.74,-37.74
-37.72,-37.72
-36.69,-36.69
-34.16,-34.16
-31.14,-31.14
-28.16,-28.16
-25.94,-25.94
-24.49,-24.49
-23.8,-23.8
-23.61,-23.61
-23.67,-23.67
-23.73,-23.73
-23.28,-23.28
-21.84,-21.84
-19.65,-19.65
-17.73,-17.73
-15.83,-15.83
-14.69,-14.69
-13.8,-13.8
-12.93,-12.93
-11.8,-11.8
-9.7,-9.7
-6.6,-6.6
-3.54,-3.54
-1.25,-1.25
-0.48,-0.48
-0.97,-0.97
-1.7,-1.7
-1.43,-1.43
-0.16,-0.16
2.35,2.35
5.08,5.08
7.54,7.54
9.23,9.23
10.15,10.15
10.56,10.56
10.71,10.71
11.11,11.11
12.01,12.01
13.14,13.14
13.77,13.77
14.13,14.13
14.0,14.0
13.86,13.86
14.21,14.21
14.81,14.81
15.66,15.66
16.5,16.5
16.82,16.82
17.14,17.14
18.21,18.21
20.01,20.01
21.54,21.54
22.05,22.05
21.56,21.56
20.57,20.57
19.83,19.83
19.1,19.1
17.62,17.62
16.4,16.4
15.2,15.2
15.0,15.0
15.54,15.54
16.59,16.59
17.37,17.37
17.39,17.39
16.4,16.4
14.93,14.93
12.96,12.96
11.01,11.01
9.83,9.83
9.16,9.16
8.49,8.49
7.82,7.82
7.17,7.17
6.76,6.76
6.61,6.61
6.46,6.46
6.56,6.56
6.91,6.91
7.25,7.25
7.84,7.84
7.92,7.92
7.5,7.5
7.08,7.08
5.92,5.92
4.52,4.52
3.12,3.12
1.74,1.74
0.88,0.88
0.27,0.27
-0.09,-0.09
-0.19,-0.19
-0.04,-0.04
-0.14,-0.14
-0.24,-0.24
0.41,0.41
1.3,1.3
2.19,2.19
3.07,3.07
3.69,3.69
4.05,4.05
4.91,4.91
6.26,6.26
8.35,8.35
10.66,10.66
12.96,12.96
14.73,14.73
15.48,15.48
15.73,15.73
15.46,15.46
14.95,14.95
14.2,14.2
12.44,12.44
9.95,9.95
7.48,7.48
6.29,6.29
6.85,6.85
8.91,8.91
11.69,11.69
14.2,14.2
15.69,15.69
15.15,15.15
13.13,13.13
11.11,11.11
9.87,9.87
10.13,10.13
10.89,10.89
11.89,11.89
12.63,12.63
13.12,13.12
12.84,12.84
12.07,12.07
11.3,11.3
10.29,10.29
9.28,9.28
8.53,8.53
8.54,8.54
8.8,8.8
9.05,9.05
8.8,8.8
8.55,8.55
8.05,8.05
6.55,6.55
5.07,5.07
3.6,3.6
2.89,2.89
2.44,2.44
2.24,2.24
1.8,1.8
1.1,1.1
0.17,0.17
-0.51,-0.51
-0.93,-0.93
-0.6,-0.6
-0.52,-0.52
-0.69,-0.69
-1.11,-1.11
-1.52,-1.52
-1.94,-1.94
-2.34,-2.34
-3.24,-3.24
-5.14,-5.14
-7.52,-7.52
-9.37,-9.37
-10.2,-10.2
-10.78,-10.78
-11.35,-11.35
-12.16,-12.16
-12.97,-12.97
-13.26,-13.26
-13.05,-13.05
-12.34,-12.34
-11.63,-11.63
-10.43,-10.43
-9.23,-9.23
-7.8,-7.8
-6.88,-6.88
-6.22,-6.22
-5.56,-5.56
-4.16,-4.16
-2.02,-2.02
-0.15,-0.15
1.46,1.46
2.55,2.55
3.13,3.13
3.95,3.95
5.52,5.52
7.57,7.57
10.1,10.1
12.61,12.61
14.34,14.34
15.55,15.55
16.0,16.0
16.7,16.7
17.62,17.62
19.05,19.05
20.71,20.71
22.35,22.35
22.97,22.97
22.58,22.58
21.7,21.7
20.8,20.8
20.93,20.93
22.3,22.3
24.65,24.65
27.23,27.23
29.27,29.27
30.3,30.3
29.81,29.81
28.32,28.32
26.84,26.84
25.87,25.87
25.91,25.91
26.94,26.94
28.7,28.7
30.2,30.2
30.68,30.68
30.4,30.4
28.87,28.87
27.09,27.09
25.84,25.84
25.58,25.58
27.08,27.08
29.55,29.55
32.26,32.26
34.18,34.18
34.83,34.83
34.46,34.46
33.34,33.34
32.48,32.48
32.13,32.13
31.77,31.77
31.41,31.41
31.05,31.05
30.44,30.44
29.83,29.83
28.72,28.72
27.11,27.11
25.27,25.27
23.94,23.94
23.36,23.36
24.04,24.04
24.71,24.71
24.62,24.62
23.52,23.52
21.69,21.69
19.62,19.62
18.3,18.3
17.51,17.51
17.72,17.72
18.41,18.41
19.36,19.36
19.79,19.79
19.71,19.71
19.38,19.38
19.05,19.05
18.98,18.98
19.4,19.4
19.56,19.56
18.47,18.47
16.38,16.38
13.82,13.82
11.27,11.27
9.99,9.99
9.73,9.73
9.96,9.96
10.45,10.45
10.43,10.43
9.9,9.9
9.63,9.63
9.36,9.36
9.59,9.59
10.32,10.32
11.04,11.04
11.75,11.75
11.45,11.45
10.4,10.4
8.61,8.61
6.84,6.84
6.33,6.33
7.32,7.32
9.31,9.31
11.27,11.27
11.97,11.97
11.16,11.16
8.6,8.6
5.57,5.57
2.81,2.81
1.07,1.07
-0.14,-0.14
-1.1,-1.1
-1.79,-1.79
-2.99,-2.99
-3.67,-3.67
-3.84,-3.84
-3.76,-3.76
-3.43,-3.43
-3.85,-3.85
-4.77,-4.77
-6.68,-6.68
-8.82,-8.82
-10.94,-10.94
-12.54,-12.54
-13.37,-13.37
-13.7,-13.7
-13.27,-13.27
-12.59,-12.59
-12.41,-12.41
-12.98,-12.98
-14.55,-14.55
-16.35,-16.35
-17.63,-17.63
-18.4,-18.4
-18.41,-18.41
-18.41,-18.41
-18.41,-18.41
-18.91,-18.91
-19.9,-19.9
-21.38,-21.38
-23.59,-23.59
-25.78,-25.78
-27.95,-27.95
-30.09,-30.09
-32.21,-32.21
-34.05,-34.05
-35.87,-35.87
-37.17,-37.17
-37.95,-37.95
-38.47,-38.47
-39.22,-39.22
-40.22,-40.22
-41.45,-41.45
-42.41,-42.41
-42.86,-42.86
-42.54,-42.54
-41.23,-41.23
-39.17,-39.17
-36.62,-36.62
-34.84,-34.84
-33.07,-33.07
-31.56,-31.56
-29.81,-29.81
-28.07,-28.07
-26.34,-26.34
-25.13,-25.13
-23.92,-23.92
-22.47,-22.47
-21.28,-21.28
-20.1,-20.1
-19.42,-19.42
-18.25,-18.25
-16.09,-16.09
-13.19,-13.19
-10.07,-10.07
-6.98,-6.98
-4.91,-4.91
-3.11,-3.11
-1.83,-1.83
-1.3,-1.3
-1.04,-1.04
-2.27,-2.27
-4.74,-4.74
-8.19,-8.19
-11.11,-11.11
-12.25,-12.25
-11.38,-11.38
-9.01,-9.01
-4.66,-4.66
1.15,1.15
7.15,7.15
12.1,12.1
15.0,15.0
15.37,15.37
13.74,13.74
10.62,10.62
8.28,8.28
8.46,8.46
12.88,12.88
21.76,21.76
31.81,31.81
39.26,39.26
42.39,42.39
42.73,42.73
43.06,43.06
45.63,45.63
49.68,49.68
53.68,53.68
55.63,55.63
54.56,54.56
51.48,51.48
47.68,47.68
44.16,44.16
41.16,41.16
37.69,37.69
32.98,32.98
27.32,27.32
20.96,20.96
15.4,15.4
10.63,10.63
7.41,7.41
4.97,4.97
3.3,3.3
1.4,1.4
-0.99,-0.99
-3.61,-3.61
-6.45,-6.45
-9.51,-9.51
-12.05,-12.05
-15.06,-15.06
-17.79,-17.79
-20.74,-20.74
-24.17,-24.17
-27.3,-27.3
-30.41,-30.41
-33.48,-33.48
-36.27,-36.27
-39.28,-39.28
-42.5,-42.5
-45.2,-45.2
-47.85,-47.85
-50.23,-50.23
-52.57,-52.57
-55.14,-55.14
-58.43,-58.43
-61.43,-61.43
-63.88,-63.88
-65.56,-65.56
-65.96,-65.96
-65.86,-65.86
-65.23,-65.23
-64.61,-64.61
-63.73,-63.73
-63.1,-63.1
-62.22,-62.22
-61.59,-61.59
-61.2,-61.2
-61.05,-61.05
-61.15,-61.15
-61.24,-61.24
-61.57,-61.57
-61.63,-61.63
-60.44,-60.44
-58.49,-58.49
-56.06,-56.06
-53.39,-53.39
-51.24,-51.24
-48.59,-48.59
-46.22,-46.22
-44.11,-44.11
-42.51,-42.51
-41.17,-41.17
-39.84,-39.84
-37.76,-37.76
-34.7,-34.7
-31.4,-31.4
-28.14,-28.14
-25.65,-25.65
-23.18,-23.18
-21.22,-21.22
-19.04,-19.04
-17.36,-17.36
-15.96,-15.96
-15.31,-15.31
-14.91,-14.91
-14.77,-14.77
-13.63,-13.63
-12.24,-12.24
-10.87,-10.87
-9.25,-9.25
-8.15,-8.15
-7.31,-7.31
-6.98,-6.98
-6.89,-6.89
-6.81,-6.81
-5.98,-5.98
-4.65,-4.65
-2.83,-2.83
-0.79,-0.79
1.5,1.5
3.76,3.76
6.24,6.24
8.71,8.71
10.65,10.65
11.57,11.57
11.98,11.98
12.64,12.64
14.29,14.29
17.42,17.42
21.02,21.02
23.58,23.58
24.62,24.62
24.64,24.64
24.41,24.41
24.93,24.93
26.69,26.69
29.68,29.68
32.63,32.63
35.56,35.56
37.7,37.7
38.82,38.82
39.67,39.67
40.01,40.01
40.59,40.59
41.41,41.41
42.96,42.96
44.74,44.74
46.76,46.76
48.49,48.49
49.7,49.7
50.14,50.14
50.08,50.08
49.5,49.5
48.42,48.42
45.34,45.34
38.79,38.79
28.04,28.04
14.88,14.88
2.09,2.09
-7.58,-7.58
-12.66,-12.66
-13.44,-13.44
-11.22,-11.22
-7.51,-7.51
-3.09,-3.09
1.05,1.05
4.65,4.65
7.46,7.46
8.99,8.99
10.02,10.02
11.27,11.27
13.52,13.52
16.99,16.99
20.68,20.68
24.09,24.09
27.2,27.2
29.54,29.54
31.09,31.09
32.14,32.14
32.66,32.66
32.93,32.93
34.19,34.19
36.68,36.68
40.15,40.15
43.82,43.82
46.96,46.96
49.05,49.05
50.38,50.38
51.69,51.69
52.97,52.97
54.48,54.48
55.48,55.48
55.7,55.7
54.91,54.91
53.88,53.88
53.34,53.34
54.05,54.05
55.26,55.26
55.93,55.93
55.59,55.59
54.5,54.5
53.16,53.16
52.33,52.33
51.74,51.74
51.15,51.15
50.05,50.05
48.72,48.72
47.13,47.13
45.8,45.8
44.98,44.98
44.66,44.66
44.84,44.84
45.26,45.26
45.16,45.16
44.56,44.56
43.46,43.46
41.87,41.87
40.27,40.27
38.7,38.7
37.37,37.37
35.8,35.8
34.5,34.5
33.45,33.45
32.4,32.4
31.36,31.36
30.07,30.07
28.8,28.8
27.27,27.27
26.01,26.01
24.51,24.51
22.76,22.76
20.78,20.78
19.06,19.06
18.11,18.11
17.91,17.91
17.71,17.71
16.76,16.76
14.82,14.82
12.39,12.39
9.73,9.73
8.1,8.1
7.47,7.47
7.86,7.86
8.99,8.99
10.6,10.6
11.7,11.7
11.29,11.29
9.38,9.38
6.24,6.24
2.87,2.87
0.29,0.29
-1.02,-1.02
-1.57,-1.57
-1.37,-1.37
-0.66,-0.66
0.28,0.28
0.97,0.97
1.9,1.9
2.58,2.58
2.99,2.99
2.66,2.66
1.57,1.57
0.5,0.5
-0.07,-0.07
-0.13,-0.13
-0.44,-0.44
-0.99,-0.99
-3.04,-3.04
-5.83,-5.83
-8.33,-8.33
-10.31,-10.31
-11.03,-11.03
-11.23,-11.23
-11.68,-11.68
-12.88,-12.88
-14.3,-14.3
-15.72,-15.72
-17.12,-17.12
-17.76,-17.76
-17.89,-17.89
-17.76,-17.76
-17.13,-17.13
-16.75,-16.75
-16.63,-16.63
-16.75,-16.75
-17.37,-17.37
-17.74,-17.74
-18.34,-18.34
-18.69,-18.69
-19.04,-19.04
-19.37,-19.37
-20.2,-20.2
-21.52,-21.52
-23.08,-23.08
-24.86,-24.86
-26.12,-26.12
-27.12,-27.12
-27.87,-27.87
-27.84,-27.84
-27.31,-27.31
-26.04,-26.04
-24.02,-24.02
-21.77,-21.77
-20.78,-20.78
-21.05,-21.05
-23.06,-23.06
-25.55,-25.55
-28.02,-28.02
-30.2,-30.2
-32.62,-32.62
-34.76,-34.76
-37.12,-37.12
-38.7,-38.7
-39.52,-39.52
-40.32,-40.32
-40.86,-40.86
-41.63,-41.63
-42.15,-42.15
-42.4,-42.4
-42.14,-42.14
-41.38,-41.38
-40.37,-40.37
-39.61,-39.61
-39.36,-39.36
-39.84,-39.84
-40.83,-40.83
-42.29,-42.29
-43.48,-43.48
-44.16,-44.16
-43.58,-43.58
-41.99,-41.99
-39.91,-39.91
-37.6,-37.6
-36.3,-36.3
-35.76,-35.76
-35.71,-35.71
-35.41,-35.41
-33.86,-33.86
-30.82,-30.82
-26.55,-26.55
-22.81,-22.81
-20.61,-20.61
-20.67,-20.67
-22.23,-22.23
-23.77,-23.77
-25.05,-25.05
-25.3,-25.3
-25.55,-25.55
-25.8,-25.8
-26.3,-26.3
-26.27,-26.27
-25.75,-25.75
-24.98,-24.98
-24.46,-24.46
-24.45,-24.45
-24.93,-24.93
-25.65,-25.65
-26.86,-26.86
-27.8,-27.8
-27.98,-27.98
-27.16,-27.16
-25.84,-25.84
-24.78,-24.78
-24.23,-24.23
-24.42,-24.42
-24.87,-24.87
-24.8,-24.8
-23.73,-23.73
-22.41,-22.41
-21.11,-21.11
-20.56,-20.56
-20.77,-20.77
-20.71,-20.71
-20.41,-20.41
-19.36,-19.36
-17.81,-17.81
-15.77,-15.77
-14.26,-14.26
-13.0,-13.0
-13.0,-13.0
-13.5,-13.5
-13.5,-13.5
-13.24,-13.24
-12.73,-12.73
-12.98,-12.98
-13.72,-13.72
-15.45,-15.45
-17.16,-17.16
-18.36,-18.36
-18.79,-18.79
-18.22,-18.22
-17.39,-17.39
-17.08,-17.08
-17.26,-17.26
-17.94,-17.94
-18.61,-18.61
-19.52,-19.52
-20.16,-20.16
-20.55,-20.55
-20.69,-20.69
-20.07,-20.07
-19.2,-19.2
-17.84,-17.84
-15.98,-15.98
-14.4,-14.4
-12.57,-12.57
-11.26,-11.26
-9.95,-9.95
-8.91,-8.91
-8.88,-8.88
-9.35,-9.35
-10.56,-10.56
-12.01,-12.01
-12.19,-12.19
-11.37,-11.37
-9.3,-9.3
-7.26,-7.26
-5.73,-5.73
-4.96,-4.96
-4.7,-4.7
-4.69,-4.69
-5.18,-5.18
-5.66,-5.66
-6.39,-6.39
-6.37,-6.37
-5.34,-5.34
-3.07,-3.07
-0.32,-0.32
2.41,2.41
4.36,4.36
4.79,4.79
4.46,4.46
4.14,4.14
4.07,4.07
3.75,3.75
3.18,3.18
2.37,2.37
2.82,2.82
4.76,4.76
7.68,7.68
10.57,10.57
12.44,12.44
13.54,13.54
14.12,14.12
14.45,14.45
14.52,14.52
14.84,14.84
14.91,14.91
14.22,14.22
13.28,13.28
11.86,11.86
10.44,10.44
9.28,9.28
8.14,8.14
7.0,7.0
5.62,5.62
4.01,4.01
1.91,1.91
-1.18,-1.18
-4.73,-4.73
-8.0,-8.0
-10.74,-10.74
-11.96,-11.96
-11.91,-11.91
-11.1,-11.1
-10.56,-10.56
-11.27,-11.27
-13.22,-13.22
-16.15,-16.15
-18.8,-18.8
-20.42,-20.42
-21.53,-21.53
-22.87,-22.87
-25.2,-25.2
-28.5,-28.5
-31.77,-31.77
-33.75,-33.75
-33.71,-33.71
-31.17,-31.17
-27.39,-27.39
-23.39,-23.39
-20.68,-20.68
-19.49,-19.49
-19.3,-19.3
-20.37,-20.37
-21.67,-21.67
-22.96,-22.96
-23.98,-23.98
-24.24,-24.24
-23.99,-23.99
-23.25,-23.25
-21.5,-21.5
-19.52,-19.52
-17.05,-17.05
-15.1,-15.1
-13.17,-13.17
-10.75,-10.75
-8.36,-8.36
-5.48,-5.48
-2.63,-2.63
-0.31,-0.31
1.74,1.74
3.03,3.03
4.3,4.3
6.06,6.06
8.05,8.05
10.02,10.02
11.98,11.98
14.16,14.16
16.33,16.33
18.71,18.71
20.83,20.83
23.42,23.42
25.98,25.98
28.52,28.52
30.04,30.04
30.28,30.28
29.77,29.77
29.25,29.25
29.23,29.23
30.47,30.47
32.43,32.43
34.63,34.63
36.04,36.04
36.69,36.69
37.58,37.58
38.45,38.45
39.31,39.31
40.16,40.16
40.24,40.24
39.82,39.82
38.64,38.64
38.22,38.22
38.3,38.3
39.37,39.37
40.92,40.92
42.2,42.2
43.47,43.47
44.22,44.22
44.2,44.2
43.43,43.43
41.9,41.9
39.89,39.89
37.64,37.64
35.16,35.16
33.19,33.19
31.97,31.97
31.53,31.53
32.33,32.33
34.36,34.36
36.88,36.88
39.36,39.36
40.81,40.81
40.75,40.75
39.42,39.42
37.86,37.86
36.31,36.31
35.52,35.52
35.22,35.22
35.67,35.67
36.63,36.63
37.55,37.55
38.22,38.22
37.61,37.61
35.77,35.77
33.19,33.19
31.11,31.11
29.31,29.31
28.53,28.53
28.73,28.73
29.69,29.69
30.64,30.64
31.31,31.31
31.48,31.48
31.64,31.64
31.8,31.8
31.95,31.95
32.84,32.84
33.97,33.97
35.84,35.84
37.94,37.94
40.0,40.0
41.8,41.8
42.31,42.31
41.83,41.83
40.33,40.33
37.84,37.84
35.13,35.13
32.68,32.68
30.49,30.49
29.33,29.33
29.92,29.92
32.0,32.0
34.8,34.8
36.83,36.83
37.59,37.59
36.82,36.82
35.31,35.31
34.06,34.06
33.31,33.31
32.82,32.82
32.33,32.33
32.09,32.09
31.84,31.84
31.59,31.59
31.59,31.59
31.58,31.58
30.82,30.82
30.31,30.31
30.05,30.05
30.54,30.54
31.02,31.02
30.99,30.99
29.7,29.7
27.18,27.18
23.92,23.92
20.19,20.19
16.99,16.99
14.57,14.57
12.91,12.91
12.02,12.02
11.39,11.39
10.76,10.76
9.63,9.63
7.77,7.77
4.91,4.91
1.09,1.09
-2.7,-2.7
-5.96,-5.96
-8.44,-8.44
-10.39,-10.39
-12.32,-12.32
-14.73,-14.73
-17.62,-17.62
-19.73,-19.73
-20.82,-20.82
-20.39,-20.39
-19.47,-19.47
-18.8,-18.8
-19.88,-19.88
-22.45,-22.45
-26.0,-26.0
-29.51,-29.51
-31.98,-31.98
-33.67,-33.67
-33.59,-33.59
-32.01,-32.01
-28.69,-28.69
-23.89,-23.89
-18.89,-18.89
-14.43,-14.43
-11.25,-11.25
-10.11,-10.11
-10.97,-10.97
-13.07,-13.07
-15.9,-15.9
-18.71,-18.71
-20.23,-20.23
-19.74,-19.74
-17.5,-17.5
-13.78,-13.78
-10.84,-10.84
-8.92,-8.92
-8.52,-8.52
-9.13,-9.13
-9.72,-9.72
-10.31,-10.31
-11.14,-11.14
-11.96,-11.96
-12.28,-12.28
-12.34,-12.34
-11.14,-11.14
-8.96,-8.96
-6.04,-6.04
-3.15,-3.15
-1.54,-1.54
-1.69,-1.69
-3.09,-3.09
-5.22,-5.22
-6.59,-6.59
-6.69,-6.69
-5.54,-5.54
-4.15,-4.15
-3.27,-3.27
-3.65,-3.65
-5.03,-5.03
-7.14,-7.14
-8.48,-8.48
-7.81,-7.81
-5.14,-5.14
-2.0,-2.0
0.12,0.12
-0.03,-0.03
-1.69,-1.69
-3.83,-3.83
-4.94,-4.94
-4.55,-4.55
-2.91,-2.91
-1.03,-1.03
-0.17,-0.17
-0.32,-0.32
-1.22,-1.22
-1.86,-1.86
-2.49,-2.49
-2.87,-2.87
-3.49,-3.49
-4.61,-4.61
-6.21,-6.21
-7.8,-7.8
-9.13,-9.13
-10.19,-10.19
-10.98,-10.98
-12.53,-12.53
-14.3,-14.3
-16.55,-16.55
-18.79,-18.79
-20.5,-20.5
-21.69,-21.69
-22.12,-22.12
-22.54,-22.54
-23.2,-23.2
-23.35,-23.35
-24.0,-24.0
-24.89,-24.89
-26.27,-26.27
-28.12,-28.12
-29.71,-29.71
-30.54,-30.54
-30.34,-30.34
-28.4,-28.4
-25.96,-25.96
-23.8,-23.8
-22.91,-22.91
-23.51,-23.51
-24.86,-24.86
-25.94,-25.94
-25.76,-25.76
-23.58,-23.58
-20.41,-20.41
-17.02,-17.02
-13.66,-13.66
-10.57,-10.57
-7.26,-7.26
-3.98,-3.98
-0.73,-0.73
1.73,1.73
2.18,2.18
1.12,1.12
0.08,0.08
-0.71,-0.71
-0.24,-0.24
0.22,0.22
0.43,0.43
-0.61,-0.61
-3.14,-3.14
-6.9,-6.9
-11.37,-11.37
-16.05,-16.05
-20.94,-20.94
-25.27,-25.27
-29.07,-29.07
-32.82,-32.82
-36.54,-36.54
-39.96,-39.96
-42.36,-42.36
-43.96,-43.96
-44.55,-44.55
-43.63,-43.63
-41.21,-41.21
-37.3,-37.3
-33.18,-33.18
-29.84,-29.84
-28.27,-28.27
-28.21,-28.21
-28.41,-28.41
-28.09,-28.09
-26.77,-26.77
-24.96,-24.96
-22.67,-22.67
-20.39,-20.39
-18.37,-18.37
-16.38,-16.38
-14.9,-14.9
-13.93,-13.93
-13.22,-13.22
-12.76,-12.76
-11.8,-11.8
-10.61,-10.61
-8.17,-8.17
-4.5,-4.5
-0.61,-0.61
2.98,2.98
5.3,5.3
6.35,6.35
7.13,7.13
7.91,7.91
8.93,8.93
9.68,9.68
10.43,10.43
11.67,11.67
13.15,13.15
14.86,14.86
15.8,15.8
15.73,15.73
14.42,14.42
12.61,12.61
11.56,11.56
11.53,11.53
13.24,13.24
15.68,15.68
18.1,18.1
19.5,19.5
19.62,19.62
18.75,18.75
17.13,17.13
16.02,16.02
15.42,15.42
15.57,15.57
15.72,15.72
15.62,15.62
15.26,15.26
14.41,14.41
14.06,14.06
13.96,13.96
14.36,14.36
14.51,14.51
14.15,14.15
14.04,14.04
14.43,14.43
15.57,15.57
17.19,17.19
18.29,18.29
18.64,18.64
18.22,18.22
17.56,17.56
16.9,16.9
16.25,16.25
15.34,15.34
15.2,15.2
15.8,15.8
16.9,16.9
17.48,17.48
17.3,17.3
16.38,16.38
15.46,15.46
14.54,14.54
13.38,13.38
11.73,11.73
9.85,9.85
8.22,8.22
7.62,7.62
7.52,7.52
7.91,7.91
7.8,7.8
7.45,7.45
6.59,6.59
5.74,5.74
5.4,5.4
6.06,6.06
7.46,7.46
8.85,8.85
10.48,10.48
11.34,11.34
11.43,11.43
10.78,10.78
9.38,9.38
7.5,7.5
5.37,5.37
2.52,2.52
-0.81,-0.81
-3.86,-3.86
-5.62,-5.62
-6.12,-6.12
-4.87,-4.87
-2.88,-2.88
-0.65,-0.65
1.05,1.05
1.49,1.49
1.18,1.18
0.37,0.37
-0.44,-0.44
-1.23,-1.23
-1.02,-1.02
-0.32,-0.32
0.64,0.64
1.08,1.08
0.52,0.52
-0.54,-0.54
-2.34,-2.34
-4.36,-4.36
-5.87,-5.87
-5.62,-5.62
-3.87,-3.87
-1.13,-1.13
1.09,1.09
1.28,1.28
-0.03,-0.03
-2.33,-2.33
-4.61,-4.61
-6.36,-6.36
-7.6,-7.6
-8.57,-8.57
-9.04,-9.04
-9.5,-9.5
-9.7,-9.7
-9.9,-9.9
-10.1,-10.1
-10.05,-10.05
-9.49,-9.49
-8.68,-8.68
-7.39,-7.39
-5.85,-5.85
-4.08,-4.08
-2.82,-2.82
-2.82,-2.82
-3.32,-3.32
-2.82,-2.82
-1.07,-1.07
2.41,2.41
6.86,6.86
11.27,11.27
14.63,14.63
17.22,17.22
18.78,18.78
20.07,20.07
21.59,21.59
23.1,23.1
24.09,24.09
24.07,24.07
23.29,23.29
21.52,21.52
19.27,19.27
17.27,17.27
15.8,15.8
14.84,14.84
13.88,13.88
12.18,12.18
9.49,9.49
5.82,5.82
1.44,1.44
-2.9,-2.9
-6.45,-6.45
-9.22,-9.22
-10.96,-10.96
-12.18,-12.18
-14.14,-14.14
-16.59,-16.59
-20.0,-20.0
-23.63,-23.63
-26.73,-26.73
-29.54,-29.54
-31.82,-31.82
-33.58,-33.58
-34.32,-34.32
-34.54,-34.54
-35.01,-35.01
-35.96,-35.96
-37.41,-37.41
-38.83,-38.83
-39.99,-39.99
-40.63,-40.63
-40.75,-40.75
-40.63,-40.63
-40.74,-40.74
-41.09,-41.09
-41.94,-41.94
-42.28,-42.28
-41.85,-41.85
-39.92,-39.92
-36.0,-36.0
-31.62,-31.62
-27.77,-27.77
-25.45,-25.45
-24.89,-24.89
-25.59,-25.59
-27.03,-27.03
-27.95,-27.95
-28.36,-28.36
-27.51,-27.51
-26.67,-26.67
-25.82,-25.82
-25.98,-25.98
-27.14,-27.14
-28.53,-28.53
-29.91,-29.91
-30.27,-30.27
-29.36,-29.36
-27.72,-27.72
-25.33,-25.33
-23.21,-23.21
-21.61,-21.61
-20.77,-20.77
-20.43,-20.43
-20.35,-20.35
-19.76,-19.76
-18.43,-18.43
-16.85,-16.85
-15.28,-15.28
-14.48,-14.48
-14.93,-14.93
-16.13,-16.13
-17.06,-17.06
-16.73,-16.73
-14.4,-14.4
-10.59,-10.59
-6.32,-6.32
-3.08,-3.08
-0.62,-0.62
0.31,0.31
0.24,0.24
-0.83,-0.83
-2.39,-2.39
-4.44,-4.44
-6.22,-6.22
-7.48,-7.48
-7.72,-7.72
-7.22,-7.22
-6.22,-6.22
-5.97,-5.97
-6.98,-6.98
-8.98,-8.98
-10.96,-10.96
-12.91,-12.91
-14.35,-14.35
-15.78,-15.78
-17.18,-17.18
-17.57,-17.57
-17.46,-17.46
-17.09,-17.09
-17.48,-17.48
-18.36,-18.36
-19.73,-19.73
-21.08,-21.08
-21.92,-21.92
-22.49,-22.49
-22.31,-22.31
-21.37,-21.37
-19.95,-19.95
-18.28,-18.28
-16.62,-16.62
-15.48,-15.48
-14.09,-14.09
-12.97,-12.97
-11.6,-11.6
-10.74,-10.74
-10.39,-10.39
-10.29,-10.29
-10.2,-10.2
-9.6,-9.6
-8.5,-8.5
-6.66,-6.66
-4.34,-4.34
-2.04,-2.04
-0.01,-0.01
1.5,1.5
3.0,3.0
4.23,4.23
5.2,5.2
6.41,6.41
7.36,7.36
9.05,9.05
11.48,11.48
14.38,14.38
17.5,17.5
20.59,20.59
23.39,23.39
25.18,25.18
26.18,26.18
26.93,26.93
28.66,28.66
31.63,31.63
35.56,35.56
39.95,39.95
44.05,44.05
47.35,47.35
49.86,49.86
51.59,51.59
53.05,53.05
54.24,54.24
55.41,55.41
56.31,56.31
57.7,57.7
59.56,59.56
62.15,62.15
64.7,64.7
66.47,66.47
67.46,67.46
66.94,66.94
65.66,65.66
64.38,64.38
63.6,63.6
63.57,63.57
64.28,64.28
65.23,65.23
66.66,66.66
67.31,67.31
67.7,67.7
67.32,67.32
66.44,66.44
65.55,65.55
64.91,64.91
64.27,64.27
63.38,63.38
62.23,62.23
60.84,60.84
59.95,59.95
58.55,58.55
56.91,56.91
54.78,54.78
52.16,52.16
49.8,49.8
47.96,47.96
46.63,46.63
46.05,46.05
45.73,45.73
45.64,45.64
45.55,45.55
45.46,45.46
45.11,45.11
44.25,44.25
43.15,43.15
42.05,42.05
40.96,40.96
39.86,39.86
38.53,38.53
37.2,37.2
35.37,35.37
33.8,33.8
32.5,32.5
31.7,31.7
31.66,31.66
31.61,31.61
32.05,32.05
31.99,31.99
31.18,31.18
30.11,30.11
28.8,28.8
27.75,27.75
27.45,27.45
26.66,26.66
24.86,24.86
22.33,22.33
19.32,19.32
16.58,16.58
14.62,14.62
13.67,13.67
13.22,13.22
12.78,12.78
12.34,12.34
11.66,11.66
10.48,10.48
9.05,9.05
7.64,7.64
5.99,5.99
4.61,4.61
3.24,3.24
1.62,1.62
-0.22,-0.22
-1.55,-1.55
-2.37,-2.37
-1.93,-1.93
-1.24,-1.24
-0.31,-0.31
-0.14,-0.14
-0.97,-0.97
-2.29,-2.29
-3.85,-3.85
-5.39,-5.39
-6.92,-6.92
-8.19,-8.19
-9.44,-9.44
-10.43,-10.43
-11.41,-11.41
-11.63,-11.63
-11.59,-11.59
-11.3,-11.3
-11.26,-11.26
-11.73,-11.73
-12.68,-12.68
-13.88,-13.88
-14.81,-14.81
-15.48,-15.48
-15.89,-15.89
-16.3,-16.3
-16.7,-16.7
-17.34,-17.34
-18.23,-18.23
-19.61,-19.61
-20.72,-20.72
-21.56,-21.56
-21.65,-21.65
-20.98,-20.98
-20.06,-20.06
-19.91,-19.91
-20.24,-20.24
-20.82,-20.82
-21.65,-21.65
-22.46,-22.46
-23.51,-23.51
-25.3,-25.3
-26.82,-26.82
-28.07,-28.07
-28.8,-28.8
-29.02,-29.02
-28.49,-28.49
-27.71,-27.71
-27.68,-27.68
-28.4,-28.4
-29.86,-29.86
-31.05,-31.05
-31.47,-31.47
-31.13,-31.13
-30.3,-30.3
-29.46,-29.46
-28.62,-28.62
-28.3,-28.3
-28.97,-28.97
-29.63,-29.63
-30.78,-30.78
-31.16,-31.16
-30.29,-30.29
-28.92,-28.92
-26.81,-26.81
-25.21,-25.21
-24.37,-24.37
-24.55,-24.55
-25.7,-25.7
-27.1,-27.1
-28.98,-28.98
-30.34,-30.34
-31.19,-31.19
-31.52,-31.52
-31.84,-31.84
-32.41,-32.41
-33.46,-33.46
-34.5,-34.5
-35.78,-35.78
-36.53,-36.53
-37.28,-37.28
-37.77,-37.77
-37.98,-37.98
-38.45,-38.45
-38.66,-38.66
-38.36,-38.36
-37.05,-37.05
-35.5,-35.5
-34.2,-34.2
-33.92,-33.92
-34.89,-34.89
-36.59,-36.59
-38.77,-38.77
-40.67,-40.67
-41.8,-41.8
-42.16,-42.16
-41.77,-41.77
-41.11,-41.11
-40.97,-40.97
-41.31,-41.31
-41.89,-41.89
-42.47,-42.47
-43.03,-43.03
-43.33,-43.33
-43.38,-43.38
-42.91,-42.91
-41.94,-41.94
-40.97,-40.97
-40.77,-40.77
-41.3,-41.3
-42.57,-42.57
-43.57,-43.57
-44.06,-44.06
-44.04,-44.04
-43.51,-43.51
-42.23,-42.23
-40.2,-40.2
-37.94,-37.94
-35.69,-35.69
-34.2,-34.2
-33.98,-33.98
-34.5,-34.5
-35.27,-35.27
-35.52,-35.52
-35.01,-35.01
-33.5,-33.5
-31.5,-31.5
-29.26,-29.26
-27.29,-27.29
-25.84,-25.84
-25.14,-25.14
-24.95,-24.95
-24.99,-24.99
-25.3,-25.3
-25.09,-25.09
-24.87,-24.87
-24.41,-24.41
-24.45,-24.45
-24.74,-24.74
-25.27,-25.27
-25.29,-25.29
-24.05,-24.05
-22.08,-22.08
-19.62,-19.62
-17.43,-17.43
-16.0,-16.0
-15.09,-15.09
-14.43,-14.43
-13.78,-13.78
-13.63,-13.63
-13.48,-13.48
-13.33,-13.33
-13.17,-13.17
-13.02,-13.02
-12.87,-12.87
-12.96,-12.96
-13.06,-13.06
-13.4,-13.4
-13.48,-13.48
-13.57,-13.57
-13.89,-13.89
-13.72,-13.72
-13.79,-13.79
-13.36,-13.36
-12.94,-12.94
-12.51,-12.51
-12.09,-12.09
-11.42,-11.42
-10.0,-10.0
-8.35,-8.35
-6.71,-6.71
-5.08,-5.08
-3.97,-3.97
-3.61,-3.61
-4.01,-4.01
-4.41,-4.41
-5.05,-5.05
-5.18,-5.18
-4.56,-4.56
-3.7,-3.7
-2.1,-2.1
-0.75,-0.75
-0.43,-0.43
-1.1,-1.1
-2.02,-2.02
-2.43,-2.43
-2.08,-2.08
-0.49,-0.49
1.34,1.34
3.65,3.65
5.44,5.44
6.71,6.71
7.47,7.47
6.72,6.72
4.98,4.98
2.5,2.5
0.55,0.55
0.11,0.11
1.18,1.18
3.98,3.98
7.27,7.27
9.77,9.77
10.99,10.99
10.95,10.95
10.41,10.41
9.38,9.38
9.1,9.1
9.07,9.07
10.05,10.05
11.26,11.26
12.46,12.46
13.64,13.64
15.07,15.07
16.97,16.97
18.11,18.11
18.49,18.49
17.61,17.61
15.98,15.98
14.62,14.62
14.26,14.26
14.66,14.66
15.3,15.3
15.94,15.94
16.31,16.31
16.43,16.43
16.3,16.3
16.41,16.41
16.77,16.77
17.13,17.13
17.48,17.48
17.33,17.33
17.17,17.17
16.51,16.51
15.85,15.85
15.2,15.2
14.8,14.8
13.91,13.91
12.27,12.27
10.39,10.39
9.03,9.03
8.43,8.43
8.84,8.84
9.73,9.73
10.38,10.38
10.0,10.0
9.39,9.39
8.52,8.52
8.17,8.17
7.81,7.81
7.21,7.21
6.87,6.87
6.52,6.52
6.68,6.68
6.84,6.84
6.48,6.48
5.14,5.14
3.3,3.3
1.98,1.98
2.68,2.68
5.62,5.62
9.53,9.53
12.9,12.9
14.48,14.48
14.31,14.31
13.14,13.14
12.22,12.22
11.8,11.8
12.64,12.64
13.97,13.97
15.3,15.3
15.59,15.59
15.39,15.39
14.44,14.44
13.73,13.73
13.55,13.55
14.09,14.09
14.89,14.89
15.44,15.44
16.47,16.47
18.48,18.48
21.23,21.23
23.95,23.95
25.66,25.66
25.58,25.58
24.25,24.25
21.92,21.92
19.37,19.37
17.34,17.34
16.31,16.31
16.81,16.81
18.05,18.05
19.77,19.77
21.2,21.2
22.14,22.14
22.81,22.81
23.47,23.47
23.87,23.87
24.27,24.27
24.16,24.16
23.55,23.55
22.69,22.69
22.83,22.83
23.47,23.47
25.09,25.09
26.7,26.7
28.28,28.28
29.36,29.36
30.42,30.42
31.7,31.7
33.23,33.23
34.98,34.98
36.23,36.23
36.2,36.2
35.16,35.16
33.88,33.88
32.86,32.86
32.33,32.33
32.31,32.31
32.28,32.28
32.0,32.0
31.72,31.72
31.94,31.94
33.14,33.14
34.84,34.84
36.02,36.02
36.67,36.67
36.31,36.31
35.95,35.95
35.84,35.84
35.97,35.97
36.36,36.36
36.97,36.97
37.58,37.58
38.17,38.17
38.52,38.52
38.09,38.09
37.67,37.67
36.98,36.98
36.56,36.56
36.64,36.64
36.7,36.7
36.77,36.77
36.81,36.81
36.11,36.11
35.16,35.16
33.95,33.95
33.52,33.52
33.83,33.83
34.63,34.63
34.66,34.66
33.44,33.44
31.23,31.23
29.03,29.03
27.59,27.59
27.67,27.67
29.0,29.0
30.3,30.3
30.59,30.59
30.12,30.12
28.91,28.91
27.94,27.94
27.48,27.48
27.53,27.53
27.06,27.06
25.86,25.86
24.39,24.39
22.95,22.95
22.02,22.02
21.59,21.59
20.66,20.66
19.48,19.48
17.81,17.81
16.92,16.92
16.77,16.77
17.12,17.12
17.46,17.46
17.8,17.8
17.88,17.88
17.71,17.71
17.55,17.55
17.62,17.62
17.7,17.7
17.77,17.77
17.34,17.34
16.66,16.66
15.48,15.48
13.8,13.8
11.9,11.9
10.26,10.26
9.13,9.13
8.77,8.77
8.65,8.65
8.28,8.28
7.92,7.92
7.3,7.3
6.45,6.45
5.6,5.6
4.76,4.76
4.42,4.42
4.59,4.59
4.5,4.5
4.16,4.16
3.08,3.08
2.51,2.51
2.19,2.19
2.62,2.62
3.3,3.3
3.72,3.72
3.89,3.89
4.05,4.05
3.71,3.71
3.38,3.38
3.3,3.3
2.97,2.97
2.89,2.89
2.31,2.31
1.49,1.49
0.92,0.92
0.36,0.36
0.05,0.05
-0.25,-0.25
-0.55,-0.55
-1.35,-1.35
-2.39,-2.39
-3.92,-3.92
-5.68,-5.68
-7.43,-7.43
-8.66,-8.66
-9.13,-9.13
-9.1,-9.1
-9.06,-9.06
-9.52,-9.52
-10.48,-10.48
-11.17,-11.17
-11.36,-11.36
-11.29,-11.29
-10.48,-10.48
-9.67,-9.67
-9.36,-9.36
-9.56,-9.56
-10.5,-10.5
-11.68,-11.68
-13.1,-13.1
-14.26,-14.26
-15.4,-15.4
-16.03,-16.03
-16.65,-16.65
-16.77,-16.77
-16.62,-16.62
-15.73,-15.73
-14.35,-14.35
-12.47,-12.47
-10.36,-10.36
-9.02,-9.02
-8.44,-8.44
-8.36,-8.36
-9.28,-9.28
-10.45,-10.45
-11.85,-11.85
-13.73,-13.73
-15.6,-15.6
-17.19,-17.19
-17.78,-17.78
-17.09,-17.09
-15.17,-15.17
-13.51,-13.51
-12.86,-12.86
-13.22,-13.22
-13.82,-13.82
-13.92,-13.92
-13.26,-13.26
-12.86,-12.86
-13.2,-13.2
-14.3,-14.3
-15.63,-15.63
-16.69,-16.69
-16.5,-16.5
-15.55,-15.55
-13.86,-13.86
-12.18,-12.18
-11.27,-11.27
-11.11,-11.11
-11.45,-11.45
-12.04,-12.04
-12.37,-12.37
-11.95,-11.95
-11.02,-11.02
-9.86,-9.86
-8.95,-8.95
-8.3,-8.3
-7.91,-7.91
-7.01,-7.01
-6.12,-6.12
-5.25,-5.25
-4.87,-4.87
-5.01,-5.01
-5.13,-5.13
-5.77,-5.77
-7.13,-7.13
-8.99,-8.99
-11.33,-11.33
-13.15,-13.15
-13.95,-13.95
-13.73,-13.73
-12.77,-12.77
-11.81,-11.81
-10.87,-10.87
-10.42,-10.42
-9.98,-9.98
-10.05,-10.05
-10.36,-10.36
-11.17,-11.17
-12.22,-12.22
-13.25,-13.25
-13.28,-13.28
-13.05,-13.05
-12.33,-12.33
-11.1,-11.1
-9.39,-9.39
-7.44,-7.44
-5.51,-5.51
-4.34,-4.34
-4.19,-4.19
-5.03,-5.03
-6.37,-6.37
-7.95,-7.95
-9.01,-9.01
-10.05,-10.05
-10.59,-10.59
-10.62,-10.62
-10.4,-10.4
-9.67,-9.67
-8.71,-8.71
-7.75,-7.75
-6.55,-6.55
-5.36,-5.36
-4.67,-4.67
-4.5,-4.5
-4.58,-4.58
-5.15,-5.15
-5.97,-5.97
-6.77,-6.77
-7.58,-7.58
-8.37,-8.37
-9.16,-9.16
-9.43,-9.43
-9.7,-9.7
-9.97,-9.97
-10.23,-10.23
-10.74,-10.74
-10.74,-10.74
-10.99,-10.99
-11.24,-11.24
-11.98,-11.98
-12.72,-12.72
-13.45,-13.45
-13.91,-13.91
-13.63,-13.63
-13.34,-13.34
-13.55,-13.55
-14.27,-14.27
-15.72,-15.72
-17.64,-17.64
-19.31,-19.31
-20.7,-20.7
-21.84,-21.84
-22.7,-22.7
-23.31,-23.31
-23.16,-23.16
-22.75,-22.75
-22.84,-22.84
-22.94,-22.94
-23.52,-23.52
-23.84,-23.84
-24.17,-24.17
-24.73,-24.73
-25.28,-25.28
-26.08,-26.08
-27.11,-27.11
-28.14,-28.14
-28.89,-28.89
-29.14,-29.14
-28.87,-28.87
-28.11,-28.11
-27.11,-27.11
-25.84,-25.84
-24.61,-24.61
-23.36,-23.36
-22.89,-22.89
-22.91,-22.91
-23.17,-23.17
-23.17,-23.17
-23.19,-23.19
-23.19,-23.19
-23.19,-23.19
-23.19,-23.19
-23.42,-23.42
-23.41,-23.41
-23.14,-23.14
-22.62,-22.62
-22.36,-22.36
-22.34,-22.34
-22.56,-22.56
-22.8,-22.8
-23.02,-23.02
-22.73,-22.73
-21.94,-21.94
-20.65,-20.65
-19.62,-19.62
-18.85,-18.85
-18.59,-18.59
-18.82,-18.82
-19.3,-19.3
-19.77,-19.77
-19.99,-19.99
-19.95,-19.95
-19.91,-19.91
-20.11,-20.11
-20.06,-20.06
-20.26,-20.26
-19.7,-19.7
-19.15,-19.15
-17.84,-17.84
-16.3,-16.3
-14.77,-14.77
-13.49,-13.49
-12.98,-12.98
-12.98,-12.98
-13.21,-13.21
-13.45,-13.45
-12.93,-12.93
-11.91,-11.91
-10.16,-10.16
-8.66,-8.66
-7.68,-7.68
-7.95,-7.95
-9.23,-9.23
-11.23,-11.23
-12.73,-12.73
-13.95,-13.95
-14.16,-14.16
-13.87,-13.87
-12.57,-12.57
-10.79,-10.79
-9.02,-9.02
-7.77,-7.77
-7.77,-7.77
-8.53,-8.53
-9.52,-9.52
-9.77,-9.77
-9.0,-9.0
-7.73,-7.73
-6.48,-6.48
-5.99,-5.99
-6.26,-6.26
-7.02,-7.02
-8.02,-8.02
-8.51,-8.51
-8.24,-8.24
-7.48,-7.48
-6.73,-6.73
-6.72,-6.72
-7.72,-7.72
-8.95,-8.95
-10.43,-10.43
-11.39,-11.39
-11.59,-11.59
-11.03,-11.03
-10.48,-10.48
-10.44,-10.44
-11.14,-11.14
-12.08,-12.08
-12.51,-12.51
-12.44,-12.44
-12.11,-12.11
-12.04,-12.04
-11.97,-11.97
-11.89,-11.89
-11.57,-11.57
-11.24,-11.24
-10.91,-10.91
-10.34,-10.34
-10.02,-10.02
-9.7,-9.7
-9.39,-9.39
-8.82,-8.82
-7.76,-7.76
-6.21,-6.21
-4.92,-4.92
-3.89,-3.89
-3.62,-3.62
-3.61,-3.61
-3.09,-3.09
-2.07,-2.07
-0.57,-0.57
0.92,0.92
2.4,2.4
3.36,3.36
4.07,4.07
4.27,4.27
3.96,3.96
3.41,3.41
2.86,2.86
2.81,2.81
3.02,3.02
3.72,3.72
4.17,4.17
4.11,4.11
3.06,3.06
1.76,1.76
0.22,0.22
-1.3,-1.3
-2.56,-2.56
-3.06,-3.06
-3.3,-3.3
-3.29,-3.29
-3.53,-3.53
-4.02,-4.02
-4.75,-4.75
-4.97,-4.97
-5.19,-5.19
-4.91,-4.91
-4.63,-4.63
-4.36,-4.36
-4.08,-4.08
-4.06,-4.06
-4.28,-4.28
-4.5,-4.5
-4.47,-4.47
-4.69,-4.69
-4.66,-4.66
-4.38,-4.38
-3.6,-3.6
-2.07,-2.07
-0.31,-0.31
1.44,1.44
2.91,2.91
4.38,4.38
5.83,5.83
7.52,7.52
9.19,9.19
10.59,10.59
11.48,11.48
11.61,11.61
11.74,11.74
11.86,11.86
11.73,11.73
12.35,12.35
13.46,13.46
15.32,15.32
17.65,17.65
19.95,19.95
21.99,21.99
23.25,23.25
24.25,24.25
24.73,24.73
24.95,24.95
25.42,25.42
25.88,25.88
26.34,26.34
27.03,27.03
27.97,27.97
29.14,29.14
30.55,30.55
31.94,31.94
32.8,32.8
33.66,33.66
34.52,34.52
35.09,35.09
36.16,36.16
37.23,37.23
38.27,38.27
39.54,39.54
41.05,41.05
42.54,42.54
43.76,43.76
44.46,44.46
44.65,44.65
44.33,44.33
43.76,43.76
43.18,43.18
42.6,42.6
42.27,42.27
42.2,42.2
42.6,42.6
43.26,43.26
44.15,44.15
44.77,44.77
44.63,44.63
44.24,44.24
43.84,43.84
43.95,43.95
44.04,44.04
43.88,43.88
42.21,42.21
39.55,39.55
35.91,35.91
31.8,31.8
28.21,28.21
25.41,25.41
23.62,23.62
22.61,22.61
21.6,21.6
19.84,19.84
17.35,17.35
13.88,13.88
10.43,10.43
7.52,7.52
5.62,5.62
4.76,4.76
4.64,4.64
4.78,4.78
4.91,4.91
5.29,5.29
5.17,5.17
4.55,4.55
3.68,3.68
2.57,2.57
1.22,1.22
0.13,0.13
-0.95,-0.95
-1.02,-1.02
-0.58,-0.58
0.35,0.35
1.27,1.27
1.18,1.18
0.59,0.59
0.01,0.01
0.43,0.43
1.35,1.35
2.52,2.52
3.41,3.41
4.3,4.3
4.44,4.44
3.81,3.81
2.7,2.7
0.84,0.84
-2.24,-2.24
-6.8,-6.8
-11.82,-11.82
-16.29,-16.29
-18.97,-18.97
-19.87,-19.87
-19.0,-19.0
-18.15,-18.15
-17.8,-17.8
-17.95,-17.95
-18.09,-18.09
-17.98,-17.98
-17.86,-17.86
-17.75,-17.75
-17.89,-17.89
-18.02,-18.02
-17.64,-17.64
-16.27,-16.27
-13.66,-13.66
-9.82,-9.82
-5.27,-5.27
-0.5,-0.5
3.72,3.72
7.66,7.66
10.8,10.8
13.17,13.17
14.76,14.76
15.84,15.84
16.4,16.4
17.2,17.2
18.0,18.0
19.29,19.29
21.31,21.31
23.3,23.3
24.54,24.54
24.75,24.75
24.45,24.45
24.66,24.66
25.11,25.11
26.05,26.05
27.23,27.23
27.89,27.89
27.8,27.8
26.2,26.2
23.86,23.86
20.79,20.79
17.75,17.75
15.23,15.23
12.98,12.98
12.0,12.0
11.27,11.27
10.8,10.8
9.59,9.59
8.13,8.13
6.69,6.69
5.25,5.25
3.83,3.83
2.68,2.68
1.78,1.78
1.14,1.14
1.0,1.0
0.87,0.87
-0.01,-0.01
-2.38,-2.38
-5.98,-5.98
-9.05,-9.05
-11.34,-11.34
-12.61,-12.61
-12.86,-12.86
-12.61,-12.61
-11.86,-11.86
-10.86,-10.86
-10.12,-10.12
-9.64,-9.64
-9.66,-9.66
-9.93,-9.93
-10.69,-10.69
-11.45,-11.45
-12.19,-12.19
-13.18,-13.18
-14.91,-14.91
-16.37,-16.37
-17.31,-17.31
-16.99,-16.99
-15.67,-15.67
-13.86,-13.86
-12.07,-12.07
-11.29,-11.29
-11.02,-11.02
-11.99,-11.99
-13.21,-13.21
-14.66,-14.66
-15.35,-15.35
-15.53,-15.53
-14.71,-14.71
-13.38,-13.38
-12.08,-12.08
-11.03,-11.03
-10.48,-10.48
-10.2,-10.2
-9.66,-9.66
-8.63,-8.63
-7.6,-7.6
-6.83,-6.83
-6.57,-6.57
-7.06,-7.06
-7.55,-7.55
-7.53,-7.53
-7.25,-7.25
-6.73,-6.73
-5.97,-5.97
-5.46,-5.46
-4.95,-4.95
-4.95,-4.95
-5.44,-5.44
-6.18,-6.18
-7.17,-7.17
-7.89,-7.89
-7.6,-7.6
-6.82,-6.82
-5.54,-5.54
-4.28,-4.28
-3.52,-3.52
-3.27,-3.27
-3.03,-3.03
-3.03,-3.03
-3.03,-3.03
-3.29,-3.29
-3.54,-3.54
-4.29,-4.29
-5.03,-5.03
-5.26,-5.26
-5.24,-5.24
-4.47,-4.47
-3.96,-3.96
-3.45,-3.45
-3.44,-3.44
-3.93,-3.93
-4.42,-4.42
-4.9,-4.9
-5.13,-5.13
-5.11,-5.11
-4.83,-4.83
-4.81,-4.81
-5.04,-5.04
-4.76,-4.76
-4.48,-4.48
-3.46,-3.46
-2.45,-2.45
-1.44,-1.44
-0.69,-0.69
-0.45,-0.45
-0.47,-0.47
-0.48,-0.48
-0.24,-0.24
0.25,0.25
1.23,1.23
1.95,1.95
2.66,2.66
3.37,3.37
4.07,4.07
4.77,4.77
5.46,5.46
6.14,6.14
7.06,7.06
7.72,7.72
8.38,8.38
8.28,8.28
7.93,7.93
7.08,7.08
6.24,6.24
5.9,5.9
6.57,6.57
7.48,7.48
8.63,8.63
9.51,9.51
9.64,9.64
9.52,9.52
9.39,9.39
9.27,9.27
9.39,9.39
9.27,9.27
8.89,8.89
7.76,7.76
6.65,6.65
5.79,5.79
5.19,5.19
5.09,5.09
5.5,5.5
5.9,5.9
6.29,6.29
6.18,6.18
5.82,5.82
4.72,4.72
3.62,3.62
2.78,2.78
2.7,2.7
3.12,3.12
3.79,3.79
4.2,4.2
3.85,3.85
2.51,2.51
0.93,0.93
-0.89,-0.89
-2.19,-2.19
-3.23,-3.23
-3.76,-3.76
-3.53,-3.53
-2.8,-2.8
-2.33,-2.33
-2.12,-2.12
-2.65,-2.65
-3.69,-3.69
-5.21,-5.21
-6.71,-6.71
-7.95,-7.95
-8.93,-8.93
-9.15,-9.15
-9.37,-9.37
-9.58,-9.58
-9.79,-9.79
-10.24,-10.24
-11.19,-11.19
-12.38,-12.38
-13.3,-13.3
-13.97,-13.97
-14.38,-14.38
-15.03,-15.03
-15.92,-15.92
-17.05,-17.05
-18.42,-18.42
-19.28,-19.28
-19.87,-19.87
-20.46,-20.46
-20.54,-20.54
-20.36,-20.36
-19.93,-19.93
-18.75,-18.75
-17.33,-17.33
-15.92,-15.92
-15.03,-15.03
-14.63,-14.63
-14.24,-14.24
-14.1,-14.1
-13.71,-13.71
-13.82,-13.82
-14.43,-14.43
-15.28,-15.28
-15.87,-15.87
-15.45,-15.45
-14.53,-14.53
-13.12,-13.12
-11.97,-11.97
-11.08,-11.08
-10.45,-10.45
-9.82,-9.82
-9.19,-9.19
-8.32,-8.32
-6.96,-6.96
-5.35,-5.35
-3.51,-3.51
-1.69,-1.69
-0.13,-0.13
0.66,0.66
1.2,1.2
1.23,1.23
0.76,0.76
0.29,0.29
0.58,0.58
1.36,1.36
2.64,2.64
3.91,3.91
4.66,4.66
5.16,5.16
5.65,5.65
5.88,5.88
6.37,6.37
7.34,7.34
8.56,8.56
10.02,10.02
11.71,11.71
13.13,13.13
14.29,14.29
15.18,15.18
15.07,15.07
13.95,13.95
12.34,12.34
10.0,10.0
8.17,8.17
6.86,6.86
6.06,6.06
5.27,5.27
4.73,4.73
4.45,4.45
4.17,4.17
4.39,4.39
5.11,5.11
6.07,6.07
6.52,6.52
6.22,6.22
5.17,5.17
3.62,3.62
2.35,2.35
1.33,1.33
1.57,1.57
2.31,2.31
3.79,3.79
5.76,5.76
7.96,7.96
9.88,9.88
11.29,11.29
12.19,12.19
12.32,12.32
11.45,11.45
9.84,9.84
7.74,7.74
5.41,5.41
3.59,3.59
2.55,2.55
2.26,2.26
2.98,2.98
4.19,4.19
5.88,5.88
7.57,7.57
8.73,8.73
9.13,9.13
8.78,8.78
8.43,8.43
8.08,8.08
7.98,7.98
7.64,7.64
7.04,7.04
5.7,5.7
4.12,4.12
2.56,2.56
1.76,1.76
0.96,0.96
0.67,0.67
0.64,0.64
0.1,0.1
-0.68,-0.68
-1.7,-1.7
-3.21,-3.21
-3.96,-3.96
-3.7,-3.7
-2.94,-2.94
-1.69,-1.69
-0.45,-0.45
0.02,0.02
-0.25,-0.25
-1.53,-1.53
-3.54,-3.54
-5.78,-5.78
-7.75,-7.75
-9.21,-9.21
-9.89,-9.89
-10.07,-10.07
-10.0,-10.0
-9.93,-9.93
-9.35,-9.35
-8.28,-8.28
-6.72,-6.72
-4.92,-4.92
-3.88,-3.88
-3.61,-3.61
-4.34,-4.34
-5.81,-5.81
-7.26,-7.26
-8.7,-8.7
-9.38,-9.38
-9.55,-9.55
-9.47,-9.47
-9.38,-9.38
-9.3,-9.3
-9.71,-9.71
-10.62,-10.62
-12.27,-12.27
-14.15,-14.15
-15.51,-15.51
-15.86,-15.86
-14.71,-14.71
-12.31,-12.31
-9.18,-9.18
-6.57,-6.57
-4.75,-4.75
-3.93,-3.93
-3.88,-3.88
-4.07,-4.07
-4.26,-4.26
-4.2,-4.2
-3.64,-3.64
-2.83,-2.83
-2.03,-2.03
-1.49,-1.49
-0.95,-0.95
-0.42,-0.42
-0.14,-0.14
-0.11,-0.11
-0.84,-0.84
-1.8,-1.8
-2.76,-2.76
-3.46,-3.46
-3.91,-3.91
-4.34,-4.34
-5.28,-5.28
-5.95,-5.95
-5.62,-5.62
-4.79,-4.79
-3.96,-3.96
-3.39,-3.39
-3.58,-3.58
-4.27,-4.27
-4.94,-4.94
-4.87,-4.87
-4.29,-4.29
-3.21,-3.21
-1.9,-1.9
-0.85,-0.85
-0.55,-0.55
-1.01,-1.01
-2.22,-2.22
-3.66,-3.66
-5.09,-5.09
-5.75,-5.75
-5.41,-5.41
-4.32,-4.32
-2.24,-2.24
0.07,0.07
1.36,1.36
1.38,1.38
0.16,0.16
-1.05,-1.05
-2.0,-2.0
-2.19,-2.19
-1.63,-1.63
-0.57,-0.57
0.97,0.97
2.5,2.5
3.27,3.27
3.28,3.28
2.54,2.54
2.06,2.06
1.83,1.83
2.1,2.1
2.87,2.87
3.38,3.38
3.89,3.89
4.14,4.14
4.39,4.39
4.88,4.88
5.62,5.62
6.6,6.6
7.58,7.58
8.54,8.54
9.24,9.24
9.44,9.44
9.13,9.13
8.57,8.57
8.02,8.02
7.47,7.47
6.92,6.92
5.88,5.88
5.1,5.1
4.32,4.32
4.05,4.05
4.03,4.03
4.01,4.01
3.75,3.75
2.73,2.73
1.47,1.47
-0.03,-0.03
-1.26,-1.26
-1.48,-1.48
-1.2,-1.2
0.07,0.07
1.59,1.59
3.09,3.09
4.08,4.08
4.06,4.06
3.29,3.29
2.02,2.02
0.77,0.77
-0.23,-0.23
-0.46,-0.46
0.06,0.06
1.07,1.07
2.08,2.08
2.57,2.57
2.56,2.56
2.05,2.05
1.29,1.29
0.54,0.54
0.05,0.05
-0.19,-0.19
0.08,0.08
1.34,1.34
2.84,2.84
4.07,4.07
5.05,5.05
5.01,5.01
4.98,4.98
4.44,4.44
3.91,3.91
3.38,3.38
3.85,3.85
5.58,5.58
7.53,7.53
8.97,8.97
9.39,9.39
8.55,8.55
7.47,7.47
6.91,6.91
7.59,7.59
9.27,9.27
10.68,10.68
11.58,11.58
11.46,11.46
11.1,11.1
10.99,10.99
11.62,11.62
13.0,13.0
14.87,14.87
15.96,15.96
16.54,16.54
16.37,16.37
15.44,15.44
14.27,14.27
12.36,12.36
10.47,10.47
8.84,8.84
7.97,7.97
7.36,7.36
6.76,6.76
5.66,5.66
4.56,4.56
2.98,2.98
0.91,0.91
-1.88,-1.88
-5.16,-5.16
-7.9,-7.9
-9.37,-9.37
-9.82,-9.82
-9.77,-9.77
-9.71,-9.71
-9.65,-9.65
-9.6,-9.6
-9.54,-9.54
-9.73,-9.73
-10.42,-10.42
-11.1,-11.1
-12.02,-12.02
-12.68,-12.68
-13.59,-13.59
-14.48,-14.48
-14.62,-14.62
-14.25,-14.25
-13.13,-13.13
-11.77,-11.77
-10.42,-10.42
-9.58,-9.58
-10.0,-10.0
-11.41,-11.41
-13.56,-13.56
-15.68,-15.68
-17.03,-17.03
-16.87,-16.87
-14.71,-14.71
-11.07,-11.07
-7.2,-7.2
-4.62,-4.62
-4.32,-4.32
-5.76,-5.76
-8.2,-8.2
-10.61,-10.61
-11.49,-11.49
-11.12,-11.12
-9.74,-9.74
-8.63,-8.63
-8.28,-8.28
-8.43,-8.43
-8.82,-8.82
-9.46,-9.46
-9.85,-9.85
-9.48,-9.48
-8.86,-8.86
-7.74,-7.74
-6.89,-6.89
-6.29,-6.29
-6.44,-6.44
-6.35,-6.35
-6.25,-6.25
-6.15,-6.15
-5.8,-5.8
-5.46,-5.46
-4.62,-4.62
-3.78,-3.78
-2.7,-2.7
-1.63,-1.63
-0.58,-0.58
0.22,0.22
0.27,0.27
0.06,0.06
-0.65,-0.65
-1.1,-1.1
-1.54,-1.54
-1.73,-1.73
-1.42,-1.42
-1.11,-1.11
-0.56,-0.56
-0.01,-0.01
0.79,0.79
1.83,1.83
2.61,2.61
3.13,3.13
3.39,3.39
3.41,3.41
2.92,2.92
2.69,2.69
2.45,2.45
2.22,2.22
1.75,1.75
1.02,1.02
0.05,0.05
-0.41,-0.41
-0.86,-0.86
-1.06,-1.06
-1.01,-1.01
-0.96,-0.96
-0.91,-0.91
-1.36,-1.36
-2.05,-2.05
-2.74,-2.74
-2.92,-2.92
-2.6,-2.6
-2.03,-2.03
-1.72,-1.72
-1.91,-1.91
-2.85,-2.85
-4.03,-4.03
-5.19,-5.19
-5.6,-5.6
-4.75,-4.75
-3.16,-3.16
-1.83,-1.83
-1.27,-1.27
-1.71,-1.71
-2.64,-2.64
-2.82,-2.82
-1.99,-1.99
-0.17,-0.17
1.63,1.63
3.17,3.17
3.94,3.94
4.45,4.45
4.96,4.96
5.21,5.21
5.46,5.46
5.71,5.71
6.45,6.45
7.19,7.19
8.16,8.16
8.88,8.88
9.59,9.59
9.79,9.79
9.74,9.74
9.44,9.44
9.14,9.14
9.34,9.34
10.29,10.29
11.72,11.72
12.89,12.89
13.55,13.55
12.7,12.7
11.11,11.11
8.53,8.53
5.72,5.72
3.19,3.19
1.43,1.43
-0.07,-0.07
-1.3,-1.3
-2.27,-2.27
-3.48,-3.48
-4.18,-4.18
-4.37,-4.37
-3.81,-3.81
-2.75,-2.75
-1.96,-1.96
-0.91,-0.91
-0.13,-0.13
0.39,0.39
0.66,0.66
0.67,0.67
0.69,0.69
0.96,0.96
1.22,1.22
1.23,1.23
0.49,0.49
-0.74,-0.74
-1.72,-1.72
-1.93,-1.93
-1.64,-1.64
-1.35,-1.35
-1.32,-1.32
-1.78,-1.78
-3.24,-3.24
-5.44,-5.44
-7.12,-7.12
-7.78,-7.78
-7.18,-7.18
-6.84,-6.84
-7.75,-7.75
-10.14,-10.14
-14.27,-14.27
-18.86,-18.86
-22.4,-22.4
-22.91,-22.91
-20.65,-20.65
-16.92,-16.92
-13.71,-13.71
-11.29,-11.29
-10.63,-10.63
-11.23,-11.23
-12.32,-12.32
-13.15,-13.15
-12.72,-12.72
-11.05,-11.05
-8.38,-8.38
-5.74,-5.74
-4.62,-4.62
-5.02,-5.02
-6.65,-6.65
-8.02,-8.02
-8.63,-8.63
-8.23,-8.23
-7.59,-7.59
-7.19,-7.19
-7.8,-7.8
-9.16,-9.16
-11.5,-11.5
-13.56,-13.56
-15.61,-15.61
-16.88,-16.88
-18.14,-18.14
-19.39,-19.39
-21.37,-21.37
-24.33,-24.33
-28.27,-28.27
-32.15,-32.15
-35.5,-35.5
-38.07,-38.07
-39.6,-39.6
-40.87,-40.87
-42.61,-42.61
-45.59,-45.59
-48.78,-48.78
-51.18,-51.18
-52.05,-52.05
-51.16,-51.16
-49.52,-49.52
-48.64,-48.64
-49.0,-49.0
-50.61,-50.61
-52.44,-52.44
-54.0,-54.0
-55.54,-55.54
-56.8,-56.8
-58.3,-58.3
-59.52,-59.52
-59.72,-59.72
-58.66,-58.66
-56.35,-56.35
-53.55,-53.55
-51.52,-51.52
-50.01,-50.01
-48.5,-48.5
-46.74,-46.74
-43.74,-43.74
-40.77,-40.77
-37.81,-37.81
-35.88,-35.88
-35.21,-35.21
-34.79,-34.79
-34.37,-34.37
-32.7,-32.7
-30.28,-30.28
-27.14,-27.14
-24.02,-24.02
-21.67,-21.67
-20.09,-20.09
-19.53,-19.53
-18.72,-18.72
-17.41,-17.41
-14.6,-14.6
-10.84,-10.84
-6.34,-6.34
-2.37,-2.37
0.53,0.53
1.92,1.92
2.81,2.81
3.42,3.42
4.3,4.3
5.39,5.39
6.73,6.73
8.58,8.58
10.64,10.64
12.67,12.67
15.2,15.2
17.69,17.69
19.92,19.92
21.86,21.86
23.8,23.8
25.94,25.94
28.33,28.33
30.69,30.69
33.02,33.02
35.31,35.31
37.59,37.59
39.59,39.59
41.31,41.31
43.03,43.03
44.7,44.7
45.86,45.86
46.52,46.52
46.64,46.64
46.77,46.77
47.13,47.13
48.48,48.48
50.81,50.81
54.11,54.11
57.38,57.38
60.61,60.61
63.3,63.3
66.2,66.2
68.81,68.81
71.91,71.91
74.45,74.45
77.2,77.2
79.94,79.94
82.61,82.61
85.27,85.27
87.87,87.87
90.45,90.45
92.98,92.98
95.23,95.23
96.7,96.7
97.64,97.64
98.31,98.31
99.2,99.2
99.83,99.83
100.42,100.42
100.5,100.5
100.56,100.56
100.11,100.11
99.14,99.14
97.67,97.67
96.7,96.7
96.23,96.23
96.48,96.48
96.98,96.98
96.97,96.97
96.67,96.67
95.62,95.62
93.81,93.81
91.52,91.52
89.22,89.22
87.19,87.19
85.66,85.66
84.37,84.37
82.58,82.58
80.31,80.31
78.03,78.03
76.03,76.03
74.77,74.77
73.27,73.27
71.27,71.27
68.27,68.27
64.55,64.55
61.09,61.09
58.41,58.41
57.0,57.0
56.58,56.58
56.67,56.67
56.25,56.25
54.56,54.56
51.89,51.89
49.73,49.73
48.34,48.34
47.7,47.7
47.81,47.81
47.67,47.67
48.27,48.27
48.59,48.59
48.92,48.92
48.48,48.48
48.05,48.05
47.86,47.86
48.16,48.16
47.94,47.94
47.73,47.73
47.76,47.76
48.03,48.03
47.8,47.8
46.55,46.55
44.56,44.56
42.34,42.34
40.63,40.63
39.92,39.92
40.22,40.22
41.26,41.26
42.53,42.53
43.29,43.29
43.28,43.28
43.27,43.27
43.24,43.24
43.96,43.96
45.17,45.17
46.86,46.86
48.53,48.53
50.18,50.18
52.05,52.05
54.15,54.15
55.47,55.47
56.27,56.27
56.81,56.81
57.33,57.33
58.83,58.83
60.57,60.57
61.53,61.53
60.97,60.97
58.91,58.91
55.86,55.86
52.83,52.83
50.56,50.56
49.06,49.06
48.32,48.32
47.82,47.82
46.58,46.58
44.34,44.34
40.86,40.86
36.9,36.9
33.23,33.23
29.84,29.84
26.72,26.72
24.37,24.37
22.55,22.55
21.48,21.48
20.43,20.43
18.13,18.13
14.6,14.6
10.35,10.35
6.13,6.13
1.96,1.96
-1.43,-1.43
-4.79,-4.79
-7.87,-7.87
-11.16,-11.16
-13.92,-13.92
-16.91,-16.91
-19.87,-19.87
-22.8,-22.8
-25.69,-25.69
-28.81,-28.81
-31.89,-31.89
-34.95,-34.95
-37.47,-37.47
-39.7,-39.7
-41.42,-41.42
-43.36,-43.36
-45.78,-45.78
-48.41,-48.41
-51.02,-51.02
-53.09,-53.09
-54.64,-54.64
-55.67,-55.67
-55.92,-55.92
-56.42,-56.42
-56.66,-56.66
-56.39,-56.39
-56.09,-56.09
-55.31,-55.31
-54.53,-54.53
-53.47,-53.47
-52.19,-52.19
-50.66,-50.66
-48.88,-48.88
-46.84,-46.84
-45.34,-45.34
-44.34,-44.34
-44.59,-44.59
-46.09,-46.09
-48.31,-48.31
-51.0,-51.0
-53.91,-53.91
-56.28,-56.28
-57.88,-57.88
-58.19,-58.19
-58.25,-58.25
-58.06,-58.06
-58.34,-58.34
-59.63,-59.63
-61.66,-61.66
-64.12,-64.12
-66.59,-66.59
-68.75,-68.75
-70.66,-70.66
-72.25,-72.25
-73.34,-73.34
-74.66,-74.66
-76.44,-76.44
-78.22,-78.22
-79.44,-79.44
-80.16,-80.16
-80.34,-80.34
-80.53,-80.53
-81.19,-81.19
-82.59,-82.59
-83.97,-83.97
-85.06,-85.06
-85.66,-85.66
-85.44,-85.44
-85.25,-85.25
-85.28,-85.28
-85.56,-85.56
-86.31,-86.31
-87.28,-87.28
-88.5,-88.5
-89.44,-89.44
-89.84,-89.84
-89.75,-89.75
-89.16,-89.16
-88.03,-88.03
-87.41,-87.41
-87.53,-87.53
-88.62,-88.62
-90.19,-90.19
-91.75,-91.75
-92.53,-92.53
-92.53,-92.53
-91.78,-91.78
-91.0,-91.0
-90.47,-90.47
-89.94,-89.94
-89.66,-89.66
-89.59,-89.59
-89.78,-89.78
-89.94,-89.94
-89.84,-89.84
-89.5,-89.5
-88.87,-88.87
-87.75,-87.75
-86.87,-86.87
-86.72,-86.72
-87.59,-87.59
-89.16,-89.16
-90.72,-90.72
-91.75,-91.75
-91.75,-91.75
-91.47,-91.47
-90.97,-90.97
-91.19,-91.19
-91.87,-91.87
-93.06,-93.06
-93.72,-93.72
-93.84,-93.84
-93.22,-93.22
-92.59,-92.59
-91.69,-91.69
-91.28,-91.28
-91.37,-91.37
-91.97,-91.97
-92.28,-92.28
-92.06,-92.06
-91.09,-91.09
-89.34,-89.34
-87.12,-87.12
-85.16,-85.16
-82.94,-82.94
-80.5,-80.5
-78.28,-78.28
-75.34,-75.34
-71.94,-71.94
-67.53,-67.53
-63.16,-63.16
-59.06,-59.06
-55.5,-55.5
-52.97,-52.97
-51.44,-51.44
-50.44,-50.44
-49.66,-49.66
-48.41,-48.41
-46.38,-46.38
-43.63,-43.63
-40.66,-40.66
-37.44,-37.44
-34.25,-34.25
-31.59,-31.59
-29.44,-29.44
-27.56,-27.56
-26.19,-26.19
-24.84,-24.84
-23.5,-23.5
-21.66,-21.66
-19.56,-19.56
-17.75,-17.75
-15.97,-15.97
-14.94,-14.94
-14.16,-14.16
-13.38,-13.38
-12.13,-12.13
-10.63,-10.63
-8.88,-8.88
-7.39,-7.39
-6.42,-6.42
-5.47,-5.47
-4.52,-4.52
-3.33,-3.33
-2.39,-2.39
-1.72,-1.72
-0.55,-0.55
0.36,0.36
1.52,1.52
2.91,2.91
3.78,3.78
4.39,4.39
4.75,4.75
4.36,4.36
3.72,3.72
2.58,2.58
1.7,1.7
1.34,1.34
1.48,1.48
2.11,2.11
2.98,2.98
3.61,3.61
3.47,3.47
2.84,2.84
1.7,1.7
0.59,0.59
-0.02,-0.02
-0.62,-0.62
-1.23,-1.23
-2.07,-2.07
-2.91,-2.91
-3.73,-3.73
-4.55,-4.55
-5.36,-5.36
-5.91,-5.91
-5.96,-5.96
-5.76,-5.76
-4.8,-4.8
-3.85,-3.85
-2.91,-2.91
-1.98,-1.98
-1.32,-1.32
-0.65,-0.65
0.01,0.01
0.66,0.66
1.31,1.31
1.45,1.45
1.84,1.84
2.23,2.23
2.36,2.36
2.49,2.49
1.87,1.87
1.5,1.5
1.39,1.39
1.78,1.78
2.41,2.41
3.29,3.29
4.16,4.16
5.02,5.02
5.87,5.87
6.72,6.72
8.3,8.3
10.12,10.12
12.42,12.42
14.7,14.7
16.71,16.71
18.19,18.19
19.66,19.66
20.61,20.61
21.55,21.55
22.23,22.23
22.65,22.65
23.31,23.31
23.96,23.96
24.85,24.85
26.23,26.23
27.59,27.59
27.95,27.95
28.03,28.03
28.12,28.12
28.7,28.7
30.27,30.27
32.32,32.32
34.34,34.34
35.6,35.6
35.84,35.84
35.31,35.31
34.05,34.05
32.78,32.78
31.52,31.52
30.52,30.52
29.77,29.77
28.77,28.77
27.04,27.04
24.81,24.81
22.09,22.09
20.16,20.16
18.98,18.98
18.31,18.31
18.41,18.41
18.48,18.48
18.56,18.56
18.14,18.14
17.47,17.47
16.55,16.55
16.12,16.12
16.22,16.22
17.05,17.05
18.37,18.37
19.69,19.69
21.22,21.22
22.25,22.25
23.02,23.02
23.27,23.27
23.52,23.52
23.5,23.5
23.5,23.5
23.73,23.73
24.45,24.45
25.42,25.42
26.39,26.39
27.08,27.08
27.27,27.27
27.19,27.19
27.36,27.36
28.53,28.53
30.19,30.19
32.56,32.56
34.92,34.92
36.75,36.75
37.81,37.81
37.59,37.59
36.89,36.89
35.67,35.67
35.22,35.22
35.52,35.52
37.06,37.06
38.81,38.81
40.56,40.56
41.78,41.78
43.0,43.0
44.44,44.44
46.34,46.34
48.72,48.72
50.59,50.59
51.94,51.94
52.75,52.75
53.06,53.06
52.59,52.59
51.38,51.38
49.69,49.69
47.97,47.97
46.78,46.78
46.84,46.84
48.66,48.66
51.44,51.44
54.19,54.19
55.66,55.66
55.84,55.84
54.28,54.28
52.22,52.22
50.16,50.16
49.13,49.13
49.09,49.09
49.78,49.78
50.72,50.72
51.16,51.16
50.56,50.56
48.97,48.97
47.41,47.41
46.06,46.06
45.25,45.25
45.19,45.19
45.59,45.59
46.28,46.28
46.91,46.91
47.56,47.56
48.44,48.44
49.78,49.78
51.88,51.88
53.94,53.94
55.47,55.47
56.0,56.0
55.5,55.5
54.5,54.5
53.25,53.25
52.5,52.5
51.75,51.75
51.25,51.25
50.75,50.75
50.47,50.47
49.97,49.97
49.44,49.44
48.44,48.44
47.41,47.41
45.91,45.91
44.66,44.66
43.91,43.91
43.63,43.63
43.63,43.63
43.38,43.38
42.59,42.59
41.59,41.59
40.56,40.56
40.56,40.56
41.28,41.28
42.25,42.25
42.72,42.72
41.91,41.91
40.59,40.59
39.06,39.06
37.53,37.53
36.5,36.5
36.22,36.22
36.69,36.69
37.38,37.38
38.09,38.09
38.78,38.78
38.94,38.94
38.59,38.59
37.78,37.78
36.19,36.19
34.34,34.34
32.53,32.53
31.25,31.25
31.69,31.69
33.88,33.88
36.81,36.81
39.19,39.19
40.31,40.31
39.16,39.16
36.5,36.5
32.59,32.59
29.5,29.5
27.67,27.67
27.11,27.11
27.55,27.55
28.47,28.47
29.39,29.39
29.78,29.78
29.92,29.92
29.56,29.56
28.95,28.95
28.09,28.09
27.23,27.23
26.87,26.87
26.77,26.77
26.91,26.91
26.8,26.8
26.17,26.17
24.81,24.81
22.7,22.7
20.36,20.36
17.03,17.03
12.98,12.98
9.23,9.23
6.75,6.75
6.3,6.3
8.34,8.34
11.63,11.63
14.86,14.86
16.33,16.33
15.78,15.78
13.47,13.47
10.44,10.44
7.94,7.94
6.45,6.45
5.98,5.98
6.02,6.02
5.8,5.8
5.34,5.34
4.37,4.37
2.92,2.92
1.22,1.22
-0.2,-0.2
-0.86,-0.86
-0.53,-0.53
0.81,0.81
2.14,2.14
3.2,3.2
2.77,2.77
1.06,1.06
-1.36,-1.36
-4.27,-4.27
-7.14,-7.14
-9.74,-9.74
-11.82,-11.82
-13.13,-13.13
-13.41,-13.41
-12.95,-12.95
-12.48,-12.48
-12.52,-12.52
-13.06,-13.06
-14.34,-14.34
-15.86,-15.86
-17.12,-17.12
-18.85,-18.85
-20.57,-20.57
-23.02,-23.02
-25.95,-25.95
-28.34,-28.34
-29.95,-29.95
-29.8,-29.8
-28.14,-28.14
-26.25,-26.25
-24.62,-24.62
-24.0,-24.0
-24.38,-24.38
-25.51,-25.51
-26.12,-26.12
-26.22,-26.22
-25.56,-25.56
-24.16,-24.16
-22.77,-22.77
-21.38,-21.38
-20.26,-20.26
-19.39,-19.39
-19.03,-19.03
-18.92,-18.92
-18.56,-18.56
-18.2,-18.2
-17.08,-17.08
-14.48,-14.48
-10.39,-10.39
-4.35,-4.35
2.39,2.39
9.82,9.82
17.19,17.19
22.98,22.98
27.21,27.21
28.66,28.66
27.83,27.83
25.26,25.26
21.96,21.96
18.93,18.93
17.43,17.43
17.19,17.19
17.95,17.95
19.2,19.2
19.69,19.69
18.92,18.92
16.4,16.4
12.9,12.9
9.69,9.69
7.75,7.75
7.08,7.08
7.91,7.91
9.48,9.48
11.04,11.04
12.08,12.08
12.12,12.12
11.89,11.89
10.67,10.67
9.46,9.46
8.01,8.01
6.57,6.57
4.89,4.89
3.23,3.23
1.33,1.33
0.2,0.2
-0.67,-0.67
-1.53,-1.53
-2.64,-2.64
-4.48,-4.48
-7.06,-7.06
-9.61,-9.61
-12.39,-12.39
-15.14,-15.14
-18.11,-18.11
-20.8,-20.8
-23.21,-23.21
-24.86,-24.86
-25.23,-25.23
-24.84,-24.84
-23.95,-23.95
-23.57,-23.57
-23.69,-23.69
-24.3,-24.3
-24.91,-24.91
-25.5,-25.5
-25.59,-25.59
-25.91,-25.91
-26.24,-26.24
-26.55,-26.55
-26.62,-26.62
-26.42,-26.42
-25.98,-25.98
-25.52,-25.52
-25.08,-25.08
-24.88,-24.88
-24.44,-24.44
-23.23,-23.23
-21.8,-21.8
-19.87,-19.87
-18.2,-18.2
-17.05,-17.05
-16.15,-16.15
-15.51,-15.51
-15.13,-15.13
-15.24,-15.24
-15.6,-15.6
-16.46,-16.46
-17.55,-17.55
-18.89,-18.89
-20.46,-20.46
-21.25,-21.25
-21.05,-21.05
-19.83,-19.83
-18.37,-18.37
-16.69,-16.69
-15.75,-15.75
-15.58,-15.58
-16.66,-16.66
-18.97,-18.97
-21.02,-21.02
-22.78,-22.78
-23.78,-23.78
-24.02,-24.02
-23.73,-23.73
-23.72,-23.72
-23.94,-23.94
-24.41,-24.41
-24.87,-24.87
-25.08,-25.08
-25.02,-25.02
-25.47,-25.47
-26.41,-26.41
-27.83,-27.83
-29.73,-29.73
-31.12,-31.12
-31.48,-31.48
-30.34,-30.34
-28.45,-28.45
-26.59,-26.59
-25.23,-25.23
-24.87,-24.87
-25.53,-25.53
-26.17,-26.17
-27.05,-27.05
-27.16,-27.16
-26.78,-26.78
-26.14,-26.14
-25.5,-25.5
-24.61,-24.61
-23.73,-23.73
-23.36,-23.36
-23.23,-23.23
-23.36,-23.36
-23.47,-23.47
-23.58,-23.58
-23.94,-23.94
-24.55,-24.55
-25.64,-25.64
-26.97,-26.97
-28.53,-28.53
-29.81,-29.81
-31.09,-31.09
-31.86,-31.86
-32.36,-32.36
-32.34,-32.34
-32.08,-32.08
-31.06,-31.06
-30.3,-30.3
-29.53,-29.53
-29.28,-29.28
-29.27,-29.27
-29.25,-29.25
-28.48,-28.48
-27.22,-27.22
-25.95,-25.95
-25.7,-25.7
-25.7,-25.7
-26.2,-26.2
-26.44,-26.44
-26.91,-26.91
-27.62,-27.62
-28.84,-28.84
-30.28,-30.28
-31.7,-31.7
-32.88,-32.88
-33.52,-33.52
-33.39,-33.39
-32.77,-32.77
-31.66,-31.66
-30.53,-30.53
-29.42,-29.42
-28.06,-28.06
-27.22,-27.22
-26.62,-26.62
-27.03,-27.03
-28.19,-28.19
-29.83,-29.83
-30.94,-30.94
-31.3,-31.3
-31.39,-31.39
-30.97,-30.97
-30.81,-30.81
-31.39,-31.39
-32.47,-32.47
-34.03,-34.03
-35.56,-35.56
-37.09,-37.09
-37.34,-37.34
-36.58,-36.58
-34.58,-34.58
-32.58,-32.58
-31.11,-31.11
-30.37,-30.37
-29.66,-29.66
-28.2,-28.2
-26.48,-26.48
-25.05,-25.05
-24.36,-24.36
-23.92,-23.92
-24.48,-24.48
-25.55,-25.55
-27.34,-27.34
-29.36,-29.36
-30.86,-30.86
-31.34,-31.34
-30.56,-30.56
-28.8,-28.8
-26.53,-26.53
-24.53,-24.53
-23.06,-23.06
-22.34,-22.34
-21.87,-21.87
-21.15,-21.15
-19.94,-19.94
-18.73,-18.73
-17.53,-17.53
-16.59,-16.59
-15.91,-15.91
-15.73,-15.73
-15.8,-15.8
-16.62,-16.62
-18.17,-18.17
-19.71,-19.71
-20.98,-20.98
-21.74,-21.74
-22.24,-22.24
-22.48,-22.48
-22.97,-22.97
-23.95,-23.95
-25.41,-25.41
-26.85,-26.85
-28.53,-28.53
-29.7,-29.7
-30.09,-30.09
-29.73,-29.73
-29.11,-29.11
-29.0,-29.0
-29.38,-29.38
-30.01,-30.01
-30.37,-30.37
-29.98,-29.98
-28.84,-28.84
-27.45,-27.45
-25.32,-25.32
-22.95,-22.95
-20.61,-20.61
-18.78,-18.78
-17.46,-17.46
-16.41,-16.41
-15.87,-15.87
-15.07,-15.07
-14.53,-14.53
-14.25,-14.25
-13.21,-13.21
-11.18,-11.18
-8.17,-8.17
-5.18,-5.18
-2.47,-2.47
-0.79,-0.79
0.13,0.13
0.54,0.54
1.2,1.2
2.1,2.1
2.99,2.99
3.88,3.88
5.25,5.25
6.86,6.86
8.96,8.96
11.03,11.03
13.09,13.09
14.62,14.62
15.64,15.64
15.15,15.15
14.16,14.16
12.42,12.42
10.95,10.95
9.99,9.99
9.04,9.04
8.1,8.1
6.66,6.66
4.99,4.99
3.82,3.82
3.68,3.68
4.28,4.28
5.37,5.37
5.7,5.7
4.79,4.79
3.12,3.12
1.22,1.22
-0.41,-0.41
-1.27,-1.27
-0.88,-0.88
0.51,0.51
2.64,2.64
4.74,4.74
6.08,6.08
6.4,6.4
6.22,6.22
6.29,6.29
6.86,6.86
8.17,8.17
9.72,9.72
11.0,11.0
11.52,11.52
11.54,11.54
12.05,12.05
12.8,12.8
14.55,14.55
16.28,16.28
17.98,17.98
19.43,19.43
20.6,20.6
21.77,21.77
22.41,22.41
23.3,23.3
24.43,24.43
26.04,26.04
27.89,27.89
30.46,30.46
33.51,33.51
36.52,36.52
39.5,39.5
41.69,41.69
43.61,43.61
45.25,45.25
47.38,47.38
49.98,49.98
52.8,52.8
55.08,55.08
56.58,56.58
57.31,57.31
57.53,57.53
57.48,57.48
57.17,57.17
56.86,56.86
57.05,57.05
57.22,57.22
57.14,57.14
56.55,56.55
55.95,55.95
56.09,56.09
56.73,56.73
58.11,58.11
59.97,59.97
61.8,61.8
63.34,63.34
64.62,64.62
65.39,65.39
66.12,66.12
66.84,66.84
67.31,67.31
67.75,67.75
67.67,67.67
67.59,67.59
67.5,67.5
67.16,67.16
66.8,66.8
66.69,66.69
66.81,66.81
66.67,66.67
66.53,66.53
66.12,66.12
65.22,65.22
64.31,64.31
63.41,63.41
62.48,62.48
61.83,61.83
61.16,61.16
60.98,60.98
61.06,61.06
60.88,60.88
60.42,60.42
60.23,60.23
60.02,60.02
60.06,60.06
59.58,59.58
58.36,58.36
56.13,56.13
53.16,53.16
49.47,49.47
45.55,45.55
41.91,41.91
38.8,38.8
36.45,36.45
35.38,35.38
35.31,35.31
36.23,36.23
36.64,36.64
36.3,36.3
34.94,34.94
33.09,33.09
30.77,30.77
28.7,28.7
27.15,27.15
26.86,26.86
26.82,26.82
27.02,27.02
26.47,26.47
25.17,25.17
23.12,23.12
21.1,21.1
19.34,19.34
17.59,17.59
15.35,15.35
12.38,12.38
9.2,9.2
5.78,5.78
3.15,3.15
0.78,0.78
-0.55,-0.55
-0.88,-0.88
-0.7,-0.7
-0.28,-0.28
0.39,0.39
0.8,0.8
0.22,0.22
-1.62,-1.62
-4.44,-4.44
-6.98,-6.98
-8.74,-8.74
-8.74,-8.74
-6.23,-6.23
-0.76,-0.76
7.17,7.17
15.53,15.53
22.31,22.31
26.52,26.52
28.19,28.19
27.84,27.84
24.99,24.99
20.42,20.42
15.13,15.13
10.13,10.13
6.19,6.19
2.77,2.77
-0.11,-0.11
-3.22,-3.22
-7.04,-7.04
-11.59,-11.59
-16.59,-16.59
-22.04,-22.04
-27.68,-27.68
-33.77,-33.77
-40.3,-40.3
-48.02,-48.02
-57.41,-57.41
-68.2,-68.2
-79.13,-79.13
-89.46,-89.46
-98.42,-98.42
-105.54,-105.54
-111.57,-111.57
-116.79,-116.79
-122.44,-122.44
-128.52,-128.52
-134.52,-134.52
-139.95,-139.95
-144.06,-144.06
-145.86,-145.86
-146.12,-146.12
-145.11,-145.11
-144.08,-144.08
-143.79,-143.79
-144.48,-144.48
-145.9,-145.9
-147.02,-147.02
-146.62,-146.62
-144.2,-144.2
-140.78,-140.78
-136.86,-136.86
-133.72,-133.72
-131.83,-131.83
-130.69,-130.69
-129.79,-129.79
-128.63,-128.63
-126.45,-126.45
-123.78,-123.78
-120.37,-120.37
-117.47,-117.47
-114.33,-114.33
-110.94,-110.94
-107.33,-107.33
-103.48,-103.48
-99.4,-99.4
-95.09,-95.09
-90.55,-90.55
-85.8,-85.8
-81.32,-81.32
-77.87,-77.87
-75.7,-75.7
-74.28,-74.28
-73.11,-73.11
-72.2,-72.2
-71.02,-71.02
-70.1,-70.1
-69.18,-69.18
-67.5,-67.5
-63.59,-63.59
-57.2,-57.2
-49.35,-49.35
-41.57,-41.57
-36.11,-36.11
-32.94,-32.94
-31.54,-31.54
-30.16,-30.16
-26.77,-26.77
-21.67,-21.67
-15.11,-15.11
-9.11,-9.11
-4.16,-4.16
-0.26,-0.26
2.87,2.87
6.21,6.21
10.02,10.02
14.28,14.28
19.27,19.27
24.45,24.45
29.58,29.58
34.41,34.41
38.94,38.94
42.92,42.92
47.11,47.11
51.02,51.02
54.86,54.86
58.67,58.67
61.94,61.94
65.41,65.41
69.09,69.09
73.98,73.98
80.06,80.06
86.83,86.83
94.03,94.03
100.64,100.64
106.42,106.42
110.89,110.89
113.8,113.8
115.42,115.42
116.75,116.75
118.3,118.3
120.08,120.08
122.06,122.06
123.77,123.77
125.42,125.42
126.56,126.56
127.16,127.16
127.48,127.48
127.55,127.55
127.83,127.83
128.09,128.09
128.09,128.09
127.31,127.31
126.27,126.27
125.97,125.97
126.91,126.91
128.31,128.31
130.19,130.19
131.78,131.78
132.83,132.83
133.61,133.61
134.36,134.36
135.58,135.58
138.02,138.02
141.41,141.41
145.5,145.5
148.78,148.78
151.02,151.02
151.7,151.7
150.61,150.61
148.75,148.75
145.89,145.89
143.03,143.03
140.44,140.44
138.58,138.58
136.98,136.98
136.12,136.12
135.25,135.25
134.86,134.86
134.2,134.2
133.55,133.55
132.36,132.36
130.42,130.42
127.98,127.98
124.8,124.8
121.11,121.11
117.2,117.2
113.81,113.81
110.92,110.92
109.05,109.05
107.69,107.69
105.81,105.81
103.19,103.19
99.06,99.06
94.47,94.47
89.91,89.91
86.12,86.12
83.11,83.11
80.36,80.36
77.87,77.87
74.89,74.89
71.68,71.68
67.74,67.74
63.08,63.08
58.44,58.44
54.09,54.09
50.27,50.27
47.23,47.23
45.21,45.21
43.45,43.45
42.45,42.45
41.71,41.71
40.71,40.71
39.21,39.21
37.23,37.23
34.76,34.76
32.3,32.3
29.86,29.86
27.44,27.44
25.04,25.04
23.16,23.16
21.29,21.29
20.18,20.18
19.08,19.08
18.24,18.24
17.15,17.15
15.57,15.57
13.75,13.75
11.45,11.45
9.41,9.41
7.39,7.39
5.39,5.39
3.66,3.66
1.45,1.45
-0.5,-0.5
-2.43,-2.43
-4.59,-4.59
-6.73,-6.73
-9.1,-9.1
-11.7,-11.7
-14.52,-14.52
-17.57,-17.57
-21.08,-21.08
-25.31,-25.31
-29.75,-29.75
-34.39,-34.39
-38.98,-38.98
-43.02,-43.02
-46.78,-46.78
-50.23,-50.23
-53.41,-53.41
-56.3,-56.3
-59.14,-59.14
-62.45,-62.45
-65.73,-65.73
-68.97,-68.97
-72.41,-72.41
-75.81,-75.81
-79.67,-79.67
-83.73,-83.73
-87.75,-87.75
-91.45,-91.45
-94.12,-94.12
-95.75,-95.75
-96.59,-96.59
-97.17,-97.17
-97.98,-97.98
-99.52,-99.52
-101.28,-101.28
-102.98,-102.98
-104.44,-104.44
-105.09,-105.09
-105.22,-105.22
-105.09,-105.09
-104.47,-104.47
-103.31,-103.31
-101.41,-101.41
-99.5,-99.5
-97.59,-97.59
-96.19,-96.19
-95.03,-95.03
-93.91,-93.91
-92.22,-92.22
-90.81,-90.81
-88.91,-88.91
-86.5,-86.5
-83.62,-83.62
-80.72,-80.72
-77.87,-77.87
-75.5,-75.5
-73.41,-73.41
-71.84,-71.84
-70.75,-70.75
-69.91,-69.91
-68.84,-68.84
-67.5,-67.5
-65.66,-65.66
-63.84,-63.84
-61.78,-61.78
-59.72,-59.72
-58.16,-58.16
-56.34,-56.34
-53.81,-53.81
-51.31,-51.31
-48.78,-48.78
-47.31,-47.31
-46.56,-46.56
-46.31,-46.31
-45.59,-45.59
-44.09,-44.09
-42.38,-42.38
-40.63,-40.63
-39.19,-39.19
-38.47,-38.47
-38.25,-38.25
-38.31,-38.31
-38.34,-38.34
-38.13,-38.13
-37.63,-37.63
-36.91,-36.91
-36.69,-36.69
-36.69,-36.69
-37.22,-37.22
-37.22,-37.22
-36.72,-36.72
-34.97,-34.97
-32.47,-32.47
-29.5,-29.5
-26.78,-26.78
-24.87,-24.87
-24.19,-24.19
-24.03,-24.03
-24.62,-24.62
-25.19,-25.19
-25.75,-25.75
-26.06,-26.06
-26.59,-26.59
-27.41,-27.41
-28.44,-28.44
-29.94,-29.94
-31.19,-31.19
-32.16,-32.16
-32.63,-32.63
-32.84,-32.84
-32.53,-32.53
-32.25,-32.25
-31.94,-31.94
-31.87,-31.87
-32.31,-32.31
-33.0,-33.0
-34.19,-34.19
-35.34,-35.34
-36.72,-36.72
-37.84,-37.84
-39.19,-39.19
-40.53,-40.53
-42.84,-42.84
-47.88,-47.88
-56.38,-56.38
-67.53,-67.53
-79.06,-79.06
-88.72,-88.72
-94.31,-94.31
-96.06,-96.06
-94.78,-94.78
-91.75,-91.75
-88.72,-88.72
-86.22,-86.22
-84.25,-84.25
-82.25,-82.25
-80.28,-80.28
-78.56,-78.56
-76.84,-76.84
-75.62,-75.62
-74.91,-74.91
-73.94,-73.94
-72.19,-72.19
-69.97,-69.97
-67.03,-67.03
-63.84,-63.84
-60.91,-60.91
-58.25,-58.25
-56.13,-56.13
-54.5,-54.5
-52.88,-52.88
-51.0,-51.0
-49.13,-49.13
-47.03,-47.03
-44.97,-44.97
-42.63,-42.63
-40.34,-40.34
-38.03,-38.03
-35.75,-35.75
-33.75,-33.75
-31.75,-31.75
-30.0,-30.0
-28.28,-28.28
-26.81,-26.81
-24.87,-24.87
-22.69,-22.69
-19.75,-19.75
-16.62,-16.62
-13.0,-13.0
-9.66,-9.66
-7.09,-7.09
-4.81,-4.81
-3.28,-3.28
-2.03,-2.03
-0.53,-0.53
1.7,1.7
4.67,4.67
7.84,7.84
11.0,11.0
13.13,13.13
14.23,14.23
14.31,14.31
14.41,14.41
14.48,14.48
14.81,14.81
15.64,15.64
16.7,16.7
17.27,17.27
17.31,17.31
16.59,16.59
15.39,15.39
14.2,14.2
13.27,13.27
12.58,12.58
11.91,11.91
10.98,10.98
9.83,9.83
8.67,8.67
7.27,7.27
5.89,5.89
4.77,4.77
4.16,4.16
3.8,3.8
3.94,3.94
3.58,3.58
2.72,2.72
1.37,1.37
0.05,0.05
-0.78,-0.78
-1.34,-1.34
-1.41,-1.41
-1.97,-1.97
-2.77,-2.77
-3.81,-3.81
-5.61,-5.61
-7.12,-7.12
-8.38,-8.38
-9.13,-9.13
-9.09,-9.09
-8.33,-8.33
-7.82,-7.82
-7.31,-7.31
-7.3,-7.3
-7.55,-7.55
-8.04,-8.04
-8.02,-8.02
-8.26,-8.26
-8.23,-8.23
-7.97,-7.97
-8.2,-8.2
-8.42,-8.42
-8.9,-8.9
-8.62,-8.62
-7.84,-7.84
-6.56,-6.56
-4.8,-4.8
-3.3,-3.3
-2.31,-2.31
-1.84,-1.84
-1.86,-1.86
-2.38,-2.38
-2.91,-2.91
-3.68,-3.68
-4.43,-4.43
-5.18,-5.18
-5.68,-5.68
-5.91,-5.91
-6.15,-6.15
-6.13,-6.13
-6.11,-6.11
-6.84,-6.84
-8.07,-8.07
-10.03,-10.03
-12.22,-12.22
-14.13,-14.13
-15.79,-15.79
-17.17,-17.17
-17.78,-17.78
-18.14,-18.14
-18.24,-18.24
-18.59,-18.59
-19.19,-19.19
-19.52,-19.52
-19.35,-19.35
-19.17,-19.17
-19.0,-19.0
-18.82,-18.82
-18.9,-18.9
-19.22,-19.22
-19.78,-19.78
-20.09,-20.09
-20.14,-20.14
-20.43,-20.43
-20.47,-20.47
-20.26,-20.26
-19.55,-19.55
-18.84,-18.84
-17.63,-17.63
-16.18,-16.18
-14.74,-14.74
-13.32,-13.32
-11.9,-11.9
-10.5,-10.5
-8.85,-8.85
-6.47,-6.47
-3.36,-3.36
-0.28,-0.28
2.02,2.02
3.8,3.8
5.07,5.07
7.07,7.07
9.8,9.8
13.76,13.76
17.18,17.18
19.56,19.56
20.17,20.17
20.02,20.02
19.62,19.62
19.98,19.98
21.57,21.57
24.4,24.4
27.69,27.69
30.45,30.45
32.69,32.69
34.14,34.14
35.08,35.08
36.27,36.27
37.42,37.42
39.06,39.06
40.69,40.69
42.53,42.53
44.61,44.61
46.66,46.66
48.94,48.94
50.44,50.44
51.66,51.66
52.63,52.63
53.81,53.81
55.23,55.23
57.14,57.14
59.5,59.5
61.84,61.84
64.16,64.16
65.7,65.7
66.7,66.7
66.94,66.94
66.67,66.67
66.14,66.14
65.36,65.36
64.81,64.81
64.52,64.52
64.47,64.47
64.66,64.66
64.59,64.59
64.75,64.75
64.41,64.41
64.06,64.06
62.95,62.95
61.86,61.86
60.5,60.5
59.66,59.66
59.3,59.3
58.69,58.69
57.83,57.83
56.22,56.22
53.61,53.61
50.77,50.77
48.45,48.45
47.89,47.89
49.08,49.08
51.5,51.5
53.89,53.89
55.75,55.75
56.59,56.59
56.91,56.91
56.47,56.47
56.03,56.03
55.58,55.58
55.88,55.88
56.91,56.91
58.67,58.67
60.91,60.91
63.13,63.13
65.31,65.31
66.95,66.95
67.83,67.83
68.19,68.19
68.28,68.28
68.37,68.37
68.94,68.94
69.25,69.25
69.3,69.3
68.83,68.83
68.36,68.36
67.87,67.87
67.64,67.64
67.14,67.14
66.14,66.14
64.64,64.64
62.41,62.41
59.67,59.67
57.2,57.2
55.25,55.25
53.8,53.8
53.11,53.11
52.42,52.42
51.22,51.22
49.28,49.28
46.84,46.84
43.94,43.94
40.78,40.78
37.42,37.42
34.56,34.56
32.73,32.73
31.67,31.67
31.36,31.36
31.3,31.3
31.48,31.48
31.17,31.17
30.59,30.59
29.27,29.27
27.7,27.7
25.64,25.64
23.61,23.61
21.83,21.83
20.31,20.31
19.81,19.81
19.81,19.81
19.81,19.81
19.3,19.3
17.8,17.8
15.55,15.55
13.08,13.08
11.13,11.13
10.69,10.69
11.25,11.25
12.8,12.8
13.84,13.84
13.88,13.88
13.14,13.14
11.67,11.67
9.47,9.47
6.78,6.78
4.36,4.36
2.47,2.47
1.84,1.84
1.47,1.47
0.61,0.61
-0.75,-0.75
-2.36,-2.36
-4.19,-4.19
-5.25,-5.25
-6.05,-6.05
-6.85,-6.85
-8.14,-8.14
-9.66,-9.66
-11.43,-11.43
-12.67,-12.67
-13.15,-13.15
-12.88,-12.88
-12.34,-12.34
-11.82,-11.82
-11.3,-11.3
-11.03,-11.03
-10.77,-10.77
-10.5,-10.5
-9.98,-9.98
-8.97,-8.97
-6.97,-6.97
-3.98,-3.98
-1.27,-1.27
-0.59,-0.59
-1.66,-1.66
-3.96,-3.96
-6.25,-6.25
-8.27,-8.27
-9.02,-9.02
-8.26,-8.26
-6.5,-6.5
-3.76,-3.76
-1.8,-1.8
-0.84,-0.84
-1.66,-1.66
-3.21,-3.21
-5.5,-5.5
-7.77,-7.77
-10.26,-10.26
-12.98,-12.98
-16.17,-16.17
-19.33,-19.33
-21.96,-21.96
-23.82,-23.82
-25.15,-25.15
-26.21,-26.21
-27.52,-27.52
-28.55,-28.55
-29.32,-29.32
-29.34,-29.34
-28.84,-28.84
-28.1,-28.1
-27.11,-27.11
-26.37,-26.37
-25.89,-25.89
-26.16,-26.16
-27.17,-27.17
-29.17,-29.17
-31.89,-31.89
-35.09,-35.09
-37.25,-37.25
-38.38,-38.38
-38.25,-38.25
-37.12,-37.12
-35.99,-35.99
-34.86,-34.86
-34.24,-34.24
-33.87,-33.87
-33.5,-33.5
-33.37,-33.37
-33.5,-33.5
-34.36,-34.36
-35.96,-35.96
-37.55,-37.55
-38.61,-38.61
-39.16,-39.16
-38.44,-38.44
-36.98,-36.98
-34.78,-34.78
-32.34,-32.34
-29.66,-29.66
-27.76,-27.76
-26.87,-26.87
-26.74,-26.74
-27.35,-27.35
-28.2,-28.2
-29.29,-29.29
-30.11,-30.11
-30.18,-30.18
-29.74,-29.74
-28.54,-28.54
-27.86,-27.86
-28.17,-28.17
-29.73,-29.73
-32.27,-32.27
-34.79,-34.79
-36.27,-36.27
-36.24,-36.24
-34.95,-34.95
-33.16,-33.16
-31.89,-31.89
-31.87,-31.87
-32.85,-32.85
-34.32,-34.32
-35.77,-35.77
-36.45,-36.45
-36.11,-36.11
-35.53,-35.53
-34.94,-34.94
-35.11,-35.11
-35.76,-35.76
-36.66,-36.66
-37.29,-37.29
-37.17,-37.17
-36.53,-36.53
-35.4,-35.4
-34.02,-34.02
-32.65,-32.65
-31.04,-31.04
-29.18,-29.18
-26.34,-26.34
-23.53,-23.53
-21.23,-21.23
-20.2,-20.2
-19.68,-19.68
-19.16,-19.16
-18.14,-18.14
-16.13,-16.13
-13.88,-13.88
-11.65,-11.65
-9.69,-9.69
-7.75,-7.75
-5.83,-5.83
-3.67,-3.67
-1.53,-1.53
0.59,0.59
1.7,1.7
2.29,2.29
1.87,1.87
1.21,1.21
0.56,0.56
-0.09,-0.09
-0.24,-0.24
-0.38,-0.38
-1.02,-1.02
-2.4,-2.4
-4.03,-4.03
-5.63,-5.63
-6.47,-6.47
-7.06,-7.06
-7.88,-7.88
-9.2,-9.2
-11.25,-11.25
-13.54,-13.54
-16.29,-16.29
-18.78,-18.78
-20.98,-20.98
-22.17,-22.17
-22.84,-22.84
-23.25,-23.25
-23.65,-23.65
-24.55,-24.55
-25.93,-25.93
-27.3,-27.3
-28.15,-28.15
-28.49,-28.49
-27.57,-27.57
-26.4,-26.4
-24.74,-24.74
-23.35,-23.35
-21.96,-21.96
-20.83,-20.83
-18.96,-18.96
-16.6,-16.6
-13.77,-13.77
-10.7,-10.7
-7.92,-7.92
-4.9,-4.9
-2.16,-2.16
0.05,0.05
1.99,1.99
3.41,3.41
4.57,4.57
5.72,5.72
6.86,6.86
8.48,8.48
10.84,10.84
14.18,14.18
18.73,18.73
23.5,23.5
27.71,27.71
30.63,30.63
32.27,32.27
33.14,33.14
33.49,33.49
34.09,34.09
35.18,35.18
37.0,37.0
38.8,38.8
41.07,41.07
43.32,43.32
45.8,45.8
47.99,47.99
50.16,50.16
52.05,52.05
53.91,53.91
55.75,55.75
57.31,57.31
59.1,59.1
60.87,60.87
62.36,62.36
63.58,63.58
64.27,64.27
64.45,64.45
64.12,64.12
64.03,64.03
63.94,63.94
64.08,64.08
65.21,65.21
66.83,66.83
68.41,68.41
69.23,69.23
69.02,69.02
67.81,67.81
65.6,65.6
63.14,63.14
60.96,60.96
59.03,59.03
57.61,57.61
56.44,56.44
55.03,55.03
53.37,53.37
51.22,51.22
49.33,49.33
47.45,47.45
46.08,46.08
44.71,44.71
43.36,43.36
41.75,41.75
39.66,39.66
37.08,37.08
34.02,34.02
30.72,30.72
26.96,26.96
23.72,23.72
20.52,20.52
18.33,18.33
16.66,16.66
15.76,15.76
14.87,14.87
13.47,13.47
11.59,11.59
8.48,8.48
5.14,5.14
1.58,1.58
-1.94,-1.94
-4.94,-4.94
-8.15,-8.15
-11.34,-11.34
-14.99,-14.99
-18.61,-18.61
-22.44,-22.44
-26.74,-26.74
-31.24,-31.24
-35.94,-35.94
-40.6,-40.6
-44.46,-44.46
-47.77,-47.77
-50.8,-50.8
-54.54,-54.54
-58.74,-58.74
-63.9,-63.9
-69.24,-69.24
-74.03,-74.03
-78.51,-78.51
-81.44,-81.44
-83.58,-83.58
-84.69,-84.69
-86.03,-86.03
-87.84,-87.84
-90.62,-90.62
-93.61,-93.61
-96.81,-96.81
-99.72,-99.72
-102.08,-102.08
-104.16,-104.16
-105.7,-105.7
-106.71,-106.71
-107.7,-107.7
-108.91,-108.91
-110.35,-110.35
-112.0,-112.0
-113.37,-113.37
-114.47,-114.47
-114.28,-114.28
-112.58,-112.58
-110.13,-110.13
-107.69,-107.69
-105.75,-105.75
-104.81,-104.81
-105.11,-105.11
-105.4,-105.4
-105.42,-105.42
-104.92,-104.92
-105.66,-105.66
-108.87,-108.87
-115.05,-115.05
-123.14,-123.14
-132.4,-132.4
-142.05,-142.05
-151.84,-151.84
-160.27,-160.27
-166.35,-166.35
-169.84,-169.84
-170.03,-170.03
-167.94,-167.94
-163.6,-163.6
-157.77,-157.77
-151.22,-151.22
-144.2,-144.2
-136.23,-136.23
-127.56,-127.56
-118.2,-118.2
-108.41,-108.41
-97.95,-97.95
-87.05,-87.05
-75.51,-75.51
-63.3,-63.3
-50.2,-50.2
-36.95,-36.95
-24.32,-24.32
-13.05,-13.05
-3.14,-3.14
5.69,5.69
13.94,13.94
21.84,21.84
30.19,30.19
39.45,39.45
49.63,49.63
59.69,59.69
69.41,69.41
77.53,77.53
84.56,84.56
90.52,90.52
95.16,95.16
99.23,99.23
103.02,103.02
106.5,106.5
110.42,110.42
114.8,114.8
119.12,119.12
123.14,123.14
126.34,126.34
129.0,129.0
131.37,131.37
133.95,133.95
136.48,136.48
138.72,138.72
140.66,140.66
142.31,142.31
143.19,143.19
143.78,143.78
144.59,144.59
146.37,146.37
148.37,148.37
150.58,150.58
152.23,152.23
153.11,153.11
153.2,153.2
153.03,153.03
152.83,152.83
152.84,152.84
152.61,152.61
152.33,152.33
151.8,151.8
151.0,151.0
149.66,149.66
148.09,148.09
146.25,146.25
144.66,144.66
143.03,143.03
141.69,141.69
140.56,140.56
139.94,139.94
140.03,140.03
140.62,140.62
140.92,140.92
140.7,140.7
138.97,138.97
135.97,135.97
132.73,132.73
129.52,129.52
127.3,127.3
125.83,125.83
125.36,125.36
124.87,124.87
123.87,123.87
122.11,122.11
119.59,119.59
116.84,116.84
114.59,114.59
112.84,112.84
111.59,111.59
110.59,110.59
109.58,109.58
108.06,108.06
106.53,106.53
105.02,105.02
103.48,103.48
101.95,101.95
100.19,100.19
98.16,98.16
95.12,95.12
91.87,91.87
87.87,87.87
83.41,83.41
78.45,78.45
73.55,73.55
69.42,69.42
66.08,66.08
64.0,64.0
62.67,62.67
62.11,62.11
61.54,61.54
60.72,60.72
59.89,59.89
59.31,59.31
58.73,58.73
58.14,58.14
57.05,57.05
55.47,55.47
53.63,53.63
52.31,52.31
51.24,51.24
50.18,50.18
48.11,48.11
45.56,45.56
42.27,42.27
39.01,39.01
36.27,36.27
33.8,33.8
31.35,31.35
28.92,28.92
26.0,26.0
23.36,23.36
20.23,20.23
17.38,17.38
14.06,14.06
10.51,10.51
7.25,7.25
4.51,4.51
1.8,1.8
-0.89,-0.89
-3.55,-3.55
-6.19,-6.19
-8.8,-8.8
-11.39,-11.39
-13.7,-13.7
-16.0,-16.0
-18.26,-18.26
-20.75,-20.75
-23.22,-23.22
-25.91,-25.91
-28.82,-28.82
-32.2,-32.2
-35.3,-35.3
-38.36,-38.36
-40.89,-40.89
-42.89,-42.89
-45.37,-45.37
-48.31,-48.31
-51.22,-51.22
-54.34,-54.34
-56.69,-56.69
-58.48,-58.48
-59.53,-59.53
-60.55,-60.55
-62.28,-62.28
-64.52,-64.52
-67.2,-67.2
-69.61,-69.61
-71.48,-71.48
-72.83,-72.83
-73.91,-73.91
-75.2,-75.2
-76.73,-76.73
-79.23,-79.23
-81.95,-81.95
-84.64,-84.64
-87.03,-87.03
-88.64,-88.64
-89.72,-89.72
-91.03,-91.03
-92.81,-92.81
-95.06,-95.06
-97.78,-97.78
-100.2,-100.2
-102.11,-102.11
-103.47,-103.47
-104.53,-104.53
-105.34,-105.34
-105.87,-105.87
-106.62,-106.62
-107.37,-107.37
-108.56,-108.56
-110.25,-110.25
-112.41,-112.41
-114.78,-114.78
-117.12,-117.12
-118.91,-118.91
-120.41,-120.41
-120.87,-120.87
-120.56,-120.56
-119.75,-119.75
-118.69,-118.69
-117.59,-117.59
-116.5,-116.5
-115.41,-115.41
-114.31,-114.31
-113.19,-113.19
-111.81,-111.81
-110.44,-110.44
-109.31,-109.31
-108.19,-108.19
-107.03,-107.03
-105.87,-105.87
-104.97,-104.97
-103.81,-103.81
-102.91,-102.91
-101.47,-101.47
-100.06,-100.06
-98.12,-98.12
-95.97,-95.97
-93.53,-93.53
-90.87,-90.87
-88.47,-88.47
-85.84,-85.84
-83.44,-83.44
-80.81,-80.81
-78.47,-78.47
-76.37,-76.37
-74.78,-74.78
-72.94,-72.94
-71.09,-71.09
-68.78,-68.78
-66.19,-66.19
-63.66,-63.66
-60.84,-60.84
-58.34,-58.34
-56.56,-56.56
-55.56,-55.56
-55.31,-55.31
-55.06,-55.06
-54.31,-54.31
-52.28,-52.28
-49.78,-49.78
-47.03,-47.03
-44.56,-44.56
-42.38,-42.38
-40.66,-40.66
-39.0,-39.0
-36.81,-36.81
-34.41,-34.41
-32.28,-32.28
-30.87,-30.87
-30.28,-30.28
-29.91,-29.91
-29.03,-29.03
-28.41,-28.41
-27.81,-27.81
-27.69,-27.69
-27.83,-27.83
-27.95,-27.95
-28.08,-28.08
-27.44,-27.44
-26.31,-26.31
-24.19,-24.19
-21.58,-21.58
-18.98,-18.98
-16.67,-16.67
-15.38,-15.38
-14.84,-14.84
-14.55,-14.55
-14.52,-14.52
-13.97,-13.97
-12.69,-12.69
-10.67,-10.67
-8.41,-8.41
-6.67,-6.67
-5.44,-5.44
-4.73,-4.73
-4.77,-4.77
-4.81,-4.81
-4.86,-4.86
-4.64,-4.64
-4.19,-4.19
-3.47,-3.47
-3.03,-3.03
-2.58,-2.58
-2.89,-2.89
-2.94,-2.94
-3.23,-3.23
-3.3,-3.3
-3.09,-3.09
-3.14,-3.14
-3.19,-3.19
-3.23,-3.23
-2.78,-2.78
-2.58,-2.58
-2.14,-2.14
-2.19,-2.19
-2.25,-2.25
-2.3,-2.3
-1.86,-1.86
-1.16,-1.16
-0.72,-0.72
-0.8,-0.8
-1.11,-1.11
-1.17,-1.17
-0.98,-0.98
-0.55,-0.55
-0.37,-0.37
-0.44,-0.44
-1.01,-1.01
-1.57,-1.57
-2.37,-2.37
-2.93,-2.93
-2.98,-2.98
-2.77,-2.77
-2.56,-2.56
-2.11,-2.11
-1.91,-1.91
-1.46,-1.46
-1.27,-1.27
-0.58,-0.58
0.36,0.36
2.03,2.03
3.95,3.95
6.09,6.09
8.21,8.21
9.81,9.81
10.15,10.15
8.48,8.48
6.08,6.08
3.45,3.45
1.84,1.84
1.24,1.24
0.65,0.65
-0.43,-0.43
-3.01,-3.01
-6.56,-6.56
-11.08,-11.08
-15.8,-15.8
-20.23,-20.23
-24.12,-24.12
-26.96,-26.96
-28.78,-28.78
-30.32,-30.32
-31.85,-31.85
-33.36,-33.36
-34.85,-34.85
-35.57,-35.57
-35.28,-35.28
-34.23,-34.23
-33.19,-33.19
-32.91,-32.91
-33.87,-33.87
-36.32,-36.32
-39.24,-39.24
-42.38,-42.38
-44.73,-44.73
-46.05,-46.05
-45.86,-45.86
-44.66,-44.66
-43.71,-43.71
-43.52,-43.52
-44.32,-44.32
-45.36,-45.36
-46.38,-46.38
-46.88,-46.88
-46.38,-46.38
-44.12,-44.12
-39.87,-39.87
-34.91,-34.91
-29.49,-29.49
-24.61,-24.61
-19.52,-19.52
-13.98,-13.98
-7.73,-7.73
-1.05,-1.05
6.08,6.08
13.64,13.64
20.88,20.88
27.55,27.55
33.66,33.66
39.2,39.2
44.7,44.7
50.38,50.38
56.75,56.75
63.31,63.31
69.79,69.79
75.45,75.45
80.81,80.81
85.36,85.36
89.09,89.09
92.03,92.03
93.69,93.69
94.3,94.3
94.16,94.16
93.73,93.73
93.56,93.56
93.87,93.87
94.42,94.42
94.45,94.45
93.97,93.97
93.22,93.22
91.97,91.97
90.22,90.22
88.47,88.47
86.45,86.45
84.47,84.47
82.72,82.72
80.98,80.98
79.25,79.25
77.78,77.78
76.3,76.3
75.08,75.08
74.34,74.34
73.61,73.61
72.62,72.62
71.64,71.64
70.91,70.91
70.16,70.16
69.42,69.42
68.42,68.42
67.41,67.41
66.91,66.91
67.41,67.41
69.37,69.37
72.33,72.33
75.23,75.23
77.61,77.61
78.7,78.7
79.27,79.27
80.31,80.31
82.34,82.34
84.59,84.59
86.81,86.81
88.23,88.23
88.64,88.64
88.53,88.53
88.16,88.16
88.02,88.02
88.62,88.62
89.45,89.45
90.53,90.53
91.06,91.06
91.08,91.08
90.09,90.09
88.34,88.34
85.84,85.84
83.11,83.11
80.39,80.39
77.44,77.44
74.98,74.98
72.8,72.8
71.12,71.12
69.2,69.2
67.05,67.05
63.89,63.89
59.75,59.75
54.16,54.16
47.59,47.59
41.08,41.08
35.63,35.63
31.95,31.95
30.08,30.08
28.7,28.7
26.59,26.59
23.75,23.75
20.42,20.42
16.62,16.62
12.86,12.86
9.38,9.38
7.17,7.17
6.48,6.48
7.3,7.3
8.61,8.61
9.42,9.42
8.7,8.7
6.5,6.5
3.31,3.31
0.16,0.16
-2.47,-2.47
-4.32,-4.32
-5.66,-5.66
-6.48,-6.48
-7.04,-7.04
-7.35,-7.35
-7.66,-7.66
-8.2,-8.2
-8.25,-8.25
-7.79,-7.79
-6.34,-6.34
-4.14,-4.14
-1.97,-1.97
-0.56,-0.56
-0.17,-0.17
-0.79,-0.79
-1.64,-1.64
-2.49,-2.49
-3.84,-3.84
-5.41,-5.41
-7.48,-7.48
-9.52,-9.52
-11.29,-11.29
-12.3,-12.3
-13.79,-13.79
-15.27,-15.27
-17.23,-17.23
-18.42,-18.42
-18.85,-18.85
-19.52,-19.52
-20.43,-20.43
-22.58,-22.58
-25.46,-25.46
-29.3,-29.3
-33.36,-33.36
-36.38,-36.38
-37.36,-37.36
-37.08,-37.08
-36.3,-36.3
-35.76,-35.76
-35.98,-35.98
-36.44,-36.44
-36.64,-36.64
-37.08,-37.08
-37.26,-37.26
-37.19,-37.19
-37.11,-37.11
-36.77,-36.77
-36.18,-36.18
-35.1,-35.1
-33.51,-33.51
-31.44,-31.44
-29.13,-29.13
-27.34,-27.34
-26.56,-26.56
-26.53,-26.53
-27.0,-27.0
-27.71,-27.71
-27.66,-27.66
-27.61,-27.61
-27.05,-27.05
-26.74,-26.74
-26.68,-26.68
-27.37,-27.37
-28.3,-28.3
-29.72,-29.72
-30.86,-30.86
-32.0,-32.0
-32.86,-32.86
-33.47,-33.47
-34.31,-34.31
-35.4,-35.4
-36.46,-36.46
-37.01,-37.01
-37.05,-37.05
-37.09,-37.09
-37.87,-37.87
-39.13,-39.13
-40.88,-40.88
-43.1,-43.1
-45.05,-45.05
-46.48,-46.48
-46.88,-46.88
-46.03,-46.03
-44.17,-44.17
-41.33,-41.33
-38.0,-38.0
-33.95,-33.95
-29.68,-29.68
-25.2,-25.2
-20.75,-20.75
-16.84,-16.84
-13.46,-13.46
-11.11,-11.11
-9.54,-9.54
-8.97,-8.97
-9.16,-9.16
-9.84,-9.84
-10.52,-10.52
-10.69,-10.69
-9.61,-9.61
-7.53,-7.53
-4.98,-4.98
-2.19,-2.19
-0.18,-0.18
1.06,1.06
1.54,1.54
1.26,1.26
1.24,1.24
1.72,1.72
2.94,2.94
4.9,4.9
7.09,7.09
9.51,9.51
11.16,11.16
12.29,12.29
12.66,12.66
12.53,12.53
12.39,12.39
12.0,12.0
12.12,12.12
12.73,12.73
13.83,13.83
15.17,15.17
16.25,16.25
17.31,17.31
17.87,17.87
18.16,18.16
18.7,18.7
19.23,19.23
20.0,20.0
20.77,20.77
21.52,21.52
21.76,21.76
22.0,22.0
22.23,22.23
22.71,22.71
23.18,23.18
23.64,23.64
23.84,23.84
24.29,24.29
25.23,25.23
26.41,26.41
27.32,27.32
27.72,27.72
27.87,27.87
27.75,27.75
27.38,27.38
26.77,26.77
25.65,25.65
24.79,24.79
24.44,24.44
25.34,25.34
26.97,26.97
28.58,28.58
29.43,29.43
29.76,29.76
29.08,29.08
28.16,28.16
27.49,27.49
27.07,27.07
27.16,27.16
26.98,26.98
26.56,26.56
25.88,25.88
25.46,25.46
24.79,24.79
23.62,23.62
22.2,22.2
20.3,20.3
18.66,18.66
17.54,17.54
17.16,17.16
16.55,16.55
15.43,15.43
13.32,13.32
10.73,10.73
7.91,7.91
5.37,5.37
3.1,3.1
1.59,1.59
0.36,0.36
-0.87,-0.87
-2.09,-2.09
-3.54,-3.54
-4.98,-4.98
-6.4,-6.4
-8.06,-8.06
-9.96,-9.96
-11.59,-11.59
-13.2,-13.2
-15.04,-15.04
-16.87,-16.87
-19.17,-19.17
-21.95,-21.95
-24.95,-24.95
-27.42,-27.42
-29.87,-29.87
-32.04,-32.04
-34.18,-34.18
-36.3,-36.3
-38.64,-38.64
-41.21,-41.21
-44.0,-44.0
-47.0,-47.0
-49.47,-49.47
-51.41,-51.41
-52.58,-52.58
-53.47,-53.47
-54.6,-54.6
-55.46,-55.46
-56.55,-56.55
-57.38,-57.38
-58.2,-58.2
-59.48,-59.48
-61.01,-61.01
-63.01,-63.01
-64.98,-64.98
-66.93,-66.93
-68.09,-68.09
-68.49,-68.49
-68.12,-68.12
-66.74,-66.74
-65.62,-65.62
-65.0,-65.0
-64.62,-64.62
-63.74,-63.74
-62.35,-62.35
-60.23,-60.23
-57.6,-57.6
-54.99,-54.99
-52.91,-52.91
-51.33,-51.33
-49.75,-49.75
-48.69,-48.69
-47.88,-47.88
-46.81,-46.81
-45.25,-45.25
-43.2,-43.2
-40.91,-40.91
-38.88,-38.88
-36.87,-36.87
-35.37,-35.37
-34.38,-34.38
-33.63,-33.63
-33.4,-33.4
-33.91,-33.91
-34.91,-34.91
-36.14,-36.14
-37.11,-37.11
-37.81,-37.81
-38.01,-38.01
-38.2,-38.2
-38.13,-38.13
-37.3,-37.3
-35.47,-35.47
-32.91,-32.91
-29.86,-29.86
-26.84,-26.84
-24.84,-24.84
-24.1,-24.1
-24.62,-24.62
-25.13,-25.13
-25.38,-25.38
-24.88,-24.88
-23.62,-23.62
-22.13,-22.13
-21.14,-21.14
-21.16,-21.16
-21.93,-21.93
-22.69,-22.69
-22.93,-22.93
-22.42,-22.42
-21.16,-21.16
-19.41,-19.41
-17.18,-17.18
-15.21,-15.21
-14.0,-14.0
-13.31,-13.31
-13.37,-13.37
-13.43,-13.43
-13.23,-13.23
-12.54,-12.54
-11.85,-11.85
-10.91,-10.91
-10.48,-10.48
-10.55,-10.55
-11.12,-11.12
-11.69,-11.69
-12.49,-12.49
-12.29,-12.29
-11.59,-11.59
-10.64,-10.64
-9.7,-9.7
-8.27,-8.27
-6.84,-6.84
-5.43,-5.43
-4.79,-4.79
-4.39,-4.39
-4.25,-4.25
-4.11,-4.11
-4.22,-4.22
-4.33,-4.33
-3.19,-3.19
-1.06,-1.06
1.8,1.8
4.39,4.39
6.45,6.45
7.99,7.99
9.77,9.77
12.03,12.03
14.27,14.27
16.23,16.23
18.42,18.42
21.34,21.34
24.98,24.98
28.09,28.09
30.41,30.41
31.2,31.2
30.49,30.49
29.02,29.02
27.07,27.07
26.62,26.62
28.18,28.18
31.73,31.73
36.48,36.48
40.93,40.93
43.59,43.59
44.21,44.21
42.83,42.83
40.7,40.7
38.83,38.83
37.98,37.98
38.13,38.13
38.76,38.76
38.89,38.89
37.76,37.76
35.63,35.63
33.52,33.52
32.93,32.93
34.08,34.08
36.47,36.47
37.08,37.08
33.18,33.18
23.3,23.3
10.27,10.27
-1.89,-1.89
-9.95,-9.95
-12.17,-12.17
-9.38,-9.38
-3.86,-3.86
1.86,1.86
6.52,6.52
8.9,8.9
9.24,9.24
8.09,8.09
6.45,6.45
4.81,4.81
3.95,3.95
3.09,3.09
1.98,1.98
-0.61,-0.61
-4.93,-4.93
-10.2,-10.2
-15.94,-15.94
-20.61,-20.61
-24.23,-24.23
-27.08,-27.08
-29.39,-29.39
-31.18,-31.18
-32.95,-32.95
-34.94,-34.94
-36.91,-36.91
-39.11,-39.11
-41.03,-41.03
-42.67,-42.67
-43.3,-43.3
-42.91,-42.91
-40.77,-40.77
-36.89,-36.89
-32.05,-32.05
-26.98,-26.98
-22.73,-22.73
-19.75,-19.75
-18.3,-18.3
-18.34,-18.34
-19.16,-19.16
-20.44,-20.44
-22.22,-22.22
-23.47,-23.47
-23.97,-23.97
-23.7,-23.7
-23.44,-23.44
-24.17,-24.17
-25.64,-25.64
-27.34,-27.34
-28.78,-28.78
-30.2,-30.2
-31.34,-31.34
-31.98,-31.98
-31.86,-31.86
-30.72,-30.72
-28.59,-28.59
-26.48,-26.48
-24.89,-24.89
-23.06,-23.06
-20.5,-20.5
-16.44,-16.44
-10.67,-10.67
-3.47,-3.47
4.69,4.69
13.0,13.0
21.5,21.5
30.17,30.17
39.25,39.25
49.48,49.48
59.88,59.88
69.42,69.42
77.61,77.61
83.95,83.95
89.0,89.0
92.97,92.97
97.14,97.14
101.27,101.27
106.08,106.08
110.83,110.83
115.03,115.03
117.92,117.92
120.02,120.02
122.58,122.58
125.84,125.84
129.81,129.81
133.72,133.72
137.08,137.08
139.89,139.89
141.89,141.89
143.61,143.61
145.3,145.3
146.94,146.94
147.05,147.05
145.62,145.62
143.45,143.45
142.03,142.03
141.84,141.84
142.89,142.89
145.14,145.14
147.62,147.62
148.55,148.55
147.94,147.94
146.81,146.81
147.94,147.94
153.02,153.02
159.78,159.78
164.95,164.95
167.06,167.06
168.62,168.62
172.14,172.14
177.36,177.36
180.5,180.5
180.83,180.83
179.89,179.89
182.17,182.17
189.41,189.41
200.05,200.05
209.31,209.31
213.95,213.95
212.78,212.78
207.33,207.33
199.64,199.64
191.75,191.75
185.66,185.66
181.34,181.34
178.03,178.03
174.22,174.22
168.18,168.18
159.66,159.66
148.7,148.7
136.56,136.56
124.02,124.02
112.07,112.07
100.21,100.21
88.7,88.7
77.02,77.02
64.7,64.7
52.47,52.47
40.35,40.35
28.59,28.59
16.67,16.67
4.37,4.37
-8.83,-8.83
-22.15,-22.15
-34.6,-34.6
-45.68,-45.68
-55.4,-55.4
-64.78,-64.78
-74.81,-74.81
-84.98,-84.98
-94.55,-94.55
-102.77,-102.77
-109.9,-109.9
-117.7,-117.7
-127.16,-127.16
-138.26,-138.26
-149.48,-149.48
-160.09,-160.09
-168.82,-168.82
-176.2,-176.2
-181.73,-181.73
-185.44,-185.44
-187.84,-187.84
-189.93,-189.93
-192.47,-192.47
-195.22,-195.22
-198.15,-198.15
-201.03,-201.03
-204.36,-204.36
-207.62,-207.62
-210.33,-210.33
-211.22,-211.22
-210.08,-210.08
-207.67,-207.67
-205.98,-205.98
-205.55,-205.55
-206.83,-206.83
-209.33,-209.33
-212.02,-212.02
-214.39,-214.39
-215.97,-215.97
-216.73,-216.73
-216.22,-216.22
-214.44,-214.44
-212.12,-212.12
-209.31,-209.31
-206.48,-206.48
-203.66,-203.66
-200.83,-200.83
-198.48,-198.48
-196.64,-196.64
-196.03,-196.03
-195.64,-195.64
-194.73,-194.73
-192.8,-192.8
-189.61,-189.61
-185.67,-185.67
-182.23,-182.23
-179.05,-179.05
-177.37,-177.37
-176.44,-176.44
-175.97,-175.97
-175.5,-175.5
-174.5,-174.5
-173.47,-173.47
-172.19,-172.19
-171.14,-171.14
-170.06,-170.06
-168.98,-168.98
-167.64,-167.64
-166.27,-166.27
-164.89,-164.89
-163.51,-163.51
-161.36,-161.36
-158.95,-158.95
-155.8,-155.8
-152.65,-152.65
-149.75,-149.75
-147.61,-147.61
-145.97,-145.97
-144.06,-144.06
-141.16,-141.16
-136.76,-136.76
-130.12,-130.12
-122.29,-122.29
-114.0,-114.0
-106.27,-106.27
-98.6,-98.6
-90.73,-90.73
-82.92,-82.92
-75.16,-75.16
-67.72,-67.72
-60.34,-60.34
-52.51,-52.51
-44.25,-44.25
-35.05,-35.05
-25.44,-25.44
-15.66,-15.66
-6.96,-6.96
0.66,0.66
7.2,7.2
13.44,13.44
19.62,19.62
25.73,25.73
32.04,32.04
38.29,38.29
44.72,44.72
51.84,51.84
60.13,60.13
69.34,69.34
78.95,78.95
88.47,88.47
97.38,97.38
105.2,105.2
112.43,112.43
119.09,119.09
126.16,126.16
133.39,133.39
140.78,140.78
147.84,147.84
155.08,155.08
161.95,161.95
168.75,168.75
175.72,175.72
182.58,182.58
189.61,189.61
196.05,196.05
201.89,201.89
206.41,206.41
209.86,209.86
212.48,212.48
214.8,214.8
217.08,217.08
219.78,219.78
223.44,223.44
227.28,227.28
231.05,231.05
234.0,234.0
235.64,235.64
235.73,235.73
235.28,235.28
234.8,234.8
235.05,235.05
235.48,235.48
235.41,235.41
234.53,234.53
232.62,232.62
230.45,230.45
228.28,228.28
226.08,226.08
223.86,223.86
221.14,221.14
217.66,217.66
214.17,214.17
210.69,210.69
207.2,207.2
203.95,203.95
200.47,200.47
197.23,197.23
193.75,193.75
190.77,190.77
187.78,187.78
184.8,184.8
181.81,181.81
179.08,179.08
176.33,176.33
172.59,172.59
167.86,167.86
161.89,161.89
155.7,155.7
149.56,149.56
144.19,144.19
139.59,139.59
136.03,136.03
132.97,132.97
130.17,130.17
126.62,126.62
122.09,122.09
116.83,116.83
110.85,110.85
104.41,104.41
97.77,97.77
90.41,90.41
83.12,83.12
75.62,75.62
68.94,68.94
63.3,63.3
58.2,58.2
52.9,52.9
47.38,47.38
41.41,41.41
35.48,35.48
30.36,30.36
25.77,25.77
21.48,21.48
16.72,16.72
11.75,11.75
5.82,5.82
-0.55,-0.55
-7.36,-7.36
-13.61,-13.61
-18.81,-18.81
-22.45,-22.45
-25.3,-25.3
-27.12,-27.12
-29.18,-29.18
-31.96,-31.96
-35.96,-35.96
-40.67,-40.67
-45.08,-45.08
-48.94,-48.94
-50.76,-50.76
-51.05,-51.05
-50.34,-50.34
-50.38,-50.38
-51.41,-51.41
-53.66,-53.66
-56.64,-56.64
-59.58,-59.58
-61.98,-61.98
-63.63,-63.63
-64.97,-64.97
-65.8,-65.8
-66.36,-66.36
-66.16,-66.16
-65.45,-65.45
-64.73,-64.73
-65.02,-65.02
-66.3,-66.3
-68.53,-68.53
-70.75,-70.75
-72.44,-72.44
-73.61,-73.61
-74.75,-74.75
-75.86,-75.86
-76.45,-76.45
-76.78,-76.78
-77.09,-77.09
-77.39,-77.39
-77.69,-77.69
-77.44,-77.44
-76.72,-76.72
-76.22,-76.22
-75.97,-75.97
-76.22,-76.22
-76.94,-76.94
-77.62,-77.62
-78.09,-78.09
-78.5,-78.5
-78.91,-78.91
-79.31,-79.31
-79.44,-79.44
-79.53,-79.53
-79.91,-79.91
-80.47,-80.47
-81.06,-81.06
-81.84,-81.84
-82.62,-82.62
-83.37,-83.37
-84.37,-84.37
-85.34,-85.34
-87.06,-87.06
-89.22,-89.22
-91.59,-91.59
-94.19,-94.19
-96.5,-96.5
-98.78,-98.78
-100.53,-100.53
-102.25,-102.25
-103.66,-103.66
-104.56,-104.56
-104.69,-104.69
-103.56,-103.56
-101.91,-101.91
-100.5,-100.5
-100.12,-100.12
-100.94,-100.94
-101.78,-101.78
-102.31,-102.31
-101.84,-101.84
-100.09,-100.09
-97.37,-97.37
-94.87,-94.87
-93.41,-93.41
-92.69,-92.69
-92.72,-92.72
-92.72,-92.72
-91.97,-91.97
-90.97,-90.97
-89.69,-89.69
-88.44,-88.44
-87.41,-87.41
-86.62,-86.62
-85.59,-85.59
-84.56,-84.56
-84.03,-84.03
-84.22,-84.22
-84.91,-84.91
-85.34,-85.34
-85.0,-85.0
-82.91,-82.91
-79.78,-79.78
-76.22,-76.22
-72.91,-72.91
-70.09,-70.09
-68.34,-68.34
-67.31,-67.31
-67.03,-67.03
-66.5,-66.5
-66.22,-66.22
-66.19,-66.19
-66.62,-66.62
-66.81,-66.81
-66.22,-66.22
-64.66,-64.66
-62.81,-62.81
-61.25,-61.25
-60.44,-60.44
-60.38,-60.38
-60.78,-60.78
-61.69,-61.69
-62.34,-62.34
-62.47,-62.47
-62.34,-62.34
-62.19,-62.19
-62.06,-62.06
-62.16,-62.16
-61.97,-61.97
-61.31,-61.31
-60.13,-60.13
-58.69,-58.69
-57.53,-57.53
-55.84,-55.84
-53.94,-53.94
-51.28,-51.28
-48.16,-48.16
-45.03,-45.03
-41.94,-41.94
-38.63,-38.63
-34.56,-34.56
-29.81,-29.81
-25.06,-25.06
-21.37,-21.37
-17.97,-17.97
-14.34,-14.34
-9.5,-9.5
-5.19,-5.19
-4.94,-4.94
-14.41,-14.41
-34.31,-34.31
-58.5,-58.5
-74.25,-74.25
-67.06,-67.06
-25.94,-25.94
52.31,52.31
159.56,159.56
274.09,274.09
369.53,369.53
427.28,427.28
442.97,442.97
425.92,425.92
392.72,392.72
358.5,358.5
332.05,332.05
316.3,316.3
307.87,307.87
302.5,302.5
296.11,296.11
287.25,287.25
275.41,275.41
262.16,262.16
248.47,248.47
235.87,235.87
224.62,224.62
214.69,214.69
205.03,205.03
195.72,195.72
186.44,186.44
176.72,176.72
167.06,167.06
157.47,157.47
147.94,147.94
138.97,138.97
130.06,130.06
121.72,121.72
113.19,113.19
105.22,105.22
97.06,97.06
89.19,89.19
81.41,81.41
73.91,73.91
66.47,66.47
59.34,59.34
52.28,52.28
45.5,45.5
38.81,38.81
32.16,32.16
25.81,25.81
19.53,19.53
13.53,13.53
7.59,7.59
1.72,1.72
-3.87,-3.87
-9.38,-9.38
-14.63,-14.63
-20.03,-20.03
-24.91,-24.91
-30.0,-30.0
-34.75,-34.75
-39.47,-39.47
-43.91,-43.91
-48.28,-48.28
-52.63,-52.63
-56.66,-56.66
-60.63,-60.63
-64.59,-64.59
-68.22,-68.22
-72.09,-72.09
-75.37,-75.37
-78.91,-78.91
-82.12,-82.12
-85.31,-85.31
-88.44,-88.44
-91.53,-91.53
-94.34,-94.34
-97.09,-97.09
-99.56,-99.56
-102.28,-102.28
-104.69,-104.69
-107.0,-107.0
-109.06,-109.06
-111.37,-111.37
-113.37,-113.37
-115.31,-115.31
-117.25,-117.25
-118.87,-118.87
-120.5,-120.5
-122.06,-122.06
-123.62,-123.62
-124.87,-124.87
-126.62,-126.62
-127.81,-127.81
-129.0,-129.0
-130.12,-130.12
-130.69,-130.69
-131.81,-131.81
-132.81,-132.81
-133.37,-133.37
-134.37,-134.37
-134.81,-134.81
-135.25,-135.25
-136.19,-136.19
-136.56,-136.56
-136.94,-136.94
-136.75,-136.75
-137.06,-137.06
-137.37,-137.37
-137.62,-137.62
-137.37,-137.37
-137.62,-137.62
-137.31,-137.31
-137.5,-137.5
-137.19,-137.19
-136.87,-136.87
-137.0,-137.0
-136.56,-136.56
-136.19,-136.19
-135.75,-135.75
-134.81,-134.81
-134.37,-134.37
-133.87,-133.87
-133.44,-133.44
-132.94,-132.94
-131.87,-131.87
-131.37,-131.37
-130.31,-130.31
-129.75,-129.75
-128.69,-128.69
-127.62,-127.62
-127.06,-127.06
-125.94,-125.94
-124.81,-124.81
-123.69,-123.69
-122.56,-122.56
-121.44,-121.44
-120.31,-120.31
-119.19,-119.19
-118.0,-118.0
-116.84,-116.84
-115.66,-115.66
-114.5,-114.5
-112.81,-112.81
-111.62,-111.62
-110.44,-110.44
-108.72,-108.72
-107.53,-107.53
-105.81,-105.81
-104.62,-104.62
-102.91,-102.91
-101.69,-101.69
-99.97,-99.97
-98.78,-98.78
-97.06,-97.06
-95.34,-95.34
-93.62,-93.62
-92.41,-92.41
-90.69,-90.69
-88.97,-88.97
-87.25,-87.25
-85.56,-85.56
-83.84,-83.84
-82.62,-82.62
-80.94,-80.94
-79.22,-79.22
-77.53,-77.53
-75.84,-75.84
-73.66,-73.66
-71.97,-71.97
-70.28,-70.28
-68.59,-68.59
-66.94,-66.94
-65.28,-65.28
-63.63,-63.63
-61.97,-61.97
-59.81,-59.81
-58.19,-58.19
-56.56,-56.56
-54.44,-54.44
-52.81,-52.81
-51.22,-51.22
-49.59,-49.59
-47.52,-47.52
-45.94,-45.94
-43.86,-43.86
-42.3,-42.3
-40.75,-40.75
-38.7,-38.7
-37.17,-37.17
-35.16,-35.16
-33.64,-33.64
-31.64,-31.64
-30.16,-30.16
-28.17,-28.17
-26.7,-26.7
-24.75,-24.75
-23.31,-23.31
-21.37,-21.37
-19.97,-19.97
-18.05,-18.05
-16.66,-16.66
-14.78,-14.78
-12.91,-12.91
-11.56,-11.56
-9.72,-9.72
-8.39,-8.39
-6.58,-6.58
-4.77,-4.77
-3.49,-3.49
-1.71,-1.71
0.04,0.04
1.28,1.28
3.01,3.01
4.73,4.73
5.92,5.92
7.61,7.61
9.28,9.28
10.43,10.43
12.07,12.07
13.69,13.69
15.3,15.3
16.39,16.39
17.96,17.96
19.52,19.52
20.57,20.57
22.1,22.1
23.61,23.61
25.11,25.11
26.09,26.09
27.55,27.55
29.0,29.0
30.42,30.42
31.34,31.34
32.73,32.73
34.13,34.13
35.48,35.48
36.33,36.33
37.66,37.66
38.97,38.97
40.27,40.27
41.55,41.55
42.31,42.31
43.56,43.56
44.8,44.8
46.0,46.0
46.69,46.69
47.88,47.88
49.03,49.03
50.19,50.19
50.8,50.8
51.91,51.91
53.0,53.0
54.09,54.09
54.66,54.66
55.69,55.69
56.22,56.22
57.25,57.25
57.72,57.72
58.72,58.72
59.69,59.69
61.13,61.13
62.06,62.06
62.97,62.97
63.34,63.34
64.22,64.22
65.09,65.09
65.44,65.44
66.25,66.25
67.06,67.06
67.34,67.34
68.12,68.12
68.91,68.91
69.62,69.62
69.87,69.87
70.59,70.59
71.28,71.28
71.97,71.97
72.12,72.12
72.78,72.78
73.41,73.41
73.53,73.53
74.12,74.12
74.72,74.72
75.28,75.28
75.34,75.34
75.87,75.87
76.41,76.41
76.44,76.44
76.91,76.91
77.41,77.41
77.37,77.37
77.81,77.81
78.25,78.25
78.19,78.19
78.62,78.62
79.0,79.0
78.87,78.87
79.25,79.25
79.62,79.62
79.44,79.44
79.75,79.75
80.06,80.06
79.87,79.87
80.19,80.19
79.94,79.94
80.19,80.19
80.44,80.44
80.19,80.19
80.44,80.44
80.62,80.62
80.31,80.31
80.5,80.5
80.19,80.19
80.37,80.37
80.5,80.5
80.12,80.12
80.25,80.25
79.87,79.87
80.0,80.0
80.06,80.06
79.62,79.62
79.75,79.75
79.31,79.31
79.31,79.31
78.87,78.87
78.94,78.94
78.44,78.44
78.44,78.44
78.44,78.44
77.94,77.94
77.87,77.87
77.37,77.37
77.31,77.31
76.81,76.81
76.75,76.75
76.19,76.19
76.06,76.06
75.5,75.5
75.44,75.44
74.81,74.81
74.69,74.69
74.06,74.06
74.0,74.0
73.31,73.31
73.19,73.19
72.56,72.56
72.37,72.37
71.75,71.75
71.56,71.56
70.87,70.87
70.69,70.69
70.0,70.0
69.31,69.31
69.12,69.12
68.44,68.44
68.19,68.19
67.5,67.5
67.25,67.25
66.56,66.56
66.31,66.31
65.56,65.56
64.81,64.81
64.56,64.56
63.81,63.81
63.56,63.56
62.81,62.81
62.5,62.5
61.75,61.75
60.94,60.94
60.69,60.69
59.88,59.88
59.13,59.13
58.81,58.81
58.0,58.0
57.75,57.75
56.94,56.94
56.13,56.13
55.81,55.81
55.0,55.0
54.19,54.19
53.88,53.88
53.06,53.06
52.75,52.75
51.88,51.88
51.06,51.06
50.75,50.75
49.94,49.94
49.13,49.13
48.75,48.75
47.94,47.94
47.13,47.13
46.75,46.75
45.94,45.94
45.06,45.06
44.75,44.75
43.94,43.94
43.06,43.06
42.25,42.25
41.88,41.88
41.06,41.06
40.25,40.25
39.88,39.88
39.06,39.06
38.22,38.22
37.88,37.88
37.03,37.03
36.22,36.22
35.38,35.38
35.03,35.03
34.22,34.22
33.38,33.38
33.03,33.03
32.22,32.22
31.37,31.37
30.56,30.56
30.25,30.25
29.41,29.41
28.59,28.59
27.78,27.78
27.47,27.47
26.66,26.66
25.84,25.84
25.03,25.03
24.72,24.72
23.91,23.91
23.09,23.09
22.31,22.31
21.5,21.5
21.22,21.22
20.44,20.44
19.66,19.66
18.87,18.87
18.59,18.59
17.81,17.81
17.03,17.03
16.25,16.25
15.5,15.5
15.22,15.22
14.47,14.47
13.72,13.72
12.97,12.97
12.22,12.22
11.97,11.97
11.22,11.22
10.5,10.5
9.78,9.78
9.03,9.03
8.81,8.81
8.09,8.09
7.37,7.37
6.69,6.69
5.97,5.97
5.28,5.28
5.09,5.09
4.41,4.41
3.72,3.72
3.03,3.03
2.34,2.34
1.69,1.69
1.53,1.53
0.88,0.88
-0.28,-0.28
-2.44,-2.44
-7.06,-7.06
-15.16,-15.16
-26.66,-26.66
-40.56,-40.56
-55.31,-55.31
-68.94,-68.94
-81.92,-81.92
-94.27,-94.27
-105.5,-105.5
-116.11,-116.11
-126.09,-126.09
-134.98,-134.98
-142.77,-142.77
-149.45,-149.45
-155.06,-155.06
-160.59,-160.59
-166.05,-166.05
-170.44,-170.44
-175.25,-175.25
-179.0,-179.0
-182.17,-182.17
-184.31,-184.31
-186.39,-186.39
-188.42,-188.42
-189.91,-189.91
-190.84,-190.84
-191.75,-191.75
-192.12,-192.12
-191.97,-191.97
-191.27,-191.27
-191.06,-191.06
-190.81,-190.81
-190.55,-190.55
-189.75,-189.75
-188.44,-188.44
-186.61,-186.61
-183.77,-183.77
-181.42,-181.42
-178.56,-178.56
-175.72,-175.72
-172.36,-172.36
-168.52,-168.52
-164.17,-164.17
-159.36,-159.36
-155.05,-155.05
-151.27,-151.27
-147.98,-147.98
-146.22,-146.22
-144.94,-144.94
-143.16,-143.16
-139.87,-139.87
-136.09,-136.09
-130.33,-130.33
-124.59,-124.59
-118.87,-118.87
-113.23,-113.23
-107.59,-107.59
-102.0,-102.0
-95.44,-95.44
-89.41,-89.41
-83.94,-83.94
-79.5,-79.5
-76.09,-76.09
-73.72,-73.72
-70.81,-70.81
-67.97,-67.97
-64.12,-64.12
-59.78,-59.78
-55.0,-55.0
-49.75,-49.75
-45.03,-45.03
-40.34,-40.34
-35.72,-35.72
-32.09,-32.09
-28.53,-28.53
-25.97,-25.97
-23.44,-23.44
-21.94,-21.94
-19.44,-19.44
-16.97,-16.97
-13.0,-13.0
-8.59,-8.59
-4.69,-4.69
-0.84,-0.84
2.47,2.47
6.75,6.75
12.0,12.0
18.19,18.19
24.84,24.84
29.91,29.91
33.94,33.94
37.41,37.41
41.84,41.84
46.25,46.25
51.09,51.09
55.41,55.41
59.66,59.66
63.34,63.34
66.5,66.5
68.62,68.62
69.72,69.72
71.28,71.28
72.81,72.81
74.84,74.84
77.31,77.31
80.28,80.28
83.19,83.19
86.56,86.56
89.91,89.91
93.19,93.19
96.44,96.44
98.62,98.62
99.81,99.81
100.94,100.94
102.06,102.06
104.12,104.12
106.19,106.19
107.69,107.69
109.19,109.19
109.62,109.62
109.56,109.56
109.0,109.0
107.94,107.94
107.31,107.31
108.69,108.69
112.56,112.56
117.87,117.87
122.62,122.62
125.31,125.31
125.44,125.44
123.06,123.06
118.69,118.69
113.81,113.81
109.5,109.5
107.19,107.19
106.37,106.37
107.06,107.06
108.25,108.25
108.87,108.87
109.5,109.5
109.62,109.62
110.19,110.19
110.25,110.25
109.81,109.81
109.31,109.31
108.31,108.31
107.81,107.81
107.31,107.31
107.31,107.31
108.31,108.31
109.75,109.75
111.62,111.62
113.0,113.0
114.87,114.87
117.19,117.19
119.94,119.94
122.69,122.69
125.87,125.87
128.0,128.0
128.12,128.12
125.69,125.69
121.31,121.31
116.87,116.87
113.5,113.5
112.19,112.19
111.81,111.81
112.94,112.94
113.5,113.5
113.62,113.62
112.62,112.62
112.19,112.19
111.25,111.25
111.25,111.25
111.25,111.25
111.75,111.75
112.25,112.25
112.19,112.19
111.62,111.62
110.56,110.56
109.44,109.44
107.87,107.87
106.28,106.28
104.69,104.69
104.09,104.09
103.97,103.97
105.37,105.37
106.22,106.22
107.03,107.03
106.84,106.84
106.12,106.12
104.41,104.41
103.19,103.19
102.47,102.47
102.22,102.22
102.47,102.47
102.72,102.72
102.19,102.19
100.12,100.12
97.09,97.09
93.81,93.81
90.81,90.81
88.31,88.31
87.06,87.06
86.59,86.59
86.09,86.09
85.31,85.31
84.06,84.06
82.06,82.06
80.03,80.03
77.78,77.78
75.78,75.78
73.81,73.81
71.84,71.84
70.09,70.09
68.66,68.66
66.69,66.69
64.47,64.47
62.03,62.03
60.09,60.09
58.41,58.41
57.0,57.0
55.59,55.59
53.94,53.94
51.78,51.78
49.64,49.64
47.75,47.75
46.14,46.14
45.03,45.03
44.17,44.17
43.06,43.06
41.2,41.2
38.63,38.63
35.55,35.55
32.25,32.25
29.22,29.22
26.72,26.72
24.98,24.98
23.5,23.5
22.05,22.05
20.59,20.59
18.9,18.9
17.22,17.22
15.8,15.8
13.9,13.9
12.01,12.01
9.88,9.88
8.02,8.02
6.44,6.44
5.11,5.11
3.79,3.79
2.23,2.23
0.69,0.69
-0.83,-0.83
-1.85,-1.85
-2.85,-2.85
-3.85,-3.85
-5.08,-5.08
-6.8,-6.8
-8.76,-8.76
-10.69,-10.69
-12.86,-12.86
-14.51,-14.51
-15.89,-15.89
-17.25,-17.25
-18.35,-18.35
-19.18,-19.18
-20.26,-20.26
-21.57,-21.57
-23.12,-23.12
-25.4,-25.4
-27.4,-27.4
-29.13,-29.13
-30.34,-30.34
-30.8,-30.8
-31.23,-31.23
-31.41,-31.41
-32.08,-32.08
-33.48,-33.48
-35.14,-35.14
-37.25,-37.25
-39.61,-39.61
-41.67,-41.67
-43.47,-43.47
-45.0,-45.0
-46.5,-46.5
-47.72,-47.72
-49.44,-49.44
-51.63,-51.63
-53.78,-53.78
-55.94,-55.94
-57.53,-57.53
-58.38,-58.38
-58.94,-58.94
-59.47,-59.47
-59.78,-59.78
-60.28,-60.28
-60.56,-60.56
-60.81,-60.81
-60.28,-60.28
-59.53,-59.53
-58.5,-58.5
-57.75,-57.75
-57.97,-57.97
-59.19,-59.19
-60.91,-60.91
-63.06,-63.06
-65.47,-65.47
-67.59,-67.59
-68.91,-68.91
-70.22,-70.22
-71.03,-71.03
-71.78,-71.78
-72.31,-72.31
-72.53,-72.53
-72.75,-72.75
-72.72,-72.72
-72.94,-72.94
-73.62,-73.62
-74.53,-74.53
-75.19,-75.19
-75.56,-75.56
-75.19,-75.19
-74.31,-74.31
-73.41,-73.41
-73.28,-73.28
-73.62,-73.62
-74.69,-74.69
-76.0,-76.0
-77.03,-77.03
-77.81,-77.81
-78.31,-78.31
-78.78,-78.78
-78.97,-78.97
-79.19,-79.19
-80.12,-80.12
-81.06,-81.06
-82.44,-82.44
-83.31,-83.31
-84.19,-84.19
-84.75,-84.75
-85.81,-85.81
-87.06,-87.06
-88.12,-88.12
-88.62,-88.62
-88.56,-88.56
-87.5,-87.5
-86.5,-86.5
-85.94,-85.94
-85.87,-85.87
-86.56,-86.56
-87.25,-87.25
-87.87,-87.87
-88.0,-88.0
-88.37,-88.37
-88.69,-88.69
-89.0,-89.0
-88.56,-88.56
-88.12,-88.12
-87.44,-87.44
-86.69,-86.69
-86.0,-86.0
-85.0,-85.0
-83.5,-83.5
-81.81,-81.81
-79.81,-79.81
-77.56,-77.56
-75.62,-75.62
-73.94,-73.94
-73.19,-73.19
-74.25,-74.25
-76.81,-76.81
-80.0,-80.0
-82.69,-82.69
-83.62,-83.62
-82.75,-82.75
-80.62,-80.62
-78.06,-78.06
-75.44,-75.44
-73.62,-73.62
-72.5,-72.5
-72.44,-72.44
-72.37,-72.37
-72.25,-72.25
-71.62,-71.62
-71.25,-71.25
-70.87,-70.87
-70.5,-70.5
-70.37,-70.37
-70.25,-70.25
-70.06,-70.06
-69.69,-69.69
-69.0,-69.0
-67.31,-67.31
-65.12,-65.12
-62.0,-62.0
-58.56,-58.56
-55.44,-55.44
-52.63,-52.63
-50.5,-50.5
-50.19,-50.19
-51.13,-51.13
-52.81,-52.81
-54.19,-54.19
-54.81,-54.81
-54.38,-54.38
-53.75,-53.75
-53.06,-53.06
-52.94,-52.94
-52.75,-52.75
-52.81,-52.81
-53.38,-53.38
-54.19,-54.19
-55.25,-55.25
-56.0,-56.0
-56.75,-56.75
-57.0,-57.0
-56.75,-56.75
-56.0,-56.0
-54.69,-54.69
-53.44,-53.44
-51.94,-51.94
-50.63,-50.63
-49.63,-49.63
-49.38,-49.38
-49.63,-49.63
-50.06,-50.06
-50.81,-50.81
-51.25,-51.25
-50.94,-50.94
-49.38,-49.38
-47.31,-47.31
-45.5,-45.5
-44.75,-44.75
-45.19,-45.19
-46.38,-46.38
-47.56,-47.56
-48.0,-48.0
-47.94,-47.94
-47.06,-47.06
-46.69,-46.69
-47.13,-47.13
-47.75,-47.75
-48.38,-48.38
-48.44,-48.44
-48.31,-48.31
-48.19,-48.19
-48.25,-48.25
-48.31,-48.31
-47.88,-47.88
-47.0,-47.0
-46.56,-46.56
-46.63,-46.63
-47.41,-47.41
-48.47,-48.47
-48.75,-48.75
-48.5,-48.5
-47.78,-47.78
-47.03,-47.03
-46.53,-46.53
-46.56,-46.56
-46.31,-46.31
-46.06,-46.06
-45.56,-45.56
-44.78,-44.78
-43.53,-43.53
-41.78,-41.78
-40.03,-40.03
-38.53,-38.53
-38.06,-38.06
-38.09,-38.09
-38.34,-38.34
-38.63,-38.63
-38.38,-38.38
-37.84,-37.84
-37.09,-37.09
-37.09,-37.09
-37.84,-37.84
-38.81,-38.81
-39.53,-39.53
-39.47,-39.47
-38.69,-38.69
-37.38,-37.38
-36.31,-36.31
-35.28,-35.28
-34.5,-34.5
-33.97,-33.97
-32.91,-32.91
-31.87,-31.87
-30.12,-30.12
-28.09,-28.09
-25.84,-25.84
-24.34,-24.34
-23.87,-23.87
-24.66,-24.66
-25.66,-25.66
-25.91,-25.91
-25.16,-25.16
-23.16,-23.16
-20.69,-20.69
-18.22,-18.22
-16.5,-16.5
-15.31,-15.31
-14.91,-14.91
-14.47,-14.47
-14.31,-14.31
-13.88,-13.88
-13.47,-13.47
-12.53,-12.53
-11.88,-11.88
-11.22,-11.22
-10.56,-10.56
-9.66,-9.66
-8.77,-8.77
-7.37,-7.37
-6.0,-6.0
-4.39,-4.39
-3.03,-3.03
-1.95,-1.95
-1.62,-1.62
-1.8,-1.8
-1.97,-1.97
-2.14,-2.14
-2.56,-2.56
-2.22,-2.22
-0.89,-0.89
1.19,1.19
3.73,3.73
6.27,6.27
8.02,8.02
9.25,9.25
9.47,9.47
9.44,9.44
10.41,10.41
11.63,11.63
13.06,13.06
14.5,14.5
15.66,15.66
16.56,16.56
16.95,16.95
17.84,17.84
18.97,18.97
20.83,20.83
23.17,23.17
25.23,25.23
27.53,27.53
29.55,29.55
31.3,31.3
33.02,33.02
34.22,34.22
34.66,34.66
34.59,34.59
34.27,34.27
33.94,33.94
33.86,33.86
34.77,34.77
36.67,36.67
39.8,39.8
43.4,43.4
46.45,46.45
48.22,48.22
48.97,48.97
49.45,49.45
49.67,49.67
50.13,50.13
50.33,50.33
50.02,50.02
49.96,49.96
49.89,49.89
50.06,50.06
50.72,50.72
52.12,52.12
53.75,53.75
55.35,55.35
56.18,56.18
56.5,56.5
56.05,56.05
55.85,55.85
55.64,55.64
55.93,55.93
56.96,56.96
58.47,58.47
60.2,60.2
61.66,61.66
61.84,61.84
61.27,61.27
60.2,60.2
59.37,59.37
59.29,59.29
59.95,59.95
60.35,60.35
60.48,60.48
59.86,59.86
59.23,59.23
58.1,58.1
57.48,57.48
56.84,56.84
56.2,56.2
55.31,55.31
54.18,54.18
52.79,52.79
51.91,51.91
52.03,52.03
52.89,52.89
54.23,54.23
55.55,55.55
55.86,55.86
55.14,55.14
53.44,53.44
51.98,51.98
51.28,51.28
51.09,51.09
50.89,50.89
49.67,49.67
47.97,47.97
45.52,45.52
42.83,42.83
41.17,41.17
41.02,41.02
42.34,42.34
44.67,44.67
46.22,46.22
46.48,46.48
45.25,45.25
43.77,43.77
42.28,42.28
41.06,41.06
40.36,40.36
40.14,40.14
40.42,40.42
40.69,40.69
40.7,40.7
40.47,40.47
39.47,39.47
38.22,38.22
36.48,36.48
34.77,34.77
33.3,33.3
32.83,32.83
32.63,32.63
32.42,32.42
31.7,31.7
29.98,29.98
27.78,27.78
26.09,26.09
25.42,25.42
25.5,25.5
26.08,26.08
26.39,26.39
26.2,26.2
26.0,26.0
26.05,26.05
25.86,25.86
25.39,25.39
24.19,24.19
22.75,22.75
21.31,21.31
20.64,20.64
20.47,20.47
21.28,21.28
22.84,22.84
24.39,24.39
25.17,25.17
24.69,24.69
22.47,22.47
19.75,19.75
17.56,17.56
16.62,16.62
16.95,16.95
17.78,17.78
18.59,18.59
19.41,19.41
19.95,19.95
20.73,20.73
21.27,21.27
22.03,22.03
23.03,23.03
23.78,23.78
24.27,24.27
25.25,25.25
25.95,25.95
26.66,26.66
27.36,27.36
28.03,28.03
28.95,28.95
30.11,30.11
31.02,31.02
31.14,31.14
31.02,31.02
30.14,30.14
29.52,29.52
29.39,29.39
29.77,29.77
30.37,30.37
31.48,31.48
32.06,32.06
32.41,32.41
31.47,31.47
29.55,29.55
26.64,26.64
23.25,23.25
20.89,20.89
19.55,19.55
19.2,19.2
19.62,19.62
20.28,20.28
20.94,20.94
21.08,21.08
20.97,20.97
20.34,20.34
19.98,19.98
19.87,19.87
20.27,20.27
20.64,20.64
21.02,21.02
20.87,20.87
20.48,20.48
20.11,20.11
19.97,19.97
19.83,19.83
19.7,19.7
19.56,19.56
19.16,19.16
18.27,18.27
17.14,17.14
16.02,16.02
15.39,15.39
15.77,15.77
16.14,16.14
16.77,16.77
17.14,17.14
16.73,16.73
15.85,15.85
15.21,15.21
14.58,14.58
14.45,14.45
14.57,14.57
14.69,14.69
14.55,14.55
14.41,14.41
14.27,14.27
14.13,14.13
13.49,13.49
12.36,12.36
9.98,9.98
6.12,6.12
1.05,1.05
-4.48,-4.48
-9.45,-9.45
-13.13,-13.13
-15.27,-15.27
-16.4,-16.4
-16.51,-16.51
-15.86,-15.86
-14.22,-14.22
-11.34,-11.34
-8.24,-8.24
-5.66,-5.66
-4.36,-4.36
-4.31,-4.31
-4.52,-4.52
-4.73,-4.73
-4.93,-4.93
-4.37,-4.37
-2.84,-2.84
-0.05,-0.05
4.21,4.21
7.92,7.92
10.11,10.11
9.27,9.27
6.69,6.69
3.87,3.87
1.59,1.59
1.33,1.33
2.06,2.06
3.05,3.05
3.77,3.77
4.48,4.48
5.69,5.69
7.38,7.38
9.56,9.56
10.97,10.97
11.36,11.36
11.0,11.0
9.89,9.89
8.04,8.04
5.95,5.95
3.88,3.88
2.83,2.83
2.54,2.54
2.75,2.75
3.21,3.21
3.41,3.41
3.62,3.62
3.81,3.81
3.51,3.51
2.96,2.96
1.91,1.91
0.63,0.63
-0.4,-0.4
-1.16,-1.16
-1.42,-1.42
-0.93,-0.93
0.56,0.56
2.29,2.29
3.5,3.5
3.95,3.95
2.89,2.89
1.59,1.59
-0.19,-0.19
-1.46,-1.46
-2.22,-2.22
-2.72,-2.72
-2.72,-2.72
-2.46,-2.46
-2.21,-2.21
-2.46,-2.46
-3.7,-3.7
-5.69,-5.69
-8.15,-8.15
-9.59,-9.59
-9.02,-9.02
-6.2,-6.2
-2.66,-2.66
0.11,0.11
0.84,0.84
-0.43,-0.43
-3.19,-3.19
-6.17,-6.17
-9.12,-9.12
-11.8,-11.8
-13.45,-13.45
-14.58,-14.58
-14.95,-14.95
-15.06,-15.06
-15.18,-15.18
-15.28,-15.28
-15.64,-15.64
-15.73,-15.73
-16.08,-16.08
-16.17,-16.17
-16.26,-16.26
-16.09,-16.09
-16.18,-16.18
-16.5,-16.5
-17.08,-17.08
-17.39,-17.39
-17.7,-17.7
-17.76,-17.76
-17.31,-17.31
-16.36,-16.36
-15.42,-15.42
-14.49,-14.49
-14.31,-14.31
-14.63,-14.63
-15.2,-15.2
-15.01,-15.01
-13.81,-13.81
-11.88,-11.88
-9.97,-9.97
-8.56,-8.56
-7.92,-7.92
-8.29,-8.29
-9.4,-9.4
-11.0,-11.0
-12.58,-12.58
-13.65,-13.65
-13.7,-13.7
-13.26,-13.26
-12.55,-12.55
-11.87,-11.87
-11.18,-11.18
-11.25,-11.25
-11.56,-11.56
-12.38,-12.38
-13.42,-13.42
-14.21,-14.21
-14.49,-14.49
-14.52,-14.52
-14.3,-14.3
-14.32,-14.32
-14.09,-14.09
-13.86,-13.86
-13.13,-13.13
-12.16,-12.16
-10.69,-10.69
-9.23,-9.23
-8.29,-8.29
-8.35,-8.35
-8.91,-8.91
-10.47,-10.47
-12.01,-12.01
-13.28,-13.28
-13.54,-13.54
-12.8,-12.8
-11.55,-11.55
-10.58,-10.58
-10.1,-10.1
-10.88,-10.88
-11.66,-11.66
-12.16,-12.16
-12.17,-12.17
-12.43,-12.43
-12.68,-12.68
-13.17,-13.17
-13.66,-13.66
-14.14,-14.14
-14.37,-14.37
-14.84,-14.84
-15.3,-15.3
-15.27,-15.27
-14.72,-14.72
-13.93,-13.93
-12.65,-12.65
-11.62,-11.62
-11.36,-11.36
-11.83,-11.83
-13.06,-13.06
-14.53,-14.53
-16.22,-16.22
-17.41,-17.41
-18.56,-18.56
-18.97,-18.97
-18.87,-18.87
-18.27,-18.27
-17.41,-17.41
-16.81,-16.81
-16.22,-16.22
-15.38,-15.38
-14.3,-14.3
-13.47,-13.47
-12.64,-12.64
-12.83,-12.83
-13.25,-13.25
-13.42,-13.42
-12.84,-12.84
-11.52,-11.52
-10.2,-10.2
-9.64,-9.64
-9.84,-9.84
-10.53,-10.53
-11.47,-11.47
-12.14,-12.14
-12.56,-12.56
-13.22,-13.22
-13.88,-13.88
-14.78,-14.78
-15.16,-15.16
-15.05,-15.05
-14.92,-14.92
-14.55,-14.55
-14.17,-14.17
-13.8,-13.8
-13.44,-13.44
-13.06,-13.06
-12.95,-12.95
-13.08,-13.08
-13.72,-13.72
-14.09,-14.09
-14.2,-14.2
-13.81,-13.81
-13.19,-13.19
-12.55,-12.55
-12.42,-12.42
-12.8,-12.8
-13.66,-13.66
-14.77,-14.77
-16.36,-16.36
-17.94,-17.94
-18.75,-18.75
-19.05,-19.05
-18.84,-18.84
-18.64,-18.64
-18.92,-18.92
-19.97,-19.97
-21.73,-21.73
-23.73,-23.73
-25.97,-25.97
-27.69,-27.69
-29.12,-29.12
-30.55,-30.55
-31.19,-31.19
-31.59,-31.59
-31.47,-31.47
-31.36,-31.36
-31.23,-31.23
-31.11,-31.11
-30.72,-30.72
-30.34,-30.34
-29.7,-29.7
-29.08,-29.08
-28.7,-28.7
-28.32,-28.32
-27.94,-27.94
-27.05,-27.05
-25.92,-25.92
-24.55,-24.55
-23.69,-23.69
-22.83,-22.83
-22.23,-22.23
-21.62,-21.62
-21.02,-21.02
-20.18,-20.18
-18.84,-18.84
-17.5,-17.5
-15.93,-15.93
-14.87,-14.87
-14.31,-14.31
-14.26,-14.26
-14.2,-14.2
-14.4,-14.4
-14.59,-14.59
-14.53,-14.53
-13.96,-13.96
-12.9,-12.9
-11.85,-11.85
-10.8,-10.8
-10.02,-10.02
-9.73,-9.73
-9.2,-9.2
-8.67,-8.67
-8.4,-8.4
-7.87,-7.87
-8.11,-8.11
-8.34,-8.34
-9.05,-9.05
-10.02,-10.02
-10.98,-10.98
-11.17,-11.17
-10.62,-10.62
-9.56,-9.56
-8.27,-8.27
-6.98,-6.98
-5.7,-5.7
-4.69,-4.69
-3.68,-3.68
-2.94,-2.94
-1.95,-1.95
-0.96,-0.96
0.27,0.27
1.23,1.23
1.43,1.43
1.38,1.38
1.33,1.33
1.78,1.78
2.98,2.98
4.66,4.66
6.09,6.09
6.49,6.49
6.39,6.39
6.04,6.04
5.95,5.95
6.1,6.1
6.25,6.25
6.15,6.15
6.05,6.05
5.95,5.95
6.1,6.1
5.99,5.99
6.14,6.14
6.29,6.29
5.93,5.93
5.57,5.57
5.46,5.46
5.61,5.61
6.26,6.26
7.14,7.14
8.27,8.27
8.89,8.89
9.5,9.5
9.61,9.61
9.71,9.71
10.55,10.55
12.14,12.14
13.97,13.97
15.77,15.77
16.55,16.55
16.08,16.08
14.86,14.86
13.14,13.14
11.44,11.44
10.26,10.26
9.58,9.58
9.66,9.66
9.73,9.73
9.81,9.81
9.63,9.63
9.45,9.45
9.02,9.02
8.34,8.34
7.67,7.67
7.01,7.01
6.6,6.6
6.44,6.44
6.53,6.53
7.12,7.12
7.96,7.96
8.53,8.53
9.1,9.1
9.41,9.41
9.47,9.47
9.77,9.77
10.08,10.08
10.62,10.62
11.16,11.16
11.2,11.2
10.48,10.48
9.02,9.02
7.32,7.32
6.63,6.63
7.45,7.45
9.51,9.51
11.55,11.55
12.82,12.82
12.82,12.82
12.58,12.58
11.83,11.83
11.59,11.59
11.6,11.6
11.61,11.61
11.61,11.61
10.87,10.87
10.13,10.13
9.39,9.39
9.16,9.16
9.93,9.93
10.95,10.95
11.95,11.95
12.69,12.69
13.42,13.42
13.89,13.89
14.36,14.36
14.57,14.57
15.27,15.27
15.72,15.72
15.91,15.91
16.1,16.1
16.03,16.03
15.96,15.96
16.14,16.14
16.31,16.31
16.73,16.73
16.9,16.9
17.31,17.31
17.96,17.96
18.61,18.61
18.99,18.99
18.87,18.87
19.0,19.0
18.87,18.87
19.0,19.0
18.87,18.87
18.98,18.98
19.1,19.1
18.46,18.46
17.57,17.57
16.44,16.44
15.31,15.31
14.45,14.45
14.34,14.34
14.47,14.47
14.86,14.86
15.23,15.23
15.61,15.61
15.48,15.48
15.34,15.34
14.71,14.71
13.82,13.82
12.7,12.7
11.58,11.58
10.47,10.47
9.63,9.63
9.28,9.28
9.19,9.19
9.84,9.84
10.5,10.5
11.39,11.39
12.27,12.27
12.89,12.89
13.01,13.01
12.62,12.62
11.23,11.23
9.86,9.86
8.74,8.74
7.89,7.89
7.04,7.04
6.2,6.2
5.11,5.11
3.54,3.54
1.97,1.97
0.67,0.67
0.14,0.14
0.11,0.11
0.82,0.82
2.04,2.04
3.98,3.98
5.67,5.67
7.33,7.33
8.48,8.48
9.12,9.12
9.0,9.0
8.88,8.88
8.76,8.76
8.89,8.89
9.27,9.27
9.39,9.39
9.51,9.51
9.63,9.63
9.99,9.99
10.1,10.1
10.21,10.21
10.31,10.31
10.16,10.16
9.52,9.52
8.37,8.37
6.74,6.74
5.37,5.37
4.76,4.76
4.41,4.41
4.55,4.55
4.7,4.7
4.85,4.85
4.74,4.74
5.13,5.13
6.02,6.02
6.65,6.65
7.27,7.27
7.39,7.39
7.5,7.5
8.11,8.11
9.22,9.22
11.06,11.06
12.89,12.89
14.69,14.69
15.73,15.73
16.01,16.01
15.53,15.53
14.3,14.3
13.08,13.08
12.62,12.62
12.67,12.67
13.21,13.21
13.99,13.99
14.76,14.76
15.28,15.28
15.04,15.04
14.8,14.8
14.05,14.05
13.32,13.32
12.58,12.58
11.86,11.86
11.13,11.13
9.92,9.92
8.71,8.71
7.51,7.51
6.57,6.57
5.14,5.14
3.22,3.22
1.57,1.57
0.18,0.18
-0.69,-0.69
-1.56,-1.56
-2.42,-2.42
-3.27,-3.27
-3.61,-3.61
-3.95,-3.95
-4.53,-4.53
-5.36,-5.36
-6.43,-6.43
-7.24,-7.24
-8.54,-8.54
-10.08,-10.08
-11.6,-11.6
-13.35,-13.35
-14.59,-14.59
-15.82,-15.82
-16.78,-16.78
-17.98,-17.98
-19.41,-19.41
-20.33,-20.33
-20.99,-20.99
-21.39,-21.39
-21.54,-21.54
-21.67,-21.67
-21.56,-21.56
-21.44,-21.44
-21.07,-21.07
-21.2,-21.2
-21.32,-21.32
-21.94,-21.94
-22.55,-22.55
-23.41,-23.41
-24.0,-24.0
-24.83,-24.83
-25.65,-25.65
-26.46,-26.46
-27.01,-27.01
-27.55,-27.55
-27.58,-27.58
-27.35,-27.35
-26.87,-26.87
-25.9,-25.9
-25.43,-25.43
-25.21,-25.21
-25.23,-25.23
-25.26,-25.26
-25.03,-25.03
-24.54,-24.54
-24.31,-24.31
-24.58,-24.58
-25.34,-25.34
-26.09,-26.09
-26.58,-26.58
-26.81,-26.81
-26.53,-26.53
-26.01,-26.01
-25.48,-25.48
-24.96,-24.96
-24.93,-24.93
-24.65,-24.65
-24.37,-24.37
-24.09,-24.09
-23.56,-23.56
-23.03,-23.03
-22.5,-22.5
-22.22,-22.22
-21.7,-21.7
-21.17,-21.17
-20.65,-20.65
-20.62,-20.62
-21.35,-21.35
-22.56,-22.56
-23.76,-23.76
-24.7,-24.7
-25.37,-25.37
-26.03,-26.03
-26.18,-26.18
-25.83,-25.83
-25.23,-25.23
-24.63,-24.63
-24.28,-24.28
-24.18,-24.18
-24.32,-24.32
-24.21,-24.21
-23.35,-23.35
-22.0,-22.0
-19.9,-19.9
-17.82,-17.82
-15.5,-15.5
-13.71,-13.71
-12.18,-12.18
-11.16,-11.16
-10.64,-10.64
-10.38,-10.38
-9.88,-9.88
-8.87,-8.87
-7.37,-7.37
-5.64,-5.64
-3.92,-3.92
-1.97,-1.97
0.22,0.22
2.39,2.39
4.54,4.54
6.66,6.66
9.02,9.02
11.35,11.35
13.66,13.66
15.2,15.2
16.22,16.22
16.48,16.48
15.98,15.98
14.99,14.99
14.0,14.0
13.52,13.52
13.54,13.54
14.06,14.06
14.58,14.58
15.58,15.58
16.58,16.58
17.31,17.31
16.79,16.79
15.51,15.51
13.99,13.99
12.24,12.24
11.0,11.0
10.27,10.27
9.8,9.8
9.08,9.08
8.11,8.11
7.16,7.16
6.45,6.45
5.76,5.76
5.32,5.32
5.38,5.38
6.2,6.2
7.5,7.5
8.79,8.79
9.32,9.32
9.09,9.09
8.61,8.61
8.13,8.13
9.16,9.16
10.93,10.93
12.93,12.93
14.16,14.16
13.63,13.63
12.09,12.09
10.32,10.32
9.07,9.07
8.57,8.57
8.59,8.59
8.34,8.34
8.1,8.1
8.36,8.36
8.62,8.62
9.37,9.37
10.11,10.11
10.85,10.85
11.32,11.32
11.55,11.55
10.76,10.76
8.98,8.98
7.47,7.47
6.72,6.72
7.23,7.23
8.48,8.48
9.72,9.72
10.7,10.7
11.16,11.16
10.87,10.87
10.58,10.58
10.29,10.29
10.0,10.0
9.71,9.71
9.43,9.43
9.39,9.39
9.11,9.11
8.82,8.82
8.29,8.29
7.51,7.51
7.23,7.23
7.46,7.46
8.44,8.44
10.65,10.65
13.34,13.34
16.26,16.26
18.89,18.89
20.26,20.26
20.35,20.35
19.44,19.44
17.78,17.78
16.39,16.39
15.51,15.51
14.88,14.88
15.02,15.02
15.63,15.63
16.75,16.75
17.86,17.86
19.2,19.2
20.52,20.52
22.09,22.09
22.87,22.87
23.16,23.16
23.43,23.43
23.45,23.45
23.72,23.72
23.98,23.98
23.73,23.73
22.98,22.98
22.24,22.24
21.75,21.75
20.26,20.26
16.78,16.78
11.84,11.84
7.93,7.93
7.05,7.05
7.94,7.94
7.32,7.32
3.7,3.7
-1.14,-1.14
-4.18,-4.18
-5.2,-5.2
-6.7,-6.7
-9.94,-9.94
-13.4,-13.4
-15.07,-15.07
-15.23,-15.23
-16.14,-16.14
-19.78,-19.78
-26.13,-26.13
-32.43,-32.43
-37.66,-37.66
-42.84,-42.84
-48.46,-48.46
-54.03,-54.03
-57.04,-57.04
-57.26,-57.26
-57.22,-57.22
-58.92,-58.92
-62.6,-62.6
-65.23,-65.23
-64.84,-64.84
-62.68,-62.68
-62.29,-62.29
-63.88,-63.88
-65.71,-65.71
-66.01,-66.01
-66.29,-66.29
-68.81,-68.81
-74.05,-74.05
-78.48,-78.48
-78.86,-78.86
-75.48,-75.48
-72.36,-72.36
-72.51,-72.51
-74.89,-74.89
-76.25,-76.25
-76.08,-76.08
-78.15,-78.15
-85.44,-85.44
-94.9,-94.9
-100.01,-100.01
-95.8,-95.8
-85.62,-85.62
-76.27,-76.27
-69.5,-69.5
-62.78,-62.78
-52.86,-52.86
-40.02,-40.02
-27.29,-27.29
-17.42,-17.42
-12.4,-12.4
-13.16,-13.16
-18.42,-18.42
-25.37,-25.37
-32.02,-32.02
-37.34,-37.34
-42.85,-42.85
-50.32,-50.32
-60.95,-60.95
-74.98,-74.98
-92.37,-92.37
-111.59,-111.59
-131.37,-131.37
-150.44,-150.44
-168.08,-168.08
-183.27,-183.27
-196.03,-196.03
-205.67,-205.67
-211.67,-211.67
-214.34,-214.34
-214.22,-214.22
-211.3,-211.3
-206.37,-206.37
-199.22,-199.22
-188.59,-188.59
-174.8,-174.8
-157.59,-157.59
-138.78,-138.78
-121.61,-121.61
-108.33,-108.33
-97.39,-97.39
-83.06,-83.06
-62.83,-62.83
-40.53,-40.53
-21.19,-21.19
-6.77,-6.77
4.55,4.55
16.22,16.22
29.06,29.06
43.28,43.28
57.09,57.09
69.53,69.53
79.59,79.59
87.31,87.31
93.19,93.19
98.0,98.0
102.75,102.75
107.94,107.94
113.56,113.56
120.62,120.62
129.87,129.87
144.0,144.0
162.22,162.22
178.75,178.75
185.09,185.09
177.87,177.87
161.66,161.66
145.09,145.09
132.41,132.41
121.56,121.56
109.56,109.56
95.62,95.62
81.31,81.31
68.87,68.87
60.31,60.31
55.03,55.03
51.81,51.81
50.09,50.09
48.66,48.66
47.72,47.72
48.03,48.03
49.81,49.81
53.59,53.59
58.84,58.84
64.75,64.75
70.87,70.87
76.91,76.91
83.16,83.16
88.81,88.81
94.41,94.41
99.19,99.19
104.16,104.16
109.06,109.06
114.16,114.16
118.44,118.44
122.16,122.16
126.34,126.34
130.22,130.22
132.78,132.78
133.03,133.03
131.03,131.03
128.03,128.03
126.28,126.28
126.53,126.53
129.25,129.25
131.44,131.44
130.34,130.34
125.97,125.97
122.62,122.62
127.03,127.03
145.41,145.41
181.31,181.31
231.37,231.37
285.94,285.94
337.22,337.22
385.25,385.25
435.75,435.75
496.0,496.0
567.09,567.09
641.72,641.72
706.06,706.06
745.97,745.97
755.41,755.41
738.12,738.12
704.91,704.91
666.87,666.87
632.84,632.84
606.0,606.0
585.59,585.59
569.03,569.03
553.03,553.03
535.56,535.56
516.22,516.22
495.44,495.44
474.53,474.53
454.28,454.28
434.84,434.84
416.31,416.31
398.59,398.59
381.25,381.25
364.27,364.27
347.12,347.12
330.08,330.08
313.39,313.39
296.81,296.81
280.84,280.84
264.97,264.97
249.45,249.45
234.55,234.55
219.48,219.48
205.03,205.03
190.67,190.67
176.42,176.42
162.77,162.77
149.22,149.22
135.77,135.77
122.93,122.93
110.18,110.18
97.53,97.53
85.49,85.49
73.29,73.29
61.69,61.69
50.18,50.18
38.78,38.78
27.72,27.72
17.02,17.02
6.39,6.39
-3.87,-3.87
-13.78,-13.78
-23.89,-23.89
-33.38,-33.38
-42.75,-42.75
-52.06,-52.06
-61.03,-61.03
-69.87,-69.87
-78.41,-78.41
-86.59,-86.59
-94.69,-94.69
-102.72,-102.72
-110.37,-110.37
-117.97,-117.97
-125.47,-125.47
-132.41,-132.41
-139.47,-139.47
-146.19,-146.19
-152.87,-152.87
-159.19,-159.19
-165.44,-165.44
-171.31,-171.31
-177.19,-177.19
-182.94,-182.94
-188.31,-188.31
-193.69,-193.69
-198.69,-198.69
-203.87,-203.87
-208.5,-208.5
-213.25,-213.25
-217.75,-217.75
-222.12,-222.12
-226.19,-226.19
-230.19,-230.19
-234.12,-234.12
-237.69,-237.69
-241.5,-241.5
-244.69,-244.69
-248.06,-248.06
-251.19,-251.19
-254.19,-254.19
-257.12,-257.12
-259.75,-259.75
-262.31,-262.31
-264.81,-264.81
-267.0,-267.0
-269.37,-269.37
-271.44,-271.44
-273.19,-273.19
-275.12,-275.12
-276.75,-276.75
-278.31,-278.31
-279.87,-279.87
-281.12,-281.12
-282.25,-282.25
-283.37,-283.37
-284.5,-284.5
-285.5,-285.5
-286.12,-286.12
-286.75,-286.75
-287.37,-287.37
-288.0,-288.0
-288.25,-288.25
-288.62,-288.62
-288.87,-288.87
-289.0,-289.0
-288.75,-288.75
-288.87,-288.87
-288.5,-288.5
-288.5,-288.5
-288.12,-288.12
-287.5,-287.5
-287.12,-287.12
-286.37,-286.37
-285.62,-285.62
-285.12,-285.12
-284.5,-284.5
-283.37,-283.37
-282.25,-282.25
-281.62,-281.62
-280.37,-280.37
-279.12,-279.12
-277.87,-277.87
-276.5,-276.5
-275.12,-275.12
-273.87,-273.87
-271.87,-271.87
-270.5,-270.5
-269.0,-269.0
-267.12,-267.12
-265.62,-265.62
-263.5,-263.5
-262.0,-262.0
-260.0,-260.0
-257.87,-257.87
-256.25,-256.25
-254.12,-254.12
-252.0,-252.0
-249.75,-249.75
-247.62,-247.62
-245.37,-245.37
-243.12,-243.12
-240.87,-240.87
-238.12,-238.12
-235.87,-235.87
-233.62,-233.62
-231.25,-231.25
-228.5,-228.5
-226.12,-226.12
-223.37,-223.37
-221.0,-221.0
-218.12,-218.12
-215.75,-215.75
-212.87,-212.87
-210.5,-210.5
-207.62,-207.62
-204.75,-204.75
-201.87,-201.87
-199.5,-199.5
-196.5,-196.5
-193.62,-193.62
-190.75,-190.75
-187.75,-187.75
-184.87,-184.87
-182.0,-182.0
-179.0,-179.0
-176.12,-176.12
-173.25,-173.25
-170.25,-170.25
-167.37,-167.37
-164.44,-164.44
-161.5,-161.5
-158.56,-158.56
-155.19,-155.19
-152.25,-152.25
-149.37,-149.37
-146.5,-146.5
-143.06,-143.06
-140.19,-140.19
-136.81,-136.81
-133.94,-133.94
-131.06,-131.06
-127.75,-127.75
-124.87,-124.87
-121.56,-121.56
-118.75,-118.75
-115.44,-115.44
-112.62,-112.62
-109.31,-109.31
-106.5,-106.5
-103.25,-103.25
-100.5,-100.5
-97.25,-97.25
-94.5,-94.5
-91.31,-91.31
-88.06,-88.06
-85.37,-85.37
-82.19,-82.19
-79.06,-79.06
-76.37,-76.37
-73.25,-73.25
-70.12,-70.12
-67.56,-67.56
-64.44,-64.44
-61.38,-61.38
-58.81,-58.81
-55.81,-55.81
-54.81,-54.81
-64.75,-64.75
-109.69,-109.69
-218.62,-218.62
-396.06,-396.06
-588.31,-588.31
-694.22,-694.22
-642.03,-642.03
-444.25,-444.25
-192.22,-192.22
-12.94,-12.94
-8.28,-8.28
-194.19,-194.19
-487.87,-487.87
-768.78,-768.78
-947.03,-947.03
-993.5,-993.5
-935.87,-935.87
-828.66,-828.66
-722.78,-722.78
-647.77,-647.77
-609.84,-609.84
-597.17,-597.17
-593.53,-593.53
-585.33,-585.33
-566.61,-566.61
-536.48,-536.48
-491.04,-491.04
-417.45,-417.45
-294.46,-294.46
-116.05,-116.05
70.75,70.75
185.33,185.33
196.34,196.34
164.71,164.71
179.35,179.35
268.33,268.33
371.95,371.95
396.08,396.08
317.42,317.42
212.45,212.45
182.87,182.87
264.56,264.56
418.47,418.47
576.87,576.87
684.78,684.78
722.09,722.09
692.94,692.94
596.47,596.47
421.28,421.28
191.62,191.62
-22.5,-22.5
-142.09,-142.09
-121.12,-121.12
19.69,19.69
209.69,209.69
385.94,385.94
520.56,520.56
606.31,606.31
647.25,647.25
653.19,653.19
638.44,638.44
615.75,615.75
595.19,595.19
580.25,580.25
570.81,570.81
565.37,565.37
559.94,559.94
553.94,553.94
545.44,545.44
535.87,535.87
525.37,525.37
515.37,515.37
506.37,506.37
497.37,497.37
489.37,489.37
481.44,481.44
469.94,469.94
437.0,437.0
345.31,345.31
167.87,167.87
-76.44,-76.44
-325.56,-325.56
-511.31,-511.31
-599.31,-599.31
-594.37,-594.37
-531.44,-531.44
-451.0,-451.0
-383.69,-383.69
-343.0,-343.0
-325.62,-325.62
-321.25,-321.25
-318.0,-318.0
-308.62,-308.62
-291.37,-291.37
-268.62,-268.62
-243.62,-243.62
-211.37,-211.37
-140.75,-140.75
9.13,9.13
245.75,245.75
517.12,517.12
748.37,748.37
887.0,887.0
922.12,922.12
881.87,881.87
808.37,808.37
738.87,738.87
693.87,693.87
676.25,676.25
675.62,675.62
680.37,680.37
680.5,680.5
672.62,672.62
657.12,657.12
637.62,637.62
618.75,618.75
602.0,602.0
588.25,588.25
576.62,576.62
565.5,565.5
554.25,554.25
542.62,542.62
530.62,530.62
517.5,517.5
505.0,505.0
492.5,492.5
481.0,481.0
469.12,469.12
458.25,458.25
446.87,446.87
435.5,435.5
424.75,424.75
413.5,413.5
402.75,402.75
392.12,392.12
381.5,381.5
371.37,371.37
360.87,360.87
350.87,350.87
340.87,340.87
330.87,330.87
321.0,321.0
311.62,311.62
302.37,302.37
292.5,292.5
283.87,283.87
274.62,274.62
265.5,265.5
256.87,256.87
247.75,247.75
239.25,239.25
230.75,230.75
222.37,222.37
214.0,214.0
206.12,206.12
197.75,197.75
190.0,190.0
182.31,182.31
174.62,174.62
167.0,167.0
159.87,159.87
152.31,152.31
144.81,144.81
137.87,137.87
130.94,130.94
124.06,124.06
117.25,117.25
110.44,110.44
104.19,104.19
97.5,97.5
90.87,90.87
84.75,84.75
78.69,78.69
72.69,72.69
66.69,66.69
60.75,60.75
54.88,54.88
49.56,49.56
43.75,43.75
38.5,38.5
32.81,32.81
27.62,27.62
22.5,22.5
17.44,17.44
12.38,12.38
7.37,7.37
2.44,2.44
-2.44,-2.44
-6.81,-6.81
-11.63,-11.63
-15.88,-15.88
-20.09,-20.09
-24.78,-24.78
-28.94,-28.94
-33.03,-33.03
-37.06,-37.06
-41.09,-41.09
-44.56,-44.56
-48.5,-48.5
-52.38,-52.38
-56.22,-56.22
-59.5,-59.5
-62.78,-62.78
-66.5,-66.5
-69.69,-69.69
-72.81,-72.81
-76.41,-76.41
-79.47,-79.47
-82.48,-82.48
-85.45,-85.45
-88.39,-88.39
-90.78,-90.78
-93.64,-93.64
-96.45,-96.45
-99.23,-99.23
-101.47,-101.47
-104.17,-104.17
-106.33,-106.33
-108.95,-108.95
-111.04,-111.04
-113.09,-113.09
-115.1,-115.1
-117.58,-117.58
-119.52,-119.52
-121.42,-121.42
-123.28,-123.28
-125.11,-125.11
-126.91,-126.91
-128.66,-128.66
-130.39,-130.39
-131.57,-131.57
-133.23,-133.23
-134.85,-134.85
-136.44,-136.44
-137.49,-137.49
-139.01,-139.01
-140.0,-140.0
-141.45,-141.45
-142.37,-142.37
-143.77,-143.77
-144.62,-144.62
-145.45,-145.45
-146.75,-146.75
-147.52,-147.52
-148.23,-148.23
-148.95,-148.95
-150.12,-150.12
-150.77,-150.77
-151.37,-151.37
-151.97,-151.97
-152.52,-152.52
-153.05,-153.05
-153.55,-153.55
-154.03,-154.03
-154.47,-154.47
-154.87,-154.87
-155.28,-155.28
-155.66,-155.66
-155.97,-155.97
-155.78,-155.78
-156.06,-156.06
-155.84,-155.84
-156.09,-156.09
-155.78,-155.78
-156.0,-156.0
-156.16,-156.16
-155.81,-155.81
-155.91,-155.91
-155.53,-155.53
-155.59,-155.59
-155.16,-155.16
-155.19,-155.19
-154.69,-154.69
-154.69,-154.69
-154.16,-154.16
-153.62,-153.62
-153.53,-153.53
-152.94,-152.94
-152.34,-152.34
-152.22,-152.22
-151.56,-151.56
-150.91,-150.91
-150.72,-150.72
-150.03,-150.03
-149.31,-149.31
-148.56,-148.56
-147.81,-147.81
-147.56,-147.56
-146.75,-146.75
-145.97,-145.97
-145.16,-145.16
-144.31,-144.31
-143.47,-143.47
-142.62,-142.62
-141.75,-141.75
-140.84,-140.84
-139.94,-139.94
-139.06,-139.06
-138.12,-138.12
-137.19,-137.19
-136.25,-136.25
-135.25,-135.25
-134.31,-134.31
-133.31,-133.31
-132.31,-132.31
-131.31,-131.31
-130.31,-130.31
-129.25,-129.25
-128.25,-128.25
-127.19,-127.19
-126.12,-126.12
-125.06,-125.06
-123.5,-123.5
-122.37,-122.37
-121.31,-121.31
-120.19,-120.19
-119.12,-119.12
-118.0,-118.0
-116.87,-116.87
-115.25,-115.25
-114.12,-114.12
-113.0,-113.0
-111.81,-111.81
-110.19,-110.19
-109.06,-109.06
-107.87,-107.87
-106.69,-106.69
-105.56,-105.56
-103.87,-103.87
-102.69,-102.69
-101.5,-101.5
-100.31,-100.31
-98.62,-98.62
-97.44,-97.44
-96.25,-96.25
-94.56,-94.56
-93.37,-93.37
-92.16,-92.16
-90.97,-90.97
-89.25,-89.25
-88.06,-88.06
-86.84,-86.84
-85.16,-85.16
-83.94,-83.94
-82.72,-82.72
-81.03,-81.03
-79.81,-79.81
-78.62,-78.62
-76.91,-76.91
-75.72,-75.72
-74.5,-74.5
-72.81,-72.81
-71.59,-71.59
-70.41,-70.41
-68.72,-68.72
-67.53,-67.53
-66.34,-66.34
-64.62,-64.62
-63.44,-63.44
-62.28,-62.28
-60.59,-60.59
-59.41,-59.41
-57.72,-57.72
-56.56,-56.56
-55.41,-55.41
-53.75,-53.75
-52.59,-52.59
-51.44,-51.44
-49.78,-49.78
-48.63,-48.63
-47.5,-47.5
-45.84,-45.84
-44.72,-44.72
-43.09,-43.09
-41.97,-41.97
-40.88,-40.88
-39.25,-39.25
-38.16,-38.16
-37.06,-37.06
-35.47,-35.47
-34.38,-34.38
-32.81,-32.81
-31.75,-31.75
-30.66,-30.66
-29.12,-29.12
-28.06,-28.06
-27.03,-27.03
-25.47,-25.47
-24.44,-24.44
-23.44,-23.44
-21.91,-21.91
-20.91,-20.91
-19.41,-19.41
-18.41,-18.41
-17.44,-17.44
-15.97,-15.97
-15.0,-15.0
-14.03,-14.03
-12.58,-12.58
-11.64,-11.64
-10.7,-10.7
-9.28,-9.28
-8.36,-8.36
-6.95,-6.95
-6.06,-6.06
-5.17,-5.17
-3.78,-3.78
-2.92,-2.92
-2.05,-2.05
-0.7,-0.7
0.14,0.14
0.98,0.98
2.31,2.31
3.12,3.12
3.94,3.94
5.23,5.23
6.02,6.02
6.8,6.8
8.06,8.06
8.83,8.83
9.57,9.57
10.81,10.81
11.54,11.54
12.26,12.26
13.47,13.47
14.16,14.16
14.86,14.86
16.04,16.04
16.7,16.7
17.37,17.37
18.52,18.52
19.15,19.15
19.78,19.78
20.9,20.9
21.5,21.5
22.1,22.1
23.19,23.19
23.77,23.77
24.33,24.33
25.39,25.39
25.93,25.93
26.47,26.47
27.0,27.0
28.01,28.01
28.52,28.52
29.01,29.01
30.0,30.0
30.47,30.47
30.93,30.93
31.89,31.89
32.33,32.33
32.76,32.76
33.18,33.18
34.1,34.1
34.5,34.5
34.89,34.89
35.27,35.27
36.15,36.15
36.51,36.51
36.86,36.86
37.7,37.7
38.03,38.03
38.35,38.35
38.66,38.66
39.47,39.47
39.76,39.76
40.05,40.05
40.31,40.31
41.08,41.08
41.33,41.33
41.58,41.58
41.8,41.8
42.53,42.53
42.75,42.75
42.95,42.95
43.15,43.15
43.83,43.83
44.02,44.02
44.17,44.17
44.33,44.33
44.98,44.98
45.13,45.13
45.25,45.25
45.38,45.38
45.48,45.48
46.09,46.09
46.19,46.19
46.27,46.27
46.34,46.34
46.92,46.92
46.97,46.97
47.02,47.02
47.06,47.06
47.09,47.09
47.63,47.63
47.64,47.64
47.64,47.64
47.64,47.64
47.64,47.64
48.13,48.13
48.11,48.11
48.06,48.06
48.03,48.03
47.98,47.98
48.42,48.42
48.36,48.36
48.3,48.3
48.22,48.22
48.13,48.13
48.03,48.03
48.44,48.44
48.33,48.33
48.22,48.22
48.09,48.09
47.97,47.97
48.33,48.33
48.19,48.19
48.05,48.05
47.89,47.89
47.72,47.72
47.56,47.56
47.38,47.38
47.2,47.2
47.03,47.03
47.34,47.34
47.13,47.13
47.44,47.44
47.22,47.22
47.0,47.0
46.75,46.75
46.53,46.53
46.31,46.31
46.06,46.06
45.81,45.81
46.06,46.06
45.81,45.81
45.53,45.53
45.28,45.28
45.0,45.0
44.72,44.72
44.44,44.44
44.66,44.66
44.38,44.38
44.06,44.06
43.78,43.78
43.47,43.47
43.16,43.16
42.84,42.84
42.53,42.53
42.69,42.69
42.38,42.38
42.03,42.03
41.72,41.72
41.38,41.38
41.03,41.03
40.69,40.69
40.34,40.34
40.5,40.5
40.13,40.13
39.78,39.78
39.41,39.41
39.03,39.03
38.66,38.66
38.28,38.28
37.94,37.94
37.56,37.56
37.66,37.66
37.28,37.28
36.91,36.91
36.5,36.5
36.13,36.13
35.72,35.72
35.34,35.34
34.94,34.94
34.53,34.53
34.13,34.13
34.22,34.22
33.81,33.81
33.41,33.41
33.0,33.0
32.59,32.59
32.19,32.19
31.78,31.78
31.34,31.34
30.94,30.94
30.53,30.53
30.09,30.09
30.19,30.19
29.75,29.75
29.34,29.34
28.91,28.91
28.5,28.5
28.06,28.06
27.66,27.66
27.22,27.22
26.78,26.78
26.37,26.37
25.94,25.94
25.5,25.5
25.08,25.08
25.16,25.16
24.72,24.72
24.3,24.3
23.86,23.86
23.44,23.44
23.0,23.0
22.58,22.58
22.14,22.14
21.72,21.72
21.3,21.3
20.86,20.86
20.44,20.44
20.02,20.02
19.59,19.59
19.16,19.16
19.23,19.23
18.81,18.81
18.39,18.39
17.97,17.97
17.55,17.55
17.12,17.12
16.7,16.7
16.28,16.28
15.86,15.86
15.44,15.44
15.03,15.03
14.61,14.61
14.2,14.2
13.8,13.8
13.39,13.39
12.98,12.98
12.58,12.58
12.67,12.67
12.27,12.27
11.86,11.86
11.45,11.45
11.06,11.06
10.66,10.66
10.27,10.27
9.88,9.88
9.47,9.47
9.08,9.08
8.7,8.7
8.31,8.31
7.92,7.92
7.55,7.55
7.17,7.17
6.8,6.8
6.42,6.42
6.05,6.05
5.67,5.67
5.31,5.31
4.95,4.95
4.58,4.58
4.23,4.23
4.37,4.37
4.02,4.02
3.66,3.66
3.3,3.3
2.95,2.95
2.61,2.61
2.27,2.27
1.92,1.92
1.58,1.58
1.25,1.25
0.91,0.91
0.58,0.58
0.25,0.25
-0.06,-0.06
-0.39,-0.39
-0.71,-0.71
-1.02,-1.02
-1.34,-1.34
-1.65,-1.65
-1.95,-1.95
-2.26,-2.26
-2.55,-2.55
-2.85,-2.85
-3.15,-3.15
-3.44,-3.44
-3.73,-3.73
-4.01,-4.01
-4.29,-4.29
-4.57,-4.57
-4.84,-4.84
-5.12,-5.12
-5.38,-5.38
-5.65,-5.65
-5.91,-5.91
-5.67,-5.67
-5.93,-5.93
-6.19,-6.19
-6.44,-6.44
-6.69,-6.69
-6.93,-6.93
-8.18,-8.18
-11.91,-11.91
-23.1,-23.1
-47.69,-47.69
-91.05,-91.05
-153.0,-153.0
-226.36,-226.36
-301.01,-301.01
-365.44,-365.44
-414.72,-414.72
-448.99,-448.99
-473.88,-473.88
-495.47,-495.47
-515.79,-515.79
-537.84,-537.84
-564.12,-564.12
-596.57,-596.57
-636.12,-636.12
-678.23,-678.23
-714.85,-714.85
-738.52,-738.52
-742.37,-742.37
-727.56,-727.56
-699.29,-699.29
-664.16,-664.16
-629.26,-629.26
-598.09,-598.09
-571.09,-571.09
-548.27,-548.27
-526.58,-526.58
-504.98,-504.98
-482.53,-482.53
-459.2,-459.2
-436.02,-436.02
-412.47,-412.47
-390.09,-390.09
-368.34,-368.34
-347.73,-347.73
-327.78,-327.78
-307.94,-307.94
-288.25,-288.25
-268.69,-268.69
-249.78,-249.78
-231.0,-231.0
-212.84,-212.84
-194.81,-194.81
-177.44,-177.44
-160.19,-160.19
-143.56,-143.56
-127.09,-127.09
-111.22,-111.22
-95.5,-95.5
-80.44,-80.44
-65.44,-65.44
-50.56,-50.56
-36.38,-36.38
-22.25,-22.25
-8.81,-8.81
4.56,4.56
17.75,17.75
30.37,30.37
42.81,42.81
54.69,54.69
66.44,66.44
77.56,77.56
88.56,88.56
99.5,99.5
110.25,110.25
120.44,120.44
130.5,130.5
140.44,140.44
149.75,149.75
159.0,159.0
167.62,167.62
176.12,176.12
184.56,184.56
192.87,192.87
200.56,200.56
208.12,208.12
215.62,215.62
222.56,222.56
229.31,229.31
236.0,236.0
242.62,242.62
248.62,248.62
254.62,254.62
260.37,260.37
265.62,265.62
270.75,270.75
276.37,276.37
280.75,280.75
285.62,285.62
290.0,290.0
294.12,294.12
298.37,298.37
301.87,301.87
305.87,305.87
309.25,309.25
312.5,312.5
315.25,315.25
318.37,318.37
321.0,321.0
323.5,323.5
325.87,325.87
328.25,328.25
330.37,330.37
332.25,332.25
334.0,334.0
335.5,335.5
337.12,337.12
338.25,338.25
339.37,339.37
340.25,340.25
341.0,341.0
341.75,341.75
342.37,342.37
342.75,342.75
343.0,343.0
343.0,343.0
343.25,343.25
343.12,343.12
342.75,342.75
342.5,342.5
342.0,342.0
341.37,341.37
340.62,340.62
339.62,339.62
339.0,339.0
337.75,337.75
336.75,336.75
335.37,335.37
334.0,334.0
332.62,332.62
331.25,331.25
329.5,329.5
327.75,327.75
326.0,326.0
324.37,324.37
322.25,322.25
320.12,320.12
318.0,318.0
315.5,315.5
313.37,313.37
310.87,310.87
308.25,308.25
306.0,306.0
303.37,303.37
300.62,300.62
298.0,298.0
295.12,295.12
292.5,292.5
289.5,289.5
286.37,286.37
283.37,283.37
280.37,280.37
277.25,277.25
274.25,274.25
271.0,271.0
267.62,267.62
264.37,264.37
261.12,261.12
257.75,257.75
254.25,254.25
250.62,250.62
247.12,247.12
243.25,243.25
239.75,239.75
236.12,236.12
232.5,232.5
229.0,229.0
225.12,225.12
221.5,221.5
217.75,217.75
213.87,213.87
210.0,210.0
206.25,206.25
202.37,202.37
198.5,198.5
194.75,194.75
190.69,190.69
186.87,186.87
182.81,182.81
178.75,178.75
174.87,174.87
171.0,171.0
167.0,167.0
163.0,163.0
159.0,159.0
155.0,155.0
150.94,150.94
147.0,147.0
142.94,142.94
139.0,139.0
135.0,135.0
131.0,131.0
127.0,127.0
122.87,122.87
118.94,118.94
114.87,114.87
110.94,110.94
106.94,106.94
102.87,102.87
99.06,99.06
95.06,95.06
91.12,91.12
87.12,87.12
83.19,83.19
79.31,79.31
75.37,75.37
71.5,71.5
67.62,67.62
63.81,63.81
59.94,59.94
56.09,56.09
52.28,52.28
48.47,48.47
44.84,44.84
40.97,40.97
37.25,37.25
33.59,33.59
29.94,29.94
26.28,26.28
22.69,22.69
19.0,19.0
15.47,15.47
11.84,11.84
8.38,8.38
4.92,4.92
1.5,1.5
-1.77,-1.77
-5.11,-5.11
-8.44,-8.44
-11.97,-11.97
-15.48,-15.48
-18.95,-18.95
-22.39,-22.39
-25.67,-25.67
-28.91,-28.91
-32.0,-32.0
-35.18,-35.18
-38.19,-38.19
-41.3,-41.3
-44.38,-44.38
-47.42,-47.42
-50.42,-50.42
-53.39,-53.39
-56.33,-56.33
-59.23,-59.23
-62.09,-62.09
-64.91,-64.91
-67.72,-67.72
-70.47,-70.47
-73.19,-73.19
-75.87,-75.87
-78.53,-78.53
-81.2,-81.2
-83.78,-83.78
-86.25,-86.25
-88.75,-88.75
-91.16,-91.16
-93.47,-93.47
-95.87,-95.87
-98.22,-98.22
-100.69,-100.69
-103.03,-103.03
-105.34,-105.34
-107.62,-107.62
-109.78,-109.78
-111.87,-111.87
-113.97,-113.97
-115.97,-115.97
-118.0,-118.0
-120.03,-120.03
-121.94,-121.94
-123.87,-123.87
-125.75,-125.75
-127.62,-127.62
-129.37,-129.37
-131.12,-131.12
-132.81,-132.81
-134.56,-134.56
-136.19,-136.19
-137.75,-137.75
-139.37,-139.37
-140.87,-140.87
-142.31,-142.31
-143.81,-143.81
-145.19,-145.19
-146.5,-146.5
-147.75,-147.75
-149.0,-149.0
-150.31,-150.31
-151.62,-151.62
-152.94,-152.94
-154.19,-154.19
-155.31,-155.31
-156.37,-156.37
-157.44,-157.44
-158.37,-158.37
-159.37,-159.37
-160.25,-160.25
-161.19,-161.19
-162.0,-162.0
-162.75,-162.75
-163.5,-163.5
-164.19,-164.19
-164.94,-164.94
-165.75,-165.75
-166.5,-166.5
-167.19,-167.19
-167.81,-167.81
-168.37,-168.37
-168.81,-168.81
-169.31,-169.31
-169.75,-169.75
-170.12,-170.12
-170.44,-170.44
-170.75,-170.75
-171.0,-171.0
-171.25,-171.25
-171.5,-171.5
-171.87,-171.87
-172.12,-172.12
-172.37,-172.37
-172.5,-172.5
-172.62,-172.62
-172.62,-172.62
-172.62,-172.62
-172.62,-172.62
-172.62,-172.62
-172.62,-172.62
-172.5,-172.5
-172.37,-172.37
-172.25,-172.25
-172.12,-172.12
-171.87,-171.87
-171.62,-171.62
-171.37,-171.37
-171.12,-171.12
-170.87,-170.87
-170.5,-170.5
-170.12,-170.12
-169.75,-169.75
-169.37,-169.37
-168.87,-168.87
-168.37,-168.37
-167.87,-167.87
-167.37,-167.37
-166.87,-166.87
-166.37,-166.37
-165.75,-165.75
-165.12,-165.12
-164.5,-164.5
-163.87,-163.87
-163.12,-163.12
-162.5,-162.5
-161.75,-161.75
-161.0,-161.0
-160.25,-160.25
-159.5,-159.5
-158.62,-158.62
-157.87,-157.87
-157.0,-157.0
-156.12,-156.12
-155.25,-155.25
-154.37,-154.37
-153.37,-153.37
-152.5,-152.5
-151.5,-151.5
-150.5,-150.5
-149.5,-149.5
-148.5,-148.5
-147.37,-147.37
-146.25,-146.25
-145.12,-145.12
-144.12,-144.12
-143.12,-143.12
-142.12,-142.12
-141.12,-141.12
-140.0,-140.0
-138.87,-138.87
-137.62,-137.62
-136.37,-136.37
-135.25,-135.25
-134.0,-134.0
-132.75,-132.75
-131.5,-131.5
-130.12,-130.12
-128.62,-128.62
-127.37,-127.37
-126.12,-126.12
-125.0,-125.0
-124.0,-124.0
-122.75,-122.75
-121.5,-121.5
-120.25,-120.25
-118.87,-118.87
-117.5,-117.5
-116.0,-116.0
-114.62,-114.62
-113.25,-113.25
-111.75,-111.75
-110.25,-110.25
-108.75,-108.75
-107.37,-107.37
-106.12,-106.12
-105.0,-105.0
-103.75,-103.75
-102.37,-102.37
-100.87,-100.87
-99.5,-99.5
-98.0,-98.0
-96.5,-96.5
-95.0,-95.0
-93.62,-93.62
-92.12,-92.12
-90.75,-90.75
-89.25,-89.25
-87.75,-87.75
-86.37,-86.37
-84.87,-84.87
-83.37,-83.37
-81.87,-81.87
-80.5,-80.5
-79.0,-79.0
-77.5,-77.5
-76.06,-76.06
-74.56,-74.56
-73.12,-73.12
-71.62,-71.62
-70.12,-70.12
-68.69,-68.69
-67.19,-67.19
-65.75,-65.75
-64.25,-64.25
-62.81,-62.81
-61.31,-61.31
-59.88,-59.88
-58.38,-58.38
-56.94,-56.94
-55.44,-55.44
-54.0,-54.0
-52.56,-52.56
-51.06,-51.06
-49.56,-49.56
-48.0,-48.0
-46.31,-46.31
-44.63,-44.63
-43.19,-43.19
-41.94,-41.94
-40.75,-40.75
-39.63,-39.63
-38.44,-38.44
-37.06,-37.06
-35.63,-35.63
-34.06,-34.06
-32.44,-32.44
-30.81,-30.81
-29.37,-29.37
-28.06,-28.06
-26.94,-26.94
-25.75,-25.75
-24.56,-24.56
-23.19,-23.19
-21.69,-21.69
-20.12,-20.12
-18.69,-18.69
-17.37,-17.37
-16.25,-16.25
-15.13,-15.13
-14.0,-14.0
-12.81,-12.81
-11.5,-11.5
-10.19,-10.19
-8.88,-8.88
-7.56,-7.56
-6.31,-6.31
-5.06,-5.06
-3.87,-3.87
-2.69,-2.69
-1.44,-1.44
-0.25,-0.25
0.94,0.94
2.12,2.12
3.31,3.31
4.5,4.5
5.62,5.62
6.81,6.81
8.06,8.06
9.25,9.25
10.41,10.41
11.47,11.47
12.47,12.47
13.47,13.47
14.47,14.47
15.5,15.5
16.53,16.53
17.62,17.62
18.66,18.66
19.72,19.72
20.72,20.72
21.72,21.72
22.69,22.69
23.66,23.66
24.62,24.62
25.56,25.56
26.53,26.53
27.47,27.47
28.37,28.37
29.28,29.28
30.19,30.19
31.06,31.06
31.94,31.94
32.81,32.81
33.66,33.66
34.5,34.5
35.31,35.31
36.13,36.13
36.94,36.94
37.78,37.78
38.63,38.63
39.48,39.48
40.28,40.28
40.98,40.98
41.63,41.63
42.23,42.23
42.88,42.88
43.53,43.53
44.22,44.22
44.92,44.92
45.61,45.61
46.27,46.27
46.91,46.91
47.53,47.53
48.14,48.14
48.73,48.73
49.31,49.31
49.89,49.89
50.46,50.46
51.02,51.02
51.55,51.55
52.09,52.09
52.6,52.6
53.11,53.11
53.61,53.61
54.13,54.13
54.68,54.68
55.22,55.22
55.71,55.71
56.11,56.11
56.44,56.44
56.75,56.75
57.07,57.07
57.43,57.43
57.81,57.81
58.2,58.2
58.58,58.58
58.94,58.94
59.29,59.29
59.68,59.68
60.14,60.14
60.61,60.61
60.97,60.97
61.17,61.17
61.26,61.26
61.31,61.31
61.4,61.4
61.57,61.57
61.79,61.79
62.05,62.05
62.3,62.3
62.53,62.53
62.72,62.72
62.88,62.88
63.02,63.02
63.16,63.16
63.29,63.29
63.41,63.41
63.53,63.53
63.65,63.65
63.75,63.75
63.84,63.84
63.91,63.91
63.98,63.98
64.03,64.03
64.08,64.08
64.12,64.12
64.14,64.14
64.17,64.17
64.17,64.17
64.19,64.19
64.22,64.22
64.28,64.28
64.34,64.34
64.34,64.34
64.25,64.25
64.11,64.11
63.95,63.95
63.8,63.8
63.69,63.69
63.59,63.59
63.53,63.53
63.45,63.45
63.36,63.36
63.23,63.23
63.11,63.11
62.97,62.97
62.81,62.81
62.66,62.66
62.48,62.48
62.33,62.33
62.16,62.16
61.97,61.97
61.78,61.78
61.58,61.58
61.38,61.38
61.17,61.17
60.95,60.95
60.72,60.72
60.48,60.48
60.25,60.25
60.0,60.0
59.77,59.77
59.5,59.5
59.22,59.22
58.97,58.97
58.69,58.69
58.41,58.41
58.09,58.09
57.81,57.81
57.5,57.5
57.22,57.22
56.91,56.91
56.56,56.56
56.25,56.25
55.94,55.94
55.59,55.59
55.28,55.28
55.03,55.03
54.78,54.78
54.47,54.47
54.06,54.06
53.63,53.63
53.16,53.16
52.78,52.78
52.53,52.53
52.34,52.34
52.06,52.06
51.63,51.63
51.06,51.06
50.47,50.47
49.91,49.91
49.44,49.44
49.03,49.03
48.66,48.66
48.34,48.34
48.03,48.03
47.72,47.72
47.34,47.34
46.84,46.84
46.31,46.31
45.78,45.78
45.25,45.25
44.81,44.81
44.38,44.38
43.94,43.94
43.53,43.53
43.09,43.09
42.66,42.66
42.22,42.22
41.75,41.75
41.28,41.28
40.81,40.81
40.34,40.34
39.91,39.91
39.44,39.44
38.97,38.97
38.5,38.5
38.06,38.06
37.56,37.56
37.09,37.09
36.63,36.63
36.16,36.16
35.69,35.69
35.22,35.22
34.75,34.75
34.28,34.28
33.78,33.78
33.31,33.31
32.84,32.84
32.41,32.41
32.0,32.0
31.62,31.62
31.19,31.19
30.66,30.66
30.09,30.09
29.5,29.5
28.94,28.94
28.44,28.44
27.97,27.97
27.5,27.5
27.06,27.06
26.59,26.59
26.12,26.12
25.64,25.64
25.16,25.16
24.67,24.67
24.19,24.19
23.72,23.72
23.25,23.25
22.78,22.78
22.31,22.31
21.84,21.84
21.36,21.36
20.89,20.89
20.44,20.44
19.97,19.97
19.5,19.5
19.03,19.03
18.58,18.58
18.11,18.11
17.66,17.66
17.2,17.2
16.73,16.73
16.28,16.28
15.83,15.83
15.39,15.39
14.95,14.95
14.58,14.58
14.3,14.3
14.03,14.03
13.67,13.67
13.16,13.16
12.53,12.53
11.89,11.89
11.31,11.31
10.81,10.81
10.39,10.39
10.02,10.02
9.66,9.66
9.27,9.27
8.86,8.86
8.44,8.44
8.0,8.0
7.58,7.58
7.17,7.17
6.77,6.77
6.37,6.37
5.97,5.97
5.58,5.58
5.19,5.19
4.81,4.81
4.5,4.5
4.28,4.28
4.08,4.08
3.77,3.77
3.33,3.33
2.77,2.77
2.19,2.19
1.67,1.67
1.25,1.25
0.89,0.89
0.58,0.58
0.28,0.28
-0.03,-0.03
-0.36,-0.36
-0.72,-0.72
-1.08,-1.08
-1.43,-1.43
-1.77,-1.77
-2.1,-2.1
-2.42,-2.42
-2.74,-2.74
-3.05,-3.05
-3.37,-3.37
-3.68,-3.68
-3.98,-3.98
-4.26,-4.26
-4.48,-4.48
-4.7,-4.7
-4.94,-4.94
-5.19,-5.19
-5.41,-5.41
-5.62,-5.62
-5.9,-5.9
-6.28,-6.28
-6.73,-6.73
-7.19,-7.19
-7.58,-7.58
-7.89,-7.89
-8.14,-8.14
-8.34,-8.34
-8.52,-8.52
-8.66,-8.66
-8.8,-8.8
-9.02,-9.02
-9.3,-9.3
-9.64,-9.64
-9.98,-9.98
-10.28,-10.28
-10.54,-10.54
-10.75,-10.75
-10.93,-10.93
-11.12,-11.12
-11.31,-11.31
-11.51,-11.51
-11.71,-11.71
-11.92,-11.92
-12.13,-12.13
-12.32,-12.32
-12.5,-12.5
-12.68,-12.68
-12.86,-12.86
-13.04,-13.04
-13.21,-13.21
-13.38,-13.38
-13.54,-13.54
-13.7,-13.7
-13.86,-13.86
-14.02,-14.02
-14.17,-14.17
-14.32,-14.32
-14.46,-14.46
-14.6,-14.6
-14.74,-14.74
-14.87,-14.87
-15.0,-15.0
-15.13,-15.13
-15.25,-15.25
-15.37,-15.37
-15.49,-15.49
-15.6,-15.6
-15.71,-15.71
-15.81,-15.81
-15.92,-15.92
-16.02,-16.02
-16.11,-16.11
-16.21,-16.21
-16.3,-16.3
-16.38,-16.38
-16.47,-16.47
-16.54,-16.54
-16.62,-16.62
-16.7,-16.7
-16.77,-16.77
-16.83,-16.83
-16.9,-16.9
-16.96,-16.96
-17.02,-17.02
-17.07,-17.07
-17.12,-17.12
-17.17,-17.17
-17.21,-17.21
-17.26,-17.26
-17.3,-17.3
-17.34,-17.34
-17.37,-17.37
-17.4,-17.4
-17.43,-17.43
-17.45,-17.45
-17.47,-17.47
-17.49,-17.49
-17.51,-17.51
-17.52,-17.52
-17.54,-17.54
-17.54,-17.54
-17.55,-17.55
-17.55,-17.55
-17.55,-17.55
-17.55,-17.55
-17.54,-17.54
-17.54,-17.54
-17.52,-17.52
-17.51,-17.51
-17.5,-17.5
-17.48,-17.48
-17.46,-17.46
-17.43,-17.43
-17.41,-17.41
-17.38,-17.38
-17.35,-17.35
-17.32,-17.32
-17.29,-17.29
-17.25,-17.25
-17.21,-17.21
-17.16,-17.16
-17.12,-17.12
-17.08,-17.08
-17.03,-17.03
-16.98,-16.98
-16.93,-16.93
-16.87,-16.87
-16.81,-16.81
-16.76,-16.76
-16.7,-16.7
-16.63,-16.63
-16.57,-16.57
-16.51,-16.51
-16.44,-16.44
-16.37,-16.37
-16.3,-16.3
-16.22,-16.22
-16.15,-16.15
-16.07,-16.07
-15.99,-15.99
-15.9,-15.9
-15.78,-15.78
-15.62,-15.62
-15.45,-15.45
-15.32,-15.32
-15.27,-15.27
-15.27,-15.27
-15.28,-15.28
-15.26,-15.26
-15.2,-15.2
-15.1,-15.1
-14.98,-14.98
-14.85,-14.85
-14.73,-14.73
-14.62,-14.62
-14.48,-14.48
-14.3,-14.3
-14.13,-14.13
-13.98,-13.98
-13.91,-13.91
-13.89,-13.89
-13.88,-13.88
-13.84,-13.84
-13.77,-13.77
-13.65,-13.65
-13.51,-13.51
-13.37,-13.37
-13.23,-13.23
-13.11,-13.11
-12.99,-12.99
-12.88,-12.88
-12.77,-12.77
-12.66,-12.66
-12.53,-12.53
-12.41,-12.41
-12.28,-12.28
-12.16,-12.16
-12.03,-12.03
-11.91,-11.91
-11.78,-11.78
-11.65,-11.65
-11.48,-11.48
-11.27,-11.27
-11.05,-11.05
-10.89,-10.89
-10.8,-10.8
-10.76,-10.76
-10.73,-10.73
-10.67,-10.67
-10.58,-10.58
-10.44,-10.44
-10.24,-10.24
-10.0,-10.0
-9.76,-9.76
-9.59,-9.59
-9.49,-9.49
-9.46,-9.46
-9.43,-9.43
-9.38,-9.38
-9.28,-9.28
-9.14,-9.14
-8.98,-8.98
-8.81,-8.81
-8.66,-8.66
-8.52,-8.52
-8.39,-8.39
-8.27,-8.27
-8.13,-8.13
-8.0,-8.0
-7.87,-7.87
-7.73,-7.73
-7.59,-7.59
-7.45,-7.45
-7.32,-7.32
-7.19,-7.19
-7.05,-7.05
-6.91,-6.91
-6.78,-6.78
-6.65,-6.65
-6.52,-6.52
-6.38,-6.38
-6.25,-6.25
-6.12,-6.12
-5.98,-5.98
-5.85,-5.85
-5.72,-5.72
-5.59,-5.59
-5.45,-5.45
-5.32,-5.32
-5.2,-5.2
-5.06,-5.06
-4.93,-4.93
-4.8,-4.8
-4.68,-4.68
-4.55,-4.55
-4.42,-4.42
-4.29,-4.29
-4.16,-4.16
-4.04,-4.04
-3.91,-3.91
-3.79,-3.79
-3.66,-3.66
-3.53,-3.53
-3.37,-3.37
-3.17,-3.17
-2.96,-2.96
-2.8,-2.8
-2.71,-2.71
-2.68,-2.68
-2.67,-2.67
-2.62,-2.62
-2.54,-2.54
-2.42,-2.42
-2.28,-2.28
-2.14,-2.14
-2.0,-2.0
-1.88,-1.88
-1.77,-1.77
-1.67,-1.67
-1.56,-1.56
-1.46,-1.46
-1.34,-1.34
-1.23,-1.23
-1.12,-1.12
-1.01,-1.01
-0.9,-0.9
-0.8,-0.8
-0.69,-0.69
-0.59,-0.59
-0.48,-0.48
-0.38,-0.38
-0.28,-0.28
-0.18,-0.18
-0.07,-0.07
0.02,0.02
0.12,0.12
0.22,0.22
0.32,0.32
0.41,0.41
0.51,0.51
0.6,0.6
0.7,0.7
0.79,0.79
0.88,0.88
0.97,0.97
1.05,1.05
1.14,1.14
1.23,1.23
1.32,1.32
1.4,1.4
1.49,1.49
1.57,1.57
1.65,1.65
1.73,1.73
1.81,1.81
1.89,1.89
1.97,1.97
2.04,2.04
2.12,2.12
2.2,2.2
2.27,2.27
2.34,2.34
2.42,2.42
2.49,2.49
2.56,2.56
2.62,2.62
2.69,2.69
2.76,2.76
2.82,2.82
2.89,2.89
2.95,2.95
3.02,3.02
3.08,3.08
3.14,3.14
3.2,3.2
3.26,3.26
3.31,3.31
3.37,3.37
3.42,3.42
3.48,3.48
3.53,3.53
3.58,3.58
3.64,3.64
3.69,3.69
3.73,3.73
3.78,3.78
3.83,3.83
3.88,3.88
3.92,3.92
3.97,3.97
4.05,4.05
4.18,4.18
4.31,4.31
4.38,4.38
4.39,4.39
4.33,4.33
4.27,4.27
4.23,4.23
4.23,4.23
4.27,4.27
4.33,4.33
4.38,4.38
4.43,4.43
4.47,4.47
4.5,4.5
4.52,4.52
4.54,4.54
4.56,4.56
4.59,4.59
4.61,4.61
4.64,4.64
4.66,4.66
4.69,4.69
4.71,4.71
4.74,4.74
4.79,4.79
4.89,4.89
5.0,5.0
5.05,5.05
5.03,5.03
4.96,4.96
4.87,4.87
4.8,4.8
4.78,4.78
4.8,4.8
4.83,4.83
4.87,4.87
4.9,4.9
4.91,4.91
4.92,4.92
4.91,4.91
4.91,4.91
4.91,4.91
4.92,4.92
4.92,4.92
4.93,4.93
4.93,4.93
4.94,4.94
4.94,4.94
4.94,4.94
4.93,4.93
4.94,4.94
4.98,4.98
5.05,5.05
5.14,5.14
5.17,5.17
5.13,5.13
5.03,5.03
4.92,4.92
4.84,4.84
4.8,4.8
4.79,4.79
4.81,4.81
4.83,4.83
4.83,4.83
4.83,4.83
4.81,4.81
4.79,4.79
4.77,4.77
4.75,4.75
4.74,4.74
4.73,4.73
4.72,4.72
4.7,4.7
4.69,4.69
4.67,4.67
4.65,4.65
4.63,4.63
4.61,4.61
4.59,4.59
4.57,4.57
4.55,4.55
4.54,4.54
4.51,4.51
4.49,4.49
4.47,4.47
4.45,4.45
4.42,4.42
4.4,4.4
4.38,4.38
4.35,4.35
4.33,4.33
4.3,4.3
4.28,4.28
4.25,4.25
4.22,4.22
4.2,4.2
4.17,4.17
4.14,4.14
4.12,4.12
4.13,4.13
4.18,4.18
4.24,4.24
4.25,4.25
4.18,4.18
4.06,4.06
3.93,3.93
3.82,3.82
3.76,3.76
3.73,3.73
3.72,3.72
3.72,3.72
3.7,3.7
3.67,3.67
3.64,3.64
3.6,3.6
3.56,3.56
3.52,3.52
3.48,3.48
3.45,3.45
3.42,3.42
3.39,3.39
3.36,3.36
3.32,3.32
3.29,3.29
3.25,3.25
3.21,3.21
3.18,3.18
3.14,3.14
3.11,3.11
3.07,3.07
3.04,3.04
3.0,3.0
2.96,2.96
2.93,2.93
2.89,2.89
2.86,2.86
2.82,2.82
2.78,2.78
2.75,2.75
2.71,2.71
2.67,2.67
2.63,2.63
2.6,2.6
2.56,2.56
2.52,2.52
2.48,2.48
2.45,2.45
2.41,2.41
2.37,2.37
2.34,2.34
2.3,2.3
2.26,2.26
2.22,2.22
2.19,2.19
2.15,2.15
2.11,2.11
2.07,2.07
2.04,2.04
2.0,2.0
1.96,1.96
1.92,1.92
1.89,1.89
1.86,1.86
1.9,1.9
2.03,2.03
2.17,2.17
2.21,2.21
2.09,2.09
1.87,1.87
1.63,1.63
1.45,1.45
1.34,1.34
1.31,1.31
1.33,1.33
1.34,1.34
1.34,1.34
1.32,1.32
1.28,1.28
1.22,1.22
1.17,1.17
1.13,1.13
1.1,1.1
1.07,1.07
1.04,1.04
1.01,1.01
0.97,0.97
0.95,0.95
0.95,0.95
1.0,1.0
1.05,1.05
1.06,1.06
0.99,0.99
0.86,0.86
0.73,0.73
0.62,0.62
0.55,0.55
0.53,0.53
0.52,0.52
0.51,0.51
0.5,0.5
0.47,0.47
0.44,0.44
0.4,0.4
0.36,0.36
0.33,0.33
0.3,0.3
0.27,0.27
0.25,0.25
0.22,0.22
0.19,0.19
0.16,0.16
0.13,0.13
0.1,0.1
0.07,0.07
0.05,0.05
0.03,0.03
0.04,0.04
0.09,0.09
0.15,0.15
0.16,0.16
0.1,0.1
-0.0,-0.0
-0.05,-0.05
0.0,0.0
0.12,0.12
0.18,0.18
0.1,0.1
-0.07,-0.07
-0.24,-0.24
-0.32,-0.32
-0.29,-0.29
-0.19,-0.19
-0.08,-0.08
-0.03,-0.03
-0.06,-0.06
-0.2,-0.2
-0.4,-0.4
-0.59,-0.59
-0.7,-0.7
-0.69,-0.69
-0.62,-0.62
-0.56,-0.56
-0.57,-0.57
-0.65,-0.65
-0.76,-0.76
-0.86,-0.86
-0.93,-0.93
-0.95,-0.95
-0.91,-0.91
-0.81,-0.81
-0.72,-0.72
-0.69,-0.69
-0.74,-0.74
-0.85,-0.85
-0.98,-0.98
-1.07,-1.07
-1.12,-1.12
-1.13,-1.13
-1.11,-1.11
-1.05,-1.05
-0.97,-0.97
-0.89,-0.89
-0.87,-0.87
-0.92,-0.92
-1.03,-1.03
-1.15,-1.15
-1.24,-1.24
-1.28,-1.28
-1.28,-1.28
-1.27,-1.27
-1.25,-1.25
-1.24,-1.24
-1.25,-1.25
-1.26,-1.26
-1.28,-1.28
-1.29,-1.29
-1.3,-1.3
-1.31,-1.31
-1.32,-1.32
-1.32,-1.32
-1.33,-1.33
-1.33,-1.33
-1.34,-1.34
-1.35,-1.35
-1.35,-1.35
-1.36,-1.36
-1.37,-1.37
-1.37,-1.37
-1.38,-1.38
-1.38,-1.38
-1.39,-1.39
-1.38,-1.38
-1.35,-1.35
-1.27,-1.27
-1.19,-1.19
-1.15,-1.15
-1.2,-1.2
-1.29,-1.29
-1.39,-1.39
-1.47,-1.47
-1.51,-1.51
-1.51,-1.51
-1.49,-1.49
-1.46,-1.46
-1.44,-1.44
-1.44,-1.44
-1.45,-1.45
-1.45,-1.45
-1.46,-1.46
-1.47,-1.47
-1.46,-1.46
-1.4,-1.4
-1.25,-1.25
-0.99,-0.99
-0.78,-0.78
-0.74,-0.74
-0.9,-0.9
-1.18,-1.18
-1.46,-1.46
-1.65,-1.65
-1.71,-1.71
-1.68,-1.68
-1.6,-1.6
-1.52,-1.52
-1.48,-1.48
-1.47,-1.47
-1.48,-1.48
-1.5,-1.5
-1.51,-1.51
-1.52,-1.52
-1.51,-1.51
-1.5,-1.5
-1.49,-1.49
-1.48,-1.48
-1.47,-1.47
-1.46,-1.46
-1.42,-1.42
-1.33,-1.33
-1.24,-1.24
-1.19,-1.19
-1.22,-1.22
-1.31,-1.31
-1.4,-1.4
-1.47,-1.47
-1.5,-1.5
-1.49,-1.49
-1.46,-1.46
-1.42,-1.42
-1.4,-1.4
-1.38,-1.38
-1.38,-1.38
-1.38,-1.38
-1.38,-1.38
-1.38,-1.38
-1.37,-1.37
-1.36,-1.36
-1.35,-1.35
-1.33,-1.33
-1.33,-1.33
-1.32,-1.32
-1.31,-1.31
-1.3,-1.3
-1.29,-1.29
-1.28,-1.28
-1.27,-1.27
-1.26,-1.26
-1.25,-1.25
-1.24,-1.24
-1.23,-1.23
-1.22,-1.22
-1.21,-1.21
-1.2,-1.2
-1.19,-1.19
-1.18,-1.18
-1.17,-1.17
-1.12,-1.12
-1.03,-1.03
-0.93,-0.93
-0.88,-0.88
-0.91,-0.91
-0.99,-0.99
-1.08,-1.08
-1.14,-1.14
-1.17,-1.17
-1.15,-1.15
-1.12,-1.12
-1.08,-1.08
-1.05,-1.05
-1.03,-1.03
-0.98,-0.98
-0.9,-0.9
-0.81,-0.81
-0.76,-0.76
-0.79,-0.79
-0.86,-0.86
-0.95,-0.95
-1.01,-1.01
-1.04,-1.04
-1.02,-1.02
-0.98,-0.98
-0.95,-0.95
-0.92,-0.92
-0.9,-0.9
-0.89,-0.89
-0.89,-0.89
-0.88,-0.88
-0.88,-0.88
-0.86,-0.86
-0.85,-0.85
-0.83,-0.83
-0.82,-0.82
-0.81,-0.81
-0.8,-0.8
-0.78,-0.78
-0.77,-0.77
-0.76,-0.76
-0.75,-0.75
-0.74,-0.74
-0.72,-0.72
-0.71,-0.71
-0.7,-0.7
-0.68,-0.68
-0.63,-0.63
-0.54,-0.54
-0.44,-0.44
-0.39,-0.39
-0.41,-0.41
-0.49,-0.49
-0.58,-0.58
-0.65,-0.65
-0.67,-0.67
-0.65,-0.65
-0.62,-0.62
-0.58,-0.58
-0.54,-0.54
-0.49,-0.49
-0.4,-0.4
-0.31,-0.31
-0.26,-0.26
-0.29,-0.29
-0.37,-0.37
-0.46,-0.46
-0.52,-0.52
-0.54,-0.54
-0.53,-0.53
-0.49,-0.49
-0.45,-0.45
-0.42,-0.42
-0.41,-0.41
-0.4,-0.4
-0.4,-0.4
-0.39,-0.39
-0.38,-0.38
-0.37,-0.37
-0.36,-0.36
-0.35,-0.35
-0.33,-0.33
-0.32,-0.32
-0.31,-0.31
-0.3,-0.3
-0.29,-0.29
-0.28,-0.28
-0.27,-0.27
-0.26,-0.26
-0.25,-0.25
-0.23,-0.23
-0.22,-0.22
-0.21,-0.21
-0.2,-0.2
-0.19,-0.19
-0.18,-0.18
-0.17,-0.17
-0.16,-0.16
-0.15,-0.15
-0.14,-0.14
-0.13,-0.13
-0.12,-0.12
-0.11,-0.11
-0.1,-0.1
-0.09,-0.09
-0.08,-0.08
-0.03,-0.03
0.06,0.06
0.16,0.16
0.2,0.2
0.18,0.18
0.09,0.09
0.0,0.0
-0.07,-0.07
-0.09,-0.09
-0.08,-0.08
-0.05,-0.05
-0.01,-0.01
0.02,0.02
0.03,0.03
0.03,0.03
0.03,0.03
0.03,0.03
0.04,0.04
0.05,0.05
0.06,0.06
0.07,0.07
0.08,0.08
0.09,0.09
0.09,0.09
0.1,0.1
0.11,0.11
0.11,0.11
0.12,0.12
0.13,0.13
0.14,0.14
0.14,0.14
0.15,0.15
0.16,0.16
0.16,0.16
0.17,0.17
0.18,0.18
0.18,0.18
0.19,0.19
0.2,0.2
0.2,0.2
0.21,0.21
0.21,0.21
0.22,0.22
0.23,0.23
0.23,0.23
0.24,0.24
0.24,0.24
0.25,0.25
0.25,0.25
0.26,0.26
0.26,0.26
0.27,0.27
0.27,0.27
0.28,0.28
0.28,0.28
0.29,0.29
0.29,0.29
0.3,0.3
0.3,0.3
0.3,0.3
0.31,0.31
0.31,0.31
0.32,0.32
0.32,0.32
0.32,0.32
0.33,0.33
0.33,0.33
0.34,0.34
0.34,0.34
0.34,0.34
0.35,0.35
0.35,0.35
0.35,0.35
0.35,0.35
0.36,0.36
0.36,0.36
0.36,0.36
0.37,0.37
0.37,0.37
0.37,0.37
0.37,0.37
0.38,0.38
0.38,0.38
0.38,0.38
0.38,0.38
0.38,0.38
0.39,0.39
0.39,0.39
0.39,0.39
0.39,0.39
0.39,0.39
0.39,0.39
0.4,0.4
0.4,0.4
0.4,0.4
0.4,0.4
0.4,0.4
0.4,0.4
0.4,0.4
0.4,0.4
0.4,0.4
0.41,0.41
0.41,0.41
0.41,0.41
0.41,0.41
0.41,0.41
0.41,0.41
0.41,0.41
0.41,0.41
0.41,0.41
0.41,0.41
0.41,0.41
0.41,0.41
0.41,0.41
0.41,0.41
0.41,0.41
0.41,0.41
0.41,0.41
0.41,0.41
0.41,0.41
0.41,0.41
0.41,0.41
0.41,0.41
0.4,0.4
0.41,0.41
0.45,0.45
0.54,0.54
0.66,0.66
0.78,0.78
0.83,0.83
0.77,0.77
0.63,0.63
0.47,0.47
0.33,0.33
0.26,0.26
0.25,0.25
0.27,0.27
0.32,0.32
0.35,0.35
0.36,0.36
0.36,0.36
0.34,0.34
0.33,0.33
0.32,0.32
0.32,0.32
0.32,0.32
0.32,0.32
0.33,0.33
0.33,0.33
0.33,0.33
0.32,0.32
0.32,0.32
0.32,0.32
0.32,0.32
0.32,0.32
0.32,0.32
0.31,0.31
0.31,0.31
0.31,0.31
0.31,0.31
0.31,0.31
0.31,0.31
0.31,0.31
0.3,0.3
0.3,0.3
0.3,0.3
0.3,0.3
0.3,0.3
0.29,0.29
0.29,0.29
0.29,0.29
0.29,0.29
0.29,0.29
0.28,0.28
0.28,0.28
0.28,0.28
0.28,0.28
0.28,0.28
0.29,0.29
0.36,0.36
0.52,0.52
0.69,0.69
0.77,0.77
0.69,0.69
0.51,0.51
0.32,0.32
0.25,0.25
0.37,0.37
0.64,0.64
0.85,0.85
0.86,0.86
0.68,0.68
0.39,0.39
0.14,0.14
0.01,0.01
0.05,0.05
0.18,0.18
0.3,0.3
0.32,0.32
0.27,0.27
0.16,0.16
0.07,0.07
0.01,0.01
-0.0,-0.0
0.01,0.01
0.04,0.04
0.08,0.08
0.13,0.13
0.21,0.21
0.29,0.29
0.32,0.32
0.27,0.27
0.18,0.18
0.08,0.08
0.0,0.0
-0.03,-0.03
-0.02,-0.02
0.0,0.0
0.03,0.03
0.04,0.04
0.06,0.06
0.09,0.09
0.16,0.16
0.24,0.24
0.28,0.28
0.24,0.24
0.15,0.15
0.05,0.05
-0.02,-0.02
-0.06,-0.06
-0.05,-0.05
-0.03,-0.03
-0.01,-0.01
0.01,0.01
0.02,0.02
0.01,0.01
0.01,0.01
0.04,0.04
0.12,0.12
0.21,0.21
0.25,0.25
0.21,0.21
0.12,0.12
0.02,0.02
-0.06,-0.06
-0.09,-0.09
-0.09,-0.09
-0.06,-0.06
-0.04,-0.04
-0.02,-0.02
-0.01,-0.01
-0.02,-0.02
-0.02,-0.02
0.01,0.01
0.09,0.09
0.19,0.19
0.31,0.31
0.43,0.43
0.52,0.52
0.5,0.5
0.35,0.35
0.13,0.13
-0.07,-0.07
-0.2,-0.2
-0.24,-0.24
-0.22,-0.22
-0.16,-0.16
-0.11,-0.11
-0.08,-0.08
-0.08,-0.08
-0.09,-0.09
-0.11,-0.11
-0.12,-0.12
-0.12,-0.12
-0.12,-0.12
-0.11,-0.11
-0.11,-0.11
-0.1,-0.1
-0.1,-0.1
-0.1,-0.1
-0.1,-0.1
-0.1,-0.1
-0.1,-0.1
-0.1,-0.1
-0.1,-0.1
-0.1,-0.1
-0.1,-0.1
-0.1,-0.1
-0.1,-0.1
-0.1,-0.1
-0.1,-0.1
-0.1,-0.1
-0.09,-0.09
-0.09,-0.09
-0.09,-0.09
-0.09,-0.09
-0.09,-0.09
-0.09,-0.09
-0.09,-0.09
-0.09,-0.09
-0.09,-0.09
-0.09,-0.09
-0.09,-0.09
-0.09,-0.09
-0.09,-0.09
-0.09,-0.09
-0.09,-0.09
-0.09,-0.09
-0.09,-0.09
-0.09,-0.09
-0.09,-0.09
-0.09,-0.09
-0.07,-0.07
0.01,0.01
0.17,0.17
0.34,0.34
0.42,0.42
0.35,0.35
0.17,0.17
-0.04,-0.04
-0.19,-0.19
-0.26,-0.26
-0.25,-0.25
-0.2,-0.2
-0.15,-0.15
-0.11,-0.11
-0.1,-0.1
-0.11,-0.11
-0.12,-0.12
-0.13,-0.13
-0.14,-0.14
-0.14,-0.14
-0.14,-0.14
-0.13,-0.13
-0.11,-0.11
-0.03,-0.03
0.13,0.13
0.31,0.31
0.38,0.38
0.31,0.31
0.13,0.13
-0.08,-0.08
-0.23,-0.23
-0.29,-0.29
-0.28,-0.28
-0.23,-0.23
-0.18,-0.18
-0.14,-0.14
-0.13,-0.13
-0.14,-0.14
-0.15,-0.15
-0.16,-0.16
-0.17,-0.17
-0.17,-0.17
-0.16,-0.16
-0.16,-0.16
-0.15,-0.15
-0.15,-0.15
-0.15,-0.15
-0.15,-0.15
-0.15,-0.15
-0.15,-0.15
-0.14,-0.14
-0.14,-0.14
-0.14,-0.14
-0.14,-0.14
-0.14,-0.14
-0.13,-0.13
-0.13,-0.13
-0.12,-0.12
-0.09,-0.09
-0.0,-0.0
0.09,0.09
0.13,0.13
0.09,0.09
7.52,7.52
53.51,53.51
181.79,181.79
400.47,400.47
658.46,658.46
878.78,878.78
1006.04,1006.04
1028.86,1028.86
973.9,973.9
884.37,884.37
798.61,798.61
737.83,737.83
704.86,704.86
690.48,690.48
681.91,681.91
669.32,669.32
648.58,648.58
620.64,620.64
589.17,589.17
557.98,557.98
529.44,529.44
504.12,504.12
481.27,481.27
459.59,459.59
438.05,438.05
416.09,416.09
393.75,393.75
371.34,371.34
349.33,349.33
327.86,327.86
307.11,307.11
287.0,287.0
267.37,267.37
248.12,248.12
229.12,229.12
210.34,210.34
191.87,191.87
173.87,173.87
156.41,156.41
139.5,139.5
122.97,122.97
106.75,106.75
90.78,90.78
75.16,75.16
59.75,59.75
44.75,44.75
30.06,30.06
15.81,15.81
1.87,1.87
-11.69,-11.69
-25.06,-25.06
-38.0,-38.0
-50.63,-50.63
-62.94,-62.94
-75.0,-75.0
-86.69,-86.69
-98.06,-98.06
-109.19,-109.19
-120.06,-120.06
-130.5,-130.5
-140.75,-140.75
-150.62,-150.62
-160.37,-160.37
-169.69,-169.69
-178.81,-178.81
-187.69,-187.69
-196.31,-196.31
-204.56,-204.56
-212.62,-212.62
-220.44,-220.44
-227.94,-227.94
-235.31,-235.31
-242.25,-242.25
-249.0,-249.0
-255.62,-255.62
-261.87,-261.87
-268.0,-268.0
-273.87,-273.87
-279.62,-279.62
-284.87,-284.87
-290.12,-290.12
-295.12,-295.12
-300.0,-300.0
-304.37,-304.37
-308.75,-308.75
-313.0,-313.0
-316.87,-316.87
-320.62,-320.62
-324.25,-324.25
-327.62,-327.62
-330.75,-330.75
-333.75,-333.75
-336.62,-336.62
-339.25,-339.25
-341.75,-341.75
-344.0,-344.0
-346.0,-346.0
-348.0,-348.0
-349.87,-349.87
-351.5,-351.5
-353.0,-353.0
-354.12,-354.12
-355.25,-355.25
-356.37,-356.37
-357.12,-357.12
-357.75,-357.75
-358.5,-358.5
-359.0,-359.0
-359.25,-359.25
-359.5,-359.5
-359.37,-359.37
-359.25,-359.25
-359.0,-359.0
-358.75,-358.75
-358.25,-358.25
-357.62,-357.62
-356.87,-356.87
-356.0,-356.0
-355.25,-355.25
-354.12,-354.12
-352.87,-352.87
-351.75,-351.75
-350.25,-350.25
-348.75,-348.75
-347.25,-347.25
-345.5,-345.5
-343.62,-343.62
-341.75,-341.75
-339.87,-339.87
-338.0,-338.0
-335.75,-335.75
-333.75,-333.75
-331.5,-331.5
-328.87,-328.87
-326.62,-326.62
-324.0,-324.0
-321.62,-321.62
-318.87,-318.87
-316.0,-316.0
-313.25,-313.25
-310.5,-310.5
-307.5,-307.5
-304.5,-304.5
-301.5,-301.5
-298.37,-298.37
-295.25,-295.25
-292.0,-292.0
-288.62,-288.62
-285.5,-285.5
-282.12,-282.12
-278.75,-278.75
-275.25,-275.25
-271.62,-271.62
-268.12,-268.12
-264.5,-264.5
-260.75,-260.75
-257.12,-257.12
-253.62,-253.62
-249.75,-249.75
-246.0,-246.0
-242.25,-242.25
-238.25,-238.25
-234.62,-234.62
-230.62,-230.62
-226.62,-226.62
-222.87,-222.87
-219.0,-219.0
-215.0,-215.0
-210.75,-210.75
-206.87,-206.87
-202.62,-202.62
-199.0,-199.0
-194.75,-194.75
-190.87,-190.87
-186.37,-186.37
-182.5,-182.5
-178.12,-178.12
-174.19,-174.19
-170.31,-170.31
-165.94,-165.94
-161.62,-161.62
-157.75,-157.75
-153.44,-153.44
-149.62,-149.62
-145.31,-145.31
-141.06,-141.06
-136.81,-136.81
-133.06,-133.06
-128.81,-128.81
-124.62,-124.62
-120.37,-120.37
-116.25,-116.25
-112.06,-112.06
-107.94,-107.94
-103.81,-103.81
-99.75,-99.75
-95.69,-95.69
-91.62,-91.62
-87.62,-87.62
-83.62,-83.62
-79.62,-79.62
-75.69,-75.69
-71.75,-71.75
-67.37,-67.37
-63.5,-63.5
-59.69,-59.69
-55.88,-55.88
-52.06,-52.06
-47.81,-47.81
-44.06,-44.06
-40.38,-40.38
-36.19,-36.19
-32.53,-32.53
-28.94,-28.94
-24.84,-24.84
-21.28,-21.28
-17.75,-17.75
-13.75,-13.75
-10.31,-10.31
-6.87,-6.87
-2.97,-2.97
0.39,0.39
4.23,4.23
7.53,7.53
10.8,10.8
14.53,14.53
17.73,17.73
21.39,21.39
24.53,24.53
28.12,28.12
31.19,31.19
34.72,34.72
37.71,37.71
41.17,41.17
44.09,44.09
47.48,47.48
50.33,50.33
53.64,53.64
56.42,56.42
59.16,59.16
62.37,62.37
65.54,65.54
68.17,68.17
71.27,71.27
73.83,73.83
76.86,76.86
79.34,79.34
82.28,82.28
77.2,77.2
33.64,33.64
-85.53,-85.53
-261.08,-261.08
-405.0,-405.0
-450.53,-450.53
-424.59,-424.59
-408.84,-408.84
-455.66,-455.66
-558.97,-558.97
-672.25,-672.25
-750.41,-750.41
-772.22,-772.22
-741.75,-741.75
-680.91,-680.91
-614.56,-614.56
-559.19,-559.19
-520.75,-520.75
-496.06,-496.06
-478.56,-478.56
-461.12,-461.12
-439.81,-439.81
-413.56,-413.56
-384.56,-384.56
-355.25,-355.25
-327.12,-327.12
-300.69,-300.69
-276.5,-276.5
-253.5,-253.5
-231.12,-231.12
-208.94,-208.94
-186.44,-186.44
-164.06,-164.06
-141.94,-141.94
-120.37,-120.37
-99.62,-99.62
-79.0,-79.0
-59.0,-59.0
-39.75,-39.75
-20.62,-20.62
-1.75,-1.75
16.5,16.5
34.63,34.63
52.0,52.0
68.75,68.75
85.37,85.37
101.87,101.87
117.62,117.62
133.25,133.25
148.62,148.62
163.37,163.37
177.5,177.5
192.0,192.0
205.75,205.75
218.87,218.87
231.87,231.87
244.25,244.25
256.5,256.5
268.5,268.5
280.37,280.37
291.62,291.62
302.12,302.12
313.12,313.12
323.37,323.37
333.62,333.62
343.12,343.12
352.5,352.5
361.75,361.75
370.37,370.37
378.87,378.87
387.0,387.0
394.75,394.75
402.25,402.25
409.75,409.75
417.0,417.0
423.75,423.75
430.25,430.25
436.75,436.75
442.5,442.5
448.25,448.25
453.75,453.75
459.25,459.25
464.0,464.0
468.75,468.75
473.25,473.25
477.25,477.25
481.75,481.75
485.5,485.5
489.0,489.0
492.0,492.0
495.25,495.25
498.25,498.25
500.75,500.75
503.5,503.5
505.75,505.75
507.75,507.75
509.5,509.5
511.25,511.25
512.75,512.75
514.0,514.0
515.25,515.25
516.25,516.25
517.25,517.25
517.75,517.75
518.25,518.25
518.25,518.25
518.0,518.0
518.0,518.0
517.5,517.5
517.0,517.0
516.25,516.25
515.75,515.75
515.0,515.0
514.0,514.0
512.75,512.75
511.25,511.25
509.75,509.75
508.25,508.25
506.75,506.75
504.75,504.75
502.5,502.5
500.25,500.25
498.0,498.0
495.75,495.75
493.25,493.25
490.5,490.5
487.75,487.75
485.0,485.0
482.0,482.0
478.75,478.75
475.75,475.75
472.5,472.5
469.25,469.25
465.5,465.5
462.25,462.25
458.5,458.5
454.75,454.75
451.0,451.0
447.25,447.25
443.0,443.0
439.0,439.0
434.75,434.75
430.5,430.5
426.25,426.25
422.0,422.0
417.75,417.75
413.0,413.0
408.5,408.5
404.0,404.0
399.25,399.25
394.5,394.5
389.75,389.75
384.75,384.75
379.75,379.75
375.0,375.0
370.0,370.0
365.0,365.0
360.0,360.0
354.75,354.75
349.75,349.75
344.5,344.5
339.25,339.25
334.0,334.0
328.75,328.75
323.25,323.25
317.75,317.75
312.5,312.5
307.0,307.0
301.5,301.5
296.0,296.0
290.5,290.5
285.0,285.0
279.5,279.5
274.0,274.0
268.5,268.5
263.0,263.0
257.25,257.25
251.75,251.75
246.12,246.12
240.5,240.5
234.87,234.87
229.25,229.25
223.62,223.62
218.0,218.0
212.37,212.37
206.75,206.75
201.12,201.12
195.5,195.5
189.75,189.75
184.25,184.25
178.5,178.5
172.87,172.87
167.37,167.37
161.87,161.87
156.12,156.12
150.62,150.62
145.12,145.12
139.5,139.5
134.12,134.12
128.5,128.5
123.0,123.0
117.62,117.62
112.25,112.25
106.75,106.75
101.25,101.25
96.0,96.0
90.62,90.62
85.25,85.25
80.0,80.0
74.62,74.62
69.5,69.5
64.25,64.25
59.0,59.0
53.88,53.88
48.75,48.75
43.63,43.63
38.63,38.63
33.5,33.5
28.56,28.56
23.62,23.62
18.62,18.62
13.75,13.75
8.94,8.94
4.06,4.06
-0.69,-0.69
-5.5,-5.5
-10.13,-10.13
-14.81,-14.81
-19.5,-19.5
-24.0,-24.0
-28.56,-28.56
-33.13,-33.13
-37.63,-37.63
-42.06,-42.06
-46.44,-46.44
-50.69,-50.69
-55.0,-55.0
-59.22,-59.22
-63.44,-63.44
-67.53,-67.53
-71.53,-71.53
-75.41,-75.41
-79.34,-79.34
-83.37,-83.37
-87.5,-87.5
-91.59,-91.59
-95.61,-95.61
-99.44,-99.44
-103.16,-103.16
-106.83,-106.83
-110.37,-110.37
-113.95,-113.95
-117.4,-117.4
-120.8,-120.8
-124.16,-124.16
-127.53,-127.53
-130.92,-130.92
-134.25,-134.25
-137.59,-137.59
-140.94,-140.94
-144.19,-144.19
-147.31,-147.31
-150.32,-150.32
-153.34,-153.34
-156.27,-156.27
-159.12,-159.12
-161.94,-161.94
-164.75,-164.75
-167.47,-167.47
-170.19,-170.19
-172.81,-172.81
-175.44,-175.44
-177.94,-177.94
-180.41,-180.41
-182.87,-182.87
-185.22,-185.22
-187.53,-187.53
-189.84,-189.84
-192.06,-192.06
-194.25,-194.25
-196.34,-196.34
-198.37,-198.37
-200.5,-200.5
-202.44,-202.44
-204.37,-204.37
-206.25,-206.25
-208.06,-208.06
-209.81,-209.81
-211.56,-211.56
-213.25,-213.25
-214.87,-214.87
-216.44,-216.44
-217.94,-217.94
-219.37,-219.37
-220.81,-220.81
-222.25,-222.25
-223.56,-223.56
-224.81,-224.81
-226.06,-226.06
-227.25,-227.25
-228.37,-228.37
-229.5,-229.5
-230.5,-230.5
-231.5,-231.5
-232.44,-232.44
-233.37,-233.37
-234.19,-234.19
-234.87,-234.87
-235.56,-235.56
-236.12,-236.12
-236.75,-236.75
-237.5,-237.5
-238.12,-238.12
-238.87,-238.87
-239.5,-239.5
-240.0,-240.0
-240.37,-240.37
-240.75,-240.75
-241.0,-241.0
-241.25,-241.25
-241.5,-241.5
-241.75,-241.75
-241.87,-241.87
-242.0,-242.0
-242.0,-242.0
-242.0,-242.0
-241.87,-241.87
-241.75,-241.75
-241.75,-241.75
-241.75,-241.75
-241.62,-241.62
-241.5,-241.5
-241.25,-241.25
-241.0,-241.0
-240.62,-240.62
-240.25,-240.25
-239.87,-239.87
-239.5,-239.5
-239.0,-239.0
-238.5,-238.5
-238.0,-238.0
-237.37,-237.37
-236.87,-236.87
-236.12,-236.12
-235.37,-235.37
-234.62,-234.62
-233.87,-233.87
-233.12,-233.12
-232.37,-232.37
-231.75,-231.75
-230.87,-230.87
-230.12,-230.12
-229.12,-229.12
-228.12,-228.12
-227.12,-227.12
-226.12,-226.12
-225.12,-225.12
-224.0,-224.0
-222.87,-222.87
-221.62,-221.62
-220.5,-220.5
-219.37,-219.37
-218.25,-218.25
-217.12,-217.12
-216.0,-216.0
-214.75,-214.75
-213.37,-213.37
-212.12,-212.12
-210.75,-210.75
-209.37,-209.37
-208.0,-208.0
-206.5,-206.5
-205.0,-205.0
-203.5,-203.5
-202.0,-202.0
-200.5,-200.5
-199.12,-199.12
-197.75,-197.75
-196.25,-196.25
-194.75,-194.75
-193.12,-193.12
-191.5,-191.5
-189.87,-189.87
-188.12,-188.12
-186.5,-186.5
-184.87,-184.87
-183.25,-183.25
-181.5,-181.5
-179.75,-179.75
-178.0,-178.0
-176.25,-176.25
-174.37,-174.37
-172.5,-172.5
-170.62,-170.62
-168.87,-168.87
-167.12,-167.12
-165.37,-165.37
-163.75,-163.75
-162.0,-162.0
-160.25,-160.25
-158.37,-158.37
-156.5,-156.5
-154.5,-154.5
-152.62,-152.62
-150.75,-150.75
-148.87,-148.87
-146.87,-146.87
-145.0,-145.0
-143.12,-143.12
-141.12,-141.12
-139.25,-139.25
-137.25,-137.25
-135.37,-135.37
-133.37,-133.37
-131.37,-131.37
-129.37,-129.37
-127.5,-127.5
-125.5,-125.5
-123.5,-123.5
-121.5,-121.5
-119.5,-119.5
-117.62,-117.62
-115.62,-115.62
-113.62,-113.62
-111.62,-111.62
-109.62,-109.62
-107.62,-107.62
-105.62,-105.62
-103.62,-103.62
-101.62,-101.62
-99.62,-99.62
-97.75,-97.75
-95.75,-95.75
-93.75,-93.75
-91.75,-91.75
-89.75,-89.75
-87.75,-87.75
-85.75,-85.75
-83.87,-83.87
-81.87,-81.87
-79.87,-79.87
-77.87,-77.87
-75.87,-75.87
-73.75,-73.75
-71.75,-71.75
-69.87,-69.87
-68.0,-68.0
-66.25,-66.25
-64.37,-64.37
-62.5,-62.5
-60.5,-60.5
-58.63,-58.63
-56.75,-56.75
-54.75,-54.75
-52.88,-52.88
-51.0,-51.0
-49.13,-49.13
-47.25,-47.25
-45.44,-45.44
-43.56,-43.56
-41.75,-41.75
-39.88,-39.88
-38.06,-38.06
-36.19,-36.19
-34.31,-34.31
-32.44,-32.44
-30.62,-30.62
-28.87,-28.87
-27.19,-27.19
-25.56,-25.56
-23.87,-23.87
-22.19,-22.19
-20.44,-20.44
-18.69,-18.69
-16.94,-16.94
-15.19,-15.19
-13.38,-13.38
-11.69,-11.69
-10.06,-10.06
-8.56,-8.56
-7.0,-7.0
-5.37,-5.37
-3.69,-3.69
-2.06,-2.06
-0.5,-0.5
1.0,1.0
2.56,2.56
4.06,4.06
5.69,5.69
7.19,7.19
8.75,8.75
10.25,10.25
11.69,11.69
13.13,13.13
14.5,14.5
15.88,15.88
17.25,17.25
18.81,18.81
20.31,20.31
21.81,21.81
23.12,23.12
24.31,24.31
25.44,25.44
26.59,26.59
27.81,27.81
29.09,29.09
30.41,30.41
31.72,31.72
33.0,33.0
34.25,34.25
35.44,35.44
36.63,36.63
37.78,37.78
38.97,38.97
40.09,40.09
41.25,41.25
42.38,42.38
43.47,43.47
44.56,44.56
45.63,45.63
46.69,46.69
47.78,47.78
48.88,48.88
49.97,49.97
51.0,51.0
51.94,51.94
52.81,52.81
53.66,53.66
54.5,54.5
55.41,55.41
56.42,56.42
57.56,57.56
58.73,58.73
59.83,59.83
61.5,61.5
65.5,65.5
72.91,72.91
81.84,81.84
88.98,88.98
94.17,94.17
101.87,101.87
116.17,116.17
135.45,135.45
152.91,152.91
160.95,160.95
157.48,157.48
159.37,159.37
208.66,208.66
343.64,343.64
548.55,548.55
738.36,738.36
820.84,820.84
784.67,784.67
704.16,704.16
653.6,653.6
631.62,631.62
576.48,576.48
456.77,456.77
322.38,322.38
243.22,243.22
223.53,223.53
206.08,206.08
146.61,146.61
60.04,60.04
-9.96,-9.96
-47.36,-47.36
-69.71,-69.71
-95.89,-95.89
-129.23,-129.23
-162.08,-162.08
-185.14,-185.14
-193.81,-193.81
-189.5,-189.5
-177.56,-177.56
-163.92,-163.92
-152.81,-152.81
-145.74,-145.74
-142.1,-142.1
-140.2,-140.2
-138.3,-138.3
-135.36,-135.36
-131.22,-131.22
-126.31,-126.31
-121.25,-121.25
-116.46,-116.46
-112.12,-112.12
-108.16,-108.16
-104.44,-104.44
-100.76,-100.76
-97.01,-97.01
-93.21,-93.21
-89.36,-89.36
-85.54,-85.54
-81.8,-81.8
-78.14,-78.14
-74.59,-74.59
-71.11,-71.11
-67.68,-67.68
-64.28,-64.28
-60.93,-60.93
-57.64,-57.64
-54.37,-54.37
-51.18,-51.18
-48.05,-48.05
-44.93,-44.93
-41.9,-41.9
-38.92,-38.92
-35.97,-35.97
-33.06,-33.06
-30.24,-30.24
-27.45,-27.45
-24.7,-24.7
-21.98,-21.98
-19.34,-19.34
-16.69,-16.69
-14.05,-14.05
-11.45,-11.45
-8.94,-8.94
-6.56,-6.56
-4.3,-4.3
-2.05,-2.05
0.2,0.2
2.48,2.48
4.77,4.77
6.98,6.98
9.09,9.09
11.08,11.08
13.02,13.02
14.91,14.91
16.81,16.81
18.72,18.72
20.61,20.61
22.45,22.45
24.23,24.23
25.97,25.97
27.69,27.69
29.33,29.33
30.94,30.94
32.53,32.53
34.08,34.08
35.58,35.58
37.06,37.06
38.48,38.48
39.88,39.88
41.25,41.25
42.56,42.56
43.88,43.88
45.09,45.09
46.31,46.31
47.53,47.53
48.69,48.69
49.78,49.78
50.88,50.88
51.94,51.94
52.94,52.94
53.94,53.94
54.88,54.88
55.81,55.81
56.72,56.72
57.63,57.63
58.66,58.66
59.63,59.63
60.47,60.47
61.13,61.13
61.66,61.66
62.13,62.13
62.66,62.66
63.19,63.19
63.81,63.81
64.44,64.44
65.03,65.03
65.56,65.56
66.06,66.06
66.53,66.53
67.0,67.0
67.5,67.5
67.94,67.94
68.34,68.34
68.66,68.66
68.87,68.87
69.09,69.09
69.25,69.25
69.47,69.47
69.72,69.72
69.94,69.94
70.12,70.12
70.31,70.31
70.47,70.47
70.56,70.56
70.62,70.62
70.72,70.72
70.78,70.78
70.78,70.78
70.81,70.81
70.81,70.81
70.78,70.78
70.75,70.75
70.69,70.69
70.62,70.62
70.5,70.5
70.37,70.37
70.25,70.25
70.12,70.12
69.94,69.94
69.78,69.78
69.56,69.56
69.34,69.34
69.12,69.12
68.87,68.87
68.62,68.62
68.37,68.37
68.19,68.19
67.97,67.97
67.69,67.69
67.31,67.31
66.87,66.87
66.44,66.44
65.97,65.97
65.56,65.56
65.16,65.16
64.78,64.78
64.41,64.41
64.0,64.0
63.56,63.56
63.09,63.09
62.63,62.63
62.16,62.16
61.66,61.66
61.19,61.19
60.69,60.69
60.19,60.19
59.66,59.66
59.19,59.19
58.72,58.72
58.28,58.28
57.75,57.75
57.16,57.16
56.5,56.5
55.81,55.81
55.16,55.16
54.53,54.53
53.94,53.94
53.38,53.38
52.78,52.78
52.19,52.19
51.56,51.56
50.94,50.94
50.31,50.31
49.63,49.63
49.0,49.0
48.38,48.38
47.78,47.78
47.28,47.28
46.81,46.81
46.22,46.22
45.5,45.5
44.63,44.63
43.75,43.75
42.91,42.91
42.16,42.16
41.5,41.5
40.84,40.84
40.19,40.19
39.53,39.53
38.88,38.88
38.16,38.16
37.47,37.47
36.84,36.84
36.22,36.22
35.56,35.56
34.81,34.81
34.03,34.03
33.22,33.22
32.44,32.44
31.69,31.69
31.0,31.0
30.31,30.31
29.62,29.62
28.94,28.94
28.22,28.22
27.5,27.5
26.81,26.81
26.09,26.09
25.37,25.37
24.66,24.66
23.97,23.97
23.25,23.25
22.56,22.56
21.84,21.84
21.16,21.16
20.47,20.47
19.75,19.75
19.06,19.06
18.37,18.37
17.69,17.69
17.0,17.0
16.31,16.31
15.63,15.63
14.95,14.95
14.28,14.28
13.61,13.61
12.94,12.94
12.25,12.25
11.61,11.61
10.97,10.97
10.41,10.41
9.83,9.83
9.22,9.22
8.53,8.53
7.8,7.8
7.05,7.05
6.34,6.34
5.67,5.67
5.05,5.05
4.48,4.48
3.97,3.97
3.47,3.47
2.89,2.89
2.25,2.25
1.55,1.55
0.88,0.88
0.28,0.28
-0.25,-0.25
-0.8,-0.8
-1.37,-1.37
-2.02,-2.02
-2.67,-2.67
-3.31,-3.31
-3.91,-3.91
-4.45,-4.45
-4.91,-4.91
-5.27,-5.27
-5.61,-5.61
-6.05,-6.05
-6.62,-6.62
-7.24,-7.24
-7.88,-7.88
-8.52,-8.52
-9.13,-9.13
-9.71,-9.71
-10.26,-10.26
-10.77,-10.77
-11.25,-11.25
-11.71,-11.71
-12.16,-12.16
-12.62,-12.62
-13.08,-13.08
-13.53,-13.53
-13.98,-13.98
-14.43,-14.43
-14.87,-14.87
-15.28,-15.28
-15.63,-15.63
-15.88,-15.88
-16.12,-16.12
-16.44,-16.44
-16.92,-16.92
-17.49,-17.49
-18.08,-18.08
-18.62,-18.62
-19.06,-19.06
-19.42,-19.42
-19.74,-19.74
-20.04,-20.04
-20.35,-20.35
-20.69,-20.69
-21.03,-21.03
-21.38,-21.38
-21.72,-21.72
-22.05,-22.05
-22.36,-22.36
-22.67,-22.67
-22.96,-22.96
-23.25,-23.25
-23.54,-23.54
-23.82,-23.82
-24.1,-24.1
-24.37,-24.37
-24.64,-24.64
-24.89,-24.89
-25.14,-25.14
-25.39,-25.39
-25.63,-25.63
-25.86,-25.86
-26.09,-26.09
-26.31,-26.31
-26.52,-26.52
-26.74,-26.74
-26.94,-26.94
-27.14,-27.14
-27.33,-27.33
-27.51,-27.51
-27.69,-27.69
-27.87,-27.87
-28.04,-28.04
-28.2,-28.2
-28.36,-28.36
-28.51,-28.51
-28.65,-28.65
-28.79,-28.79
-28.92,-28.92
-29.05,-29.05
-29.17,-29.17
-29.29,-29.29
-29.4,-29.4
-29.51,-29.51
-29.6,-29.6
-29.7,-29.7
-29.79,-29.79
-29.87,-29.87
-29.95,-29.95
-30.02,-30.02
-30.09,-30.09
-30.16,-30.16
-30.21,-30.21
-30.27,-30.27
-30.31,-30.31
-30.35,-30.35
-30.39,-30.39
-30.42,-30.42
-30.45,-30.45
-30.47,-30.47
-30.48,-30.48
-30.5,-30.5
-30.5,-30.5
-30.51,-30.51
-30.5,-30.5
-30.49,-30.49
-30.48,-30.48
-30.47,-30.47
-30.44,-30.44
-30.42,-30.42
-30.39,-30.39
-30.34,-30.34
-30.27,-30.27
-30.14,-30.14
-30.0,-30.0
-29.92,-29.92
-29.89,-29.89
-29.92,-29.92
-29.97,-29.97
-29.97,-29.97
-29.94,-29.94
-29.84,-29.84
-29.73,-29.73
-29.59,-29.59
-29.41,-29.41
-29.22,-29.22
-29.08,-29.08
-29.03,-29.03
-29.02,-29.02
-29.02,-29.02
-28.98,-28.98
-28.89,-28.89
-28.77,-28.77
-28.62,-28.62
-28.47,-28.47
-28.33,-28.33
-28.19,-28.19
-28.02,-28.02
-27.8,-27.8
-27.58,-27.58
-27.41,-27.41
-27.28,-27.28
-27.22,-27.22
-27.17,-27.17
-27.09,-27.09
-26.95,-26.95
-26.8,-26.8
-26.61,-26.61
-26.41,-26.41
-26.22,-26.22
-26.05,-26.05
-25.87,-25.87
-25.69,-25.69
-25.48,-25.48
-25.22,-25.22
-24.95,-24.95
-24.72,-24.72
-24.56,-24.56
-24.47,-24.47
-24.37,-24.37
-24.25,-24.25
-24.08,-24.08
-23.87,-23.87
-23.66,-23.66
-23.42,-23.42
-23.2,-23.2
-22.98,-22.98
-22.78,-22.78
-22.58,-22.58
-22.37,-22.37
-22.16,-22.16
-21.94,-21.94
-21.72,-21.72
-21.5,-21.5
-21.28,-21.28
-21.05,-21.05
-20.83,-20.83
-20.61,-20.61
-20.37,-20.37
-20.14,-20.14
-19.83,-19.83
-19.44,-19.44
-19.03,-19.03
-18.73,-18.73
-18.56,-18.56
-18.52,-18.52
-18.48,-18.48
-18.41,-18.41
-18.23,-18.23
-17.98,-17.98
-17.66,-17.66
-17.3,-17.3
-16.92,-16.92
-16.64,-16.64
-16.44,-16.44
-16.31,-16.31
-16.19,-16.19
-16.03,-16.03
-15.81,-15.81
-15.56,-15.56
-15.3,-15.3
-15.03,-15.03
-14.77,-14.77
-14.52,-14.52
-14.28,-14.28
-14.05,-14.05
-13.81,-13.81
-13.56,-13.56
-13.33,-13.33
-13.08,-13.08
-12.83,-12.83
-12.58,-12.58
-12.34,-12.34
-12.09,-12.09
-11.86,-11.86
-11.61,-11.61
-11.38,-11.38
-11.13,-11.13
-10.89,-10.89
-10.64,-10.64
-10.41,-10.41
-10.17,-10.17
-9.92,-9.92
-9.69,-9.69
-9.45,-9.45
-9.22,-9.22
-8.98,-8.98
-8.74,-8.74
-8.51,-8.51
-8.27,-8.27
-8.04,-8.04
-7.8,-7.8
-7.57,-7.57
-7.34,-7.34
-7.11,-7.11
-6.88,-6.88
-6.66,-6.66
-6.43,-6.43
-6.2,-6.2
-5.98,-5.98
-5.75,-5.75
-5.52,-5.52
-5.26,-5.26
-4.96,-4.96
-4.65,-4.65
-4.39,-4.39
-4.21,-4.21
-4.09,-4.09
-3.97,-3.97
-3.79,-3.79
-3.53,-3.53
-3.23,-3.23
-2.95,-2.95
-2.76,-2.76
-2.62,-2.62
-2.47,-2.47
-2.26,-2.26
-2.01,-2.01
-1.77,-1.77
-1.59,-1.59
-1.45,-1.45
-1.34,-1.34
-1.21,-1.21
-1.05,-1.05
-0.87,-0.87
-0.66,-0.66
-0.45,-0.45
-0.23,-0.23
-0.04,-0.04
0.14,0.14
0.32,0.32
0.5,0.5
0.67,0.67
0.85,0.85
1.03,1.03
1.21,1.21
1.38,1.38
1.55,1.55
1.73,1.73
1.9,1.9
2.06,2.06
2.23,2.23
2.39,2.39
2.55,2.55
2.71,2.71
2.88,2.88
3.07,3.07
3.31,3.31
3.55,3.55
3.74,3.74
3.85,3.85
3.91,3.91
3.95,3.95
4.02,4.02
4.12,4.12
4.27,4.27
4.43,4.43
4.59,4.59
4.75,4.75
4.88,4.88
5.01,5.01
5.13,5.13
5.25,5.25
5.37,5.37
5.49,5.49
5.62,5.62
5.74,5.74
5.86,5.86
5.97,5.97
6.09,6.09
6.2,6.2
6.31,6.31
6.41,6.41
6.52,6.52
6.62,6.62
6.73,6.73
6.83,6.83
6.93,6.93
7.02,7.02
7.12,7.12
7.21,7.21
7.3,7.3
7.39,7.39
7.47,7.47
7.57,7.57
7.73,7.73
7.97,7.97
8.23,8.23
8.39,8.39
8.39,8.39
8.28,8.28
8.15,8.15
8.06,8.06
8.07,8.07
8.15,8.15
8.3,8.3
8.5,8.5
8.68,8.68
8.79,8.79
8.8,8.8
8.75,8.75
8.69,8.69
8.66,8.66
8.67,8.67
8.73,8.73
8.81,8.81
8.89,8.89
8.95,8.95
9.0,9.0
9.03,9.03
9.06,9.06
9.09,9.09
9.12,9.12
9.16,9.16
9.19,9.19
9.23,9.23
9.26,9.26
9.29,9.29
9.31,9.31
9.34,9.34
9.36,9.36
9.38,9.38
9.4,9.4
9.42,9.42
9.43,9.43
9.45,9.45
9.47,9.47
9.52,9.52
9.61,9.61
9.71,9.71
9.75,9.75
9.72,9.72
9.63,9.63
9.54,9.54
9.46,9.46
9.43,9.43
9.43,9.43
9.45,9.45
9.47,9.47
9.48,9.48
9.48,9.48
9.47,9.47
9.45,9.45
9.44,9.44
9.42,9.42
9.41,9.41
9.39,9.39
9.38,9.38
9.37,9.37
9.36,9.36
9.37,9.37
9.43,9.43
9.5,9.5
9.51,9.51
9.45,9.45
9.34,9.34
9.21,9.21
9.1,9.1
9.04,9.04
9.01,9.01
9.01,9.01
9.0,9.0
8.98,8.98
8.96,8.96
8.92,8.92
8.88,8.88
8.83,8.83
8.79,8.79
8.75,8.75
8.71,8.71
8.67,8.67
8.63,8.63
8.59,8.59
8.55,8.55
8.5,8.5
8.46,8.46
8.41,8.41
8.36,8.36
8.33,8.33
8.36,8.36
8.47,8.47
8.64,8.64
8.75,8.75
8.71,8.71
8.52,8.52
8.26,8.26
8.04,8.04
7.91,7.91
7.82,7.82
7.75,7.75
7.66,7.66
7.56,7.56
7.46,7.46
7.38,7.38
7.31,7.31
7.26,7.26
7.21,7.21
7.16,7.16
7.11,7.11
7.05,7.05
6.99,6.99
6.92,6.92
6.86,6.86
6.79,6.79
6.73,6.73
6.67,6.67
6.61,6.61
6.54,6.54
6.48,6.48
6.41,6.41
6.35,6.35
6.28,6.28
6.22,6.22
6.2,6.2
6.21,6.21
6.23,6.23
6.2,6.2
6.1,6.1
5.94,5.94
5.77,5.77
5.62,5.62
5.52,5.52
5.46,5.46
5.41,5.41
5.37,5.37
5.32,5.32
5.25,5.25
5.18,5.18
5.1,5.1
5.03,5.03
4.95,4.95
4.89,4.89
4.86,4.86
4.87,4.87
4.89,4.89
4.86,4.86
4.75,4.75
4.59,4.59
4.42,4.42
4.27,4.27
4.17,4.17
4.14,4.14
4.18,4.18
4.22,4.22
4.21,4.21
4.11,4.11
3.94,3.94
3.77,3.77
3.65,3.65
3.62,3.62
3.65,3.65
3.64,3.64
3.57,3.57
3.43,3.43
3.26,3.26
3.11,3.11
3.0,3.0
2.93,2.93
2.88,2.88
2.85,2.85
2.84,2.84
2.86,2.86
2.87,2.87
2.84,2.84
2.73,2.73
2.57,2.57
2.4,2.4
2.26,2.26
2.16,2.16
2.1,2.1
2.06,2.06
2.02,2.02
1.97,1.97
1.92,1.92
1.85,1.85
1.77,1.77
1.7,1.7
1.64,1.64
1.57,1.57
1.51,1.51
1.46,1.46
1.39,1.39
1.33,1.33
1.27,1.27
1.21,1.21
1.15,1.15
1.09,1.09
1.03,1.03
0.97,0.97
0.91,0.91
0.86,0.86
0.8,0.8
0.74,0.74
0.68,0.68
0.62,0.62
0.57,0.57
0.51,0.51
0.46,0.46
0.4,0.4
0.35,0.35
0.29,0.29
0.24,0.24
0.18,0.18
0.13,0.13
0.08,0.08
0.03,0.03
-0.03,-0.03
-0.08,-0.08
-0.13,-0.13
-0.18,-0.18
-0.23,-0.23
-0.28,-0.28
-0.33,-0.33
-0.37,-0.37
-0.41,-0.41
-0.42,-0.42
-0.39,-0.39
-0.35,-0.35
-0.36,-0.36
-0.44,-0.44
-0.57,-0.57
-0.72,-0.72
-0.84,-0.84
-0.92,-0.92
-0.96,-0.96
-0.98,-0.98
-0.99,-0.99
-1.01,-1.01
-1.05,-1.05
-1.09,-1.09
-1.14,-1.14
-1.19,-1.19
-1.23,-1.23
-1.27,-1.27
-1.3,-1.3
-1.34,-1.34
-1.37,-1.37
-1.41,-1.41
-1.44,-1.44
-1.48,-1.48
-1.51,-1.51
-1.55,-1.55
-1.58,-1.58
-1.61,-1.61
-1.64,-1.64
-1.67,-1.67
-1.71,-1.71
-1.74,-1.74
-1.77,-1.77
-1.79,-1.79
-1.82,-1.82
-1.85,-1.85
-1.88,-1.88
-1.91,-1.91
-1.93,-1.93
-1.96,-1.96
-1.99,-1.99
-2.01,-2.01
-2.04,-2.04
-2.06,-2.06
-2.08,-2.08
-2.11,-2.11
-2.13,-2.13
-2.15,-2.15
-2.17,-2.17
-2.19,-2.19
-2.21,-2.21
-2.23,-2.23
-2.25,-2.25
-2.27,-2.27
-2.29,-2.29
-2.31,-2.31
-2.33,-2.33
-2.34,-2.34
-2.36,-2.36
-2.38,-2.38
-2.39,-2.39
-2.41,-2.41
-2.41,-2.41
-2.39,-2.39
-2.32,-2.32
-2.25,-2.25
-2.22,-2.22
-2.27,-2.27
-2.37,-2.37
-2.49,-2.49
-2.57,-2.57
-2.62,-2.62
-2.62,-2.62
-2.61,-2.61
-2.59,-2.59
-2.58,-2.58
-2.58,-2.58
-2.59,-2.59
-2.61,-2.61
-2.62,-2.62
-2.63,-2.63
-2.63,-2.63
-2.64,-2.64
-2.64,-2.64
-2.64,-2.64
-2.64,-2.64
-2.65,-2.65
-2.65,-2.65
-2.65,-2.65
-2.65,-2.65
-2.61,-2.61
-2.53,-2.53
-2.44,-2.44
-2.4,-2.4
-2.44,-2.44
-2.53,-2.53
-2.63,-2.63
-2.71,-2.71
-2.74,-2.74
-2.73,-2.73
-2.71,-2.71
-2.68,-2.68
-2.66,-2.66
-2.65,-2.65
-2.65,-2.65
-2.65,-2.65
-2.65,-2.65
-2.65,-2.65
-2.64,-2.64
-2.64,-2.64
-2.63,-2.63
-2.62,-2.62
-2.61,-2.61
-2.6,-2.6
-2.6,-2.6
-2.59,-2.59
-2.58,-2.58
-2.57,-2.57
-2.56,-2.56
-2.55,-2.55
-2.54,-2.54
-2.53,-2.53
-2.52,-2.52
-2.51,-2.51
-2.5,-2.5
-2.49,-2.49
-2.47,-2.47
-2.42,-2.42
-2.33,-2.33
-2.23,-2.23
-2.18,-2.18
-2.2,-2.2
-2.28,-2.28
-2.37,-2.37
-2.43,-2.43
-2.45,-2.45
-2.44,-2.44
-2.4,-2.4
-2.36,-2.36
-2.32,-2.32
-2.3,-2.3
-2.29,-2.29
-2.29,-2.29
-2.28,-2.28
-2.27,-2.27
-2.25,-2.25
-2.23,-2.23
-2.2,-2.2
-2.1,-2.1
-1.92,-1.92
-1.73,-1.73
-1.64,-1.64
-1.7,-1.7
-1.86,-1.86
-2.05,-2.05
-2.18,-2.18
-2.23,-2.23
-2.21,-2.21
-2.14,-2.14
-2.07,-2.07
-2.0,-2.0
-1.89,-1.89
-1.72,-1.72
-1.54,-1.54
-1.46,-1.46
-1.52,-1.52
-1.68,-1.68
-1.86,-1.86
-1.99,-1.99
-2.03,-2.03
-1.96,-1.96
-1.81,-1.81
-1.65,-1.65
-1.55,-1.55
-1.56,-1.56
-1.64,-1.64
-1.74,-1.74
-1.8,-1.8
-1.82,-1.82
-1.79,-1.79
-1.7,-1.7
-1.57,-1.57
-1.44,-1.44
-1.37,-1.37
-1.39,-1.39
-1.47,-1.47
-1.55,-1.55
-1.61,-1.61
-1.62,-1.62
-1.6,-1.6
-1.55,-1.55
-1.49,-1.49
-1.45,-1.45
-1.42,-1.42
-1.41,-1.41
-1.39,-1.39
-1.38,-1.38
-1.35,-1.35
-1.29,-1.29
-1.19,-1.19
-1.07,-1.07
-1.01,-1.01
-1.02,-1.02
-1.09,-1.09
-1.17,-1.17
-1.23,-1.23
-1.24,-1.24
-1.21,-1.21
-1.17,-1.17
-1.12,-1.12
-1.08,-1.08
-1.05,-1.05
-1.03,-1.03
-1.02,-1.02
-1.0,-1.0
-0.98,-0.98
-0.96,-0.96
-0.94,-0.94
-0.91,-0.91
-0.89,-0.89
-0.86,-0.86
-0.84,-0.84
-0.82,-0.82
-0.8,-0.8
-0.78,-0.78
-0.76,-0.76
-0.74,-0.74
-0.72,-0.72
-0.69,-0.69
-0.67,-0.67
-0.65,-0.65
-0.63,-0.63
-0.61,-0.61
-0.59,-0.59
-0.57,-0.57
-0.55,-0.55
-0.53,-0.53
-0.51,-0.51
-0.49,-0.49
-0.47,-0.47
-0.45,-0.45
-0.43,-0.43
-0.41,-0.41
-0.39,-0.39
-0.37,-0.37
-0.35,-0.35
-0.33,-0.33
-0.32,-0.32
-0.3,-0.3
-0.28,-0.28
-0.26,-0.26
-0.24,-0.24
-0.22,-0.22
-0.21,-0.21
-0.19,-0.19
-0.17,-0.17
-0.15,-0.15
-0.13,-0.13
-0.07,-0.07
0.02,0.02
0.13,0.13
0.18,0.18
0.16,0.16
0.09,0.09
0.0,0.0
-0.06,-0.06
-0.08,-0.08
-0.06,-0.06
-0.02,-0.02
0.03,0.03
0.06,0.06
0.08,0.08
0.09,0.09
0.1,0.1
0.11,0.11
0.16,0.16
0.26,0.26
0.36,0.36
0.42,0.42
0.4,0.4
0.32,0.32
0.23,0.23
0.17,0.17
0.15,0.15
0.16,0.16
0.2,0.2
0.24,0.24
0.27,0.27
0.29,0.29
0.3,0.3
0.31,0.31
0.31,0.31
0.32,0.32
0.33,0.33
0.35,0.35
0.36,0.36
0.37,0.37
0.39,0.39
0.4,0.4
0.41,0.41
0.42,0.42
0.43,0.43
0.44,0.44
0.45,0.45
0.46,0.46
0.47,0.47
0.48,0.48
0.49,0.49
0.5,0.5
0.51,0.51
0.52,0.52
0.53,0.53
0.54,0.54
0.54,0.54
0.55,0.55
0.56,0.56
0.57,0.57
0.58,0.58
0.59,0.59
0.59,0.59
0.6,0.6
0.61,0.61
0.61,0.61
0.62,0.62
0.63,0.63
0.64,0.64
0.64,0.64
0.65,0.65
0.65,0.65
0.66,0.66
0.67,0.67
0.67,0.67
0.68,0.68
0.69,0.69
0.73,0.73
0.82,0.82
0.91,0.91
0.95,0.95
0.92,0.92
0.84,0.84
0.74,0.74
0.67,0.67
0.64,0.64
0.64,0.64
0.67,0.67
0.7,0.7
0.72,0.72
0.74,0.74
0.78,0.78
0.85,0.85
0.94,0.94
0.97,0.97
0.94,0.94
0.85,0.85
0.76,0.76
0.68,0.68
0.65,0.65
0.66,0.66
0.69,0.69
0.71,0.71
0.73,0.73
0.75,0.75
0.78,0.78
0.86,0.86
0.94,0.94
0.98,0.98
0.94,0.94
0.85,0.85
