channel1,channel2
8.61,8.61
862.0,862.0
8.63,8.63
8.64,8.64
8.65,8.65
8.65,8.65
8.65,8.65
8.66,8.66
8.66,8.66
8.66,8.66
8.16,8.16
8.66,8.66
8.66,8.66
8.65,8.65
8.65,8.65
8.64,8.64
8.63,8.63
8.62,8.62
8.61,8.61
8.6,8.6
8.58,8.58
8.57,8.57
8.55,8.55
8.54,8.54
8.02,8.02
8.5,8.5
8.48,8.48
8.46,8.46
8.44,8.44
8.41,8.41
8.39,8.39
8.36,8.36
8.34,8.34
8.31,8.31
8.28,8.28
8.25,8.25
8.22,8.22
8.19,8.19
8.16,8.16
8.12,8.12
7.59,7.59
8.05,8.05
8.02,8.02
7.98,7.98
7.95,7.95
7.91,7.91
7.86,7.86
7.82,7.82
7.78,7.78
7.74,7.74
7.7,7.7
7.65,7.65
7.61,7.61
7.57,7.57
7.52,7.52
7.47,7.47
7.43,7.43
7.37,7.37
6.83,6.83
7.28,7.28
7.23,7.23
7.18,7.18
7.13,7.13
7.08,7.08
7.03,7.03
6.97,6.97
6.92,6.92
6.87,6.87
6.81,6.81
6.75,6.75
6.7,6.7
6.64,6.64
6.59,6.59
6.53,6.53
6.47,6.47
6.41,6.41
6.36,6.36
6.3,6.3
6.23,6.23
5.68,5.68
6.12,6.12
6.06,6.06
6.0,6.0
5.94,5.94
5.87,5.87
5.81,5.81
5.75,5.75
5.69,5.69
5.62,5.62
5.56,5.56
5.5,5.5
5.44,5.44
5.37,5.37
5.31,5.31
5.24,5.24
5.18,5.18
5.11,5.11
5.05,5.05
4.98,4.98
4.92,4.92
4.85,4.85
4.79,4.79
4.72,4.72
4.66,4.66
4.09,4.09
4.53,4.53
4.46,4.46
4.4,4.4
4.33,4.33
4.27,4.27
4.2,4.2
3.63,3.63
3.57,3.57
3.51,3.51
3.45,3.45
3.39,3.39
3.32,3.32
3.76,3.76
3.7,3.7
3.63,3.63
3.56,3.56
3.5,3.5
3.43,3.43
3.37,3.37
3.3,3.3
3.23,3.23
3.17,3.17
3.11,3.11
3.04,3.04
2.97,2.97
2.91,2.91
2.84,2.84
2.78,2.78
2.71,2.71
2.65,2.65
2.59,2.59
2.52,2.52
2.46,2.46
2.4,2.4
2.33,2.33
2.27,2.27
2.21,2.21
2.14,2.14
2.08,2.08
2.02,2.02
1.96,1.96
1.9,1.9
1.84,1.84
1.78,1.78
1.71,1.71
1.65,1.65
1.59,1.59
1.53,1.53
1.47,1.47
1.42,1.42
1.36,1.36
1.3,1.3
1.24,1.24
1.18,1.18
0.62,0.62
0.57,0.57
0.52,0.52
0.47,0.47
0.42,0.42
0.87,0.87
0.81,0.81
0.76,0.76
0.7,0.7
0.65,0.65
0.6,0.6
0.54,0.54
0.49,0.49
0.44,0.44
0.38,0.38
0.33,0.33
0.28,0.28
0.23,0.23
0.18,0.18
0.13,0.13
0.08,0.08
0.03,0.03
-0.02,-0.02
-0.06,-0.06
-0.11,-0.11
-0.16,-0.16
-0.21,-0.21
-0.25,-0.25
-0.3,-0.3
-0.34,-0.34
-0.39,-0.39
-0.43,-0.43
-0.47,-0.47
-0.52,-0.52
-0.56,-0.56
-0.6,-0.6
-0.65,-0.65
-0.69,-0.69
-0.73,-0.73
-0.77,-0.77
-0.81,-0.81
-1.35,-1.35
-1.38,-1.38
-1.42,-1.42
-0.95,-0.95
-0.99,-0.99
-1.03,-1.03
-1.06,-1.06
-1.1,-1.1
-1.13,-1.13
-1.17,-1.17
-1.2,-1.2
-1.24,-1.24
-1.27,-1.27
-1.3,-1.3
-1.34,-1.34
-1.37,-1.37
-1.4,-1.4
-1.43,-1.43
-1.46,-1.46
-1.49,-1.49
-1.52,-1.52
-1.55,-1.55
-1.58,-1.58
-1.61,-1.61
-1.63,-1.63
-1.66,-1.66
-1.69,-1.69
-1.71,-1.71
-1.74,-1.74
-1.76,-1.76
-1.79,-1.79
-1.81,-1.81
-1.84,-1.84
-1.86,-1.86
-1.88,-1.88
-1.9,-1.9
-1.93,-1.93
-1.95,-1.95
-1.97,-1.97
-2.49,-2.49
-2.5,-2.5
-3.02,-3.02
-2.53,-2.53
-2.54,-2.54
-2.05,-2.05
-2.07,-2.07
-2.09,-2.09
-2.1,-2.1
-2.12,-2.12
-2.13,-2.13
-2.15,-2.15
-2.16,-2.16
-2.18,-2.18
-2.19,-2.19
-2.2,-2.2
-2.22,-2.22
-2.23,-2.23
-2.24,-2.24
-2.25,-2.25
-2.26,-2.26
-2.27,-2.27
-2.28,-2.28
-2.29,-2.29
-2.3,-2.3
-2.31,-2.31
-2.32,-2.32
-2.32,-2.32
-2.33,-2.33
-2.34,-2.34
-2.34,-2.34
-2.35,-2.35
-2.36,-2.36
-2.36,-2.36
-2.37,-2.37
-2.37,-2.37
-2.37,-2.37
-2.38,-2.38
-2.38,-2.38
-2.38,-2.38
-2.39,-2.39
-2.39,-2.39
-2.39,-2.39
-2.39,-2.39
-2.39,-2.39
-2.39,-2.39
-2.39,-2.39
-2.39,-2.39
-2.39,-2.39
-2.39,-2.39
-2.39,-2.39
-2.39,-2.39
-2.39,-2.39
-2.38,-2.38
-2.38,-2.38
-2.38,-2.38
-2.37,-2.37
-2.37,-2.37
-2.37,-2.37
-2.36,-2.36
-2.36,-2.36
-2.35,-2.35
-2.35,-2.35
-2.34,-2.34
-2.34,-2.34
-2.33,-2.33
-2.32,-2.32
-2.32,-2.32
-2.31,-2.31
-2.3,-2.3
-2.3,-2.3
-2.29,-2.29
-2.28,-2.28
-2.27,-2.27
-2.26,-2.26
-2.25,-2.25
-2.24,-2.24
-2.23,-2.23
-2.22,-2.22
-2.21,-2.21
-2.21,-2.21
-2.19,-2.19
-2.18,-2.18
-2.17,-2.17
-2.16,-2.16
-2.15,-2.15
-2.14,-2.14
-2.13,-2.13
-2.12,-2.12
-2.1,-2.1
-2.09,-2.09
-2.08,-2.08
-2.06,-2.06
-2.05,-2.05
-2.04,-2.04
-2.03,-2.03
-2.01,-2.01
-2.0,-2.0
-1.98,-1.98
-1.97,-1.97
-1.96,-1.96
-1.94,-1.94
-1.93,-1.93
-1.91,-1.91
-1.9,-1.9
-1.88,-1.88
-1.87,-1.87
-1.85,-1.85
-1.84,-1.84
-1.82,-1.82
-1.8,-1.8
-1.79,-1.79
-1.77,-1.77
-1.76,-1.76
-1.74,-1.74
-1.72,-1.72
-1.71,-1.71
-1.69,-1.69
-1.67,-1.67
-1.66,-1.66
-1.64,-1.64
-1.62,-1.62
-1.61,-1.61
-1.59,-1.59
-1.57,-1.57
-1.55,-1.55
-1.54,-1.54
-1.52,-1.52
-1.5,-1.5
-1.48,-1.48
-1.47,-1.47
-1.45,-1.45
-1.43,-1.43
-1.41,-1.41
-1.39,-1.39
-1.38,-1.38
-1.36,-1.36
-1.34,-1.34
-1.32,-1.32
-1.3,-1.3
-1.29,-1.29
-1.77,-1.77
-1.75,-1.75
-1.72,-1.72
-1.2,-1.2
-1.18,-1.18
-0.66,-0.66
-0.65,-0.65
-0.64,-0.64
-0.62,-0.62
-1.11,-1.11
-1.09,-1.09
-1.07,-1.07
-1.05,-1.05
-1.04,-1.04
-1.02,-1.02
-1.5,-1.5
-1.48,-1.48
-1.45,-1.45
-0.93,-0.93
-0.91,-0.91
-0.39,-0.39
-0.38,-0.38
-0.37,-0.37
-0.35,-0.35
-0.84,-0.84
-0.82,-0.82
-0.8,-0.8
-0.79,-0.79
-0.77,-0.77
-0.75,-0.75
-0.73,-0.73
-0.71,-0.71
-0.7,-0.7
-0.68,-0.68
-0.66,-0.66
-0.65,-0.65
-0.63,-0.63
-0.61,-0.61
-0.59,-0.59
-0.58,-0.58
-0.56,-0.56
-0.54,-0.54
-0.53,-0.53
-0.51,-0.51
-0.49,-0.49
-0.48,-0.48
-0.46,-0.46
-0.44,-0.44
-0.43,-0.43
0.09,0.09
0.1,0.1
0.11,0.11
-0.37,-0.37
-0.36,-0.36
-0.34,-0.34
-0.33,-0.33
-0.31,-0.31
-0.3,-0.3
-0.28,-0.28
-0.26,-0.26
-0.25,-0.25
-0.23,-0.23
-0.22,-0.22
-0.2,-0.2
-0.19,-0.19
-0.17,-0.17
-0.16,-0.16
-0.15,-0.15
-0.13,-0.13
-0.12,-0.12
-0.1,-0.1
-0.09,-0.09
-0.07,-0.07
-0.06,-0.06
0.45,0.45
0.46,0.46
-0.03,-0.03
-0.02,-0.02
-0.0,-0.0
0.01,0.01
0.02,0.02
0.04,0.04
0.05,0.05
0.06,0.06
0.07,0.07
0.09,0.09
0.1,0.1
0.11,0.11
0.12,0.12
0.13,0.13
0.15,0.15
0.16,0.16
0.17,0.17
0.18,0.18
0.19,0.19
0.2,0.2
0.21,0.21
0.22,0.22
0.23,0.23
0.24,0.24
0.26,0.26
0.27,0.27
0.28,0.28
0.29,0.29
0.3,0.3
0.3,0.3
0.31,0.31
0.32,0.32
0.33,0.33
0.34,0.34
0.35,0.35
0.36,0.36
0.37,0.37
0.38,0.38
0.39,0.39
0.39,0.39
0.4,0.4
0.41,0.41
0.42,0.42
0.43,0.43
0.43,0.43
0.44,0.44
0.45,0.45
0.46,0.46
0.46,0.46
0.47,0.47
0.48,0.48
0.48,0.48
0.49,0.49
0.5,0.5
0.5,0.5
0.51,0.51
0.52,0.52
0.52,0.52
0.53,0.53
0.53,0.53
0.54,0.54
0.54,0.54
0.55,0.55
0.55,0.55
0.56,0.56
0.56,0.56
0.57,0.57
0.57,0.57
0.58,0.58
0.58,0.58
0.59,0.59
0.59,0.59
0.59,0.59
0.6,0.6
0.6,0.6
0.61,0.61
0.61,0.61
0.61,0.61
0.62,0.62
0.62,0.62
0.62,0.62
0.62,0.62
0.63,0.63
1.13,1.13
0.63,0.63
0.63,0.63
0.63,0.63
0.63,0.63
0.64,0.64
0.64,0.64
0.64,0.64
0.64,0.64
0.64,0.64
0.65,0.65
0.65,0.65
0.65,0.65
0.65,0.65
0.65,0.65
0.65,0.65
0.65,0.65
0.65,0.65
0.65,0.65
0.65,0.65
0.65,0.65
1.15,1.15
0.65,0.65
0.65,0.65
0.65,0.65
0.65,0.65
0.65,0.65
0.65,0.65
0.65,0.65
0.65,0.65
0.65,0.65
0.65,0.65
0.65,0.65
0.64,0.64
0.64,0.64
0.64,0.64
0.64,0.64
0.64,0.64
0.64,0.64
0.64,0.64
0.64,0.64
0.63,0.63
0.63,0.63
0.63,0.63
0.63,0.63
1.13,1.13
0.62,0.62
0.62,0.62
0.62,0.62
0.61,0.61
0.61,0.61
0.61,0.61
0.61,0.61
0.6,0.6
0.6,0.6
0.6,0.6
0.6,0.6
0.59,0.59
0.59,0.59
0.09,0.09
0.59,0.59
0.59,0.59
0.58,0.58
1.08,1.08
1.07,1.07
1.06,1.06
1.06,1.06
0.55,0.55
0.54,0.54
0.54,0.54
0.54,0.54
0.53,0.53
0.53,0.53
0.53,0.53
0.52,0.52
0.52,0.52
0.51,0.51
0.51,0.51
0.51,0.51
0.5,0.5
0.5,0.5
0.49,0.49
0.49,0.49
0.49,0.49
0.48,0.48
0.48,0.48
0.47,0.47
0.47,0.47
0.46,0.46
0.46,0.46
0.45,0.45
0.45,0.45
0.45,0.45
0.44,0.44
0.44,0.44
0.43,0.43
0.43,0.43
0.42,0.42
0.42,0.42
0.41,0.41
0.41,0.41
0.4,0.4
0.4,0.4
0.4,0.4
0.39,0.39
0.39,0.39
0.38,0.38
0.38,0.38
0.37,0.37
0.37,0.37
0.36,0.36
0.36,0.36
0.35,0.35
0.35,0.35
0.34,0.34
0.34,0.34
0.33,0.33
0.33,0.33
0.32,0.32
0.32,0.32
0.31,0.31
0.31,0.31
0.3,0.3
0.3,0.3
0.29,0.29
0.29,0.29
0.28,0.28
0.28,0.28
-7.23,-7.23
-53.16,-53.16
-177.67,-177.67
-368.51,-368.51
-544.56,-544.56
-634.91,-634.91
-650.85,-650.85
-654.04,-654.04
-686.1,-686.1
-744.77,-744.77
-804.78,-804.78
-839.63,-839.63
-839.53,-839.53
-807.81,-807.81
-759.75,-759.75
-709.52,-709.52
-667.14,-667.14
-635.55,-635.55
-612.64,-612.64
-593.36,-593.36
-573.66,-573.66
-552.05,-552.05
-527.55,-527.55
-501.2,-501.2
-475.53,-475.53
-450.0,-450.0
-426.64,-426.64
-404.44,-404.44
-382.87,-382.87
-361.94,-361.94
-341.16,-341.16
-320.5,-320.5
-299.5,-299.5
-279.62,-279.62
-259.41,-259.41
-240.31,-240.31
-221.37,-221.37
-203.06,-203.06
-184.91,-184.91
-167.37,-167.37
-149.97,-149.97
-132.72,-132.72
-116.59,-116.59
-100.09,-100.09
-84.25,-84.25
-69.0,-69.0
-53.94,-53.94
-38.94,-38.94
-24.62,-24.62
-10.44,-10.44
3.12,3.12
16.62,16.62
29.94,29.94
42.63,42.63
55.25,55.25
67.69,67.69
79.5,79.5
91.25,91.25
102.31,102.31
113.81,113.81
124.62,124.62
134.87,134.87
145.0,145.0
154.5,154.5
163.94,163.94
172.69,172.69
181.87,181.87
190.44,190.44
198.94,198.94
207.25,207.25
215.0,215.0
222.69,222.69
230.25,230.25
237.62,237.62
244.5,244.5
251.25,251.25
257.37,257.37
263.87,263.87
269.87,269.87
275.62,275.62
281.37,281.37
286.62,286.62
291.62,291.62
296.62,296.62
301.0,301.0
305.25,305.25
309.5,309.5
313.62,313.62
317.62,317.62
321.62,321.62
325.0,325.0
328.25,328.25
331.0,331.0
334.12,334.12
336.75,336.75
339.62,339.62
342.12,342.12
344.12,344.12
346.12,346.12
347.87,347.87
349.75,349.75
351.25,351.25
352.5,352.5
354.0,354.0
355.0,355.0
355.87,355.87
356.87,356.87
357.5,357.5
358.12,358.12
358.37,358.37
358.87,358.87
359.0,359.0
358.87,358.87
358.75,358.75
358.25,358.25
357.5,357.5
356.87,356.87
356.25,356.25
355.62,355.62
354.87,354.87
353.87,353.87
352.75,352.75
351.75,351.75
350.5,350.5
349.12,349.12
347.62,347.62
346.12,346.12
344.25,344.25
342.5,342.5
340.5,340.5
338.37,338.37
336.25,336.25
334.0,334.0
332.0,332.0
329.37,329.37
327.12,327.12
324.75,324.75
322.12,322.12
319.5,319.5
317.12,317.12
314.37,314.37
311.62,311.62
308.62,308.62
305.62,305.62
302.62,302.62
299.62,299.62
296.25,296.25
293.37,293.37
290.37,290.37
287.25,287.25
283.87,283.87
280.5,280.5
276.75,276.75
272.87,272.87
269.25,269.25
265.75,265.75
262.12,262.12
258.62,258.62
255.0,255.0
251.25,251.25
247.5,247.5
243.87,243.87
239.87,239.87
236.12,236.12
232.25,232.25
228.25,228.25
224.5,224.5
220.62,220.62
216.62,216.62
212.62,212.62
208.5,208.5
204.5,204.5
200.62,200.62
196.62,196.62
192.75,192.75
188.5,188.5
184.5,184.5
180.25,180.25
176.06,176.06
171.81,171.81
167.69,167.69
163.62,163.62
159.5,159.5
155.31,155.31
151.25,151.25
147.06,147.06
142.94,142.94
138.75,138.75
134.62,134.62
130.56,130.56
126.44,126.44
122.25,122.25
118.19,118.19
114.06,114.06
110.0,110.0
105.94,105.94
101.94,101.94
97.87,97.87
93.94,93.94
89.81,89.81
85.62,85.62
81.56,81.56
77.44,77.44
73.44,73.44
69.37,69.37
65.62,65.62
61.75,61.75
58.06,58.06
54.25,54.25
50.25,50.25
46.25,46.25
42.16,42.16
38.22,38.22
34.44,34.44
30.91,30.91
27.31,27.31
23.62,23.62
19.97,19.97
16.19,16.19
12.34,12.34
8.53,8.53
4.84,4.84
1.09,1.09
-2.36,-2.36
-5.94,-5.94
-9.33,-9.33
-12.83,-12.83
-16.17,-16.17
-19.61,-19.61
-23.0,-23.0
-26.36,-26.36
-29.69,-29.69
-32.98,-32.98
-36.11,-36.11
-39.34,-39.34
-42.52,-42.52
-45.68,-45.68
-48.79,-48.79
-51.87,-51.87
-54.92,-54.92
-57.93,-57.93
-60.9,-60.9
-63.84,-63.84
-66.73,-66.73
-69.59,-69.59
-72.42,-72.42
-75.22,-75.22
-77.97,-77.97
-80.69,-80.69
-83.36,-83.36
-86.0,-86.0
-88.59,-88.59
-91.17,-91.17
-93.72,-93.72
-91.87,-91.87
-72.06,-72.06
-27.03,-27.03
22.62,22.62
42.97,42.97
26.37,26.37
8.75,8.75
27.87,27.87
70.53,70.53
87.56,87.56
57.94,57.94
16.62,16.62
9.28,9.28
31.09,31.09
37.22,37.22
6.44,6.44
-30.0,-30.0
-30.56,-30.56
-3.37,-3.37
5.56,5.56
-25.62,-25.62
-66.25,-66.25
-73.94,-73.94
-52.06,-52.06
-42.56,-42.56
-72.87,-72.87
-125.44,-125.44
-149.25,-149.25
-113.81,-113.81
-51.56,-51.56
-24.31,-24.31
-55.06,-55.06
-104.31,-104.31
-120.12,-120.12
-102.81,-102.81
-96.0,-96.0
-122.25,-122.25
-152.56,-152.56
-147.5,-147.5
-116.19,-116.19
-104.69,-104.69
-133.62,-133.62
-162.19,-162.19
-116.19,-116.19
41.0,41.0
271.5,271.5
495.12,495.12
643.37,643.37
690.25,690.25
652.5,652.5
570.5,570.5
484.12,484.12
419.25,419.25
382.62,382.62
367.5,367.5
361.12,361.12
352.75,352.75
336.75,336.75
312.87,312.87
284.62,284.62
255.75,255.75
229.12,229.12
205.75,205.75
185.0,185.0
165.75,165.75
146.87,146.87
127.75,127.75
108.12,108.12
88.37,88.37
68.75,68.75
49.88,49.88
31.62,31.62
14.0,14.0
-3.12,-3.12
-19.87,-19.87
-36.13,-36.13
-52.25,-52.25
-68.0,-68.0
-83.5,-83.5
-98.62,-98.62
-113.5,-113.5
-127.62,-127.62
-141.5,-141.5
-154.75,-154.75
-167.75,-167.75
-180.25,-180.25
-192.62,-192.62
-204.87,-204.87
-216.62,-216.62
-228.0,-228.0
-239.12,-239.12
-250.0,-250.0
-260.37,-260.37
-270.62,-270.62
-280.5,-280.5
-290.0,-290.0
-299.5,-299.5
-308.5,-308.5
-317.0,-317.0
-325.25,-325.25
-333.25,-333.25
-340.75,-340.75
-348.25,-348.25
-355.5,-355.5
-362.25,-362.25
-368.75,-368.75
-375.25,-375.25
-381.25,-381.25
-387.25,-387.25
-392.75,-392.75
-398.0,-398.0
-403.25,-403.25
-408.0,-408.0
-412.75,-412.75
-417.25,-417.25
-421.25,-421.25
-425.25,-425.25
-428.75,-428.75
-432.5,-432.5
-435.75,-435.75
-438.75,-438.75
-441.5,-441.5
-444.0,-444.0
-446.5,-446.5
-448.5,-448.5
-450.75,-450.75
-452.5,-452.5
-454.25,-454.25
-455.5,-455.5
-457.0,-457.0
-458.0,-458.0
-458.75,-458.75
-459.5,-459.5
-460.0,-460.0
-460.5,-460.5
-460.5,-460.5
-460.5,-460.5
-460.5,-460.5
-460.25,-460.25
-459.75,-459.75
-459.25,-459.25
-458.5,-458.5
-457.5,-457.5
-456.5,-456.5
-455.25,-455.25
-454.0,-454.0
-452.75,-452.75
-451.25,-451.25
-449.5,-449.5
-447.5,-447.5
-445.75,-445.75
-443.5,-443.5
-441.5,-441.5
-439.0,-439.0
-436.5,-436.5
-434.0,-434.0
-431.5,-431.5
-428.5,-428.5
-426.0,-426.0
-423.0,-423.0
-419.75,-419.75
-416.75,-416.75
-413.5,-413.5
-410.25,-410.25
-406.75,-406.75
-403.25,-403.25
-399.75,-399.75
-396.0,-396.0
-392.25,-392.25
-388.25,-388.25
-384.5,-384.5
-380.5,-380.5
-376.5,-376.5
-372.25,-372.25
-368.25,-368.25
-364.0,-364.0
-359.75,-359.75
-355.25,-355.25
-351.0,-351.0
-346.5,-346.5
-342.0,-342.0
-337.25,-337.25
-332.75,-332.75
-328.25,-328.25
-323.5,-323.5
-318.75,-318.75
-314.0,-314.0
-309.5,-309.5
-304.5,-304.5
-299.5,-299.5
-294.5,-294.5
-289.25,-289.25
-284.0,-284.0
-279.0,-279.0
-273.75,-273.75
-268.75,-268.75
-263.87,-263.87
-258.62,-258.62
-253.37,-253.37
-248.5,-248.5
-243.0,-243.0
-237.87,-237.87
-232.37,-232.37
-227.5,-227.5
-222.37,-222.37
-217.0,-217.0
-211.62,-211.62
-206.25,-206.25
-201.0,-201.0
-196.12,-196.12
-190.87,-190.87
-185.0,-185.0
-179.75,-179.75
-174.62,-174.62
-169.37,-169.37
-163.62,-163.62
-158.5,-158.5
-153.37,-153.37
-147.75,-147.75
-142.62,-142.62
-137.62,-137.62
-132.12,-132.12
-127.12,-127.12
-121.62,-121.62
-116.62,-116.62
-111.25,-111.25
-106.37,-106.37
-101.0,-101.0
-95.62,-95.62
-90.87,-90.87
-85.62,-85.62
-80.37,-80.37
-75.25,-75.25
-70.5,-70.5
-65.5,-65.5
-60.38,-60.38
-55.25,-55.25
-50.31,-50.31
-45.31,-45.31
-40.38,-40.38
-35.5,-35.5
-31.12,-31.12
-26.31,-26.31
-21.56,-21.56
-16.81,-16.81
-11.63,-11.63
-6.94,-6.94
-2.37,-2.37
2.25,2.25
6.75,6.75
11.25,11.25
15.69,15.69
20.06,20.06
24.44,24.44
28.75,28.75
33.5,33.5
37.75,37.75
41.91,41.91
46.03,46.03
50.13,50.13
54.66,54.66
58.66,58.66
62.59,62.59
66.5,66.5
70.87,70.87
74.66,74.66
78.44,78.44
82.64,82.64
86.3,86.3
89.92,89.92
93.48,93.48
97.52,97.52
100.98,100.98
104.41,104.41
108.28,108.28
111.61,111.61
114.88,114.88
118.61,118.61
121.79,121.79
124.92,124.92
128.5,128.5
131.54,131.54
134.52,134.52
137.95,137.95
140.84,140.84
143.67,143.67
146.97,146.97
149.7,149.7
152.87,152.87
155.53,155.53
158.12,158.12
161.16,161.16
163.66,163.66
166.09,166.09
168.97,168.97
171.31,171.31
173.62,173.62
176.37,176.37
178.56,178.56
180.69,180.69
183.31,183.31
185.37,185.37
187.87,187.87
189.81,189.81
191.75,191.75
194.06,194.06
195.87,195.87
197.62,197.62
199.87,199.87
201.56,201.56
203.12,203.12
204.75,204.75
206.75,206.75
208.25,208.25
209.69,209.69
211.56,211.56
212.87,212.87
214.19,214.19
215.94,215.94
217.12,217.12
218.31,218.31
219.94,219.94
221.0,221.0
222.0,222.0
223.0,223.0
224.44,224.44
225.31,225.31
226.19,226.19
227.0,227.0
228.31,228.31
229.0,229.0
229.62,229.62
230.25,230.25
231.37,231.37
231.87,231.87
232.5,232.5
232.87,232.87
233.37,233.37
234.25,234.25
234.62,234.62
234.87,234.87
235.12,235.12
235.37,235.37
235.62,235.62
236.25,236.25
236.37,236.37
236.5,236.5
236.5,236.5
236.5,236.5
236.5,236.5
236.37,236.37
236.87,236.87
236.75,236.75
236.5,236.5
236.25,236.25
236.12,236.12
235.75,235.75
235.5,235.5
235.12,235.12
234.75,234.75
234.37,234.37
233.87,233.87
233.5,233.5
233.0,233.0
232.5,232.5
231.87,231.87
231.25,231.25
230.62,230.62
230.0,230.0
229.37,229.37
228.62,228.62
227.87,227.87
227.12,227.12
226.37,226.37
225.5,225.5
224.75,224.75
223.87,223.87
222.87,222.87
222.0,222.0
220.62,220.62
219.62,219.62
218.62,218.62
217.62,217.62
217.0,217.0
216.0,216.0
214.87,214.87
213.75,213.75
212.12,212.12
211.0,211.0
209.87,209.87
208.62,208.62
207.37,207.37
206.25,206.25
204.37,204.37
203.12,203.12
201.87,201.87
200.62,200.62
199.25,199.25
197.87,197.87
196.0,196.0
194.62,194.62
193.25,193.25
191.87,191.87
190.0,190.0
188.5,188.5
187.0,187.0
185.62,185.62
183.62,183.62
182.12,182.12
180.62,180.62
179.12,179.12
177.12,177.12
175.5,175.5
174.0,174.0
172.37,172.37
170.37,170.37
168.75,168.75
167.12,167.12
165.12,165.12
163.5,163.5
161.87,161.87
159.75,159.75
158.12,158.12
156.37,156.37
154.25,154.25
152.62,152.62
151.0,151.0
148.75,148.75
147.12,147.12
145.0,145.0
143.25,143.25
141.62,141.62
139.37,139.37
137.62,137.62
135.5,135.5
133.75,133.75
132.12,132.12
129.87,129.87
128.12,128.12
125.87,125.87
124.25,124.25
122.0,122.0
120.25,120.25
118.12,118.12
116.37,116.37
114.12,114.12
112.37,112.37
110.75,110.75
108.5,108.5
106.75,106.75
104.62,104.62
102.87,102.87
100.62,100.62
99.0,99.0
96.75,96.75
95.0,95.0
92.87,92.87
90.62,90.62
89.0,89.0
86.75,86.75
85.12,85.12
83.0,83.0
81.25,81.25
79.12,79.12
77.5,77.5
75.37,75.37
73.75,73.75
71.5,71.5
69.37,69.37
67.75,67.75
65.62,65.62
64.12,64.12
62.0,62.0
59.88,59.88
58.25,58.25
56.25,56.25
54.63,54.63
52.63,52.63
50.5,50.5
49.0,49.0
47.0,47.0
45.44,45.44
43.44,43.44
41.44,41.44
39.94,39.94
38.0,38.0
36.0,36.0
34.56,34.56
32.56,32.56
30.69,30.69
29.25,29.25
27.31,27.31
25.44,25.44
24.0,24.0
22.12,22.12
20.31,20.31
18.94,18.94
17.12,17.12
15.25,15.25
13.94,13.94
12.13,12.13
10.38,10.38
8.56,8.56
7.31,7.31
5.56,5.56
3.87,3.87
2.62,2.62
0.94,0.94
-0.75,-0.75
-2.44,-2.44
-3.62,-3.62
-5.25,-5.25
-6.87,-6.87
-8.0,-8.0
-9.63,-9.63
-11.19,-11.19
-12.75,-12.75
-13.81,-13.81
-15.38,-15.38
-16.87,-16.87
-18.44,-18.44
-19.44,-19.44
-20.87,-20.87
-22.37,-22.37
-23.81,-23.81
-25.25,-25.25
-26.69,-26.69
-28.06,-28.06
-28.94,-28.94
-30.31,-30.31
-31.16,-31.16
-32.5,-32.5
-33.84,-33.84
-35.13,-35.13
-36.44,-36.44
-37.19,-37.19
-38.47,-38.47
-39.69,-39.69
-40.94,-40.94
-42.13,-42.13
-42.81,-42.81
-44.0,-44.0
-45.16,-45.16
-46.31,-46.31
-47.44,-47.44
-48.03,-48.03
-49.13,-49.13
-50.22,-50.22
-51.28,-51.28
-52.31,-52.31
-53.34,-53.34
-53.84,-53.84
-54.83,-54.83
-55.81,-55.81
-56.77,-56.77
-57.72,-57.72
-58.64,-58.64
-59.05,-59.05
-59.94,-59.94
-60.81,-60.81
-61.69,-61.69
-62.53,-62.53
-63.34,-63.34
-64.16,-64.16
-64.45,-64.45
-65.23,-65.23
-65.99,-65.99
-66.74,-66.74
-67.47,-67.47
-68.18,-68.18
-68.87,-68.87
-69.55,-69.55
-69.72,-69.72
-70.37,-70.37
-71.0,-71.0
-71.61,-71.61
-72.21,-72.21
-72.8,-72.8
-73.37,-73.37
-73.92,-73.92
-73.95,-73.95
-74.48,-74.48
-74.98,-74.98
-75.47,-75.47
-75.95,-75.95
-76.41,-76.41
-76.85,-76.85
-77.28,-77.28
-77.7,-77.7
-77.59,-77.59
-77.98,-77.98
-78.35,-78.35
-78.7,-78.7
-79.05,-79.05
-79.37,-79.37
-79.68,-79.68
-79.98,-79.98
-80.26,-80.26
-80.52,-80.52
-80.27,-80.27
-80.52,-80.52
-80.74,-80.74
-80.95,-80.95
-81.16,-81.16
-81.34,-81.34
-81.52,-81.52
-81.67,-81.67
-81.81,-81.81
-81.94,-81.94
-82.06,-82.06
-82.16,-82.16
-81.75,-81.75
-81.83,-81.83
-81.89,-81.89
-81.95,-81.95
-81.98,-81.98
-82.02,-82.02
-82.03,-82.03
-82.03,-82.03
-82.03,-82.03
-82.0,-82.0
-81.97,-81.97
-81.92,-81.92
-81.87,-81.87
-81.8,-81.8
-81.2,-81.2
-81.12,-81.12
-81.03,-81.03
-81.41,-81.41
-81.28,-81.28
-81.16,-81.16
-81.0,-81.0
-80.34,-80.34
-80.19,-80.19
-80.0,-80.0
-79.81,-79.81
-79.62,-79.62
-79.41,-79.41
-79.19,-79.19
-78.97,-78.97
-78.72,-78.72
-78.47,-78.47
-77.72,-77.72
-77.47,-77.47
-77.19,-77.19
-76.91,-76.91
-76.62,-76.62
-76.31,-76.31
-76.0,-76.0
-75.69,-75.69
-75.37,-75.37
-75.03,-75.03
-74.69,-74.69
-74.34,-74.34
-74.0,-74.0
-73.62,-73.62
-73.25,-73.25
-72.87,-72.87
-72.47,-72.47
-72.09,-72.09
-71.69,-71.69
-71.28,-71.28
-70.84,-70.84
-70.44,-70.44
-70.0,-70.0
-69.56,-69.56
-69.12,-69.12
-68.16,-68.16
-67.72,-67.72
-67.25,-67.25
-66.78,-66.78
-66.31,-66.31
-65.84,-65.84
-65.37,-65.37
-64.87,-64.87
-64.37,-64.37
-63.88,-63.88
-63.38,-63.38
-62.88,-62.88
-62.38,-62.38
-61.84,-61.84
-61.31,-61.31
-60.81,-60.81
-60.28,-60.28
-59.72,-59.72
-59.19,-59.19
-58.66,-58.66
-58.09,-58.09
-57.56,-57.56
-57.0,-57.0
-56.44,-56.44
-55.88,-55.88
-55.31,-55.31
-54.75,-54.75
-54.16,-54.16
-53.59,-53.59
-53.03,-53.03
-52.44,-52.44
-51.84,-51.84
-51.28,-51.28
-50.69,-50.69
-50.09,-50.09
-49.5,-49.5
-48.91,-48.91
-48.31,-48.31
-47.72,-47.72
-47.13,-47.13
-46.0,-46.0
-45.41,-45.41
-44.81,-44.81
-44.22,-44.22
-43.63,-43.63
-43.0,-43.0
-42.41,-42.41
-41.81,-41.81
-41.19,-41.19
-40.59,-40.59
-39.97,-39.97
-39.38,-39.38
-38.75,-38.75
-38.16,-38.16
-37.53,-37.53
-36.94,-36.94
-36.34,-36.34
-35.72,-35.72
-35.13,-35.13
-34.5,-34.5
-33.91,-33.91
-33.28,-33.28
-32.69,-32.69
-32.06,-32.06
-31.47,-31.47
-30.87,-30.87
-30.25,-30.25
-29.66,-29.66
-29.06,-29.06
-28.44,-28.44
-27.84,-27.84
-27.25,-27.25
-26.66,-26.66
-26.06,-26.06
-25.47,-25.47
-24.87,-24.87
-24.28,-24.28
-23.69,-23.69
-23.09,-23.09
-22.53,-22.53
-21.94,-21.94
-21.34,-21.34
-20.78,-20.78
-20.19,-20.19
-19.62,-19.62
-19.06,-19.06
-18.47,-18.47
-17.91,-17.91
-17.34,-17.34
-16.78,-16.78
-16.22,-16.22
-15.66,-15.66
-15.11,-15.11
-14.55,-14.55
-14.0,-14.0
-13.45,-13.45
-12.91,-12.91
-12.38,-12.38
-11.83,-11.83
-11.3,-11.3
-10.77,-10.77
-10.23,-10.23
-9.72,-9.72
-9.19,-9.19
-9.17,-9.17
-8.66,-8.66
-8.14,-8.14
-7.12,-7.12
-6.62,-6.62
-6.12,-6.12
-5.62,-5.62
-5.62,-5.62
-5.14,-5.14
-4.14,-4.14
-3.67,-3.67
-3.19,-3.19
-2.72,-2.72
-2.23,-2.23
-1.78,-1.78
-1.31,-1.31
-0.86,-0.86
-0.41,-0.41
0.05,0.05
0.5,0.5
0.94,0.94
1.37,1.37
1.81,1.81
1.73,1.73
2.67,2.67
3.09,3.09
3.52,3.52
3.92,3.92
4.33,4.33
4.73,4.73
5.12,5.12
5.53,5.53
5.92,5.92
6.3,6.3
6.69,6.69
7.06,7.06
7.44,7.44
7.8,7.8
8.16,8.16
8.52,8.52
8.88,8.88
9.23,9.23
9.57,9.57
9.91,9.91
10.25,10.25
10.58,10.58
10.91,10.91
11.23,11.23
11.55,11.55
11.86,11.86
12.16,12.16
12.47,12.47
12.77,12.77
13.06,13.06
13.35,13.35
13.64,13.64
13.91,13.91
14.19,14.19
14.46,14.46
14.73,14.73
14.49,14.49
14.75,14.75
15.01,15.01
15.76,15.76
16.0,16.0
16.24,16.24
16.98,16.98
17.2,17.2
16.92,16.92
17.14,17.14
17.36,17.36
17.57,17.57
17.77,17.77
17.97,17.97
18.17,18.17
18.36,18.36
18.55,18.55
18.73,18.73
18.91,18.91
19.09,19.09
19.26,19.26
19.42,19.42
19.58,19.58
19.74,19.74
19.89,19.89
20.04,20.04
20.18,20.18
20.32,20.32
20.45,20.45
20.58,20.58
20.71,20.71
20.83,20.83
20.95,20.95
21.06,21.06
21.17,21.17
21.28,21.28
21.38,21.38
21.47,21.47
21.57,21.57
21.65,21.65
21.74,21.74
21.82,21.82
21.89,21.89
21.96,21.96
22.04,22.04
22.1,22.1
22.16,22.16
22.21,22.21
22.77,22.77
22.31,22.31
22.36,22.36
22.39,22.39
22.43,22.43
22.96,22.96
22.49,22.49
22.52,22.52
22.54,22.54
23.06,23.06
22.57,22.57
22.58,22.58
22.59,22.59
22.59,22.59
23.1,23.1
22.59,22.59
22.58,22.58
22.57,22.57
22.56,22.56
23.05,23.05
22.52,22.52
22.5,22.5
22.47,22.47
22.45,22.45
22.91,22.91
22.37,22.37
22.34,22.34
22.3,22.3
22.25,22.25
22.7,22.7
22.15,22.15
22.09,22.09
22.04,22.04
21.98,21.98
22.42,22.42
21.85,21.85
21.78,21.78
21.71,21.71
21.64,21.64
21.57,21.57
21.99,21.99
21.41,21.41
21.32,21.32
21.23,21.23
21.15,21.15
21.56,21.56
20.96,20.96
20.87,20.87
20.77,20.77
20.67,20.67
20.57,20.57
20.47,20.47
20.86,20.86
20.25,20.25
20.14,20.14
20.03,20.03
19.91,19.91
19.8,19.8
20.18,20.18
19.55,19.55
19.44,19.44
19.31,19.31
19.19,19.19
19.06,19.06
19.43,19.43
18.8,18.8
18.66,18.66
18.53,18.53
18.4,18.4
18.26,18.26
17.62,17.62
17.98,17.98
17.84,17.84
17.7,17.7
18.05,18.05
17.91,17.91
17.76,17.76
17.6,17.6
16.95,16.95
16.8,16.8
16.65,16.65
16.49,16.49
16.34,16.34
16.19,16.19
16.03,16.03
15.88,15.88
15.71,15.71
15.55,15.55
15.4,15.4
15.23,15.23
15.07,15.07
14.91,14.91
14.75,14.75
14.59,14.59
14.92,14.92
14.25,14.25
14.09,14.09
13.91,13.91
13.75,13.75
13.59,13.59
13.41,13.41
13.24,13.24
13.08,13.08
13.41,13.41
12.73,12.73
12.56,12.56
12.39,12.39
12.22,12.22
12.05,12.05
11.88,11.88
11.7,11.7
11.53,11.53
11.86,11.86
11.19,11.19
11.02,11.02
10.84,10.84
10.66,10.66
10.49,10.49
10.32,10.32
10.15,10.15
9.98,9.98
9.8,9.8
10.13,10.13
9.45,9.45
9.28,9.28
9.11,9.11
8.94,8.94
8.77,8.77
8.59,8.59
8.42,8.42
8.25,8.25
8.09,8.09
8.41,8.41
7.73,7.73
7.57,7.57
7.4,7.4
7.23,7.23
7.06,7.06
6.9,6.9
6.73,6.73
6.56,6.56
6.39,6.39
6.23,6.23
6.56,6.56
5.9,5.9
5.73,5.73
5.57,5.57
5.41,5.41
5.24,5.24
5.08,5.08
4.92,4.92
4.76,4.76
4.6,4.6
4.45,4.45
4.29,4.29
4.12,4.12
4.48,4.48
3.81,3.81
3.66,3.66
3.51,3.51
3.35,3.35
3.2,3.2
3.05,3.05
2.9,2.9
2.75,2.75
2.6,2.6
2.46,2.46
2.31,2.31
2.16,2.16
2.52,2.52
1.87,1.87
1.73,1.73
1.59,1.59
1.45,1.45
1.31,1.31
1.17,1.17
1.04,1.04
0.9,0.9
0.77,0.77
0.63,0.63
0.5,0.5
0.37,0.37
0.24,0.24
0.61,0.61
-0.02,-0.02
-0.15,-0.15
-0.28,-0.28
-0.4,-0.4
-0.52,-0.52
-0.64,-0.64
-0.77,-0.77
-0.89,-0.89
-1.0,-1.0
-1.12,-1.12
-1.24,-1.24
-1.35,-1.35
-1.46,-1.46
-1.58,-1.58
-1.69,-1.69
-1.3,-1.3
-1.91,-1.91
-2.02,-2.02
-2.12,-2.12
-2.23,-2.23
-2.33,-2.33
-2.43,-2.43
-2.53,-2.53
-2.63,-2.63
-2.73,-2.73
-2.83,-2.83
-2.92,-2.92
-3.02,-3.02
-3.11,-3.11
-3.2,-3.2
-3.29,-3.29
-3.38,-3.38
-3.47,-3.47
-3.55,-3.55
-3.14,-3.14
-3.72,-3.72
-3.81,-3.81
-3.89,-3.89
-3.97,-3.97
-4.05,-4.05
-4.12,-4.12
-4.2,-4.2
-4.27,-4.27
-4.35,-4.35
-4.42,-4.42
-4.49,-4.49
-4.56,-4.56
-4.62,-4.62
-4.69,-4.69
-4.25,-4.25
-4.32,-4.32
-4.39,-4.39
-4.96,-4.96
-5.02,-5.02
-5.07,-5.07
-5.13,-5.13
-5.19,-5.19
-5.24,-5.24
-5.3,-5.3
-5.35,-5.35
-5.4,-5.4
-5.45,-5.45
-5.5,-5.5
-5.54,-5.54
-5.59,-5.59
-5.63,-5.63
-5.68,-5.68
-5.72,-5.72
-5.76,-5.76
-5.8,-5.8
-5.84,-5.84
-5.87,-5.87
-5.91,-5.91
-5.94,-5.94
-5.98,-5.98
-6.01,-6.01
-6.04,-6.04
-6.07,-6.07
-6.1,-6.1
-6.13,-6.13
-6.15,-6.15
-5.68,-5.68
-5.71,-5.71
-6.23,-6.23
-6.25,-6.25
-6.27,-6.27
-6.29,-6.29
-6.31,-6.31
-6.33,-6.33
-6.34,-6.34
-6.36,-6.36
-6.37,-6.37
-6.39,-6.39
-6.4,-6.4
-6.41,-6.41
-6.42,-6.42
-6.43,-6.43
-6.43,-6.43
-6.44,-6.44
-7.44,-7.44
-8.44,-8.44
-8.92,-8.92
-8.4,-8.4
-8.88,-8.88
-11.86,-11.86
-18.81,-18.81
-25.69,-25.69
-28.0,-28.0
-25.29,-25.29
-23.6,-23.6
-26.93,-26.93
-34.71,-34.71
-38.42,-38.42
-35.6,-35.6
-32.79,-32.79
-40.0,-40.0
-55.14,-55.14
-66.13,-66.13
-65.02,-65.02
-58.9,-58.9
-63.83,-63.83
-80.71,-80.71
-94.92,-94.92
-92.99,-92.99
-83.06,-83.06
-85.2,-85.2
-106.82,-106.82
-130.72,-130.72
-135.88,-135.88
-124.98,-124.98
-120.66,-120.66
-136.85,-136.85
-160.38,-160.38
-167.17,-167.17
-154.38,-154.38
-144.67,-144.67
-155.53,-155.53
-177.77,-177.77
-186.28,-186.28
-173.69,-173.69
-159.68,-159.68
-165.28,-165.28
-182.8,-182.8
-189.13,-189.13
-172.88,-172.88
-152.75,-152.75
-151.28,-151.28
-166.3,-166.3
-174.15,-174.15
-160.91,-160.91
-141.27,-141.27
-139.29,-139.29
-155.8,-155.8
-167.13,-167.13
-157.34,-157.34
-137.12,-137.12
-131.05,-131.05
-144.03,-144.03
-155.36,-155.36
-146.07,-146.07
-124.34,-124.34
-114.28,-114.28
-125.8,-125.8
-138.7,-138.7
-132.97,-132.97
-112.76,-112.76
-102.72,-102.72
-114.75,-114.75
-133.16,-133.16
-135.89,-135.89
-122.56,-122.56
-117.34,-117.34
-132.64,-132.64
-154.8,-154.8
-158.72,-158.72
-141.08,-141.08
-122.58,-122.58
-121.23,-121.23
-127.37,-127.37
-118.95,-118.95
-90.58,-90.58
-61.95,-61.95
-54.58,-54.58
-61.77,-61.77
-58.38,-58.38
-35.53,-35.53
-9.84,-9.84
-2.94,-2.94
-11.06,-11.06
-10.13,-10.13
11.81,11.81
40.06,40.06
50.03,50.03
41.41,41.41
35.84,35.84
49.81,49.81
73.19,73.19
81.31,81.31
70.34,70.34
62.0,62.0
74.19,74.19
98.25,98.25
109.59,109.59
99.81,99.81
87.12,87.12
92.53,92.53
109.84,109.84
117.5,117.5
104.09,104.09
86.78,86.78
87.09,87.09
103.91,103.91
113.53,113.53
101.56,101.56
82.22,82.22
78.0,78.0
92.81,92.81
104.5,104.5
96.06,96.06
78.62,78.62
75.87,75.87
93.69,93.69
112.75,112.75
113.19,113.19
101.56,101.56
102.0,102.0
124.0,124.0
148.19,148.19
153.19,153.19
141.12,141.12
135.62,135.62
149.69,149.69
168.56,168.56
169.25,169.25
153.94,153.94
144.69,144.69
159.5,159.5
184.69,184.69
196.62,196.62
189.87,189.87
184.75,184.75
198.56,198.56
222.75,222.75
232.62,232.62
221.44,221.44
207.31,207.31
210.81,210.81
226.69,226.69
230.87,230.87
214.06,214.06
192.81,192.81
189.75,189.75
202.69,202.69
207.5,207.5
191.19,191.19
167.0,167.0
160.56,160.56
173.12,173.12
184.0,184.0
176.31,176.31
161.62,161.62
162.56,162.56
184.0,184.0
204.69,204.69
204.12,204.12
188.06,188.06
181.12,181.12
193.75,193.75
207.19,207.19
202.0,202.0
182.81,182.81
173.75,173.75
187.31,187.31
207.69,207.69
210.81,210.81
196.87,196.87
188.06,188.06
199.31,199.31
218.44,218.44
220.81,220.81
202.19,202.19
183.62,183.62
184.25,184.25
195.37,195.37
192.81,192.81
170.75,170.75
149.37,149.37
149.19,149.19
165.0,165.0
171.06,171.06
157.12,157.12
139.75,139.75
140.0,140.0
156.25,156.25
165.37,165.37
153.81,153.81
135.87,135.87
135.06,135.06
152.75,152.75
166.25,166.25
158.56,158.56
140.97,140.97
139.0,139.0
157.03,157.03
174.37,174.37
171.53,171.53
156.69,156.69
154.94,154.94
174.22,174.22
196.78,196.78
200.09,200.09
188.34,188.34
184.69,184.69
201.03,201.03
221.19,221.19
222.66,222.66
205.56,205.56
193.59,193.59
202.19,202.19
218.19,218.19
218.5,218.5
199.78,199.78
181.72,181.72
181.78,181.78
191.81,191.81
187.72,187.72
164.62,164.62
141.23,141.23
136.53,136.53
143.36,143.36
139.09,139.09
114.36,114.36
87.31,87.31
79.02,79.02
86.28,86.28
86.45,86.45
66.12,66.12
39.47,39.47
30.55,30.55
39.7,39.7
44.77,44.77
28.79,28.79
3.45,3.45
-8.17,-8.17
-0.17,-0.17
6.75,6.75
-7.4,-7.4
-33.91,-33.91
-48.17,-48.17
-40.8,-40.8
-31.49,-31.49
-41.26,-41.26
-65.93,-65.93
-81.37,-81.37
-75.16,-75.16
-63.99,-63.99
-69.91,-69.91
-92.77,-92.77
-108.91,-108.91
-103.87,-103.87
-90.87,-90.87
-93.98,-93.98
-116.05,-116.05
-135.89,-135.89
-135.03,-135.03
-122.67,-122.67
-123.41,-123.41
-144.08,-144.08
-163.09,-163.09
-161.37,-161.37
-144.66,-144.66
-138.56,-138.56
-153.5,-153.5
-171.81,-171.81
-171.91,-171.91
-156.47,-156.47
-149.16,-149.16
-162.37,-162.37
-181.97,-181.97
-183.84,-183.84
-167.69,-167.69
-157.62,-157.62
-169.66,-169.66
-194.03,-194.03
-204.69,-204.69
-196.69,-196.69
-189.22,-189.22
-201.31,-201.31
-223.78,-223.78
-231.97,-231.97
-218.09,-218.09
-200.78,-200.78
-203.12,-203.12
-220.34,-220.34
-227.94,-227.94
-214.94,-214.94
-198.0,-198.0
-199.69,-199.69
-219.31,-219.31
-232.75,-232.75
-224.0,-224.0
-206.81,-206.81
-204.25,-204.25
-219.69,-219.69
-231.44,-231.44
-221.56,-221.56
-200.25,-200.25
-192.56,-192.56
-205.0,-205.0
-217.69,-217.69
-210.81,-210.81
-190.94,-190.94
-182.19,-182.19
-194.0,-194.0
-208.69,-208.69
-204.69,-204.69
-185.25,-185.25
-174.44,-174.44
-185.12,-185.12
-202.25,-202.25
-201.69,-201.69
-182.12,-182.12
-167.19,-167.19
-172.37,-172.37
-186.44,-186.44
-185.37,-185.37
-164.81,-164.81
-145.87,-145.87
-148.62,-148.62
-164.31,-164.31
-167.87,-167.87
-149.81,-149.81
-130.44,-130.44
-129.69,-129.69
-143.94,-143.94
-148.0,-148.0
-130.56,-130.56
-109.25,-109.25
-106.62,-106.62
-122.44,-122.44
-132.19,-132.19
-120.75,-120.75
-102.44,-102.44
-101.25,-101.25
-119.06,-119.06
-133.25,-133.25
-127.25,-127.25
-112.25,-112.25
-113.37,-113.37
-137.0,-137.0
-162.94,-162.94
-169.56,-169.56
-164.06,-164.06
-170.12,-170.12
-196.62,-196.62
-223.31,-223.31
-226.25,-226.25
-207.62,-207.62
-192.62,-192.62
-196.25,-196.25
-204.31,-204.31
-194.31,-194.31
-165.31,-165.31
-141.56,-141.56
-140.0,-140.0
-147.44,-147.44
-137.81,-137.81
-107.19,-107.19
-78.87,-78.87
-71.06,-71.06
-74.81,-74.81
-64.5,-64.5
-32.56,-32.56
-0.84,-0.84
8.03,8.03
-1.16,-1.16
-1.75,-1.75
17.91,17.91
40.63,40.63
42.88,42.88
27.12,27.12
18.72,18.72
33.19,33.19
56.22,56.22
62.81,62.81
50.84,50.84
43.97,43.97
60.13,60.13
86.91,86.91
97.16,97.16
84.56,84.56
71.31,71.31
79.44,79.44
101.47,101.47
111.28,111.28
98.22,98.22
81.28,81.28
84.0,84.0
102.41,102.41
110.62,110.62
95.28,95.28
73.03,73.03
70.0,70.0
86.47,86.47
97.78,97.78
86.97,86.97
67.0,67.0
63.97,63.97
82.19,82.19
98.22,98.22
91.84,91.84
72.53,72.53
66.12,66.12
80.75,80.75
95.0,95.0
86.59,86.59
61.25,61.25
45.63,45.63
51.16,51.16
60.63,60.63
49.72,49.72
20.94,20.94
-0.09,-0.09
2.31,2.31
12.94,12.94
6.47,6.47
-19.19,-19.19
-39.84,-39.84
-37.56,-37.56
-23.81,-23.81
-24.66,-24.66
-46.25,-46.25
-66.91,-66.91
-65.34,-65.34
-49.56,-49.56
-45.13,-45.13
-61.75,-61.75
-79.47,-79.47
-75.75,-75.75
-55.06,-55.06
-42.55,-42.55
-52.14,-52.14
-65.89,-65.89
-59.02,-59.02
-32.42,-32.42
-11.83,-11.83
-15.67,-15.67
-30.48,-30.48
-29.66,-29.66
-8.06,-8.06
12.06,12.06
11.52,11.52
-0.28,-0.28
2.53,2.53
27.81,27.81
54.36,54.36
59.66,59.66
49.41,49.41
48.98,48.98
69.3,69.3
92.19,92.19
94.08,94.08
77.2,77.2
66.97,66.97
78.08,78.08
95.81,95.81
96.12,96.12
76.91,76.91
62.61,62.61
70.94,70.94
90.19,90.19
93.98,93.98
75.98,75.98
58.64,58.64
62.2,62.2
78.95,78.95
82.81,82.81
64.11,64.11
43.06,43.06
42.72,42.72
58.86,58.86
66.34,66.34
51.5,51.5
31.79,31.79
31.25,31.25
50.21,50.21
63.49,63.49
53.89,53.89
34.62,34.62
30.52,30.52
45.95,45.95
57.74,57.74
47.66,47.66
25.66,25.66
18.61,18.61
34.63,34.63
51.73,51.73
48.18,48.18
29.66,29.66
22.04,22.04
36.74,36.74
55.3,55.3
53.44,53.44
33.84,33.84
21.66,21.66
32.33,32.33
49.91,49.91
49.3,49.3
28.46,28.46
11.8,11.8
17.54,17.54
34.23,34.23
36.25,36.25
18.26,18.26
2.42,2.42
8.98,8.98
28.98,28.98
35.54,35.54
19.03,19.03
-0.07,-0.07
1.49,1.49
19.55,19.55
27.94,27.94
13.49,13.49
-6.83,-6.83
-7.95,-7.95
9.43,9.43
19.65,19.65
6.27,6.27
-16.98,-16.98
-23.27,-23.27
-9.24,-9.24
1.16,1.16
-11.55,-11.55
-36.13,-36.13
-44.98,-44.98
-30.24,-30.24
-13.63,-13.63
-18.42,-18.42
-38.42,-38.42
-46.98,-46.98
-33.2,-33.2
-15.55,-15.55
-18.8,-18.8
-40.02,-40.02
-52.79,-52.79
-41.68,-41.68
-22.92,-22.92
-22.58,-22.58
-41.99,-41.99
-55.96,-55.96
-46.05,-46.05
-24.23,-24.23
-17.84,-17.84
-32.27,-32.27
-44.8,-44.8
-34.47,-34.47
-10.22,-10.22
0.8,0.8
-10.52,-10.52
-23.74,-23.74
-15.34,-15.34
9.74,9.74
24.34,24.34
15.3,15.3
0.35,0.35
4.78,4.78
28.66,28.66
46.33,46.33
40.07,40.07
23.37,23.37
22.32,22.32
40.02,40.02
53.31,53.31
43.21,43.21
19.96,19.96
10.41,10.41
21.95,21.95
33.63,33.63
23.94,23.94
-0.16,-0.16
-12.04,-12.04
-0.05,-0.05
17.57,17.57
17.03,17.03
1.74,1.74
-3.16,-3.16
16.73,16.73
44.45,44.45
54.39,54.39
44.75,44.75
38.93,38.93
53.66,53.66
76.75,76.75
82.62,82.62
66.17,66.17
50.61,50.61
55.68,55.68
73.7,73.7
78.05,78.05
60.84,60.84
41.28,41.28
41.89,41.89
57.99,57.99
63.94,63.94
48.32,48.32
28.84,28.84
28.52,28.52
47.71,47.71
61.72,61.72
55.09,55.09
39.51,39.51
38.07,38.07
53.63,53.63
66.05,66.05
58.34,58.34
40.69,40.69
35.2,35.2
49.25,49.25
62.17,62.17
55.96,55.96
36.8,36.8
27.3,27.3
36.89,36.89
46.89,46.89
36.29,36.29
9.28,9.28
-9.99,-9.99
-7.58,-7.58
0.32,0.32
-8.37,-8.37
-35.46,-35.46
-56.81,-56.81
-55.96,-55.96
-44.6,-44.6
-47.84,-47.84
-70.04,-70.04
-91.04,-91.04
-91.32,-91.32
-78.59,-78.59
-77.96,-77.96
-96.33,-96.33
-115.01,-115.01
-114.01,-114.01
-98.99,-98.99
-94.6,-94.6
-112.24,-112.24
-133.7,-133.7
-136.94,-136.94
-121.63,-121.63
-112.45,-112.45
-123.32,-123.32
-140.59,-140.59
-140.17,-140.17
-120.73,-120.73
-103.46,-103.46
-106.82,-106.82
-120.14,-120.14
-119.32,-119.32
-98.5,-98.5
-77.84,-77.84
-77.86,-77.86
-90.87,-90.87
-93.25,-93.25
-75.59,-75.59
-56.08,-56.08
-55.74,-55.74
-71.4,-71.4
-78.4,-78.4
-63.32,-63.32
-42.38,-42.38
-38.12,-38.12
-51.39,-51.39
-60.03,-60.03
-49.09,-49.09
-30.24,-30.24
-27.55,-27.55
-43.89,-43.89
-57.07,-57.07
-49.12,-49.12
-28.23,-28.23
-19.03,-19.03
-29.42,-29.42
-40.7,-40.7
-32.38,-32.38
-9.62,-9.62
1.92,1.92
-7.63,-7.63
-22.6,-22.6
-20.43,-20.43
-2.28,-2.28
9.21,9.21
-0.41,-0.41
-16.94,-16.94
-17.31,-17.31
0.81,0.81
14.28,14.28
7.12,7.12
-9.48,-9.48
-11.43,-11.43
7.15,7.15
25.55,25.55
24.29,24.29
9.03,9.03
4.91,4.91
20.82,20.82
39.09,39.09
39.19,39.19
24.77,24.77
19.48,19.48
34.75,34.75
55.37,55.37
58.78,58.78
44.66,44.66
36.16,36.16
48.73,48.73
70.69,70.69
77.93,77.93
66.59,66.59
56.85,56.85
66.69,66.69
87.92,87.92
96.45,96.45
85.38,85.38
72.41,72.41
77.05,77.05
93.12,93.12
97.04,97.04
79.41,79.41
57.42,57.42
53.63,53.63
66.86,66.86
73.96,73.96
60.5,60.5
40.64,40.64
35.95,35.95
49.31,49.31
58.03,58.03
47.17,47.17
26.39,26.39
19.81,19.81
32.28,32.28
43.14,43.14
34.38,34.38
13.2,13.2
4.22,4.22
15.31,15.31
29.8,29.8
26.16,26.16
8.03,8.03
-1.92,-1.92
8.22,8.22
23.27,23.27
20.67,20.67
1.09,1.09
-13.3,-13.3
-8.06,-8.06
5.62,5.62
4.19,4.19
-14.23,-14.23
-30.48,-30.48
-26.59,-26.59
-12.22,-12.22
-9.98,-9.98
-27.77,-27.77
-45.38,-45.38
-43.81,-43.81
-29.28,-29.28
-24.36,-24.36
-39.48,-39.48
-58.45,-58.45
-59.75,-59.75
-45.53,-45.53
-37.42,-37.42
-48.89,-48.89
-66.25,-66.25
-66.44,-66.44
-49.11,-49.11
-36.44,-36.44
-43.88,-43.88
-60.73,-60.73
-63.44,-63.44
-47.09,-47.09
-31.41,-31.41
-35.34,-35.34
-50.75,-50.75
-54.5,-54.5
-38.72,-38.72
-21.06,-21.06
-21.58,-21.58
-36.58,-36.58
-42.94,-42.94
-29.23,-29.23
-10.64,-10.64
-10.22,-10.22
-26.81,-26.81
-37.23,-37.23
-27.56,-27.56
-9.48,-9.48
-6.06,-6.06
-20.16,-20.16
-31.14,-31.14
-22.0,-22.0
-2.95,-2.95
3.42,3.42
-9.77,-9.77
-22.83,-22.83
-16.27,-16.27
3.25,3.25
12.58,12.58
1.31,1.31
-12.34,-12.34
-6.87,-6.87
14.05,14.05
28.27,28.27
22.36,22.36
10.0,10.0
13.25,13.25
33.97,33.97
50.0,50.0
44.38,44.38
29.81,29.81
29.34,29.34
47.41,47.41
64.28,64.28
60.97,60.97
45.22,45.22
41.59,41.59
56.47,56.47
72.72,72.72
69.81,69.81
52.94,52.94
45.19,45.19
57.5,57.5
73.69,73.69
72.75,72.75
54.78,54.78
42.47,42.47
50.75,50.75
66.22,66.22
66.28,66.28
48.59,48.59
34.31,34.31
40.13,40.13
56.41,56.41
59.03,59.03
42.34,42.34
25.59,25.59
28.22,28.22
44.31,44.31
50.25,50.25
35.88,35.88
18.16,18.16
18.31,18.31
33.72,33.72
41.0,41.0
27.94,27.94
8.75,8.75
5.75,5.75
19.5,19.5
28.12,28.12
16.94,16.94
-3.16,-3.16
-8.34,-8.34
5.56,5.56
18.06,18.06
10.94,10.94
-7.84,-7.84
-14.47,-14.47
-1.78,-1.78
12.28,12.28
7.47,7.47
-11.06,-11.06
-20.66,-20.66
-10.16,-10.16
4.5,4.5
1.78,1.78
-16.44,-16.44
-27.47,-27.47
-17.41,-17.41
0.06,0.06
2.12,2.12
-13.34,-13.34
-24.91,-24.91
-15.84,-15.84
3.12,3.12
8.66,8.66
-5.59,-5.59
-19.47,-19.47
-13.97,-13.97
4.0,4.0
11.78,11.78
0.0,0.0
-13.91,-13.91
-8.72,-8.72
11.94,11.94
24.16,24.16
15.53,15.53
1.44,1.44
4.25,4.25
24.78,24.78
40.38,40.38
35.56,35.56
22.06,22.06
22.91,22.91
41.75,41.75
57.41,57.41
52.41,52.41
35.72,35.72
31.41,31.41
47.38,47.38
64.97,64.97
64.12,64.12
50.25,50.25
46.78,46.78
63.84,63.84
84.97,84.97
87.41,87.41
73.53,73.53
66.03,66.03
78.84,78.84
98.78,98.78
102.53,102.53
88.22,88.22
78.03,78.03
87.66,87.66
107.19,107.19
112.53,112.53
98.81,98.81
86.19,86.19
93.19,93.19
113.34,113.34
122.06,122.06
110.66,110.66
96.62,96.62
100.69,100.69
118.44,118.44
127.0,127.0
114.75,114.75
97.31,97.31
98.03,98.03
116.25,116.25
129.25,129.25
121.12,121.12
103.06,103.06
97.91,97.91
109.75,109.75
117.75,117.75
105.16,105.16
81.41,81.41
70.34,70.34
79.66,79.66
91.09,91.09
84.42,84.42
64.55,64.55
54.34,54.34
63.48,63.48
75.52,75.52
69.19,69.19
47.41,47.41
32.81,32.81
38.09,38.09
49.58,49.58
45.45,45.45
24.34,24.34
7.69,7.69
11.94,11.94
26.37,26.37
27.44,27.44
9.75,9.75
-7.55,-7.55
-5.92,-5.92
7.42,7.42
9.91,9.91
-5.87,-5.87
-22.03,-22.03
-18.27,-18.27
0.95,0.95
12.25,12.25
3.44,3.44
-10.8,-10.8
-9.14,-9.14
8.5,8.5
19.48,19.48
9.1,9.1
-10.68,-10.68
-16.53,-16.53
-5.58,-5.58
2.53,2.53
-9.44,-9.44
-31.8,-31.8
-41.2,-41.2
-30.75,-30.75
-18.4,-18.4
-23.16,-23.16
-39.11,-39.11
-43.67,-43.67
-27.68,-27.68
-8.33,-8.33
-6.16,-6.16
-19.51,-19.51
-25.23,-25.23
-11.14,-11.14
8.81,8.81
12.34,12.34
-1.92,-1.92
-12.55,-12.55
-3.58,-3.58
14.56,14.56
18.53,18.53
3.96,3.96
-10.23,-10.23
-5.29,-5.29
11.36,11.36
16.86,16.86
3.3,3.3
-11.13,-11.13
-7.18,-7.18
10.74,10.74
19.99,19.99
9.65,9.65
-5.34,-5.34
-3.45,-3.45
14.93,14.93
27.13,27.13
19.48,19.48
4.14,4.14
3.93,3.93
21.73,21.73
36.37,36.37
30.86,30.86
14.15,14.15
9.09,9.09
21.82,21.82
34.19,34.19
27.19,27.19
7.74,7.74
-0.52,-0.52
11.28,11.28
26.23,26.23
22.54,22.54
3.63,3.63
-7.36,-7.36
2.5,2.5
19.53,19.53
20.89,20.89
5.23,5.23
-6.27,-6.27
1.83,1.83
17.59,17.59
18.22,18.22
-0.41,-0.41
-17.12,-17.12
-13.92,-13.92
1.73,1.73
6.27,6.27
-7.77,-7.77
-22.66,-22.66
-18.16,-18.16
0.56,0.56
10.59,10.59
-0.2,-0.2
-16.16,-16.16
-15.47,-15.47
0.22,0.22
9.27,9.27
-2.28,-2.28
-20.95,-20.95
-23.97,-23.97
-8.69,-8.69
2.94,2.94
-6.03,-6.03
-25.94,-25.94
-33.38,-33.38
-21.5,-21.5
-9.75,-9.75
-16.59,-16.59
-35.88,-35.88
-44.47,-44.47
-33.47,-33.47
-20.81,-20.81
-27.03,-27.03
-47.69,-47.69
-58.91,-58.91
-47.75,-47.75
-29.22,-29.22
-25.56,-25.56
-38.47,-38.47
-45.97,-45.97
-33.41,-33.41
-12.72,-12.72
-7.19,-7.19
-21.25,-21.25
-33.63,-33.63
-26.94,-26.94
-9.53,-9.53
-4.78,-4.78
-20.31,-20.31
-37.22,-37.22
-35.19,-35.19
-18.97,-18.97
-11.59,-11.59
-24.06,-24.06
-40.66,-40.66
-39.59,-39.59
-23.03,-23.03
-13.13,-13.13
-23.81,-23.81
-41.38,-41.38
-43.28,-43.28
-26.94,-26.94
-14.47,-14.47
-22.84,-22.84
-42.66,-42.66
-49.78,-49.78
-39.09,-39.09
-28.97,-28.97
-37.97,-37.97
-57.63,-57.63
-64.31,-64.31
-49.19,-49.19
-30.72,-30.72
-30.91,-30.91
-46.81,-46.81
-55.09,-55.09
-43.53,-43.53
-26.56,-26.56
-27.0,-27.0
-44.69,-44.69
-57.19,-57.19
-49.34,-49.34
-32.53,-32.53
-30.37,-30.37
-46.25,-46.25
-59.22,-59.22
-52.31,-52.31
-34.69,-34.69
-30.5,-30.5
-47.31,-47.31
-65.75,-65.75
-65.25,-65.25
-51.47,-51.47
-46.81,-46.81
-61.97,-61.97
-79.94,-79.94
-79.5,-79.5
-62.31,-62.31
-51.81,-51.81
-62.06,-62.06
-79.5,-79.5
-81.06,-81.06
-64.31,-64.31
-50.69,-50.69
-56.44,-56.44
-71.62,-71.62
-73.94,-73.94
-58.44,-58.44
-45.56,-45.56
-53.56,-53.56
-74.5,-74.5
-83.94,-83.94
-73.31,-73.31
-59.56,-59.56
-63.63,-63.63
-81.87,-81.87
-92.0,-92.0
-82.0,-82.0
-66.56,-66.56
-67.5,-67.5
-84.19,-84.19
-94.19,-94.19
-83.12,-83.12
-63.38,-63.38
-58.81,-58.81
-72.75,-72.75
-84.56,-84.56
-76.75,-76.75
-58.75,-58.75
-54.19,-54.19
-69.62,-69.62
-86.19,-86.19
-84.06,-84.06
-68.44,-68.44
-62.94,-62.94
-77.5,-77.5
-95.69,-95.69
-95.87,-95.87
-80.12,-80.12
-71.44,-71.44
-83.37,-83.37
-101.94,-101.94
-104.0,-104.0
-88.62,-88.62
-77.31,-77.31
-85.87,-85.87
-103.56,-103.56
-107.06,-107.06
-91.31,-91.31
-77.19,-77.19
-83.12,-83.12
-101.81,-101.81
-109.25,-109.25
-96.66,-96.66
-81.91,-81.91
-85.75,-85.75
-104.06,-104.06
-112.44,-112.44
-99.97,-99.97
-82.37,-82.37
-82.66,-82.66
-100.91,-100.91
-113.25,-113.25
-104.72,-104.72
-87.22,-87.22
-84.62,-84.62
-100.81,-100.81
-113.81,-113.81
-106.94,-106.94
-89.12,-89.12
-84.44,-84.44
-99.03,-99.03
-113.25,-113.25
-106.81,-106.81
-86.16,-86.16
-76.44,-76.44
-87.28,-87.28
-101.28,-101.28
-96.62,-96.62
-75.75,-75.75
-63.06,-63.06
-71.97,-71.97
-87.53,-87.53
-85.94,-85.94
-65.59,-65.59
-49.94,-49.94
-55.91,-55.91
-72.09,-72.09
-73.84,-73.84
-56.31,-56.31
-40.69,-40.69
-45.97,-45.97
-63.91,-63.91
-69.44,-69.44
-54.19,-54.19
-36.78,-36.78
-38.28,-38.28
-54.28,-54.28
-60.88,-60.88
-46.13,-46.13
-26.28,-26.28
-23.84,-23.84
-37.94,-37.94
-45.66,-45.66
-32.28,-32.28
-11.53,-11.53
-7.44,-7.44
-22.42,-22.42
-34.5,-34.5
-25.97,-25.97
-7.0,-7.0
-1.72,-1.72
-17.22,-17.22
-33.08,-33.08
-29.05,-29.05
-11.3,-11.3
-3.7,-3.7
-16.17,-16.17
-30.78,-30.78
-26.5,-26.5
-6.52,-6.52
5.05,5.05
-5.0,-5.0
-21.69,-21.69
-21.48,-21.48
-4.03,-4.03
8.27,8.27
-0.55,-0.55
-18.79,-18.79
-22.36,-22.36
-6.14,-6.14
9.19,9.19
5.37,5.37
-9.42,-9.42
-11.32,-11.32
7.55,7.55
28.0,28.0
29.5,29.5
16.49,16.49
12.59,12.59
28.73,28.73
47.97,47.97
48.27,48.27
31.06,31.06
20.26,20.26
30.3,30.3
48.5,48.5
51.52,51.52
36.5,36.5
25.37,25.37
34.59,34.59
54.21,54.21
59.4,59.4
45.03,45.03
30.29,30.29
35.43,35.43
53.26,53.26
60.17,60.17
47.27,47.27
31.72,31.72
35.05,35.05
53.86,53.86
63.98,63.98
52.75,52.75
35.12,35.12
34.14,34.14
50.16,50.16
61.79,61.79
53.05,53.05
36.63,36.63
35.84,35.84
53.81,53.81
69.37,69.37
64.02,64.02
46.95,46.95
42.3,42.3
58.17,58.17
74.89,74.89
71.94,71.94
54.77,54.77
47.23,47.23
60.52,60.52
77.42,77.42
76.16,76.16
58.14,58.14
47.28,47.28
57.77,57.77
75.89,75.89
77.84,77.84
62.27,62.27
50.31,50.31
59.47,59.47
78.03,78.03
81.67,81.67
65.0,65.0
49.23,49.23
54.09,54.09
71.91,71.91
78.3,78.3
64.11,64.11
47.05,47.05
49.16,49.16
66.47,66.47
74.84,74.84
62.16,62.16
44.06,44.06
43.63,43.63
60.97,60.97
72.34,72.34
61.91,61.91
42.25,42.25
37.81,37.81
52.63,52.63
65.81,65.81
58.88,58.88
41.75,41.75
39.0,39.0
57.28,57.28
76.62,76.62
75.28,75.28
58.97,58.97
51.78,51.78
64.62,64.62
80.12,80.12
76.44,76.44
55.81,55.81
42.34,42.34
50.25,50.25
65.31,65.31
63.5,63.5
43.69,43.69
28.28,28.28
34.53,34.53
51.19,51.19
53.97,53.97
37.72,37.72
23.09,23.09
30.34,30.34
50.78,50.78
59.78,59.78
48.19,48.19
34.19,34.19
38.56,38.56
57.63,57.63
67.03,67.03
55.09,55.09
37.5,37.5
38.03,38.03
56.34,56.34
68.72,68.72
60.19,60.19
43.25,43.25
41.47,41.47
58.19,58.19
72.0,72.0
64.94,64.94
46.16,46.16
40.06,40.06
54.25,54.25
69.31,69.31
64.72,64.72
46.41,46.41
38.5,38.5
50.91,50.91
66.72,66.72
63.59,63.59
44.0,44.0
31.84,31.84
40.53,40.53
56.13,56.13
55.09,55.09
35.78,35.78
20.91,20.91
27.16,27.16
43.63,43.63
46.91,46.91
31.66,31.66
18.03,18.03
24.28,24.28
42.5,42.5
48.0,48.0
32.97,32.97
16.06,16.06
18.56,18.56
36.06,36.06
44.59,44.59
32.59,32.59
15.66,15.66
16.41,16.41
34.13,34.13
46.44,46.44
38.09,38.09
21.87,21.87
21.5,21.5
40.16,40.16
56.16,56.16
51.22,51.22
35.31,35.31
32.06,32.06
48.34,48.34
64.72,64.72
61.16,61.16
43.66,43.66
36.03,36.03
47.47,47.47
60.81,60.81
54.0,54.0
31.03,31.03
16.25,16.25
23.34,23.34
38.13,38.13
36.5,36.5
17.91,17.91
4.47,4.47
12.91,12.91
31.25,31.25
35.44,35.44
20.09,20.09
6.09,6.09
11.75,11.75
29.37,29.37
34.81,34.81
19.94,19.94
4.19,4.19
8.59,8.59
28.97,28.97
40.41,40.41
31.72,31.72
19.09,19.09
24.84,24.84
47.53,47.53
62.78,62.78
55.13,55.13
38.0,38.0
35.81,35.81
51.84,51.84
65.0,65.0
57.53,57.53
39.63,39.63
35.13,35.13
50.41,50.41
64.78,64.78
58.25,58.25
37.8,37.8
28.03,28.03
39.08,39.08
53.78,53.78
49.84,49.84
30.17,30.17
18.94,18.94
28.8,28.8
44.56,44.56
43.17,43.17
23.55,23.55
8.59,8.59
14.53,14.53
30.16,30.16
31.37,31.37
13.34,13.34
-3.28,-3.28
0.0,0.0
14.75,14.75
17.11,17.11
-1.31,-1.31
-20.8,-20.8
-21.11,-21.11
-6.92,-6.92
-1.86,-1.86
-17.09,-17.09
-36.19,-36.19
-37.09,-37.09
-20.73,-20.73
-10.53,-10.53
-20.67,-20.67
-38.2,-38.2
-38.83,-38.83
-20.69,-20.69
-5.22,-5.22
-10.38,-10.38
-27.0,-27.0
-31.2,-31.2
-16.62,-16.62
-2.92,-2.92
-9.34,-9.34
-28.45,-28.45
-36.39,-36.39
-23.49,-23.49
-7.21,-7.21
-8.83,-8.83
-25.18,-25.18
-32.88,-32.88
-19.75,-19.75
-0.99,-0.99
0.35,0.35
-16.32,-16.32
-28.34,-28.34
-20.24,-20.24
-3.47,-3.47
-1.59,-1.59
-19.24,-19.24
-35.72,-35.72
-32.8,-32.8
-19.14,-19.14
-17.36,-17.36
-35.09,-35.09
-53.41,-53.41
-52.55,-52.55
-37.94,-37.94
-32.2,-32.2
-46.02,-46.02
-63.45,-63.45
-62.96,-62.96
-46.22,-46.22
-35.87,-35.87
-45.61,-45.61
-62.01,-62.01
-62.0,-62.0
-43.48,-43.48
-28.62,-28.62
-34.64,-34.64
-51.1,-51.1
-54.9,-54.9
-39.91,-39.91
-25.3,-25.3
-29.82,-29.82
-46.3,-46.3
-51.62,-51.62
-37.13,-37.13
-20.27,-20.27
-21.81,-21.81
-37.58,-37.58
-44.95,-44.95
-31.5,-31.5
-11.92,-11.92
-8.51,-8.51
-22.63,-22.63
-32.37,-32.37
-22.52,-22.52
-5.0,-5.0
-2.89,-2.89
-19.8,-19.8
-35.06,-35.06
-30.67,-30.67
-15.06,-15.06
-11.35,-11.35
-26.91,-26.91
-43.83,-43.83
-42.34,-42.34
-27.36,-27.36
-22.26,-22.26
-36.95,-36.95
-54.76,-54.76
-54.14,-54.14
-37.02,-37.02
-25.8,-25.8
-35.18,-35.18
-51.97,-51.97
-53.59,-53.59
-38.2,-38.2
-26.43,-26.43
-34.53,-34.53
-51.54,-51.54
-54.14,-54.14
-37.46,-37.46
-21.67,-21.67
-25.28,-25.28
-41.6,-41.6
-46.76,-46.76
-31.87,-31.87
-14.61,-14.61
-16.0,-16.0
-31.88,-31.88
-39.61,-39.61
-26.52,-26.52
-8.04,-8.04
-6.48,-6.48
-21.93,-21.93
-32.73,-32.73
-23.68,-23.68
-6.47,-6.47
-4.4,-4.4
-20.86,-20.86
-34.66,-34.66
-28.58,-28.58
-11.81,-11.81
-7.93,-7.93
-23.59,-23.59
-39.6,-39.6
-35.96,-35.96
-18.35,-18.35
-10.39,-10.39
-22.76,-22.76
-38.76,-38.76
-36.6,-36.6
-17.97,-17.97
-6.0,-6.0
-14.38,-14.38
-29.44,-29.44
-28.36,-28.36
-10.03,-10.03
4.13,4.13
-3.09,-3.09
-20.24,-20.24
-24.23,-24.23
-8.94,-8.94
5.22,5.22
-0.25,-0.25
-17.92,-17.92
-24.17,-24.17
-10.12,-10.12
5.81,5.81
3.34,3.34
-13.61,-13.61
-21.4,-21.4
-8.36,-8.36
9.8,9.8
10.3,10.3
-6.71,-6.71
-18.06,-18.06
-9.05,-9.05
8.37,8.37
10.14,10.14
-7.12,-7.12
-21.71,-21.71
-15.92,-15.92
1.07,1.07
5.66,5.66
-8.55,-8.55
-22.37,-22.37
-16.32,-16.32
2.93,2.93
11.26,11.26
-1.25,-1.25
-17.88,-17.88
-16.37,-16.37
0.64,0.64
10.24,10.24
-0.75,-0.75
-18.14,-18.14
-19.12,-19.12
-2.08,-2.08
11.54,11.54
5.55,5.55
-9.65,-9.65
-10.95,-10.95
6.76,6.76
22.81,22.81
19.46,19.46
3.88,3.88
-0.3,-0.3
15.05,15.05
31.77,31.77
29.82,29.82
13.14,13.14
5.36,5.36
17.4,17.4
33.58,33.58
31.85,31.85
12.88,12.88
-0.66,-0.66
6.17,6.17
21.44,21.44
22.06,22.06
5.43,5.43
-8.06,-8.06
-1.42,-1.42
16.16,16.16
21.83,21.83
8.94,8.94
-3.83,-3.83
2.26,2.26
20.8,20.8
29.17,29.17
17.45,17.45
2.34,2.34
4.37,4.37
21.63,21.63
31.73,31.73
21.73,21.73
5.32,5.32
5.06,5.06
21.8,21.8
34.88,34.88
28.09,28.09
12.36,12.36
10.02,10.02
25.44,25.44
39.73,39.73
34.62,34.62
18.31,18.31
13.39,13.39
27.77,27.77
43.52,43.52
40.61,40.61
23.47,23.47
15.48,15.48
27.57,27.57
44.04,44.04
43.85,43.85
27.91,27.91
18.11,18.11
28.4,28.4
45.59,45.59
47.36,47.36
30.36,30.36
16.02,16.02
20.8,20.8
35.53,35.53
37.88,37.88
22.19,22.19
7.9,7.9
13.73,13.73
32.52,32.52
40.62,40.62
27.89,27.89
11.78,11.78
13.56,13.56
30.58,30.58
39.68,39.68
28.44,28.44
10.81,10.81
9.08,9.08
23.87,23.87
33.26,33.26
21.32,21.32
0.23,0.23
-6.91,-6.91
4.51,4.51
13.32,13.32
1.56,1.56
-22.35,-22.35
-33.04,-33.04
-22.37,-22.37
-9.8,-9.8
-16.59,-16.59
-37.82,-37.82
-49.35,-49.35
-39.76,-39.76
-25.01,-25.01
-27.39,-27.39
-44.74,-44.74
-51.92,-51.92
-34.79,-34.79
-8.55,-8.55
0.95,0.95
-9.39,-9.39
-17.39,-17.39
-4.8,-4.8
17.16,17.16
23.43,23.43
8.13,8.13
-6.03,-6.03
2.45,2.45
25.84,25.84
37.52,37.52
26.08,26.08
10.25,10.25
12.56,12.56
30.34,30.34
38.21,38.21
23.5,23.5
2.67,2.67
0.29,0.29
17.42,17.42
29.64,29.64
20.0,20.0
2.19,2.19
1.05,1.05
20.67,20.67
37.6,37.6
31.87,31.87
13.19,13.19
8.18,8.18
24.72,24.72
42.34,42.34
38.81,38.81
20.29,20.29
12.7,12.7
27.42,27.42
46.5,46.5
45.15,45.15
24.56,24.56
10.15,10.15
17.37,17.37
32.28,32.28
29.54,29.54
7.82,7.82
-9.45,-9.45
-4.56,-4.56
11.28,11.28
11.98,11.98
-8.08,-8.08
-27.2,-27.2
-24.65,-24.65
-8.62,-8.62
-5.73,-5.73
-25.61,-25.61
-48.07,-48.07
-49.8,-49.8
-34.02,-34.02
-25.62,-25.62
-38.05,-38.05
-55.61,-55.61
-55.0,-55.0
-36.39,-36.39
-24.44,-24.44
-35.34,-35.34
-55.4,-55.4
-58.76,-58.76
-40.83,-40.83
-24.3,-24.3
-28.93,-28.93
-45.01,-45.01
-46.93,-46.93
-27.09,-27.09
-6.41,-6.41
-6.68,-6.68
-21.44,-21.44
-25.32,-25.32
-7.4,-7.4
14.1,14.1
15.66,15.66
-0.3,-0.3
-8.12,-8.12
6.89,6.89
30.0,30.0
36.66,36.66
24.49,24.49
16.93,16.93
31.2,31.2
54.82,54.82
61.22,61.22
44.8,44.8
27.78,27.78
32.41,32.41
51.24,51.24
58.89,58.89
45.71,45.71
30.65,30.65
35.72,35.72
56.23,56.23
65.8,65.8
51.02,51.02
28.62,28.62
23.93,23.93
37.27,37.27
44.73,44.73
30.62,30.62
7.88,7.88
1.6,1.6
15.38,15.38
25.27,25.27
12.58,12.58
-12.51,-12.51
-22.86,-22.86
-10.36,-10.36
4.02,4.02
-1.98,-1.98
-22.42,-22.42
-32.17,-32.17
-20.59,-20.59
-6.09,-6.09
-12.23,-12.23
-36.32,-36.32
-51.68,-51.68
-43.4,-43.4
-26.18,-26.18
-25.61,-25.61
-43.3,-43.3
-55.31,-55.31
-44.21,-44.21
-22.45,-22.45
-16.65,-16.65
-32.38,-32.38
-47.98,-47.98
-42.17,-42.17
-22.91,-22.91
-16.07,-16.07
-30.54,-30.54
-47.13,-47.13
-43.05,-43.05
-23.25,-23.25
-13.14,-13.14
-25.86,-25.86
-44.21,-44.21
-43.39,-43.39
-23.57,-23.57
-10.18,-10.18
-19.16,-19.16
-37.8,-37.8
-40.52,-40.52
-22.96,-22.96
-8.55,-8.55
-15.77,-15.77
-35.18,-35.18
-41.16,-41.16
-26.31,-26.31
-11.86,-11.86
-18.28,-18.28
-38.9,-38.9
-48.06,-48.06
-35.39,-35.39
-19.33,-19.33
-22.91,-22.91
-43.95,-43.95
-57.05,-57.05
-48.52,-48.52
-33.56,-33.56
-37.48,-37.48
-62.61,-62.61
-87.75,-87.75
-98.65,-98.65
-111.68,-111.68
-153.33,-153.33
-225.82,-225.82
-298.62,-298.62
-339.45,-339.45
-343.62,-343.62
-329.44,-329.44
-308.59,-308.59
-273.38,-273.38
-215.71,-215.71
-149.03,-149.03
-100.44,-100.44
-81.52,-81.52
-76.02,-76.02
-61.3,-61.3
-38.22,-38.22
-26.58,-26.58
-38.55,-38.55
-62.15,-62.15
-76.27,-76.27
-77.51,-77.51
-80.23,-80.23
-93.4,-93.4
-100.94,-100.94
-78.4,-78.4
-23.55,-23.55
37.8,37.8
78.33,78.33
98.98,98.98
119.19,119.19
147.93,147.93
171.14,171.14
172.12,172.12
158.06,158.06
154.35,154.35
174.41,174.41
203.0,203.0
216.3,216.3
211.95,211.95
209.11,209.11
221.26,221.26
237.26,237.26
235.84,235.84
214.64,214.64
193.6,193.6
190.23,190.23
196.36,196.36
189.65,189.65
164.47,164.47
138.75,138.75
132.25,132.25
140.28,140.28
140.22,140.22
122.38,122.38
101.7,101.7
98.43,98.43
110.43,110.43
115.06,115.06
99.12,99.12
75.06,75.06
63.97,63.97
67.96,67.96
68.16,68.16
51.1,51.1
28.93,28.93
23.21,23.21
38.54,38.54
54.48,54.48
52.51,52.51
38.3,38.3
32.97,32.97
44.68,44.68
57.52,57.52
52.74,52.74
35.25,35.25
26.65,26.65
37.39,37.39
52.77,52.77
52.25,52.25
35.98,35.98
25.1,25.1
33.57,33.57
49.21,49.21
51.19,51.19
36.15,36.15
23.49,23.49
29.44,29.44
45.09,45.09
49.33,49.33
35.78,35.78
22.59,22.59
27.53,27.53
43.91,43.91
50.39,50.39
36.8,36.8
18.83,18.83
16.77,16.77
28.73,28.73
34.07,34.07
20.86,20.86
2.52,2.52
0.09,0.09
14.19,14.19
25.16,25.16
17.52,17.52
1.7,1.7
-0.73,-0.73
14.36,14.36
28.56,28.56
24.39,24.39
9.49,9.49
5.48,5.48
19.76,19.76
35.9,35.9
35.39,35.39
21.63,21.63
16.24,16.24
28.4,28.4
43.45,43.45
40.84,40.84
21.51,21.51
6.34,6.34
8.33,8.33
16.53,16.53
9.91,9.91
-13.39,-13.39
-33.73,-33.73
-35.89,-35.89
-29.53,-29.53
-36.2,-36.2
-61.08,-61.08
-84.45,-84.45
-85.11,-85.11
-66.0,-66.0
-47.55,-47.55
-40.77,-40.77
-33.78,-33.78
-11.09,-11.09
21.62,21.62
42.78,42.78
41.5,41.5
31.97,31.97
35.28,35.28
53.3,53.3
66.14,66.14
60.61,60.61
46.88,46.88
46.5,46.5
62.63,62.63
76.59,76.59
72.17,72.17
56.53,56.53
51.03,51.03
63.31,63.31
76.48,76.48
73.02,73.02
57.06,57.06
49.5,49.5
60.25,60.25
74.66,74.66
73.66,73.66
57.91,57.91
48.53,48.53
57.73,57.73
73.12,73.12
73.09,73.09
54.03,54.03
34.91,34.91
30.97,30.97
35.28,35.28
28.81,28.81
7.41,7.41
-10.81,-10.81
-9.38,-9.38
4.81,4.81
9.59,9.59
-3.37,-3.37
-19.0,-19.0
-19.22,-19.22
-6.94,-6.94
-2.53,-2.53
-16.66,-16.66
-35.91,-35.91
-40.47,-40.47
-30.47,-30.47
-26.31,-26.31
-41.19,-41.19
-64.44,-64.44
-74.97,-74.97
-68.87,-68.87
-64.31,-64.31
-76.81,-76.81
-98.44,-98.44
-108.56,-108.56
-100.62,-100.62
-90.97,-90.97
-97.37,-97.37
-115.75,-115.75
-125.91,-125.91
-118.22,-118.22
-107.06,-107.06
-111.25,-111.25
-129.87,-129.87
-142.84,-142.84
-138.62,-138.62
-128.47,-128.47
-132.34,-132.34
-151.94,-151.94
-168.59,-168.59
-167.78,-167.78
-158.0,-158.0
-159.0,-159.0
-175.22,-175.22
-189.03,-189.03
-184.94,-184.94
-169.81,-169.81
-164.84,-164.84
-177.87,-177.87
-193.28,-193.28
-192.25,-192.25
-177.22,-177.22
-167.78,-167.78
-174.91,-174.91
-185.69,-185.69
-182.34,-182.34
-165.75,-165.75
-155.53,-155.53
-164.87,-164.87
-182.12,-182.12
-185.69,-185.69
-171.94,-171.94
-158.53,-158.53
-160.5,-160.5
-170.12,-170.12
-167.44,-167.44
-146.97,-146.97
-127.69,-127.69
-128.53,-128.53
-143.37,-143.37
-149.06,-149.06
-134.66,-134.66
-114.87,-114.87
-110.5,-110.5
-120.91,-120.91
-123.69,-123.69
-104.19,-104.19
-71.34,-71.34
-43.28,-43.28
-22.72,-22.72
4.12,4.12
43.5,43.5
79.03,79.03
87.19,87.19
64.78,64.78
33.81,33.81
15.13,15.13
8.09,8.09
-3.87,-3.87
-26.97,-26.97
-48.84,-48.84
-56.03,-56.03
-53.41,-53.41
-58.75,-58.75
-80.31,-80.31
-105.94,-105.94
-118.28,-118.28
-117.0,-117.0
-117.72,-117.72
-130.91,-130.91
-146.22,-146.22
-148.12,-148.12
-135.97,-135.97
-127.66,-127.66
-135.66,-135.66
-151.81,-151.81
-156.8,-156.8
-144.97,-144.97
-130.97,-130.97
-130.08,-130.08
-137.42,-137.42
-135.94,-135.94
-119.19,-119.19
-101.33,-101.33
-98.61,-98.61
-108.16,-108.16
-112.59,-112.59
-102.48,-102.48
-88.94,-88.94
-89.02,-89.02
-102.06,-102.06
-111.0,-111.0
-103.82,-103.82
-88.45,-88.45
-82.45,-82.45
-88.73,-88.73
-91.46,-91.46
-78.14,-78.14
-55.19,-55.19
-40.68,-40.68
-40.3,-40.3
-40.92,-40.92
-29.03,-29.03
-9.49,-9.49
1.62,1.62
-2.12,-2.12
-7.32,-7.32
2.02,2.02
24.03,24.03
41.83,41.83
45.21,45.21
43.81,43.81
53.16,53.16
72.92,72.92
86.74,86.74
82.92,82.92
70.12,70.12
66.18,66.18
76.26,76.26
85.98,85.98
82.62,82.62
72.26,72.26
71.74,71.74
87.21,87.21
104.54,104.54
108.17,108.17
101.02,101.02
101.17,101.17
116.8,116.8
136.27,136.27
142.53,142.53
135.23,135.23
130.47,130.47
139.22,139.22
151.39,151.39
150.66,150.66
136.17,136.17
125.55,125.55
133.75,133.75
154.59,154.59
170.23,170.23
173.45,173.45
176.62,176.62
192.48,192.48
216.92,216.92
233.11,233.11
234.61,234.61
233.31,233.31
240.97,240.97
249.78,249.78
238.75,238.75
199.25,199.25
147.34,147.34
107.66,107.66
87.06,87.06
71.37,71.37
49.06,49.06
26.72,26.72
18.81,18.81
27.22,27.22
36.06,36.06
32.06,32.06
20.59,20.59
17.97,17.97
29.62,29.62
41.19,41.19
38.88,38.88
26.56,26.56
21.12,21.12
30.22,30.22
41.47,41.47
39.88,39.88
27.78,27.78
21.81,21.81
32.13,32.13
48.59,48.59
54.69,54.69
47.69,47.69
41.47,41.47
47.34,47.34
59.63,59.63
64.31,64.31
58.44,58.44
55.34,55.34
65.78,65.78
84.37,84.37
95.53,95.53
93.56,93.56
89.34,89.34
94.91,94.91
107.16,107.16
111.78,111.78
102.09,102.09
89.47,89.47
86.44,86.44
92.19,92.19
92.62,92.62
79.28,79.28
60.06,60.06
47.25,47.25
41.31,41.31
30.41,30.41
6.59,6.59
-21.25,-21.25
-37.81,-37.81
-41.25,-41.25
-44.38,-44.38
-58.97,-58.97
-79.44,-79.44
-90.97,-90.97
-88.59,-88.59
-81.75,-81.75
-81.44,-81.44
-84.12,-84.12
-77.03,-77.03
-54.25,-54.25
-24.91,-24.91
-0.06,-0.06
22.03,22.03
53.69,53.69
101.28,101.28
156.69,156.69
207.53,207.53
250.66,250.66
290.87,290.87
329.66,329.66
362.78,362.78
383.53,383.53
388.81,388.81
380.22,380.22
363.16,363.16
343.72,343.72
326.12,326.12
312.41,312.41
302.25,302.25
293.91,293.91
286.06,286.06
277.53,277.53
267.78,267.78
257.31,257.31
246.94,246.94
236.59,236.59
227.06,227.06
217.56,217.56
206.41,206.41
183.78,183.78
130.86,130.86
34.39,34.39
-97.94,-97.94
-227.56,-227.56
-311.45,-311.45
-333.03,-333.03
-312.37,-312.37
-281.84,-281.84
-259.06,-259.06
-239.95,-239.95
-217.47,-217.47
-193.16,-193.16
-175.05,-175.05
-167.08,-167.08
-167.14,-167.14
-176.19,-176.19
-203.62,-203.62
-258.28,-258.28
-330.41,-330.41
-393.81,-393.81
-427.58,-427.58
-433.48,-433.48
-430.75,-430.75
-432.0,-432.0
-433.16,-433.16
-427.73,-427.73
-421.81,-421.81
-428.87,-428.87
-453.8,-453.8
-481.44,-481.44
-492.75,-492.75
-483.37,-483.37
-465.52,-465.52
-448.75,-448.75
-429.08,-429.08
-397.52,-397.52
-357.17,-357.17
-321.66,-321.66
-300.41,-300.41
-286.31,-286.31
-262.8,-262.8
-227.47,-227.47
-194.42,-194.42
-177.64,-177.64
-173.25,-173.25
-166.11,-166.11
-150.02,-150.02
-135.78,-135.78
-136.19,-136.19
-149.03,-149.03
-157.78,-157.78
-152.37,-152.37
-139.28,-139.28
-131.03,-131.03
-127.34,-127.34
-115.91,-115.91
-89.53,-89.53
-58.44,-58.44
-38.84,-38.84
-34.41,-34.41
-31.78,-31.78
-18.91,-18.91
0.09,0.09
12.94,12.94
17.41,17.41
26.06,26.06
50.66,50.66
85.5,85.5
112.28,112.28
121.28,121.28
122.19,122.19
130.06,130.06
145.59,145.59
153.97,153.97
146.25,146.25
131.09,131.09
123.78,123.78
127.03,127.03
126.94,126.94
113.12,113.12
91.69,91.69
78.62,78.62
78.69,78.69
79.5,79.5
69.31,69.31
52.19,52.19
43.94,43.94
50.81,50.81
61.56,61.56
61.5,61.5
52.13,52.13
48.88,48.88
60.13,60.13
76.5,76.5
83.5,83.5
80.62,80.62
82.56,82.56
99.69,99.69
123.44,123.44
136.87,136.87
136.25,136.25
135.56,135.56
147.12,147.12
165.81,165.81
175.31,175.31
170.69,170.69
164.56,164.56
171.19,171.19
186.81,186.81
194.19,194.19
185.0,185.0
170.37,170.37
165.62,165.62
170.87,170.87
171.31,171.31
156.94,156.94
137.44,137.44
128.12,128.12
130.31,130.31
130.0,130.0
115.94,115.94
94.69,94.69
82.69,82.69
84.5,84.5
88.75,88.75
84.0,84.0
74.5,74.5
72.06,72.06
80.87,80.87
90.62,90.62
90.81,90.81
83.69,83.69
81.87,81.87
91.31,91.31
103.37,103.37
106.06,106.06
98.75,98.75
93.0,93.0
96.5,96.5
103.94,103.94
104.81,104.81
98.19,98.19
94.37,94.37
101.25,101.25
113.62,113.62
118.56,118.56
111.25,111.25
100.94,100.94
99.19,99.19
105.75,105.75
112.19,112.19
114.56,114.56
121.69,121.69
141.19,141.19
166.5,166.5
180.06,180.06
173.44,173.44
158.62,158.62
156.19,156.19
174.44,174.44
203.06,203.06
228.87,228.87
252.19,252.19
281.44,281.44
316.19,316.19
342.81,342.81
350.62,350.62
346.06,346.06
346.0,346.0
356.87,356.87
367.37,367.37
363.94,363.94
348.75,348.75
336.37,336.37
336.31,336.31
339.75,339.75
332.56,332.56
314.12,314.12
298.06,298.06
293.62,293.62
293.19,293.19
282.19,282.19
258.75,258.75
236.5,236.5
228.44,228.44
230.37,230.37
227.25,227.25
213.94,213.94
200.87,200.87
199.19,199.19
205.5,205.5
205.0,205.0
190.94,190.94
173.47,173.47
166.66,166.66
168.84,168.84
166.28,166.28
150.19,150.19
128.72,128.72
116.44,116.44
114.75,114.75
110.06,110.06
91.87,91.87
67.87,67.87
53.06,53.06
51.38,51.38
50.72,50.72
38.28,38.28
18.72,18.72
7.84,7.84
11.28,11.28
18.34,18.34
15.19,15.19
3.58,3.58
-2.05,-2.05
5.61,5.61
16.47,16.47
15.7,15.7
2.33,2.33
-9.42,-9.42
-9.69,-9.69
-5.2,-5.2
-10.27,-10.27
-26.77,-26.77
-41.25,-41.25
-42.72,-42.72
-37.16,-37.16
-39.53,-39.53
-53.87,-53.87
-66.94,-66.94
-65.26,-65.26
-51.96,-51.96
-43.03,-43.03
-46.04,-46.04
-51.27,-51.27
-45.32,-45.32
-29.91,-29.91
-21.27,-21.27
-28.33,-28.33
-42.32,-42.32
-47.42,-47.42
-41.98,-41.98
-39.82,-39.82
-51.68,-51.68
-70.17,-70.17
-79.48,-79.48
-75.45,-75.45
-71.69,-71.69
-80.45,-80.45
-97.0,-97.0
-105.39,-105.39
-99.67,-99.67
-92.12,-92.12
-97.25,-97.25
-113.08,-113.08
-124.47,-124.47
-123.14,-123.14
-118.94,-118.94
-125.34,-125.34
-140.44,-140.44
-148.25,-148.25
-138.72,-138.72
-121.5,-121.5
-113.56,-113.56
-119.16,-119.16
-125.94,-125.94
-122.41,-122.41
-113.25,-113.25
-112.41,-112.41
-123.31,-123.31
-133.59,-133.59
-130.87,-130.87
-118.94,-118.94
-113.56,-113.56
-121.47,-121.47
-131.69,-131.69
-129.78,-129.78
-116.0,-116.0
-105.31,-105.31
-106.72,-106.72
-112.47,-112.47
-108.66,-108.66
-94.84,-94.84
-85.03,-85.03
-89.53,-89.53
-100.75,-100.75
-103.25,-103.25
-93.5,-93.5
-84.62,-84.62
-88.5,-88.5
-99.87,-99.87
-103.25,-103.25
-93.37,-93.37
-82.44,-82.44
-84.81,-84.81
-98.06,-98.06
-106.81,-106.81
-102.69,-102.69
-95.31,-95.31
-99.37,-99.37
-114.56,-114.56
-126.44,-126.44
-125.06,-125.06
-118.37,-118.37
-121.56,-121.56
-135.94,-135.94
-147.25,-147.25
-143.94,-143.94
-132.25,-132.25
-129.06,-129.06
-138.75,-138.75
-148.06,-148.06
-143.31,-143.31
-128.81,-128.81
-121.25,-121.25
-127.56,-127.56
-135.5,-135.5
-130.0,-130.0
-113.5,-113.5
-103.5,-103.5
-110.37,-110.37
-122.75,-122.75
-122.37,-122.37
-107.0,-107.0
-92.5,-92.5
-91.87,-91.87
-98.0,-98.0
-93.87,-93.87
-76.81,-76.81
-63.0,-63.0
-67.37,-67.37
-82.75,-82.75
-89.0,-89.0
-77.75,-77.75
-62.81,-62.81
-61.06,-61.06
-69.81,-69.81
-70.62,-70.62
-53.44,-53.44
-30.75,-30.75
-21.37,-21.37
-25.31,-25.31
-23.87,-23.87
-4.31,-4.31
23.06,23.06
37.56,37.56
35.44,35.44
34.31,34.31
49.81,49.81
74.19,74.19
86.44,86.44
80.81,80.81
76.31,76.31
95.44,95.44
138.19,138.19
184.25,184.25
217.37,217.37
240.06,240.06
262.31,262.31
284.62,284.62
295.06,295.06
283.5,283.5
251.75,251.75
204.5,204.5
135.87,135.87
32.69,32.69
-102.37,-102.37
-240.19,-240.19
-344.94,-344.94
-405.94,-405.94
-442.06,-442.06
-476.31,-476.31
-509.94,-509.94
-527.87,-527.87
-523.62,-523.62
-509.81,-509.81
-501.0,-501.0
-496.75,-496.75
-483.69,-483.69
-456.69,-456.69
-426.37,-426.37
-404.75,-404.75
-389.81,-389.81
-366.87,-366.87
-330.12,-330.12
-289.69,-289.69
-259.81,-259.81
-240.87,-240.87
-219.87,-219.87
-188.81,-188.81
-155.94,-155.94
-138.62,-138.62
-141.19,-141.19
-152.19,-152.19
-158.56,-158.56
-161.87,-161.87
-170.87,-170.87
-187.56,-187.56
-199.0,-199.0
-194.12,-194.12
-177.44,-177.44
-164.19,-164.19
-162.5,-162.5
-165.56,-165.56
-161.06,-161.06
-147.31,-147.31
-131.69,-131.69
-115.75,-115.75
-90.12,-90.12
-46.94,-46.94
4.56,4.56
43.13,43.13
53.31,53.31
43.13,43.13
33.56,33.56
37.06,37.06
49.5,49.5
63.13,63.13
82.31,82.31
118.31,118.31
167.0,167.0
203.44,203.44
202.31,202.31
163.37,163.37
115.25,115.25
87.06,87.06
86.69,86.69
105.19,105.19
138.06,138.06
190.62,190.62
258.44,258.44
316.56,316.56
335.62,335.62
311.19,311.19
269.44,269.44
241.06,241.06
233.37,233.37
234.0,234.0
234.06,234.06
238.81,238.81
256.0,256.0
283.5,283.5
310.25,310.25
327.69,327.69
332.62,332.62
327.0,327.0
312.87,312.87
292.31,292.31
268.87,268.87
248.62,248.62
234.56,234.56
222.06,222.06
202.37,202.37
172.62,172.62
142.62,142.62
125.37,125.37
121.94,121.94
119.62,119.62
106.0,106.0
84.75,84.75
70.19,70.19
69.44,69.44
72.25,72.25
65.0,65.0
47.81,47.81
35.06,35.06
37.88,37.88
53.94,53.94
71.81,71.81
83.25,83.25
86.37,86.37
83.44,83.44
76.75,76.75
68.87,68.87
60.81,60.81
53.06,53.06
45.63,45.63
38.44,38.44
31.62,31.62
24.62,24.62
17.69,17.69
11.06,11.06
4.44,4.44
-2.06,-2.06
-8.31,-8.31
-14.19,-14.19
-20.06,-20.06
-25.56,-25.56
-31.06,-31.06
-36.5,-36.5
-41.63,-41.63
-46.69,-46.69
-51.5,-51.5
-56.19,-56.19
-60.88,-60.88
-65.25,-65.25
-69.56,-69.56
-73.56,-73.56
-77.81,-77.81
-81.44,-81.44
-85.31,-85.31
-88.94,-88.94
-92.19,-92.19
-95.69,-95.69
-98.87,-98.87
-102.0,-102.0
-104.87,-104.87
-107.69,-107.69
-110.44,-110.44
-112.94,-112.94
-115.37,-115.37
-117.75,-117.75
-120.12,-120.12
-122.19,-122.19
-124.19,-124.19
-126.19,-126.19
-127.87,-127.87
-129.56,-129.56
-131.19,-131.19
-132.81,-132.81
-134.12,-134.12
-135.62,-135.62
-136.62,-136.62
-137.87,-137.87
-138.81,-138.81
-139.94,-139.94
-140.81,-140.81
-141.44,-141.44
-142.25,-142.25
-142.75,-142.75
-143.31,-143.31
-143.75,-143.75
-144.0,-144.0
-144.44,-144.44
-144.56,-144.56
-144.75,-144.75
-144.81,-144.81
-144.94,-144.94
-144.75,-144.75
-144.56,-144.56
-144.31,-144.31
-144.06,-144.06
-143.81,-143.81
-143.56,-143.56
-144.0,-144.0
-145.19,-145.19
-146.56,-146.56
-146.44,-146.44
-147.0,-147.0
-152.56,-152.56
-167.56,-167.56
-187.87,-187.87
-200.5,-200.5
-198.94,-198.94
-191.37,-191.37
-190.87,-190.87
-199.87,-199.87
-205.69,-205.69
-199.0,-199.0
-182.75,-182.75
-170.19,-170.19
-166.69,-166.69
-165.19,-165.19
-156.69,-156.69
-142.75,-142.75
-131.44,-131.44
-127.19,-127.19
-126.44,-126.44
-122.69,-122.69
-115.44,-115.44
-109.31,-109.31
-107.62,-107.62
-107.5,-107.5
-103.84,-103.84
-96.69,-96.69
-87.62,-87.62
-80.09,-80.09
-75.12,-75.12
-72.19,-72.19
-69.78,-69.78
-67.37,-67.37
-65.5,-65.5
-63.59,-63.59
-61.72,-61.72
-60.84,-60.84
-62.5,-62.5
-66.59,-66.59
-71.66,-71.66
-73.16,-73.16
-71.12,-71.12
-71.12,-71.12
-80.09,-80.09
-95.47,-95.47
-105.69,-105.69
-105.31,-105.31
-101.91,-101.91
-109.53,-109.53
-128.56,-128.56
-143.91,-143.91
-143.09,-143.09
-131.75,-131.75
-128.5,-128.5
-139.75,-139.75
-153.87,-153.87
-153.36,-153.36
-138.83,-138.83
-125.39,-125.39
-124.08,-124.08
-126.25,-126.25
-116.87,-116.87
-95.08,-95.08
-76.47,-76.47
-72.5,-72.5
-78.08,-78.08
-76.08,-76.08
-63.59,-63.59
-53.71,-53.71
-58.41,-58.41
-72.55,-72.55
-77.56,-77.56
-68.51,-68.51
-57.04,-57.04
-57.65,-57.65
-67.76,-67.76
-72.26,-72.26
-63.21,-63.21
-50.73,-50.73
-50.36,-50.36
-62.48,-62.48
-72.98,-72.98
-70.38,-70.38
-63.8,-63.8
-68.25,-68.25
-84.66,-84.66
-98.41,-98.41
-97.02,-97.02
-87.12,-87.12
-84.3,-84.3
-93.5,-93.5
-102.09,-102.09
-97.09,-97.09
-83.62,-83.62
-77.78,-77.78
-86.97,-86.97
-97.06,-97.06
-93.03,-93.03
-76.53,-76.53
-64.19,-64.19
-65.44,-65.44
-72.66,-72.66
-69.31,-69.31
-53.97,-53.97
-42.28,-42.28
-44.66,-44.66
-54.03,-54.03
-54.81,-54.81
-43.59,-43.59
-33.94,-33.94
-38.88,-38.88
-51.78,-51.78
-55.53,-55.53
-46.28,-46.28
-36.56,-36.56
-41.47,-41.47
-57.31,-57.31
-65.94,-65.94
-59.56,-59.56
-48.19,-48.19
-49.44,-49.44
-62.63,-62.63
-70.75,-70.75
-62.75,-62.75
-45.31,-45.31
-36.5,-36.5
-38.31,-38.31
-37.56,-37.56
-21.37,-21.37
3.75,3.75
20.06,20.06
23.81,23.81
27.94,27.94
46.06,46.06
72.5,72.5
89.19,89.19
88.25,88.25
83.75,83.75
92.31,92.31
113.81,113.81
131.06,131.06
133.12,133.12
129.62,129.62
136.19,136.19
153.62,153.62
167.44,167.44
167.06,167.06
161.69,161.69
169.31,169.31
194.87,194.87
226.12,226.12
249.12,249.12
263.25,263.25
276.87,276.87
290.25,290.25
290.87,290.87
271.5,271.5
240.87,240.87
218.87,218.87
215.12,215.12
219.25,219.25
215.37,215.37
204.12,204.12
198.25,198.25
205.5,205.5
217.62,217.62
221.62,221.62
216.0,216.0
215.5,215.5
228.87,228.87
248.62,248.62
258.75,258.75
255.12,255.12
252.0,252.0
261.37,261.37
278.62,278.62
290.25,290.25
291.12,291.12
291.5,291.5
304.37,304.37
327.0,327.0
343.37,343.37
346.12,346.12
343.25,343.25
348.75,348.75
364.75,364.75
377.12,377.12
377.62,377.62
372.75,372.75
376.75,376.75
392.75,392.75
408.5,408.5
412.0,412.0
407.5,407.5
404.87,404.87
407.25,407.25
403.12,403.12
382.37,382.37
352.25,352.25
330.37,330.37
323.75,323.75
322.0,322.0
311.75,311.75
291.62,291.62
273.5,273.5
264.62,264.62
255.75,255.75
235.87,235.87
205.62,205.62
178.75,178.75
166.5,166.5
165.37,165.37
164.12,164.12
161.5,161.5
164.87,164.87
182.62,182.62
207.12,207.12
224.0,224.0
225.62,225.62
218.75,218.75
212.37,212.37
205.5,205.5
190.62,190.62
166.87,166.87
142.87,142.87
128.62,128.62
122.87,122.87
115.12,115.12
100.5,100.5
84.5,84.5
74.62,74.62
69.37,69.37
60.63,60.63
42.88,42.88
21.87,21.87
6.0,6.0
-2.25,-2.25
-6.37,-6.37
-7.87,-7.87
-3.0,-3.0
12.88,12.88
35.13,35.13
54.63,54.63
66.0,66.0
72.75,72.75
81.87,81.87
94.37,94.37
104.37,104.37
109.62,109.62
113.87,113.87
123.12,123.12
136.25,136.25
147.12,147.12
152.0,152.0
155.75,155.75
163.0,163.0
172.62,172.62
173.12,173.12
157.56,157.56
128.19,128.19
94.5,94.5
61.63,61.63
29.06,29.06
-3.69,-3.69
-29.19,-29.19
-39.94,-39.94
-34.56,-34.56
-21.25,-21.25
-5.56,-5.56
14.5,14.5
46.38,46.38
90.44,90.44
138.12,138.12
174.81,174.81
189.62,189.62
180.31,180.31
149.56,149.56
101.56,101.56
44.94,44.94
-10.13,-10.13
-53.19,-53.19
-75.87,-75.87
-71.31,-71.31
-32.81,-32.81
39.88,39.88
139.87,139.87
246.94,246.94
337.75,337.75
394.37,394.37
415.0,415.0
411.56,411.56
397.12,397.12
374.0,374.0
336.06,336.06
280.12,280.12
212.94,212.94
146.31,146.31
88.81,88.81
41.31,41.31
4.69,4.69
-16.06,-16.06
-18.12,-18.12
-8.69,-8.69
-2.31,-2.31
-9.25,-9.25
-25.62,-25.62
-40.59,-40.59
-49.41,-49.41
-56.66,-56.66
-68.31,-68.31
-82.34,-82.34
-91.0,-91.0
-92.06,-92.06
-93.59,-93.59
-103.37,-103.37
-120.03,-120.03
-133.0,-133.0
-135.34,-135.34
-131.91,-131.91
-131.72,-131.72
-136.03,-136.03
-137.77,-137.77
-131.97,-131.97
-122.95,-122.95
-120.25,-120.25
-124.81,-124.81
-127.8,-127.8
-120.25,-120.25
-104.0,-104.0
-87.87,-87.87
-76.39,-76.39
-65.01,-65.01
-47.96,-47.96
-28.31,-28.31
-16.34,-16.34
-15.22,-15.22
-17.86,-17.86
-14.97,-14.97
-5.86,-5.86
1.17,1.17
0.63,0.63
-3.65,-3.65
-4.14,-4.14
0.38,0.38
1.85,1.85
-6.19,-6.19
-18.91,-18.91
-27.0,-27.0
-26.53,-26.53
-23.55,-23.55
-26.34,-26.34
-33.1,-33.1
-35.8,-35.8
-30.46,-30.46
-22.92,-22.92
-21.2,-21.2
-24.98,-24.98
-25.5,-25.5
-16.73,-16.73
-3.3,-3.3
4.25,4.25
2.0,2.0
-6.5,-6.5
-18.66,-18.66
-40.2,-40.2
-78.8,-78.8
-131.03,-131.03
-182.53,-182.53
-220.25,-220.25
-244.37,-244.37
-264.72,-264.72
-286.59,-286.59
-305.72,-305.72
-315.12,-315.12
-318.41,-318.41
-326.37,-326.37
-345.69,-345.69
-371.03,-371.03
-392.09,-392.09
-407.41,-407.41
-424.53,-424.53
-450.16,-450.16
-479.0,-479.0
-500.25,-500.25
-509.97,-509.97
-514.28,-514.28
-520.5,-520.5
-526.31,-526.31
-524.25,-524.25
-511.59,-511.59
-495.25,-495.25
-483.0,-483.0
-473.75,-473.75
-457.78,-457.78
-430.91,-430.91
-400.44,-400.44
-377.44,-377.44
-363.12,-363.12
-348.59,-348.59
-325.91,-325.91
-298.62,-298.62
-275.31,-275.31
-257.66,-257.66
-238.12,-238.12
-210.5,-210.5
-178.84,-178.84
-153.19,-153.19
-137.75,-137.75
-124.66,-124.66
-105.19,-105.19
-80.87,-80.87
-60.78,-60.78
-48.59,-48.59
-38.78,-38.78
-23.56,-23.56
-4.69,-4.69
8.5,8.5
10.53,10.53
7.84,7.84
10.16,10.16
19.94,19.94
29.62,29.62
32.5,32.5
31.06,31.06
32.91,32.91
39.22,39.22
42.69,42.69
36.91,36.91
25.16,25.16
17.53,17.53
18.69,18.69
22.37,22.37
21.75,21.75
17.37,17.37
17.53,17.53
25.19,25.19
34.28,34.28
37.03,37.03
34.25,34.25
35.5,35.5
46.72,46.72
63.56,63.56
75.78,75.78
80.59,80.59
83.87,83.87
90.84,90.84
97.5,97.5
96.06,96.06
86.39,86.39
77.55,77.55
78.52,78.52
87.2,87.2
96.56,96.56
103.06,103.06
112.73,112.73
131.06,131.06
154.95,154.95
175.34,175.34
189.28,189.28
204.3,204.3
228.66,228.66
260.27,260.27
285.28,285.28
292.28,292.28
282.94,282.94
265.87,265.87
244.67,244.67
215.62,215.62
177.56,177.56
137.33,137.33
102.94,102.94
73.59,73.59
42.77,42.77
7.7,7.7
-23.05,-23.05
-37.0,-37.0
-32.08,-32.08
-19.44,-19.44
-11.92,-11.92
-12.22,-12.22
-13.25,-13.25
-11.78,-11.78
-12.58,-12.58
-22.11,-22.11
-38.55,-38.55
-51.83,-51.83
-57.23,-57.23
-59.34,-59.34
-66.16,-66.16
-78.16,-78.16
-86.28,-86.28
-83.81,-83.81
-74.61,-74.61
-68.98,-68.98
-70.64,-70.64
-73.03,-73.03
-68.64,-68.64
-59.02,-59.02
-50.98,-50.98
-47.02,-47.02
-41.31,-41.31
-28.17,-28.17
-10.89,-10.89
0.98,0.98
4.5,4.5
5.48,5.48
12.22,12.22
22.87,22.87
29.19,29.19
26.19,26.19
19.7,19.7
19.78,19.78
28.11,28.11
37.34,37.34
40.5,40.5
40.13,40.13
43.48,43.48
53.06,53.06
62.55,62.55
65.44,65.44
64.53,64.53
69.39,69.39
82.69,82.69
97.59,97.59
104.36,104.36
101.53,101.53
96.73,96.73
95.2,95.2
94.17,94.17
87.37,87.37
74.66,74.66
63.78,63.78
60.25,60.25
59.47,59.47
53.44,53.44
40.22,40.22
27.12,27.12
21.12,21.12
20.19,20.19
16.5,16.5
6.59,6.59
-4.22,-4.22
-9.19,-9.19
-7.84,-7.84
-7.53,-7.53
-12.47,-12.47
-20.09,-20.09
-23.16,-23.16
-21.69,-21.69
-21.72,-21.72
-28.0,-28.0
-36.47,-36.47
-39.38,-39.38
-34.47,-34.47
-28.12,-28.12
-27.84,-27.84
-32.78,-32.78
-36.94,-36.94
-36.03,-36.03
-34.16,-34.16
-37.03,-37.03
-43.59,-43.59
-47.63,-47.63
-46.38,-46.38
-46.59,-46.59
-57.56,-57.56
-79.44,-79.44
-102.34,-102.34
-115.78,-115.78
-120.06,-120.06
-122.78,-122.78
-127.22,-127.22
-128.84,-128.84
-122.19,-122.19
-111.34,-111.34
-106.81,-106.81
-112.81,-112.81
-123.22,-123.22
-127.28,-127.28
-122.53,-122.53
-115.81,-115.81
-114.12,-114.12
-113.94,-113.94
-106.75,-106.75
-88.84,-88.84
-64.62,-64.62
-39.81,-39.81
-15.0,-15.0
11.59,11.59
35.19,35.19
43.56,43.56
27.34,27.34
-7.47,-7.47
-42.22,-42.22
-60.13,-60.13
-61.63,-61.63
-56.88,-56.88
-50.88,-50.88
-39.69,-39.69
-19.34,-19.34
4.84,4.84
22.53,22.53
30.56,30.56
37.25,37.25
51.13,51.13
69.12,69.12
79.69,79.69
75.66,75.66
64.66,64.66
58.5,58.5
59.13,59.13
56.97,56.97
44.84,44.84
28.59,28.59
20.47,20.47
22.91,22.91
25.06,25.06
15.47,15.47
-4.31,-4.31
-22.66,-22.66
-32.81,-32.81
-40.13,-40.13
-52.38,-52.38
-66.75,-66.75
-70.5,-70.5
-57.19,-57.19
-36.75,-36.75
-25.23,-25.23
-26.81,-26.81
-30.89,-30.89
-26.41,-26.41
-17.23,-17.23
-16.87,-16.87
-29.27,-29.27
-42.8,-42.8
-43.19,-43.19
-32.83,-32.83
-27.56,-27.56
-35.83,-35.83
-47.52,-47.52
-45.34,-45.34
-29.19,-29.19
-15.67,-15.67
-17.77,-17.77
-28.61,-28.61
-31.58,-31.58
-24.03,-24.03
-20.28,-20.28
-32.58,-32.58
-51.5,-51.5
-55.75,-55.75
-37.7,-37.7
-14.06,-14.06
-4.12,-4.12
-6.53,-6.53
-1.92,-1.92
20.39,20.39
49.0,49.0
64.11,64.11
62.3,62.3
55.5,55.5
47.27,47.27
21.84,21.84
-37.86,-37.86
-122.0,-122.0
-194.61,-194.61
-226.03,-226.03
-219.37,-219.37
-201.98,-201.98
-191.73,-191.73
-181.8,-181.8
-158.19,-158.19
-126.25,-126.25
-106.59,-106.59
-110.34,-110.34
-121.55,-121.55
-117.14,-117.14
-94.48,-94.48
-73.55,-73.55
-69.77,-69.77
-75.02,-75.02
-69.47,-69.47
-49.95,-49.95
-34.61,-34.61
-38.14,-38.14
-51.39,-51.39
-51.27,-51.27
-30.88,-30.88
-8.43,-8.43
-3.68,-3.68
-12.72,-12.72
-13.68,-13.68
4.12,4.12
26.76,26.76
34.44,34.44
27.29,27.29
23.95,23.95
36.14,36.14
54.47,54.47
62.36,62.36
59.68,59.68
62.51,62.51
81.06,81.06
103.93,103.93
112.32,112.32
103.36,103.36
95.23,95.23
102.9,102.9
119.73,119.73
126.65,126.65
116.48,116.48
102.89,102.89
99.66,99.66
100.69,100.69
86.45,86.45
49.57,49.57
7.27,7.27
-17.89,-17.89
-24.57,-24.57
-30.68,-30.68
-49.24,-49.24
-71.86,-71.86
-80.02,-80.02
-70.35,-70.35
-58.5,-58.5
-57.75,-57.75
-61.25,-61.25
-51.46,-51.46
-25.74,-25.74
-0.76,-0.76
6.74,6.74
1.42,1.42
2.4,2.4
17.87,17.87
35.95,35.95
42.36,42.36
41.7,41.7
52.79,52.79
82.27,82.27
111.23,111.23
110.39,110.39
71.06,71.06
10.06,10.06
-53.12,-53.12
-113.47,-113.47
-174.75,-174.75
-230.45,-230.45
-261.35,-261.35
-255.68,-255.68
-226.27,-226.27
-198.85,-198.85
-185.4,-185.4
-175.05,-175.05
-152.26,-152.26
-117.66,-117.66
-85.6,-85.6
-61.57,-61.57
-32.51,-32.51
14.05,14.05
68.92,68.92
106.8,106.8
113.8,113.8
102.72,102.72
100.73,100.73
120.23,120.23
151.8,151.8
181.06,181.06
206.77,206.77
233.45,233.45
254.87,254.87
251.56,251.56
212.48,212.48
149.97,149.97
88.52,88.52
43.11,43.11
9.61,9.61
-23.33,-23.33
-55.47,-55.47
-74.56,-74.56
-73.95,-73.95
-64.36,-64.36
-60.83,-60.83
-62.58,-62.58
-51.55,-51.55
-15.38,-15.38
34.23,34.23
70.64,70.64
82.69,82.69
85.87,85.87
103.02,103.02
136.98,136.98
174.12,174.12
208.89,208.89
252.31,252.31
312.56,312.56
376.95,376.95
417.69,417.69
422.75,422.75
408.45,408.45
397.47,397.47
394.53,394.53
386.06,386.06
363.86,363.86
340.3,340.3
333.41,333.41
341.53,341.53
341.02,341.02
314.72,314.72
273.61,273.61
245.33,245.33
240.78,240.78
242.47,242.47
228.12,228.12
200.12,200.12
180.59,180.59
180.95,180.95
186.55,186.55
176.31,176.31
152.14,152.14
136.16,136.16
143.06,143.06
159.37,159.37
161.52,161.52
145.87,145.87
130.59,130.59
130.17,130.17
135.0,135.0
124.27,124.27
94.59,94.59
68.95,68.95
68.76,68.76
87.07,87.07
97.45,97.45
87.47,87.47
75.57,75.57
85.52,85.52
116.35,116.35
142.4,142.4
144.93,144.93
132.67,132.67
126.0,126.0
128.62,128.62
122.7,122.7
97.56,97.56
68.39,68.39
61.22,61.22
80.61,80.61
101.81,101.81
99.31,99.31
74.31,74.31
48.53,48.53
35.47,35.47
26.28,26.28
6.92,6.92
-17.52,-17.52
-26.48,-26.48
-11.6,-11.6
10.15,10.15
17.69,17.69
12.16,12.16
15.17,15.17
38.42,38.42
68.69,68.69
83.17,83.17
76.77,76.77
65.91,65.91
65.37,65.37
69.59,69.59
61.27,61.27
37.75,37.75
16.2,16.2
11.09,11.09
15.28,15.28
7.44,7.44
-18.61,-18.61
-46.91,-46.91
-56.91,-56.91
-52.59,-52.59
-56.06,-56.06
-80.72,-80.72
-112.66,-112.66
-126.78,-126.78
-119.75,-119.75
-111.28,-111.28
-118.59,-118.59
-134.84,-134.84
-142.44,-142.44
-142.41,-142.41
-159.87,-159.87
-215.66,-215.66
-300.91,-300.91
-386.81,-386.81
-456.37,-456.37
-518.25,-518.25
-585.97,-585.97
-653.75,-653.75
-700.28,-700.28
-716.31,-716.31
-714.81,-714.81
-713.5,-713.5
-716.31,-716.31
-714.5,-714.5
-701.09,-701.09
-681.47,-681.47
-663.41,-663.41
-644.91,-644.91
-615.25,-615.25
-569.0,-569.0
-519.09,-519.09
-483.56,-483.56
-463.53,-463.53
-439.09,-439.09
-393.09,-393.09
-331.94,-331.94
-277.81,-277.81
-241.12,-241.12
-208.72,-208.72
-163.84,-163.84
-108.84,-108.84
-63.84,-63.84
-40.75,-40.75
-28.34,-28.34
-7.31,-7.31
23.81,23.81
47.38,47.38
50.72,50.72
42.5,42.5
41.63,41.63
52.25,52.25
59.03,59.03
48.22,48.22
26.0,26.0
11.75,11.75
11.34,11.34
10.72,10.72
-4.16,-4.16
-27.91,-27.91
-39.91,-39.91
-30.81,-30.81
-13.31,-13.31
-4.45,-4.45
-3.42,-3.42
8.34,8.34
40.52,40.52
80.12,80.12
105.86,105.86
113.59,113.59
119.48,119.48
138.31,138.31
163.7,163.7
178.08,178.08
177.05,177.05
175.5,175.5
187.94,187.94
208.98,208.98
219.05,219.05
211.5,211.5
200.23,200.23
203.3,203.3
217.05,217.05
221.89,221.89
205.14,205.14
177.53,177.53
157.39,157.39
146.66,146.66
128.51,128.51
92.75,92.75
49.55,49.55
18.99,18.99
4.46,4.46
-10.69,-10.69
-40.7,-40.7
-77.43,-77.43
-100.31,-100.31
-102.72,-102.72
-100.09,-100.09
-108.73,-108.73
-124.01,-124.01
-126.63,-126.63
-108.97,-108.97
-87.95,-87.95
-84.1,-84.1
-97.28,-97.28
-107.83,-107.83
-103.01,-103.01
-93.47,-93.47
-97.5,-97.5
-115.73,-115.73
-129.53,-129.53
-124.68,-124.68
-110.86,-110.86
-108.9,-108.9
-123.18,-123.18
-136.57,-136.57
-132.07,-132.07
-115.09,-115.09
-106.24,-106.24
-113.21,-113.21
-120.85,-120.85
-111.65,-111.65
-88.77,-88.77
-72.33,-72.33
-73.29,-73.29
-78.72,-78.72
-70.34,-70.34
-48.28,-48.28
-31.66,-31.66
-34.19,-34.19
-45.44,-45.44
-45.58,-45.58
-30.21,-30.21
-16.23,-16.23
-18.12,-18.12
-29.0,-29.0
-29.77,-29.77
-15.02,-15.02
-1.41,-1.41
-5.43,-5.43
-21.66,-21.66
-29.48,-29.48
-19.23,-19.23
-3.83,-3.83
-2.3,-2.3
-13.05,-13.05
-16.94,-16.94
-3.3,-3.3
15.72,15.72
19.81,19.81
7.62,7.62
-2.22,-2.22
5.03,5.03
21.72,21.72
27.75,27.75
18.23,18.23
9.78,9.78
18.42,18.42
37.47,37.47
46.34,46.34
36.88,36.88
23.98,23.98
25.97,25.97
39.91,39.91
45.75,45.75
33.0,33.0
13.13,13.13
5.94,5.94
12.28,12.28
14.34,14.34
-0.59,-0.59
-21.69,-21.69
-28.06,-28.06
-16.12,-16.12
-3.06,-3.06
-4.09,-4.09
-11.63,-11.63
-5.59,-5.59
20.37,20.37
49.88,49.88
65.09,65.09
67.91,67.91
75.19,75.19
94.37,94.37
111.16,111.16
108.0,108.0
88.09,88.09
71.37,71.37
71.53,71.53
79.44,79.44
77.03,77.03
63.59,63.59
57.28,57.28
70.28,70.28
92.91,92.91
104.28,104.28
100.31,100.31
97.34,97.34
110.91,110.91
135.06,135.06
149.75,149.75
147.25,147.25
141.78,141.78
149.84,149.84
167.78,167.78
175.28,175.28
163.47,163.47
145.97,145.97
142.84,142.84
154.25,154.25
161.0,161.0
150.19,150.19
132.19,132.19
127.09,127.09
138.03,138.03
148.31,148.31
142.03,142.03
126.47,126.47
121.06,121.06
131.75,131.75
142.75,142.75
137.37,137.37
120.31,120.31
112.12,112.12
121.75,121.75
135.75,135.75
135.81,135.81
123.69,123.69
118.37,118.37
131.31,131.31
151.12,151.12
157.75,157.75
148.81,148.81
142.62,142.62
153.25,153.25
171.81,171.81
178.37,178.37
169.06,169.06
160.87,160.87
169.19,169.19
187.44,187.44
195.0,195.0
183.66,183.66
168.94,168.94
169.06,169.06
182.41,182.41
189.37,189.37
179.22,179.22
164.41,164.41
163.19,163.19
175.69,175.69
182.59,182.59
171.37,171.37
151.97,151.97
145.0,145.0
153.81,153.81
161.03,161.03
151.66,151.66
133.06,133.06
125.41,125.41
134.53,134.53
144.31,144.31
137.72,137.72
119.69,119.69
110.28,110.28
117.97,117.97
128.53,128.53
123.25,123.25
103.5,103.5
88.66,88.66
90.69,90.69
97.94,97.94
91.37,91.37
70.09,70.09
52.5,52.5
53.28,53.28
63.31,63.31
62.75,62.75
45.94,45.94
29.53,29.53
28.5,28.5
37.47,37.47
37.13,37.13
20.75,20.75
3.03,3.03
1.25,1.25
11.72,11.72
14.56,14.56
0.66,0.66
-17.12,-17.12
-19.75,-19.75
-7.09,-7.09
1.45,1.45
-7.33,-7.33
-23.55,-23.55
-28.84,-28.84
-20.34,-20.34
-15.17,-15.17
-27.55,-27.55
-49.3,-49.3
-59.84,-59.84
-53.03,-53.03
-44.53,-44.53
-50.84,-50.84
-67.59,-67.59
-75.69,-75.69
-66.69,-66.69
-55.02,-55.02
-58.44,-58.44
-74.81,-74.81
-84.78,-84.78
-76.66,-76.66
-62.34,-62.34
-60.39,-60.39
-72.2,-72.2
-79.64,-79.64
-69.01,-69.01
-49.45,-49.45
-40.32,-40.32
-46.52,-46.52
-51.66,-51.66
-40.48,-40.48
-19.41,-19.41
-8.27,-8.27
-14.24,-14.24
-22.89,-22.89
-16.47,-16.47
1.65,1.65
12.1,12.1
5.46,5.46
-5.63,-5.63
-2.61,-2.61
14.63,14.63
27.21,27.21
22.67,22.67
11.67,11.67
13.27,13.27
29.85,29.85
44.02,44.02
41.06,41.06
27.62,27.62
23.8,23.8
36.26,36.26
50.6,50.6
51.81,51.81
45.74,45.74
51.97,51.97
79.39,79.39
114.04,114.04
138.62,138.62
154.69,154.69
181.34,181.34
227.23,227.23
276.66,276.66
305.85,305.85
310.48,310.48
307.77,307.77
310.52,310.52
311.22,311.22
293.1,293.1
253.36,253.36
208.7,208.7
174.16,174.16
142.91,142.91
96.67,96.67
30.34,30.34
-36.63,-36.63
-83.73,-83.73
-111.41,-111.41
-137.31,-137.31
-171.45,-171.45
-202.5,-202.5
-214.23,-214.23
-209.59,-209.59
-207.69,-207.69
-220.06,-220.06
-235.5,-235.5
-235.03,-235.03
-217.75,-217.75
-202.87,-202.87
-206.59,-206.59
-219.75,-219.75
-220.25,-220.25
-199.97,-199.97
-174.34,-174.34
-161.69,-161.69
-160.09,-160.09
-152.75,-152.75
-131.72,-131.72
-110.34,-110.34
-104.62,-104.62
-110.47,-110.47
-109.25,-109.25
-91.25,-91.25
-70.94,-70.94
-69.28,-69.28
-87.62,-87.62
-107.78,-107.78
-114.25,-114.25
-114.87,-114.87
-127.0,-127.0
-152.97,-152.97
-174.72,-174.72
-176.72,-176.72
-166.66,-166.66
-165.44,-165.44
-180.44,-180.44
-196.53,-196.53
-195.94,-195.94
-182.09,-182.09
-175.59,-175.59
-186.09,-186.09
-200.25,-200.25
-199.0,-199.0
-182.72,-182.72
-171.06,-171.06
-177.47,-177.47
-191.31,-191.31
-192.5,-192.5
-178.91,-178.91
-168.12,-168.12
-174.94,-174.94
-190.16,-190.16
-192.97,-192.97
-177.97,-177.97
-162.09,-162.09
-162.06,-162.06
-173.28,-173.28
-175.09,-175.09
-159.37,-159.37
-140.53,-140.53
-137.59,-137.59
-147.91,-147.91
-152.09,-152.09
-138.75,-138.75
-119.72,-119.72
-114.37,-114.37
-123.28,-123.28
-128.37,-128.37
-116.37,-116.37
-96.47,-96.47
-89.22,-89.22
-97.81,-97.81
-105.53,-105.53
-96.16,-96.16
-77.12,-77.12
-68.25,-68.25
-76.94,-76.94
-87.53,-87.53
-82.53,-82.53
-65.56,-65.56
-56.47,-56.47
-64.47,-64.47
-76.87,-76.87
-74.66,-74.66
-58.47,-58.47
-47.91,-47.91
-54.66,-54.66
-68.12,-68.12
-68.19,-68.19
-52.5,-52.5
-38.94,-38.94
-42.25,-42.25
-54.03,-54.03
-55.19,-55.19
-40.34,-40.34
-26.34,-26.34
-29.25,-29.25
-43.38,-43.38
-48.09,-48.09
-35.78,-35.78
-21.31,-21.31
-22.47,-22.47
-36.88,-36.88
-45.13,-45.13
-36.06,-36.06
-22.06,-22.06
-22.22,-22.22
-36.84,-36.84
-47.56,-47.56
-40.97,-40.97
-26.66,-26.66
-24.22,-24.22
-36.78,-36.78
-47.0,-47.0
-39.88,-39.88
-21.78,-21.78
-13.13,-13.13
-20.53,-20.53
-28.62,-28.62
-20.62,-20.62
-1.45,-1.45
8.78,8.78
0.69,0.69
-11.84,-11.84
-10.25,-10.25
4.83,4.83
15.02,15.02
8.36,8.36
-3.73,-3.73
-1.73,-1.73
16.77,16.77
33.34,33.34
34.27,34.27
27.91,27.91
33.88,33.88
56.27,56.27
76.95,76.95
78.69,78.69
66.39,66.39
60.2,60.2
69.56,69.56
80.31,80.31
75.72,75.72
59.66,59.66
51.47,51.47
62.11,62.11
78.12,78.12
80.0,80.0
66.34,66.34
56.3,56.3
62.84,62.84
76.56,76.56
77.14,77.14
61.46,61.46
47.41,47.41
50.73,50.73
64.52,64.52
68.41,68.41
56.52,56.52
44.46,44.46
49.77,49.77
67.27,67.27
76.34,76.34
67.08,67.08
53.89,53.89
55.81,55.81
71.96,71.96
83.2,83.2
77.31,77.31
64.98,64.98
66.0,66.0
82.0,82.0
94.58,94.58
89.54,89.54
75.29,75.29
72.14,72.14
84.52,84.52
95.53,95.53
88.91,88.91
70.6,70.6
61.44,61.44
68.86,68.86
78.45,78.45
71.93,71.93
52.22,52.22
40.18,40.18
46.49,46.49
58.74,58.74
57.62,57.62
42.0,42.0
30.51,30.51
36.63,36.63
50.18,50.18
51.11,51.11
36.01,36.01
22.55,22.55
26.21,26.21
39.83,39.83
43.07,43.07
29.03,29.03
13.6,13.6
14.57,14.57
27.28,27.28
31.61,31.61
18.15,18.15
0.57,0.57
-1.61,-1.61
10.23,10.23
17.21,17.21
6.88,6.88
-8.86,-8.86
-10.46,-10.46
3.72,3.72
15.26,15.26
9.44,9.44
-5.07,-5.07
-8.21,-8.21
4.94,4.94
16.97,16.97
11.63,11.63
-5.4,-5.4
-13.29,-13.29
-3.84,-3.84
7.76,7.76
4.51,4.51
-10.96,-10.96
-18.54,-18.54
-8.29,-8.29
7.11,7.11
7.87,7.87
-5.88,-5.88
-14.25,-14.25
-3.8,-3.8
14.81,14.81
20.5,20.5
9.14,9.14
-1.38,-1.38
4.21,4.21
19.74,19.74
24.62,24.62
13.21,13.21
1.9,1.9
8.2,8.2
26.93,26.93
37.74,37.74
30.19,30.19
18.46,18.46
21.09,21.09
36.68,36.68
44.88,44.88
33.25,33.25
14.22,14.22
8.36,8.36
17.8,17.8
24.65,24.65
14.19,14.19
-4.93,-4.93
-11.63,-11.63
-1.01,-1.01
10.01,10.01
4.18,4.18
-12.59,-12.59
-20.22,-20.22
-10.52,-10.52
0.59,0.59
-4.14,-4.14
-21.84,-21.84
-31.62,-31.62
-22.55,-22.55
-8.07,-8.07
-7.97,-7.97
-22.86,-22.86
-33.37,-33.37
-26.02,-26.02
-11.24,-11.24
-9.59,-9.59
-24.21,-24.21
-36.94,-36.94
-32.05,-32.05
-16.94,-16.94
-12.72,-12.72
-25.54,-25.54
-38.99,-38.99
-35.06,-35.06
-19.16,-19.16
-12.15,-12.15
-23.7,-23.7
-39.65,-39.65
-39.94,-39.94
-26.23,-26.23
-17.88,-17.88
-27.11,-27.11
-42.5,-42.5
-43.5,-43.5
-28.72,-28.72
-17.33,-17.33
-23.29,-23.29
-37.95,-37.95
-39.96,-39.96
-25.45,-25.45
-11.31,-11.31
-15.06,-15.06
-30.26,-30.26
-36.08,-36.08
-24.33,-24.33
-10.69,-10.69
-13.18,-13.18
-28.13,-28.13
-34.7,-34.7
-22.2,-22.2
-4.31,-4.31
-1.59,-1.59
-14.39,-14.39
-23.07,-23.07
-13.67,-13.67
2.65,2.65
5.32,5.32
-9.04,-9.04
-21.26,-21.26
-15.37,-15.37
0.97,0.97
6.16,6.16
-6.45,-6.45
-19.44,-19.44
-15.06,-15.06
1.28,1.28
8.22,8.22
-3.65,-3.65
-19.41,-19.41
-18.78,-18.78
-3.15,-3.15
5.84,5.84
-4.25,-4.25
-20.75,-20.75
-22.85,-22.85
-8.18,-8.18
2.86,2.86
-5.45,-5.45
-23.43,-23.43
-29.74,-29.74
-18.75,-18.75
-8.6,-8.6
-16.29,-16.29
-35.16,-35.16
-43.84,-43.84
-35.2,-35.2
-26.88,-26.88
-38.13,-38.13
-65.52,-65.52
-87.91,-87.91
-95.07,-95.07
-102.66,-102.66
-132.16,-132.16
-180.87,-180.87
-224.36,-224.36
-244.66,-244.66
-251.0,-251.0
-264.98,-264.98
-293.3,-293.3
-321.83,-321.83
-335.54,-335.54
-335.82,-335.82
-332.55,-332.55
-331.26,-331.26
-326.42,-326.42
-312.59,-312.59
-293.84,-293.84
-279.72,-279.72
-269.92,-269.92
-253.17,-253.17
-218.8,-218.8
-173.95,-173.95
-138.48,-138.48
-118.08,-118.08
-92.83,-92.83
-38.56,-38.56
42.73,42.73
122.27,122.27
176.81,176.81
212.58,212.58
252.48,252.48
302.75,302.75
344.0,344.0
357.81,357.81
352.2,352.2
352.34,352.34
368.44,368.44
383.06,383.06
376.28,376.28
351.72,351.72
333.34,333.34
333.81,333.81
338.5,338.5
324.34,324.34
291.25,291.25
261.94,261.94
252.59,252.59
251.53,251.53
236.47,236.47
203.97,203.97
174.28,174.28
165.31,165.31
167.91,167.91
158.69,158.69
130.53,130.53
103.37,103.37
97.19,97.19
106.31,106.31
107.09,107.09
88.81,88.81
68.22,68.22
66.53,66.53
81.87,81.87
90.53,90.53
78.37,78.37
59.31,59.31
56.41,56.41
71.53,71.53
82.75,82.75
73.84,73.84
54.75,54.75
48.84,48.84
60.72,60.72
69.75,69.75
57.66,57.66
33.19,33.19
21.44,21.44
31.03,31.03
43.28,43.28
36.19,36.19
13.88,13.88
0.03,0.03
8.03,8.03
22.25,22.25
20.06,20.06
1.66,1.66
-10.34,-10.34
-0.5,-0.5
18.03,18.03
21.62,21.62
6.19,6.19
-7.09,-7.09
-0.53,-0.53
16.75,16.75
21.09,21.09
5.91,5.91
-9.38,-9.38
-4.78,-4.78
13.5,13.5
21.16,21.16
8.22,8.22
-8.63,-8.63
-7.78,-7.78
8.53,8.53
17.45,17.45
5.05,5.05
-13.75,-13.75
-15.13,-15.13
2.27,2.27
16.5,16.5
10.61,10.61
-4.5,-4.5
-5.2,-5.2
13.09,13.09
30.47,30.47
27.44,27.44
11.44,11.44
6.81,6.81
21.48,21.48
37.78,37.78
34.91,34.91
17.31,17.31
8.88,8.88
21.02,21.02
37.28,37.28
34.91,34.91
14.55,14.55
-0.64,-0.64
4.33,4.33
17.23,17.23
15.53,15.53
-4.42,-4.42
-21.19,-21.19
-17.78,-17.78
-3.67,-3.67
-2.44,-2.44
-20.2,-20.2
-37.81,-37.81
-35.75,-35.75
-20.2,-20.2
-14.3,-14.3
-27.95,-27.95
-44.47,-44.47
-42.58,-42.58
-24.94,-24.94
-14.22,-14.22
-23.84,-23.84
-39.63,-39.63
-39.75,-39.75
-22.37,-22.37
-9.41,-9.41
-16.06,-16.06
-31.64,-31.64
-32.58,-32.58
-14.25,-14.25
2.91,2.91
1.17,1.17
-11.81,-11.81
-12.42,-12.42
7.73,7.73
31.19,31.19
37.44,37.44
29.86,29.86
30.11,30.11
48.11,48.11
67.42,67.42
66.3,66.3
46.19,46.19
30.23,30.23
34.19,34.19
47.09,47.09
47.13,47.13
31.91,31.91
21.81,21.81
32.31,32.31
53.47,53.47
61.66,61.66
49.52,49.52
36.23,36.23
40.07,40.07
56.36,56.36
62.74,62.74
50.31,50.31
35.73,35.73
38.53,38.53
56.05,56.05
66.15,66.15
56.64,56.64
41.22,41.22
41.18,41.18
57.88,57.88
69.92,69.92
62.6,62.6
46.08,46.08
42.7,42.7
56.35,56.35
67.62,67.62
59.52,59.52
40.23,40.23
32.12,32.12
42.32,42.32
53.93,53.93
47.67,47.67
28.21,28.21
18.18,18.18
27.73,27.73
42.2,42.2
40.27,40.27
23.11,23.11
11.85,11.85
19.94,19.94
35.95,35.95
38.06,38.06
22.9,22.9
9.87,9.87
14.46,14.46
27.25,27.25
27.93,27.93
11.09,11.09
-4.84,-4.84
-1.63,-1.63
13.55,13.55
18.84,18.84
5.34,5.34
-10.55,-10.55
-9.54,-9.54
5.71,5.71
13.57,13.57
2.36,2.36
-15.25,-15.25
-18.19,-18.19
-5.86,-5.86
1.36,1.36
-10.23,-10.23
-30.22,-30.22
-36.52,-36.52
-25.01,-25.01
-14.34,-14.34
-21.28,-21.28
-38.15,-38.15
-43.6,-43.6
-30.51,-30.51
-16.77,-16.77
-20.66,-20.66
-37.76,-37.76
-46.2,-46.2
-35.55,-35.55
-21.0,-21.0
-22.32,-22.32
-39.13,-39.13
-50.53,-50.53
-42.57,-42.57
-27.18,-27.18
-25.42,-25.42
-39.17,-39.17
-49.55,-49.55
-41.57,-41.57
-24.41,-24.41
-20.14,-20.14
-33.92,-33.92
-47.81,-47.81
-43.58,-43.58
-26.87,-26.87
-19.81,-19.81
-30.06,-30.06
-42.47,-42.47
-37.75,-37.75
-19.08,-19.08
-8.31,-8.31
-17.41,-17.41
-32.66,-32.66
-33.02,-33.02
-17.61,-17.61
-6.34,-6.34
-14.19,-14.19
-30.2,-30.2
-33.56,-33.56
-20.14,-20.14
-8.34,-8.34
-14.64,-14.64
-31.39,-31.39
-37.47,-37.47
-25.75,-25.75
-13.63,-13.63
-19.11,-19.11
-38.05,-38.05
-48.81,-48.81
-41.45,-41.45
-30.42,-30.42
-35.47,-35.47
-54.98,-54.98
-68.3,-68.3
-62.73,-62.73
-50.47,-50.47
-53.05,-53.05
-72.61,-72.61
-90.47,-90.47
-90.91,-90.91
-82.81,-82.81
-85.8,-85.8
-104.48,-104.48
-119.98,-119.98
-115.08,-115.08
-96.95,-96.95
-88.72,-88.72
-99.55,-99.55
-114.02,-114.02
-113.34,-113.34
-100.89,-100.89
-97.55,-97.55
-113.22,-113.22
-133.98,-133.98
-139.3,-139.3
-129.27,-129.27
-124.83,-124.83
-140.41,-140.41
-164.81,-164.81
-176.23,-176.23
-170.27,-170.27
-164.83,-164.83
-174.42,-174.42
-191.14,-191.14
-193.19,-193.19
-174.67,-174.67
-153.06,-153.06
-146.37,-146.37
-149.97,-149.97
-142.52,-142.52
-114.86,-114.86
-82.69,-82.69
-65.55,-65.55
-62.55,-62.55
-53.56,-53.56
-26.16,-26.16
6.75,6.75
24.61,24.61
25.3,25.3
26.97,26.97
44.63,44.63
68.62,68.62
78.64,78.64
69.55,69.55
60.03,60.03
66.84,66.84
83.83,83.83
90.14,90.14
77.89,77.89
62.73,62.73
62.47,62.47
74.69,74.69
79.03,79.03
64.83,64.83
45.75,45.75
41.58,41.58
52.19,52.19
58.7,58.7
47.89,47.89
30.67,30.67
26.86,26.86
39.83,39.83
51.42,51.42
45.91,45.91
30.67,30.67
26.58,26.58
39.27,39.27
52.34,52.34
48.28,48.28
32.25,32.25
25.11,25.11
35.78,35.78
50.36,50.36
49.28,49.28
34.47,34.47
25.53,25.53
34.92,34.92
50.22,50.22
51.86,51.86
38.5,38.5
28.23,28.23
34.83,34.83
49.34,49.34
51.72,51.72
37.33,37.33
24.3,24.3
29.14,29.14
45.42,45.42
52.31,52.31
42.13,42.13
29.03,29.03
30.8,30.8
43.55,43.55
48.17,48.17
34.73,34.73
17.19,17.19
14.53,14.53
26.66,26.66
34.41,34.41
24.59,24.59
7.61,7.61
3.28,3.28
14.73,14.73
23.84,23.84
15.11,15.11
-2.81,-2.81
-10.3,-10.3
-0.97,-0.97
9.02,9.02
3.92,3.92
-9.64,-9.64
-10.56,-10.56
10.02,10.02
38.16,38.16
54.53,54.53
59.75,59.75
72.42,72.42
101.95,101.95
135.45,135.45
152.89,152.89
153.37,153.37
156.84,156.84
177.5,177.5
206.2,206.2
222.86,222.86
222.31,222.31
220.25,220.25
231.42,231.42
250.47,250.47
260.03,260.03
254.48,254.48
244.94,244.94
243.7,243.7
248.44,248.44
247.59,247.59
235.47,235.47
220.66,220.66
212.72,212.72
210.55,210.55
203.62,203.62
186.75,186.75
167.98,167.98
157.61,157.61
154.06,154.06
145.03,145.03
123.55,123.55
97.25,97.25
80.94,80.94
76.75,76.75
70.34,70.34
48.97,48.97
20.03,20.03
2.37,2.37
1.87,1.87
2.12,2.12
-15.38,-15.38
-47.97,-47.97
-74.0,-74.0
-82.28,-82.28
-84.47,-84.47
-101.37,-101.37
-133.37,-133.37
-160.81,-160.81
-169.72,-169.72
-169.78,-169.78
-181.53,-181.53
-208.94,-208.94
-234.03,-234.03
-240.37,-240.37
-235.12,-235.12
-239.41,-239.41
-260.84,-260.84
-283.03,-283.03
-288.25,-288.25
-279.84,-279.84
-278.75,-278.75
-294.87,-294.87
-314.03,-314.03
-316.75,-316.75
-303.62,-303.62
-295.06,-295.06
-303.56,-303.56
-317.91,-317.91
-317.84,-317.84
-301.0,-301.0
-286.97,-286.97
-290.81,-290.81
-303.81,-303.81
-304.41,-304.41
-286.44,-286.44
-267.84,-267.84
-265.62,-265.62
-273.62,-273.62
-270.53,-270.53
-247.19,-247.19
-220.0,-220.0
-208.5,-208.5
-211.62,-211.62
-208.91,-208.91
-188.69,-188.69
-164.37,-164.37
-156.03,-156.03
-163.72,-163.72
-167.81,-167.81
-153.84,-153.84
-133.22,-133.22
-127.28,-127.28
-140.62,-140.62
-153.81,-153.81
-149.62,-149.62
-134.44,-134.44
-128.87,-128.87
-139.59,-139.59
-150.44,-150.44
-143.91,-143.91
-124.44,-124.44
-114.59,-114.59
-123.84,-123.84
-138.0,-138.0
-135.97,-135.97
-118.97,-118.97
-107.61,-107.61
-115.06,-115.06
-129.45,-129.45
-129.67,-129.67
-112.89,-112.89
-99.48,-99.48
-104.44,-104.44
-119.33,-119.33
-122.06,-122.06
-107.0,-107.0
-91.56,-91.56
-93.52,-93.52
-106.42,-106.42
-108.94,-108.94
-92.42,-92.42
-73.05,-73.05
-70.09,-70.09
-81.4,-81.4
-85.59,-85.59
-70.98,-70.98
-51.73,-51.73
-48.66,-48.66
-61.86,-61.86
-70.68,-70.68
-59.41,-59.41
-37.98,-37.98
-28.5,-28.5
-34.84,-34.84
-37.87,-37.87
-21.37,-21.37
6.48,6.48
23.08,23.08
20.03,20.03
14.25,14.25
24.77,24.77
46.69,46.69
58.9,58.9
50.99,50.99
37.64,37.64
40.42,40.42
58.41,58.41
70.73,70.73
63.92,63.92
50.67,50.67
52.28,52.28
71.62,71.62
88.52,88.52
87.75,87.75
78.48,78.48
82.53,82.53
105.53,105.53
128.31,128.31
132.36,132.36
123.59,123.59
123.89,123.89
142.42,142.42
162.27,162.27
163.89,163.89
149.73,149.73
141.69,141.69
151.94,151.94
166.83,166.83
165.31,165.31
146.75,146.75
132.37,132.37
136.59,136.59
148.5,148.5
146.78,146.78
127.06,127.06
108.5,108.5
107.84,107.84
117.66,117.66
116.62,116.62
97.59,97.59
78.22,78.22
76.75,76.75
89.31,89.31
93.97,93.97
80.31,80.31
63.28,63.28
62.16,62.16
76.25,76.25
84.47,84.47
73.87,73.87
56.34,56.34
53.22,53.22
66.34,66.34
76.12,76.12
67.28,67.28
49.0,49.0
42.91,42.91
54.59,54.59
66.41,66.41
61.38,61.38
45.38,45.38
40.25,40.25
53.19,53.19
68.47,68.47
66.12,66.12
49.03,49.03
39.34,39.34
48.5,48.5
64.28,64.28
66.44,66.44
54.06,54.06
47.03,47.03
58.56,58.56
77.72,77.72
82.94,82.94
70.37,70.37
58.63,58.63
63.75,63.75
78.06,78.06
80.5,80.5
64.37,64.37
47.41,47.41
48.31,48.31
62.72,62.72
69.5,69.5
57.94,57.94
42.72,42.72
43.91,43.91
60.56,60.56
72.31,72.31
66.44,66.44
55.34,55.34
59.38,59.38
79.81,79.81
96.59,96.59
93.94,93.94
81.56,81.56
80.5,80.5
96.22,96.22
110.53,110.53
106.69,106.69
90.59,90.59
84.41,84.41
96.5,96.5
111.22,111.22
109.28,109.28
94.37,94.37
87.56,87.56
99.81,99.81
117.44,117.44
118.87,118.87
104.03,104.03
94.06,94.06
102.41,102.41
118.41,118.41
120.25,120.25
103.81,103.81
89.03,89.03
92.09,92.09
105.12,105.12
106.5,106.5
89.37,89.37
71.87,71.87
72.78,72.78
86.94,86.94
92.91,92.91
81.09,81.09
66.37,66.37
69.0,69.0
87.62,87.62
100.81,100.81
95.84,95.84
84.66,84.66
88.31,88.31
107.69,107.69
122.12,122.12
116.62,116.62
101.44,101.44
98.87,98.87
114.06,114.06
128.84,128.84
125.47,125.47
110.09,110.09
103.59,103.59
114.16,114.16
125.09,125.09
117.69,117.69
95.81,95.81
81.84,81.84
87.28,87.28
98.12,98.12
93.37,93.37
73.41,73.41
58.34,58.34
62.69,62.69
76.47,76.47
78.84,78.84
66.69,66.69
58.41,58.41
69.69,69.69
90.84,90.84
99.28,99.28
87.66,87.66
73.09,73.09
74.44,74.44
86.72,86.72
88.41,88.41
70.31,70.31
47.34,47.34
39.63,39.63
44.69,44.69
41.44,41.44
16.5,16.5
-17.25,-17.25
-38.44,-38.44
-44.66,-44.66
-55.31,-55.31
-84.37,-84.37
-121.41,-121.41
-142.81,-142.81
-142.28,-142.28
-137.22,-137.22
-143.91,-143.91
-156.31,-156.31
-152.78,-152.78
-127.05,-127.05
-97.27,-97.27
-83.73,-83.73
-83.83,-83.83
-74.14,-74.14
-44.05,-44.05
-8.47,-8.47
10.3,10.3
12.88,12.88
22.44,22.44
53.16,53.16
91.09,91.09
110.66,110.66
108.28,108.28
107.42,107.42
129.53,129.53
167.44,167.44
196.97,196.97
208.7,208.7
219.03,219.03
245.25,245.25
280.19,280.19
298.02,298.02
287.87,287.87
267.55,267.55
261.11,261.11
268.19,268.19
266.41,266.41
242.62,242.62
211.5,211.5
197.63,197.63
203.87,203.87
208.51,208.51
194.58,194.58
171.99,171.99
165.09,165.09
179.23,179.23
194.21,194.21
189.77,189.77
171.6,171.6
161.81,161.81
169.59,169.59
178.77,178.77
170.35,170.35
147.22,147.22
130.28,130.28
130.73,130.73
133.16,133.16
117.54,117.54
85.04,85.04
59.08,59.08
55.1,55.1
61.15,61.15
54.38,54.38
30.66,30.66
11.16,11.16
12.08,12.08
25.25,25.25
26.78,26.78
9.81,9.81
-8.52,-8.52
-9.92,-9.92
0.44,0.44
0.2,0.2
-20.53,-20.53
-45.58,-45.58
-53.64,-53.64
-46.13,-46.13
-44.66,-44.66
-62.44,-62.44
-87.06,-87.06
-96.69,-96.69
-88.97,-88.97
-84.06,-84.06
-97.94,-97.94
-120.66,-120.66
-130.16,-130.16
-121.06,-121.06
-112.28,-112.28
-121.81,-121.81
-143.47,-143.47
-155.16,-155.16
-148.25,-148.25
-138.84,-138.84
-146.03,-146.03
-167.34,-167.34
-181.22,-181.22
-176.19,-176.19
-165.66,-165.66
-169.72,-169.72
-188.72,-188.72
-201.75,-201.75
-195.66,-195.66
-182.28,-182.28
-183.31,-183.31
-202.56,-202.56
-220.31,-220.31
-219.37,-219.37
-207.69,-207.69
-206.81,-206.81
-223.87,-223.87
-241.31,-241.31
-241.0,-241.0
-228.69,-228.69
-225.44,-225.44
-241.19,-241.19
-261.0,-261.0
-264.37,-264.37
-252.69,-252.69
-247.0,-247.0
-260.12,-260.12
-280.06,-280.06
-286.06,-286.06
-276.19,-276.19
-269.37,-269.37
-279.81,-279.81
-297.87,-297.87
-302.25,-302.25
-289.5,-289.5
-279.12,-279.12
-287.75,-287.75
-308.5,-308.5
-318.31,-318.31
-308.44,-308.44
-295.62,-295.62
-299.37,-299.37
-317.56,-317.56
-328.56,-328.56
-321.12,-321.12
-306.94,-306.94
-305.87,-305.87
-317.25,-317.25
-323.0,-323.0
-310.87,-310.87
-293.56,-293.56
-291.62,-291.62
-308.44,-308.44
-324.25,-324.25
-323.37,-323.37
-313.25,-313.25
-313.87,-313.87
-329.75,-329.75
-344.62,-344.62
-341.62,-341.62
-327.25,-327.25
-322.31,-322.31
-335.56,-335.56
-352.12,-352.12
-352.75,-352.75
-338.12,-338.12
-328.0,-328.0
-333.69,-333.69
-342.81,-342.81
-336.03,-336.03
-313.0,-313.0
-293.91,-293.91
-292.16,-292.16
-298.41,-298.41
-291.78,-291.78
-267.44,-267.44
-242.03,-242.03
-231.56,-231.56
-229.91,-229.91
-217.72,-217.72
-188.87,-188.87
-158.75,-158.75
-144.91,-144.91
-144.16,-144.16
-137.12,-137.12
-114.62,-114.62
-89.84,-89.84
-80.78,-80.78
-87.0,-87.0
-88.94,-88.94
-73.81,-73.81
-51.58,-51.58
-41.05,-41.05
-44.34,-44.34
-44.11,-44.11
-26.62,-26.62
-0.05,-0.05
15.8,15.8
15.75,15.75
14.94,14.94
29.13,29.13
52.7,52.7
66.29,66.29
61.74,61.74
53.98,53.98
61.03,61.03
80.51,80.51
93.79,93.79
90.2,90.2
81.62,81.62
86.6,86.6
106.03,106.03
121.76,121.76
120.84,120.84
113.15,113.15
117.77,117.77
138.32,138.32
157.67,157.67
160.06,160.06
151.91,151.91
152.56,152.56
168.45,168.45
184.64,184.64
183.67,183.67
169.67,169.67
161.78,161.78
170.2,170.2
182.0,182.0
179.92,179.92
164.58,164.58
154.36,154.36
160.95,160.95
173.72,173.72
174.34,174.34
160.69,160.69
150.87,150.87
158.37,158.37
175.28,175.28
182.5,182.5
174.41,174.41
166.84,166.84
174.56,174.56
191.69,191.69
199.62,199.62
190.72,190.72
179.62,179.62
183.34,183.34
199.5,199.5
209.5,209.5
202.34,202.34
190.0,190.0
190.22,190.22
203.91,203.91
214.19,214.19
208.62,208.62
196.31,196.31
196.06,196.06
210.81,210.81
223.62,223.62
219.78,219.78
206.22,206.22
200.97,200.97
210.03,210.03
218.44,218.44
210.5,210.5
190.09,190.09
176.09,176.09
176.97,176.97
180.78,180.78
170.78,170.78
148.12,148.12
130.87,130.87
130.03,130.03
135.16,135.16
128.0,128.0
107.09,107.09
88.66,88.66
85.84,85.84
90.78,90.78
85.19,85.19
65.62,65.62
47.25,47.25
45.5,45.5
54.53,54.53
55.97,55.97
42.88,42.88
28.66,28.66
30.31,30.31
45.19,45.19
54.69,54.69
48.56,48.56
37.78,37.78
40.06,40.06
55.81,55.81
67.69,67.69
64.16,64.16
54.94,54.94
57.5,57.5
75.34,75.34
90.72,90.72
89.69,89.69
79.12,79.12
77.94,77.94
92.5,92.5
107.94,107.94
108.44,108.44
97.87,97.87
94.94,94.94
108.28,108.28
124.97,124.97
127.47,127.47
116.97,116.97
111.5,111.5
121.84,121.84
137.06,137.06
139.62,139.62
127.87,127.87
119.25,119.25
126.66,126.66
142.0,142.0
146.66,146.66
136.5,136.5
126.44,126.44
131.19,131.19
144.62,144.62
148.66,148.66
135.62,135.62
120.22,120.22
118.66,118.66
128.62,128.62
132.44,132.44
120.72,120.72
104.84,104.84
102.09,102.09
112.12,112.12
118.25,118.25
109.34,109.34
93.97,93.97
90.0,90.0
99.78,99.78
106.97,106.97
98.09,98.09
80.75,80.75
73.56,73.56
81.94,81.94
91.47,91.47
86.41,86.41
70.87,70.87
62.97,62.97
70.87,70.87
81.97,81.97
79.91,79.91
65.37,65.37
55.97,55.97
62.16,62.16
73.75,73.75
73.25,73.25
59.22,59.22
48.06,48.06
52.75,52.75
64.41,64.41
65.44,65.44
51.19,51.19
38.06,38.06
39.56,39.56
50.78,50.78
52.91,52.91
39.25,39.25
23.94,23.94
23.03,23.03
33.88,33.88
38.88,38.88
28.31,28.31
13.84,13.84
12.0,12.0
22.94,22.94
29.27,29.27
20.02,20.02
4.86,4.86
2.09,2.09
14.36,14.36
25.0,25.0
21.03,21.03
9.11,9.11
7.3,7.3
20.73,20.73
33.81,33.81
31.02,31.02
16.22,16.22
8.83,8.83
17.0,17.0
28.08,28.08
25.81,25.81
11.57,11.57
3.2,3.2
10.4,10.4
22.79,22.79
22.56,22.56
8.33,8.33
-2.77,-2.77
1.73,1.73
14.19,14.19
16.78,16.78
5.1,5.1
-4.48,-4.48
1.78,1.78
17.73,17.73
25.04,25.04
16.77,16.77
6.58,6.58
10.98,10.98
26.34,26.34
34.55,34.55
26.68,26.68
14.14,14.14
14.7,14.7
27.26,27.26
34.94,34.94
26.3,26.3
10.74,10.74
6.82,6.82
17.43,17.43
25.94,25.94
19.37,19.37
4.86,4.86
0.23,0.23
10.14,10.14
19.71,19.71
13.7,13.7
-3.02,-3.02
-12.09,-12.09
-5.31,-5.31
4.14,4.14
-0.48,-0.48
-17.08,-17.08
-28.0,-28.0
-22.83,-22.83
-12.7,-12.7
-15.17,-15.17
-31.11,-31.11
-44.39,-44.39
-42.3,-42.3
-33.22,-33.22
-34.47,-34.47
-49.7,-49.7
-63.28,-63.28
-61.73,-61.73
-50.7,-50.7
-48.5,-48.5
-61.56,-61.56
-75.73,-75.73
-75.78,-75.78
-64.81,-64.81
-60.69,-60.69
-72.34,-72.34
-87.12,-87.12
-88.5,-88.5
-76.37,-76.37
-68.84,-68.84
-76.84,-76.84
-91.03,-91.03
-93.56,-93.56
-81.81,-81.81
-71.91,-71.91
-76.09,-76.09
-87.22,-87.22
-87.72,-87.72
-73.72,-73.72
-60.34,-60.34
-62.31,-62.31
-74.25,-74.25
-78.31,-78.31
-66.34,-66.34
-51.72,-51.72
-51.72,-51.72
-63.97,-63.97
-71.34,-71.34
-63.41,-63.41
-51.5,-51.5
-53.72,-53.72
-70.87,-70.87
-86.41,-86.41
-87.75,-87.75
-82.09,-82.09
-86.22,-86.22
-103.28,-103.28
-117.69,-117.69
-116.44,-116.44
-106.16,-106.16
-105.25,-105.25
-119.81,-119.81
-136.47,-136.47
-139.72,-139.72
-132.66,-132.66
-132.62,-132.62
-147.84,-147.84
-166.16,-166.16
-170.75,-170.75
-162.03,-162.03
-156.66,-156.66
-165.53,-165.53
-179.03,-179.03
-179.41,-179.41
-165.22,-165.22
-151.94,-151.94
-152.72,-152.72
-160.22,-160.22
-156.37,-156.37
-137.56,-137.56
-118.41,-118.41
-114.37,-114.37
-120.62,-120.62
-119.31,-119.31
-102.97,-102.97
-84.03,-84.03
-78.0,-78.0
-83.03,-83.03
-81.97,-81.97
-66.66,-66.66
-48.0,-48.0
-43.5,-43.5
-54.25,-54.25
-63.69,-63.69
-59.25,-59.25
-48.63,-48.63
-47.81,-47.81
-58.5,-58.5
-65.09,-65.09
-54.38,-54.38
-34.47,-34.47
-26.0,-26.0
-38.13,-38.13
-59.59,-59.59
-75.91,-75.91
-87.03,-87.03
-106.28,-106.28
-137.84,-137.84
-167.37,-167.37
-178.59,-178.59
-172.41,-172.41
-166.78,-166.78
-173.94,-173.94
-186.97,-186.97
-191.62,-191.62
-185.97,-185.97
-184.31,-184.31
-196.91,-196.91
-215.87,-215.87
-224.09,-224.09
-217.0,-217.0
-207.91,-207.91
-210.37,-210.37
-219.78,-219.78
-220.34,-220.34
-207.09,-207.09
-193.44,-193.44
-194.12,-194.12
-205.53,-205.53
-210.28,-210.28
-199.75,-199.75
-185.25,-185.25
-183.87,-183.87
-195.97,-195.97
-203.44,-203.44
-193.03,-193.03
-172.22,-172.22
-157.56,-157.56
-152.5,-152.5
-142.47,-142.47
-115.78,-115.78
-79.53,-79.53
-52.13,-52.13
-39.72,-39.72
-28.16,-28.16
-1.69,-1.69
35.78,35.78
66.16,66.16
80.5,80.5
89.17,89.17
108.03,108.03
135.44,135.44
155.08,155.08
157.02,157.02
150.91,150.91
153.08,153.08
164.97,164.97
170.47,170.47
157.14,157.14
132.42,132.42
114.14,114.14
108.02,108.02
101.44,101.44
81.66,81.66
53.28,53.28
32.42,32.42
26.98,26.98
26.09,26.09
15.22,15.22
-4.83,-4.83
-21.92,-21.92
-30.87,-30.87
-42.48,-42.48
-69.47,-69.47
-105.95,-105.95
-130.59,-130.59
-130.23,-130.23
-115.86,-115.86
-110.35,-110.35
-122.62,-122.62
-141.52,-141.52
-152.71,-152.71
-156.79,-156.79
-164.55,-164.55
-177.47,-177.47
-178.49,-178.49
-151.98,-151.98
-101.93,-101.93
-49.08,-49.08
-7.45,-7.45
27.55,27.55
64.97,64.97
101.55,101.55
122.77,122.77
123.03,123.03
117.77,117.77
126.54,126.54
150.46,150.46
172.39,172.39
178.35,178.35
175.23,175.23
180.1,180.1
197.65,197.65
214.02,214.02
217.2,217.2
213.31,213.31
219.69,219.69
240.22,240.22
259.52,259.52
261.37,261.37
248.9,248.9
240.02,240.02
243.92,243.92
249.75,249.75
241.75,241.75
221.78,221.78
207.2,207.2
208.98,208.98
216.22,216.22
210.86,210.86
191.0,191.0
173.56,173.56
171.98,171.98
178.92,178.92
177.0,177.0
161.58,161.58
146.77,146.77
146.81,146.81
155.84,155.84
154.78,154.78
136.94,136.94
115.73,115.73
107.72,107.72
112.02,112.02
112.23,112.23
97.95,97.95
79.28,79.28
72.02,72.02
76.56,76.56
76.55,76.55
61.77,61.77
42.13,42.13
36.14,36.14
48.72,48.72
64.92,64.92
70.72,70.72
69.2,69.2
73.44,73.44
86.62,86.62
96.17,96.17
89.12,89.12
69.87,69.87
55.28,55.28
53.33,53.33
54.88,54.88
46.16,46.16
29.25,29.25
19.75,19.75
27.34,27.34
44.34,44.34
53.7,53.7
51.2,51.2
47.72,47.72
52.27,52.27
57.77,57.77
50.45,50.45
28.19,28.19
5.64,5.64
-3.97,-3.97
-2.98,-2.98
-6.25,-6.25
-19.73,-19.73
-33.85,-33.85
-35.33,-35.33
-26.54,-26.54
-21.83,-21.83
-29.41,-29.41
-39.91,-39.91
-38.56,-38.56
-24.97,-24.97
-13.24,-13.24
-13.13,-13.13
-17.01,-17.01
-10.1,-10.1
9.99,9.99
28.4,28.4
31.88,31.88
25.59,25.59
25.34,25.34
36.59,36.59
46.98,46.98
43.52,43.52
29.09,29.09
20.04,20.04
25.81,25.81
36.78,36.78
38.14,38.14
29.73,29.73
24.9,24.9
31.36,31.36
39.75,39.75
35.55,35.55
19.4,19.4
7.39,7.39
10.98,10.98
22.8,22.8
26.75,26.75
20.16,20.16
18.12,18.12
35.11,35.11
64.68,64.68
88.47,88.47
97.78,97.78
104.75,104.75
124.37,124.37
154.06,154.06
174.45,174.45
172.38,172.38
154.55,154.55
133.86,133.86
112.34,112.34
77.5,77.5
23.71,23.71
-36.59,-36.59
-83.33,-83.33
-111.63,-111.63
-134.41,-134.41
-163.46,-163.46
-192.46,-192.46
-205.43,-205.43
-199.24,-199.24
-188.84,-188.84
-190.24,-190.24
-200.86,-200.86
-203.1,-203.1
-188.54,-188.54
-168.83,-168.83
-160.78,-160.78
-165.27,-165.27
-166.95,-166.95
-156.34,-156.34
-141.3,-141.3
-137.63,-137.63
-145.72,-145.72
-150.22,-150.22
-138.4,-138.4
-117.42,-117.42
-104.11,-104.11
-103.41,-103.41
-101.7,-101.7
-85.98,-85.98
-61.16,-61.16
-43.79,-43.79
-40.33,-40.33
-38.65,-38.65
-25.22,-25.22
-3.91,-3.91
8.2,8.2
2.95,2.95
-8.75,-8.75
-9.09,-9.09
3.07,3.07
11.62,11.62
5.84,5.84
-5.89,-5.89
-7.01,-7.01
5.63,5.63
17.41,17.41
15.32,15.32
5.75,5.75
5.02,5.02
18.3,18.3
32.2,32.2
31.71,31.71
19.98,19.98
13.36,13.36
19.79,19.79
28.9,28.9
25.44,25.44
10.99,10.99
1.93,1.93
8.21,8.21
19.92,19.92
20.27,20.27
8.12,8.12
-0.93,-0.93
4.61,4.61
17.85,17.85
21.47,21.47
11.04,11.04
0.47,0.47
3.73,3.73
15.47,15.47
19.6,19.6
9.19,9.19
-2.88,-2.88
-1.59,-1.59
10.44,10.44
16.86,16.86
8.47,8.47
-3.6,-3.6
-4.05,-4.05
7.49,7.49
14.94,14.94
8.06,8.06
-4.26,-4.26
-5.21,-5.21
7.34,7.34
19.04,19.04
16.37,16.37
6.22,6.22
4.91,4.91
17.12,17.12
29.46,29.46
27.93,27.93
17.42,17.42
15.49,15.49
28.84,28.84
44.8,44.8
46.87,46.87
35.9,35.9
29.29,29.29
37.23,37.23
50.59,50.59
53.57,53.57
46.01,46.01
43.02,43.02
55.55,55.55
73.2,73.2
77.69,77.69
64.62,64.62
49.16,49.16
45.83,45.83
51.28,51.28
48.67,48.67
32.32,32.32
14.38,14.38
9.34,9.34
14.34,14.34
13.05,13.05
-2.48,-2.48
-20.87,-20.87
-26.34,-26.34
-18.5,-18.5
-14.23,-14.23
-24.25,-24.25
-40.18,-40.18
-44.95,-44.95
-36.17,-36.17
-28.72,-28.72
-35.08,-35.08
-49.38,-49.38
-54.54,-54.54
-45.64,-45.64
-36.82,-36.82
-42.07,-42.07
-56.52,-56.52
-63.33,-63.33
-54.32,-54.32
-41.88,-41.88
-41.8,-41.8
-53.21,-53.21
-59.01,-59.01
-49.75,-49.75
-35.06,-35.06
-32.01,-32.01
-41.73,-41.73
-49.35,-49.35
-43.14,-43.14
-30.49,-30.49
-27.95,-27.95
-38.42,-38.42
-47.79,-47.79
-44.07,-44.07
-32.63,-32.63
-30.54,-30.54
-43.71,-43.71
-58.01,-58.01
-58.16,-58.16
-47.06,-47.06
-41.3,-41.3
-49.34,-49.34
-60.54,-60.54
-58.89,-58.89
-44.74,-44.74
-34.46,-34.46
-39.02,-39.02
-50.04,-50.04
-50.94,-50.94
-39.58,-39.58
-31.57,-31.57
-39.38,-39.38
-55.11,-55.11
-60.68,-60.68
-50.7,-50.7
-39.05,-39.05
-40.75,-40.75
-51.43,-51.43
-54.0,-54.0
-41.29,-41.29
-24.7,-24.7
-20.49,-20.49
-27.58,-27.58
-29.6,-29.6
-17.34,-17.34
0.06,0.06
6.55,6.55
1.48,1.48
0.7,0.7
15.18,15.18
36.03,36.03
45.93,45.93
40.98,40.98
36.08,36.08
45.21,45.21
62.5,62.5
71.13,71.13
64.66,64.66
56.25,56.25
60.15,60.15
73.76,73.76
80.23,80.23
71.63,71.63
59.35,59.35
59.42,59.42
71.48,71.48
78.42,78.42
69.79,69.79
54.47,54.47
50.04,50.04
58.39,58.39
65.15,65.15
57.85,57.85
43.35,43.35
38.22,38.22
46.89,46.89
55.97,55.97
51.21,51.21
37.74,37.74
32.63,32.63
42.31,42.31
53.9,53.9
51.88,51.88
38.11,38.11
29.22,29.22
34.9,34.9
44.78,44.78
42.56,42.56
27.6,27.6
15.02,15.02
16.81,16.81
24.33,24.33
21.28,21.28
5.75,5.75
-7.64,-7.64
-5.4,-5.4
5.56,5.56
7.93,7.93
-3.48,-3.48
-16.29,-16.29
-15.47,-15.47
-4.66,-4.66
-0.95,-0.95
-11.77,-11.77
-25.49,-25.49
-26.08,-26.08
-14.41,-14.41
-7.35,-7.35
-14.84,-14.84
-27.52,-27.52
-28.83,-28.83
-16.87,-16.87
-7.77,-7.77
-13.0,-13.0
-25.94,-25.94
-29.5,-29.5
-19.52,-19.52
-10.38,-10.38
-15.32,-15.32
-29.72,-29.72
-36.23,-36.23
-28.67,-28.67
-19.18,-19.18
-22.52,-22.52
-36.33,-36.33
-44.51,-44.51
-37.85,-37.85
-27.0,-27.0
-27.5,-27.5
-39.74,-39.74
-48.1,-48.1
-41.89,-41.89
-29.23,-29.23
-26.67,-26.67
-36.89,-36.89
-45.26,-45.26
-39.29,-39.29
-24.87,-24.87
-19.08,-19.08
-27.1,-27.1
-35.78,-35.78
-31.63,-31.63
-18.01,-18.01
-11.76,-11.76
-20.32,-20.32
-31.55,-31.55
-30.17,-30.17
-17.3,-17.3
-9.29,-9.29
-16.36,-16.36
-29.1,-29.1
-31.23,-31.23
-20.58,-20.58
-12.28,-12.28
-18.05,-18.05
-30.52,-30.52
-33.11,-33.11
-21.43,-21.43
-9.85,-9.85
-11.38,-11.38
-21.64,-21.64
-24.3,-24.3
-12.94,-12.94
0.07,0.07
0.47,0.47
-9.89,-9.89
-14.41,-14.41
-5.38,-5.38
7.32,7.32
7.9,7.9
-3.52,-3.52
-11.1,-11.1
-4.59,-4.59
7.6,7.6
8.68,8.68
-3.76,-3.76
-14.57,-14.57
-11.29,-11.29
0.21,0.21
3.11,3.11
-7.51,-7.51
-19.29,-19.29
-17.96,-17.96
-7.14,-7.14
-3.17,-3.17
-13.23,-13.23
-25.45,-25.45
-24.8,-24.8
-12.65,-12.65
-5.37,-5.37
-12.14,-12.14
-23.36,-23.36
-22.47,-22.47
-8.59,-8.59
2.68,2.68
-0.92,-0.92
-11.98,-11.98
-14.18,-14.18
-3.62,-3.62
6.6,6.6
3.22,3.22
-8.12,-8.12
-10.86,-10.86
0.93,0.93
13.61,13.61
13.16,13.16
1.98,1.98
-2.86,-2.86
7.6,7.6
21.96,21.96
24.2,24.2
14.39,14.39
7.69,7.69
14.54,14.54
26.33,26.33
27.5,27.5
15.66,15.66
5.93,5.93
10.78,10.78
23.59,23.59
27.28,27.28
17.18,17.18
7.17,7.17
10.75,10.75
24.3,24.3
30.96,30.96
23.06,23.06
12.48,12.48
14.25,14.25
26.75,26.75
34.63,34.63
28.43,28.43
18.04,18.04
19.23,19.23
32.66,32.66
42.47,42.47
37.43,37.43
24.93,24.93
21.79,21.79
31.42,31.42
39.47,39.47
33.43,33.43
18.7,18.7
12.34,12.34
20.29,20.29
29.41,29.41
25.7,25.7
12.02,12.02
5.21,5.21
13.72,13.72
26.14,26.14
26.2,26.2
13.24,13.24
3.41,3.41
6.41,6.41
14.15,14.15
11.05,11.05
-4.52,-4.52
-16.45,-16.45
-13.01,-13.01
-1.1,-1.1
1.95,1.95
-8.78,-8.78
-19.16,-19.16
-15.7,-15.7
-2.01,-2.01
5.55,5.55
0.55,0.55
-4.66,-4.66
4.42,4.42
25.68,25.68
41.23,41.23
40.89,40.89
34.04,34.04
36.25,36.25
48.44,48.44
55.26,55.26
46.25,46.25
30.33,30.33
24.29,24.29
31.8,31.8
38.24,38.24
30.62,30.62
14.31,14.31
6.4,6.4
12.3,12.3
19.66,19.66
13.45,13.45
-2.47,-2.47
-11.23,-11.23
-4.17,-4.17
7.33,7.33
6.98,6.98
-5.12,-5.12
-13.37,-13.37
-7.78,-7.78
2.75,2.75
1.7,1.7
-12.61,-12.61
-24.27,-24.27
-20.84,-20.84
-9.17,-9.17
-6.12,-6.12
-16.09,-16.09
-25.46,-25.46
-19.99,-19.99
-4.58,-4.58
3.7,3.7
-2.34,-2.34
-10.59,-10.59
-6.26,-6.26
8.54,8.54
17.45,17.45
11.27,11.27
0.4,0.4
0.62,0.62
12.1,12.1
19.73,19.73
13.27,13.27
1.62,1.62
1.09,1.09
14.55,14.55
26.39,26.39
23.37,23.37
11.87,11.87
8.98,8.98
19.85,19.85
31.88,31.88
30.55,30.55
19.22,19.22
14.23,14.23
23.05,23.05
34.28,34.28
31.66,31.66
17.05,17.05
6.57,6.57
11.19,11.19
21.51,21.51
20.98,20.98
7.46,7.46
-3.94,-3.94
-0.23,-0.23
11.19,11.19
13.5,13.5
2.3,2.3
-9.31,-9.31
-7.56,-7.56
2.93,2.93
5.82,5.82
-4.82,-4.82
-16.11,-16.11
-13.3,-13.3
1.0,1.0
10.16,10.16
5.23,5.23
-3.89,-3.89
-1.44,-1.44
12.99,12.99
23.3,23.3
18.74,18.74
7.23,7.23
6.08,6.08
17.43,17.43
26.68,26.68
21.59,21.59
8.04,8.04
3.37,3.37
12.48,12.48
22.27,22.27
18.7,18.7
5.67,5.67
-0.24,-0.24
8.9,8.9
21.2,21.2
21.64,21.64
11.08,11.08
5.36,5.36
13.93,13.93
27.43,27.43
29.55,29.55
18.65,18.65
10.1,10.1
15.12,15.12
26.34,26.34
27.71,27.71
15.55,15.55
4.02,4.02
6.58,6.58
17.87,17.87
21.55,21.55
11.2,11.2
-1.32,-1.32
-1.46,-1.46
8.89,8.89
13.65,13.65
5.11,5.11
-6.35,-6.35
-4.7,-4.7
9.18,9.18
18.69,18.69
12.6,12.6
-0.43,-0.43
-3.59,-3.59
5.27,5.27
12.3,12.3
5.52,5.52
-8.95,-8.95
-13.79,-13.79
-4.32,-4.32
5.55,5.55
2.33,2.33
-10.36,-10.36
-15.68,-15.68
-6.7,-6.7
4.7,4.7
2.99,2.99
-10.2,-10.2
-18.26,-18.26
-11.76,-11.76
-0.81,-0.81
-1.71,-1.71
-15.6,-15.6
-26.86,-26.86
-24.02,-24.02
-13.94,-13.94
-13.21,-13.21
-25.23,-25.23
-35.64,-35.64
-31.95,-31.95
-19.54,-19.54
-14.73,-14.73
-23.97,-23.97
-34.37,-34.37
-31.42,-31.42
-18.0,-18.0
-10.94,-10.94
-18.2,-18.2
-28.63,-28.63
-26.97,-26.97
-13.57,-13.57
-4.04,-4.04
-9.34,-9.34
-20.35,-20.35
-21.5,-21.5
-10.63,-10.63
-1.87,-1.87
-7.69,-7.69
-20.2,-20.2
-23.34,-23.34
-12.45,-12.45
-1.16,-1.16
-3.22,-3.22
-14.26,-14.26
-17.7,-17.7
-6.61,-6.61
6.89,6.89
7.26,7.26
-3.63,-3.63
-8.91,-8.91
0.85,0.85
15.53,15.53
18.82,18.82
9.32,9.32
2.17,2.17
8.32,8.32
20.42,20.42
21.66,21.66
9.38,9.38
-1.79,-1.79
1.4,1.4
13.05,13.05
16.1,16.1
4.36,4.36
-9.01,-9.01
-9.27,-9.27
0.48,0.48
3.64,3.64
-7.97,-7.97
-22.99,-22.99
-25.36,-25.36
-16.2,-16.2
-11.63,-11.63
-22.09,-22.09
-37.96,-37.96
-42.68,-42.68
-33.85,-33.85
-26.34,-26.34
-32.64,-32.64
-45.64,-45.64
-48.76,-48.76
-37.84,-37.84
-26.77,-26.77
-30.04,-30.04
-42.54,-42.54
-46.9,-46.9
-35.98,-35.98
-22.39,-22.39
-21.68,-21.68
-32.22,-32.22
-37.41,-37.41
-27.55,-27.55
-12.77,-12.77
-9.38,-9.38
-18.76,-18.76
-24.81,-24.81
-16.79,-16.79
-2.35,-2.35
1.71,1.71
-7.52,-7.52
-14.66,-14.66
-6.48,-6.48
10.62,10.62
19.31,19.31
14.17,14.17
8.08,8.08
15.04,15.04
31.19,31.19
39.18,39.18
31.1,31.1
18.83,18.83
18.42,18.42
29.51,29.51
35.25,35.25
25.68,25.68
9.95,9.95
4.85,4.85
12.8,12.8
18.68,18.68
10.75,10.75
-3.86,-3.86
-8.08,-8.08
1.73,1.73
10.96,10.96
4.6,4.6
-11.71,-11.71
-20.36,-20.36
-14.18,-14.18
-5.55,-5.55
-10.01,-10.01
-25.17,-25.17
-33.94,-33.94
-27.12,-27.12
-15.86,-15.86
-16.95,-16.95
-30.78,-30.78
-41.23,-41.23
-36.33,-36.33
-25.21,-25.21
-24.7,-24.7
-37.68,-37.68
-48.29,-48.29
-43.3,-43.3
-29.09,-29.09
-23.51,-23.51
-32.48,-32.48
-42.11,-42.11
-38.15,-38.15
-24.46,-24.46
-18.9,-18.9
-28.89,-28.89
-42.03,-42.03
-41.04,-41.04
-27.81,-27.81
-19.44,-19.44
-27.4,-27.4
-40.53,-40.53
-41.29,-41.29
-27.28,-27.28
-14.39,-14.39
-15.12,-15.12
-21.85,-21.85
-17.75,-17.75
0.81,0.81
17.94,17.94
19.17,19.17
9.89,9.89
8.94,8.94
23.49,23.49
39.66,39.66
41.43,41.43
30.67,30.67
25.01,25.01
34.15,34.15
46.94,46.94
47.12,47.12
35.03,35.03
27.8,27.8
37.63,37.63
54.86,54.86
61.18,61.18
53.19,53.19
45.75,45.75
51.63,51.63
64.45,64.45
66.64,66.64
53.8,53.8
40.57,40.57
41.7,41.7
52.82,52.82
55.08,55.08
40.31,40.31
21.91,21.91
16.94,16.94
24.75,24.75
28.49,28.49
18.44,18.44
5.23,5.23
5.64,5.64
20.8,20.8
34.31,34.31
33.7,33.7
27.84,27.84
35.52,35.52
60.13,60.13
85.01,85.01
94.89,94.89
94.18,94.18
99.95,99.95
118.15,118.15
134.18,134.18
132.78,132.78
117.38,117.38
107.6,107.6
113.39,113.39
123.37,123.37
120.98,120.98
105.35,105.35
93.09,93.09
94.19,94.19
99.25,99.25
91.26,91.26
68.33,68.33
48.34,48.34
45.53,45.53
52.24,52.24
50.38,50.38
34.03,34.03
16.82,16.82
14.02,14.02
20.49,20.49
18.9,18.9
1.32,1.32
-18.35,-18.35
-23.34,-23.34
-15.02,-15.02
-11.53,-11.53
-23.32,-23.32
-40.25,-40.25
-45.27,-45.27
-37.74,-37.74
-35.02,-35.02
-48.82,-48.82
-70.23,-70.23
-81.2,-81.2
-77.79,-77.79
-75.41,-75.41
-87.79,-87.79
-108.54,-108.54
-119.08,-119.08
-114.01,-114.01
-107.47,-107.47
-116.23,-116.23
-136.88,-136.88
-151.58,-151.58
-150.87,-150.87
-145.89,-145.89
-152.18,-152.18
-169.4,-169.4
-180.68,-180.68
-175.84,-175.84
-165.26,-165.26
-166.99,-166.99
-182.95,-182.95
-196.98,-196.98
-196.34,-196.34
-187.94,-187.94
-187.83,-187.83
-199.95,-199.95
-208.67,-208.67
-200.04,-200.04
-178.95,-178.95
-162.78,-162.78
-157.98,-157.98
-152.7,-152.7
-131.7,-131.7
-97.87,-97.87
-69.08,-69.08
-57.04,-57.04
-52.61,-52.61
-40.71,-40.71
-20.66,-20.66
-6.79,-6.79
-8.55,-8.55
-16.04,-16.04
-12.45,-12.45
4.85,4.85
19.49,19.49
19.0,19.0
10.25,10.25
12.34,12.34
31.4,31.4
54.04,54.04
64.21,64.21
63.28,63.28
66.09,66.09
79.87,79.87
92.77,92.77
90.53,90.53
74.55,74.55
61.45,61.45
62.46,62.46
69.21,69.21
66.38,66.38
53.07,53.07
45.62,45.62
57.98,57.98
85.97,85.97
112.45,112.45
126.41,126.41
131.48,131.48
134.73,134.73
133.18,133.18
119.63,119.63
97.43,97.43
81.67,81.67
80.79,80.79
79.15,79.15
44.52,44.52
-44.3,-44.3
-174.55,-174.55
-309.59,-309.59
-414.1,-414.1
-467.84,-467.84
-461.77,-461.77
-392.69,-392.69
-265.67,-265.67
-106.03,-106.03
47.43,47.43
166.47,166.47
252.4,252.4
324.26,324.26
392.91,392.91
451.13,451.13
487.5,487.5
501.96,501.96
503.46,503.46
499.87,499.87
494.49,494.49
487.09,487.09
477.18,477.18
463.79,463.79
447.69,447.69
430.43,430.43
413.26,413.26
396.94,396.94
382.2,382.2
368.29,368.29
354.96,354.96
341.94,341.94
328.48,328.48
315.1,315.1
300.3,300.3
278.58,278.58
241.78,241.78
187.52,187.52
124.22,124.22
60.99,60.99
-2.92,-2.92
-75.5,-75.5
-155.16,-155.16
-225.57,-225.57
-271.55,-271.55
-295.06,-295.06
-312.07,-312.07
-332.12,-332.12
-346.2,-346.2
-340.09,-340.09
-313.73,-313.73
-284.57,-284.57
-266.88,-266.88
-256.57,-256.57
-238.3,-238.3
-206.68,-206.68
-172.8,-172.8
-149.97,-149.97
-135.06,-135.06
-114.77,-114.77
-84.41,-84.41
-55.3,-55.3
-40.7,-40.7
-38.73,-38.73
-34.52,-34.52
-20.84,-20.84
-7.28,-7.28
-8.36,-8.36
-22.92,-22.92
-35.58,-35.58
-33.14,-33.14
-21.45,-21.45
-13.88,-13.88
-14.36,-14.36
-12.34,-12.34
0.41,0.41
16.8,16.8
20.53,20.53
7.47,7.47
-9.47,-9.47
-16.48,-16.48
-16.95,-16.95
-25.91,-25.91
-51.78,-51.78
-85.66,-85.66
-111.7,-111.7
-127.27,-127.27
-142.14,-142.14
-161.37,-161.37
-175.91,-175.91
-172.28,-172.28
-153.16,-153.16
-134.94,-134.94
-130.86,-130.86
-135.31,-135.31
-132.19,-132.19
-116.83,-116.83
-100.84,-100.84
-95.73,-95.73
-98.41,-98.41
-95.8,-95.8
-83.2,-83.2
-72.19,-72.19
-75.03,-75.03
-87.83,-87.83
-95.5,-95.5
-89.34,-89.34
-78.22,-78.22
-75.69,-75.69
-82.17,-82.17
-84.58,-84.58
-74.2,-74.2
-59.91,-59.91
-57.48,-57.48
-69.33,-69.33
-82.05,-82.05
-81.91,-81.91
-71.48,-71.48
-64.41,-64.41
-65.37,-65.37
-64.83,-64.83
-53.03,-53.03
-35.08,-35.08
-26.28,-26.28
-33.08,-33.08
-44.78,-44.78
-46.89,-46.89
-40.47,-40.47
-39.59,-39.59
-52.48,-52.48
-69.98,-69.98
-76.83,-76.83
-71.59,-71.59
-66.64,-66.64
-71.72,-71.72
-80.5,-80.5
-79.44,-79.44
-67.36,-67.36
-56.64,-56.64
-58.02,-58.02
-65.61,-65.61
-63.14,-63.14
-44.17,-44.17
-20.12,-20.12
-4.03,-4.03
5.16,5.16
20.25,20.25
47.97,47.97
78.91,78.91
99.56,99.56
109.52,109.52
122.12,122.12
145.33,145.33
171.56,171.56
185.27,185.27
184.08,184.08
179.87,179.87
182.67,182.67
187.67,187.67
181.85,181.85
161.8,161.8
139.91,139.91
128.7,128.7
125.32,125.32
116.45,116.45
96.16,96.16
74.77,74.77
65.07,65.07
65.2,65.2
60.32,60.32
41.73,41.73
17.3,17.3
2.09,2.09
-2.48,-2.48
-8.77,-8.77
-26.24,-26.24
-48.05,-48.05
-58.66,-58.66
-54.89,-54.89
-49.17,-49.17
-53.48,-53.48
-64.25,-64.25
-67.66,-67.66
-58.53,-58.53
-47.98,-47.98
-50.02,-50.02
-64.27,-64.27
-76.39,-76.39
-79.13,-79.13
-79.09,-79.09
-88.29,-88.29
-104.38,-104.38
-113.32,-113.32
-106.41,-106.41
-91.05,-91.05
-81.3,-81.3
-80.39,-80.39
-76.48,-76.48
-61.09,-61.09
-40.08,-40.08
-28.0,-28.0
-29.28,-29.28
-34.05,-34.05
-31.02,-31.02
-23.01,-23.01
-22.31,-22.31
-33.38,-33.38
-46.59,-46.59
-49.91,-49.91
-43.7,-43.7
-40.29,-40.29
-46.91,-46.91
-56.95,-56.95
-58.91,-58.91
-52.08,-52.08
-47.3,-47.3
-52.81,-52.81
-64.27,-64.27
-72.11,-72.11
-73.86,-73.86
-75.84,-75.84
-82.79,-82.79
-88.91,-88.91
-84.72,-84.72
-69.8,-69.8
-57.51,-57.51
-60.57,-60.57
-78.34,-78.34
-98.69,-98.69
-112.84,-112.84
-124.09,-124.09
-138.22,-138.22
-153.2,-153.2
-158.52,-158.52
-149.27,-149.27
-133.57,-133.57
-123.76,-123.76
-122.26,-122.26
-119.76,-119.76
-109.51,-109.51
-95.84,-95.84
-88.28,-88.28
-88.78,-88.78
-88.51,-88.51
-78.72,-78.72
-63.02,-63.02
-51.95,-51.95
-51.47,-51.47
-55.24,-55.24
-52.71,-52.71
-42.46,-42.46
-31.03,-31.03
-22.96,-22.96
-14.46,-14.46
-1.03,-1.03
14.27,14.27
22.69,22.69
19.77,19.77
10.88,10.88
4.31,4.31
1.3,1.3
-5.42,-5.42
-21.09,-21.09
-39.36,-39.36
-47.21,-47.21
-39.48,-39.48
-24.05,-24.05
-13.28,-13.28
-8.59,-8.59
-3.2,-3.2
8.64,8.64
25.62,25.62
46.45,46.45
75.58,75.58
114.92,114.92
150.66,150.66
153.78,153.78
100.84,100.84
-11.11,-11.11
-161.05,-161.05
-313.08,-313.08
-429.69,-429.69
-489.42,-489.42
-493.52,-493.52
-459.77,-459.77
-411.5,-411.5
-367.86,-367.86
-337.56,-337.56
-319.5,-319.5
-305.3,-305.3
-285.69,-285.69
-257.19,-257.19
-220.69,-220.69
-174.47,-174.47
-114.16,-114.16
-38.88,-38.88
41.75,41.75
114.59,114.59
172.28,172.28
219.91,219.91
266.06,266.06
311.25,311.25
347.47,347.47
367.84,367.84
373.44,373.44
372.44,372.44
368.41,368.41
359.09,359.09
341.81,341.81
320.62,320.62
304.09,304.09
296.16,296.16
291.78,291.78
285.37,285.37
280.97,280.97
289.34,289.34
314.56,314.56
349.53,349.53
381.87,381.87
405.34,405.34
423.56,423.56
439.28,439.28
450.56,450.56
454.16,454.16
451.91,451.91
450.62,450.62
453.75,453.75
456.06,456.06
448.75,448.75
429.47,429.47
406.78,406.78
389.22,389.22
376.78,376.78
361.41,361.41
338.37,338.37
312.75,312.75
291.28,291.28
274.0,274.0
253.06,253.06
225.53,225.53
196.47,196.47
173.66,173.66
156.5,156.5
137.0,137.0
108.62,108.62
75.28,75.28
46.22,46.22
24.91,24.91
7.28,7.28
-11.44,-11.44
-25.97,-25.97
-26.34,-26.34
-9.0,-9.0
18.97,18.97
46.16,46.16
69.84,69.84
93.56,93.56
118.03,118.03
136.28,136.28
140.56,140.56
133.81,133.81
125.59,125.59
123.69,123.69
123.78,123.78
116.34,116.34
100.22,100.22
82.72,82.72
71.09,71.09
62.84,62.84
49.16,49.16
27.34,27.34
4.95,4.95
-10.22,-10.22
-19.0,-19.0
-29.45,-29.45
-43.8,-43.8
-54.52,-54.52
-54.13,-54.13
-44.72,-44.72
-38.41,-38.41
-42.14,-42.14
-49.58,-49.58
-50.7,-50.7
-42.55,-42.55
-33.47,-33.47
-31.22,-31.22
-31.98,-31.98
-27.48,-27.48
-16.52,-16.52
-8.4,-8.4
-11.61,-11.61
-23.03,-23.03
-32.35,-32.35
-34.83,-34.83
-37.53,-37.53
-49.45,-49.45
-69.25,-69.25
-86.37,-86.37
-95.31,-95.31
-100.66,-100.66
-111.44,-111.44
-127.36,-127.36
-139.11,-139.11
-140.74,-140.74
-137.58,-137.58
-140.42,-140.42
-151.47,-151.47
-161.15,-161.15
-161.71,-161.71
-155.74,-155.74
-153.06,-153.06
-156.37,-156.37
-157.39,-157.39
-148.36,-148.36
-132.65,-132.65
-121.57,-121.57
-120.31,-120.31
-122.55,-122.55
-118.0,-118.0
-107.47,-107.47
-100.02,-100.02
-100.63,-100.63
-103.21,-103.21
-98.01,-98.01
-84.59,-84.59
-72.77,-72.77
-69.81,-69.81
-73.11,-73.11
-74.37,-74.37
-72.11,-72.11
-74.86,-74.86
-89.82,-89.82
-111.63,-111.63
-127.73,-127.73
-133.15,-133.15
-134.26,-134.26
-139.09,-139.09
-145.85,-145.85
-141.78,-141.78
-117.73,-117.73
-80.87,-80.87
-49.34,-49.34
-34.84,-34.84
-35.23,-35.23
-44.34,-44.34
-61.63,-61.63
-88.98,-88.98
-120.84,-120.84
-143.12,-143.12
-146.95,-146.95
-137.2,-137.2
-127.02,-127.02
-123.18,-123.18
-120.34,-120.34
-112.02,-112.02
-100.0,-100.0
-92.33,-92.33
-92.46,-92.46
-92.33,-92.33
-83.69,-83.69
-67.86,-67.86
-55.66,-55.66
-52.08,-52.08
-51.01,-51.01
-41.95,-41.95
-25.21,-25.21
-10.88,-10.88
-6.91,-6.91
-9.24,-9.24
-8.54,-8.54
-1.85,-1.85
3.53,3.53
0.36,0.36
-7.78,-7.78
-10.59,-10.59
-4.88,-4.88
1.03,1.03
-1.37,-1.37
-10.73,-10.73
-16.77,-16.77
-13.49,-13.49
-7.75,-7.75
-8.55,-8.55
-16.6,-16.6
-23.07,-23.07
-21.48,-21.48
-16.9,-16.9
-18.86,-18.86
-29.05,-29.05
-38.63,-38.63
-40.13,-40.13
-37.11,-37.11
-38.61,-38.61
-47.09,-47.09
-54.73,-54.73
-53.3,-53.3
-44.63,-44.63
-38.27,-38.27
-38.72,-38.72
-40.41,-40.41
-36.32,-36.32
-28.27,-28.27
-26.28,-26.28
-35.06,-35.06
-47.76,-47.76
-54.08,-54.08
-52.09,-52.09
-49.35,-49.35
-51.88,-51.88
-55.14,-55.14
-50.61,-50.61
-37.6,-37.6
-26.46,-26.46
-25.67,-25.67
-32.89,-32.89
-37.03,-37.03
-33.38,-33.38
-28.0,-28.0
-29.43,-29.43
-35.83,-35.83
-38.67,-38.67
-32.98,-32.98
-25.08,-25.08
-23.26,-23.26
-27.45,-27.45
-28.59,-28.59
-22.47,-22.47
-14.15,-14.15
-13.16,-13.16
-19.67,-19.67
-24.62,-24.62
-21.27,-21.27
-14.2,-14.2
-12.44,-12.44
-17.95,-17.95
-22.15,-22.15
-16.81,-16.81
-5.27,-5.27
1.92,1.92
1.04,1.04
-1.83,-1.83
2.33,2.33
12.2,12.2
18.47,18.47
15.94,15.94
11.18,11.18
13.96,13.96
24.21,24.21
32.86,32.86
33.18,33.18
29.99,29.99
31.58,31.58
39.4,39.4
44.88,44.88
41.32,41.32
32.78,32.78
29.81,29.81
36.12,36.12
44.11,44.11
45.27,45.27
41.66,41.66
42.09,42.09
50.5,50.5
60.07,60.07
61.3,61.3
55.52,55.52
51.77,51.77
56.8,56.8
65.53,65.53
69.16,69.16
66.51,66.51
66.11,66.11
73.96,73.96
84.48,84.48
87.89,87.89
82.26,82.26
76.16,76.16
78.35,78.35
86.02,86.02
88.6,88.6
81.4,81.4
71.75,71.75
68.92,68.92
72.37,72.37
73.77,73.77
68.14,68.14
61.31,61.31
61.78,61.78
68.73,68.73
73.37,73.37
69.45,69.45
62.3,62.3
61.46,61.46
68.37,68.37
73.7,73.7
70.48,70.48
62.52,62.52
59.13,59.13
63.51,63.51
67.84,67.84
63.87,63.87
54.42,54.42
49.05,49.05
52.73,52.73
58.62,58.62
58.19,58.19
51.01,51.01
46.38,46.38
49.29,49.29
54.41,54.41
52.48,52.48
43.82,43.82
36.72,36.72
38.18,38.18
43.63,43.63
43.51,43.51
35.39,35.39
26.84,26.84
25.37,25.37
27.9,27.9
24.91,24.91
13.69,13.69
1.57,1.57
-2.44,-2.44
0.09,0.09
0.09,0.09
-7.4,-7.4
-16.33,-16.33
-17.67,-17.67
-12.5,-12.5
-9.87,-9.87
-16.02,-16.02
-25.1,-25.1
-27.85,-27.85
-22.82,-22.82
-18.58,-18.58
-21.88,-21.88
-29.4,-29.4
-31.59,-31.59
-25.76,-25.76
-19.47,-19.47
-20.74,-20.74
-27.5,-27.5
-30.44,-30.44
-26.1,-26.1
-20.79,-20.79
-22.78,-22.78
-30.5,-30.5
-35.39,-35.39
-32.49,-32.49
-28.1,-28.1
-31.0,-31.0
-40.62,-40.62
-47.9,-47.9
-45.6,-45.6
-38.57,-38.57
-36.09,-36.09
-40.63,-40.63
-43.88,-43.88
-38.83,-38.83
-29.08,-29.08
-24.41,-24.41
-28.03,-28.03
-32.62,-32.62
-30.16,-30.16
-21.96,-21.96
-17.59,-17.59
-21.5,-21.5
-27.38,-27.38
-26.69,-26.69
-19.26,-19.26
-14.65,-14.65
-18.82,-18.82
-26.45,-26.45
-27.76,-27.76
-21.56,-21.56
-15.9,-15.9
-17.55,-17.55
-22.68,-22.68
-21.76,-21.76
-12.09,-12.09
-2.26,-2.26
-0.77,-0.77
-5.54,-5.54
-6.77,-6.77
-0.48,-0.48
5.99,5.99
5.16,5.16
-1.92,-1.92
-5.68,-5.68
-1.41,-1.41
4.58,4.58
3.76,3.76
-4.05,-4.05
-9.8,-9.8
-6.98,-6.98
-0.45,-0.45
0.28,0.28
-6.25,-6.25
-12.21,-12.21
-10.88,-10.88
-5.55,-5.55
-5.02,-5.02
-11.74,-11.74
-18.4,-18.4
-17.25,-17.25
-10.36,-10.36
-7.52,-7.52
-13.21,-13.21
-20.85,-20.85
-20.92,-20.92
-13.73,-13.73
-8.1,-8.1
-10.03,-10.03
-14.43,-14.43
-12.54,-12.54
-4.17,-4.17
1.87,1.87
-0.64,-0.64
-7.12,-7.12
-8.55,-8.55
-2.21,-2.21
3.57,3.57
1.29,1.29
-6.21,-6.21
-9.39,-9.39
-4.54,-4.54
1.26,1.26
-0.24,-0.24
-7.22,-7.22
-10.39,-10.39
-5.28,-5.28
2.03,2.03
2.78,2.78
-3.23,-3.23
-6.44,-6.44
-1.61,-1.61
6.42,6.42
8.13,8.13
1.57,1.57
-4.43,-4.43
-2.88,-2.88
2.91,2.91
3.65,3.65
-2.62,-2.62
-8.83,-8.83
-6.98,-6.98
-0.15,-0.15
2.37,2.37
-3.89,-3.89
-11.83,-11.83
-12.21,-12.21
-5.57,-5.57
-0.75,-0.75
-3.47,-3.47
-8.42,-8.42
-7.32,-7.32
0.53,0.53
6.05,6.05
2.77,2.77
-3.99,-3.99
-4.68,-4.68
2.89,2.89
10.64,10.64
10.57,10.57
5.74,5.74
4.96,4.96
11.93,11.93
19.09,19.09
18.68,18.68
11.77,11.77
8.18,8.18
12.36,12.36
18.51,18.51
17.59,17.59
10.43,10.43
5.59,5.59
9.29,9.29
16.2,16.2
17.05,17.05
10.38,10.38
4.53,4.53
6.73,6.73
12.91,12.91
13.53,13.53
6.14,6.14
-0.68,-0.68
0.56,0.56
8.04,8.04
11.45,11.45
6.83,6.83
0.5,0.5
0.97,0.97
7.69,7.69
11.6,11.6
7.47,7.47
0.88,0.88
0.85,0.85
7.07,7.07
10.73,10.73
6.61,6.61
-0.73,-0.73
-1.75,-1.75
5.24,5.24
11.91,11.91
10.77,10.77
4.89,4.89
3.56,3.56
10.0,10.0
16.37,16.37
14.94,14.94
7.51,7.51
3.41,3.41
7.58,7.58
13.47,13.47
11.81,11.81
3.4,3.4
-2.42,-2.42
0.3,0.3
6.0,6.0
5.4,5.4
-2.44,-2.44
-8.97,-8.97
-6.93,-6.93
-0.41,-0.41
1.04,1.04
-5.01,-5.01
-11.01,-11.01
-9.2,-9.2
-1.91,-1.91
0.32,0.32
-5.72,-5.72
-13.71,-13.71
-14.12,-14.12
-8.03,-8.03
-4.49,-4.49
-8.73,-8.73
-15.19,-15.19
-14.83,-14.83
-7.72,-7.72
-2.18,-2.18
-4.43,-4.43
-9.92,-9.92
-9.35,-9.35
-1.54,-1.54
4.7,4.7
2.14,2.14
-5.65,-5.65
-8.38,-8.38
-2.57,-2.57
4.43,4.43
4.37,4.37
-0.69,-0.69
-1.96,-1.96
4.79,4.79
13.22,13.22
14.58,14.58
9.42,9.42
6.8,6.8
11.46,11.46
18.07,18.07
17.37,17.37
9.18,9.18
2.31,2.31
4.0,4.0
10.17,10.17
10.79,10.79
3.65,3.65
-3.18,-3.18
-2.19,-2.19
3.79,3.79
4.96,4.96
-2.12,-2.12
-11.15,-11.15
-13.09,-13.09
-9.26,-9.26
-8.71,-8.71
-16.17,-16.17
-25.05,-25.05
-26.11,-26.11
-19.64,-19.64
-14.49,-14.49
-16.87,-16.87
-22.24,-22.24
-22.3,-22.3
-14.86,-14.86
-8.73,-8.73
-10.16,-10.16
-16.07,-16.07
-16.18,-16.18
-8.29,-8.29
-0.21,-0.21
-0.21,-0.21
-6.21,-6.21
-8.4,-8.4
-2.32,-2.32
5.95,5.95
7.9,7.9
4.08,4.08
2.79,2.79
9.51,9.51
18.17,18.17
20.0,20.0
14.56,14.56
11.17,11.17
16.55,16.55
25.64,25.64
29.14,29.14
25.1,25.1
20.84,20.84
24.12,24.12
31.37,31.37
33.54,33.54
26.94,26.94
19.4,19.4
19.42,19.42
25.69,25.69
28.9,28.9
24.57,24.57
18.54,18.54
20.05,20.05
27.79,27.79
33.46,33.46
30.83,30.83
24.71,24.71
23.9,23.9
29.84,29.84
33.72,33.72
28.81,28.81
18.69,18.69
13.16,13.16
14.93,14.93
16.18,16.18
9.41,9.41
-2.79,-2.79
-10.63,-10.63
-10.4,-10.4
-8.41,-8.41
-12.95,-12.95
-22.69,-22.69
-28.59,-28.59
-25.43,-25.43
-19.55,-19.55
-20.47,-20.47
-29.37,-29.37
-37.45,-37.45
-37.93,-37.93
-35.16,-35.16
-37.41,-37.41
-45.89,-45.89
-52.28,-52.28
-49.35,-49.35
-41.2,-41.2
-37.86,-37.86
-42.54,-42.54
-47.43,-47.43
-44.27,-44.27
-34.37,-34.37
-27.56,-27.56
-29.06,-29.06
-32.55,-32.55
-29.49,-29.49
-20.21,-20.21
-13.26,-13.26
-14.62,-14.62
-19.22,-19.22
-17.52,-17.52
-8.59,-8.59
-1.23,-1.23
-2.2,-2.2
-7.9,-7.9
-8.55,-8.55
-2.19,-2.19
3.86,3.86
1.6,1.6
-5.64,-5.64
-8.3,-8.3
-2.2,-2.2
5.1,5.1
5.09,5.09
-1.68,-1.68
-5.64,-5.64
-1.55,-1.55
4.49,4.49
4.23,4.23
-3.03,-3.03
-8.47,-8.47
-5.86,-5.86
-0.03,-0.03
-0.5,-0.5
-8.96,-8.96
-16.34,-16.34
-15.41,-15.41
-9.23,-9.23
-8.11,-8.11
-14.74,-14.74
-21.81,-21.81
-20.82,-20.82
-14.08,-14.08
-11.15,-11.15
-16.24,-16.24
-23.04,-23.04
-22.77,-22.77
-16.0,-16.0
-11.54,-11.54
-14.86,-14.86
-20.66,-20.66
-19.4,-19.4
-10.39,-10.39
-2.22,-2.22
-1.12,-1.12
-3.79,-3.79
-0.68,-0.68
9.41,9.41
17.9,17.9
16.06,16.06
6.98,6.98
0.74,0.74
2.05,2.05
4.11,4.11
-1.11,-1.11
-12.03,-12.03
-19.6,-19.6
-18.6,-18.6
-15.1,-15.1
-18.38,-18.38
-28.38,-28.38
-36.04,-36.04
-34.62,-34.62
-28.96,-28.96
-29.09,-29.09
-36.72,-36.72
-44.02,-44.02
-43.25,-43.25
-37.48,-37.48
-34.76,-34.76
-37.55,-37.55
-37.57,-37.57
-27.08,-27.08
-9.43,-9.43
4.56,4.56
9.17,9.17
9.98,9.98
15.79,15.79
26.29,26.29
33.45,33.45
32.78,32.78
30.86,30.86
36.71,36.71
50.0,50.0
60.65,60.65
59.96,59.96
51.25,51.25
45.37,45.37
45.29,45.29
45.45,45.45
39.86,39.86
31.8,31.8
30.82,30.82
39.34,39.34
49.78,49.78
52.36,52.36
48.17,48.17
46.75,46.75
53.34,53.34
61.86,61.86
63.3,63.3
58.71,58.71
56.66,56.66
63.11,63.11
73.0,73.0
76.03,76.03
70.53,70.53
64.31,64.31
64.9,64.9
69.21,69.21
68.23,68.23
59.25,59.25
49.84,49.84
47.75,47.75
50.43,50.43
48.58,48.58
38.99,38.99
28.73,28.73
25.81,25.81
29.41,29.41
29.72,29.72
20.53,20.53
7.91,7.91
1.66,1.66
2.97,2.97
3.27,3.27
-3.94,-3.94
-14.08,-14.08
-17.88,-17.88
-13.64,-13.64
-9.68,-9.68
-13.51,-13.51
-22.31,-22.31
-27.02,-27.02
-23.68,-23.68
-20.37,-20.37
-24.84,-24.84
-35.01,-35.01
-41.33,-41.33
-39.09,-39.09
-34.12,-34.12
-35.93,-35.93
-43.48,-43.48
-48.44,-48.44
-44.86,-44.86
-38.55,-38.55
-38.54,-38.54
-46.28,-46.28
-52.94,-52.94
-51.03,-51.03
-44.13,-44.13
-42.03,-42.03
-46.45,-46.45
-49.82,-49.82
-44.66,-44.66
-34.03,-34.03
-28.0,-28.0
-31.26,-31.26
-36.24,-36.24
-34.18,-34.18
-25.87,-25.87
-20.39,-20.39
-22.45,-22.45
-26.74,-26.74
-23.99,-23.99
-14.26,-14.26
-6.87,-6.87
-7.79,-7.79
-12.45,-12.45
-11.32,-11.32
-2.7,-2.7
5.1,5.1
5.07,5.07
1.29,1.29
3.05,3.05
13.79,13.79
24.93,24.93
27.71,27.71
24.21,24.21
23.5,23.5
30.28,30.28
38.5,38.5
38.39,38.39
30.52,30.52
23.72,23.72
24.73,24.73
28.48,28.48
26.44,26.44
17.91,17.91
11.46,11.46
13.06,13.06
18.65,18.65
18.18,18.18
9.97,9.97
1.83,1.83
1.76,1.76
7.45,7.45
9.57,9.57
3.69,3.69
-2.9,-2.9
-2.68,-2.68
3.54,3.54
6.46,6.46
1.09,1.09
-6.47,-6.47
-6.71,-6.71
0.3,0.3
5.74,5.74
3.14,3.14
-2.95,-2.95
-2.97,-2.97
3.75,3.75
9.41,9.41
6.27,6.27
-1.84,-1.84
-5.13,-5.13
-0.64,-0.64
3.56,3.56
-0.77,-0.77
-11.32,-11.32
-18.77,-18.77
-18.15,-18.15
-16.03,-16.03
-20.43,-20.43
-30.54,-30.54
-37.05,-37.05
-34.99,-34.99
-30.2,-30.2
-31.69,-31.69
-40.17,-40.17
-47.57,-47.57
-46.88,-46.88
-42.95,-42.95
-44.8,-44.8
-54.63,-54.63
-63.85,-63.85
-64.48,-64.48
-60.1,-60.1
-60.5,-60.5
-69.14,-69.14
-78.93,-78.93
-81.62,-81.62
-78.79,-78.79
-80.46,-80.46
-91.35,-91.35
-104.63,-104.63
-111.02,-111.02
-110.34,-110.34
-111.65,-111.65
-121.18,-121.18
-133.11,-133.11
-135.9,-135.9
-123.4,-123.4
-99.99,-99.99
-71.54,-71.54
-39.58,-39.58
-4.41,-4.41
27.2,27.2
43.01,43.01
36.16,36.16
16.88,16.88
4.77,4.77
12.02,12.02
32.7,32.7
52.43,52.43
59.48,59.48
47.21,47.21
5.79,5.79
-72.01,-72.01
-177.83,-177.83
-282.91,-282.91
-356.98,-356.98
-382.83,-382.83
-361.63,-361.63
-310.57,-310.57
-260.43,-260.43
-240.45,-240.45
-260.88,-260.88
-307.83,-307.83
-356.8,-356.8
-387.52,-387.52
-392.15,-392.15
-374.44,-374.44
-345.57,-345.57
-315.92,-315.92
-291.99,-291.99
-275.98,-275.98
-265.83,-265.83
-257.98,-257.98
-249.41,-249.41
-239.14,-239.14
-226.92,-226.92
-213.53,-213.53
-200.23,-200.23
-187.53,-187.53
-175.66,-175.66
-164.86,-164.86
-154.39,-154.39
-144.25,-144.25
-133.92,-133.92
-123.69,-123.69
-113.25,-113.25
-103.16,-103.16
-93.39,-93.39
-84.2,-84.2
-74.83,-74.83
-65.78,-65.78
-55.53,-55.53
-43.16,-43.16
-26.87,-26.87
-1.72,-1.72
39.44,39.44
101.47,101.47
178.41,178.41
254.87,254.87
315.34,315.34
356.5,356.5
386.19,386.19
413.56,413.56
439.87,439.87
459.87,459.87
473.62,473.62
487.66,487.66
508.53,508.53
533.59,533.59
555.12,555.12
568.62,568.62
578.91,578.91
591.25,591.25
603.66,603.66
608.34,608.34
601.16,601.16
587.94,587.94
577.78,577.78
572.34,572.34
565.12,565.12
551.66,551.66
535.44,535.44
524.81,524.81
519.97,519.97
514.06,514.06
500.41,500.41
481.53,481.53
466.25,466.25
456.81,456.81
447.37,447.37
431.22,431.22
410.12,410.12
392.44,392.44
381.81,381.81
372.78,372.78
357.72,357.72
337.03,337.03
317.97,317.97
306.03,306.03
296.16,296.16
280.84,280.84
258.84,258.84
238.53,238.53
225.59,225.59
217.03,217.03
204.97,204.97
187.53,187.53
171.19,171.19
161.48,161.48
155.34,155.34
143.48,143.48
123.2,123.2
101.59,101.59
86.42,86.42
76.62,76.62
63.39,63.39
42.53,42.53
20.36,20.36
5.87,5.87
-0.46,-0.46
-6.0,-6.0
-16.49,-16.49
-28.37,-28.37
-33.66,-33.66
-31.87,-31.87
-30.61,-30.61
-36.35,-36.35
-44.79,-44.79
-47.63,-47.63
-42.7,-42.7
-37.8,-37.8
-40.2,-40.2
-47.81,-47.81
-51.35,-51.35
-47.1,-47.1
-40.63,-40.63
-39.96,-39.96
-44.79,-44.79
-46.58,-46.58
-42.09,-42.09
-36.88,-36.88
-39.72,-39.72
-50.52,-50.52
-60.71,-60.71
-63.81,-63.81
-63.38,-63.38
-67.17,-67.17
-75.67,-75.67
-81.84,-81.84
-80.69,-80.69
-77.05,-77.05
-80.41,-80.41
-93.73,-93.73
-108.42,-108.42
-115.72,-115.72
-116.92,-116.92
-121.36,-121.36
-133.22,-133.22
-147.22,-147.22
-155.28,-155.28
-158.78,-158.78
-165.47,-165.47
-180.31,-180.31
-198.0,-198.0
-209.25,-209.25
-214.12,-214.12
-220.91,-220.91
-235.59,-235.59
-253.62,-253.62
-265.44,-265.44
-268.59,-268.59
-270.69,-270.69
-278.75,-278.75
-289.41,-289.41
-293.44,-293.44
-287.66,-287.66
-279.84,-279.84
-278.84,-278.84
-283.81,-283.81
-285.41,-285.41
-278.97,-278.97
-270.81,-270.81
-269.41,-269.41
-274.75,-274.75
-277.5,-277.5
-271.41,-271.41
-261.34,-261.34
-256.84,-256.84
-258.59,-258.59
-258.53,-258.53
-249.19,-249.19
-234.37,-234.37
-223.19,-223.19
-217.53,-217.53
-210.94,-210.94
-198.09,-198.09
-183.84,-183.84
-179.19,-179.19
-187.31,-187.31
-198.56,-198.56
-201.97,-201.97
-196.28,-196.28
-189.62,-189.62
-187.0,-187.0
-184.87,-184.87
-176.47,-176.47
-164.16,-164.16
-157.16,-157.16
-161.19,-161.19
-171.91,-171.91
-180.53,-180.53
-184.03,-184.03
-188.47,-188.47
-198.59,-198.59
-209.84,-209.84
-213.19,-213.19
-207.0,-207.0
-200.06,-200.06
-199.94,-199.94
-205.0,-205.0
-205.78,-205.78
-198.47,-198.47
-189.22,-189.22
-186.78,-186.78
-190.59,-190.59
-191.09,-191.09
-183.03,-183.03
-172.28,-172.28
-167.59,-167.59
-169.94,-169.94
-170.5,-170.5
-163.25,-163.25
-153.31,-153.31
-150.19,-150.19
-156.06,-156.06
-162.59,-162.59
-161.31,-161.31
-154.53,-154.53
-150.75,-150.75
-152.75,-152.75
-152.97,-152.97
-144.41,-144.41
-130.66,-130.66
-122.5,-122.5
-125.66,-125.66
-133.0,-133.0
-132.78,-132.78
-122.03,-122.03
-107.36,-107.36
-94.56,-94.56
-80.86,-80.86
-59.53,-59.53
-31.87,-31.87
-8.47,-8.47
2.72,2.72
5.06,5.06
9.63,9.63
20.64,20.64
32.31,32.31
38.88,38.88
44.11,44.11
57.3,57.3
82.35,82.35
111.17,111.17
134.45,134.45
153.01,153.01
176.12,176.12
207.74,207.74
240.8,240.8
265.26,265.26
280.21,280.21
295.48,295.48
317.57,317.57
342.41,342.41
361.47,361.47
373.55,373.55
388.21,388.21
412.94,412.94
444.12,444.12
470.2,470.2
483.47,483.47
483.8,483.8
476.05,476.05
463.8,463.8
450.59,450.59
437.19,437.19
424.09,424.09
411.05,411.05
398.06,398.06
384.88,384.88
371.51,371.51
358.46,358.46
345.73,345.73
333.06,333.06
320.95,320.95
308.91,308.91
297.18,297.18
285.76,285.76
274.15,274.15
263.11,263.11
251.62,251.62
240.71,240.71
230.11,230.11
219.31,219.31
207.84,207.84
194.69,194.69
181.13,181.13
169.66,169.66
160.28,160.28
149.46,149.46
134.21,134.21
117.33,117.33
104.59,104.59
98.45,98.45
93.59,93.59
83.77,83.77
69.03,69.03
56.66,56.66
50.4,50.4
46.44,46.44
36.24,36.24
18.64,18.64
1.7,1.7
-7.58,-7.58
-11.78,-11.78
-21.44,-21.44
-39.75,-39.75
-59.66,-59.66
-71.11,-71.11
-74.95,-74.95
-81.73,-81.73
-96.95,-96.95
-115.02,-115.02
-125.41,-125.41
-127.17,-127.17
-128.66,-128.66
-137.36,-137.36
-148.95,-148.95
-153.17,-153.17
-148.34,-148.34
-143.52,-143.52
-146.48,-146.48
-154.37,-154.37
-156.19,-156.19
-148.47,-148.47
-138.53,-138.53
-135.91,-135.91
-140.06,-140.06
-140.62,-140.62
-132.94,-132.94
-123.53,-123.53
-122.22,-122.22
-128.62,-128.62
-132.22,-132.22
-125.25,-125.25
-112.59,-112.59
-104.25,-104.25
-102.0,-102.0
-97.75,-97.75
-85.0,-85.0
-68.37,-68.37
-58.66,-58.66
-58.75,-58.75
-60.31,-60.31
-54.88,-54.88
-42.97,-42.97
-33.44,-33.44
-29.47,-29.47
-28.03,-28.03
-24.09,-24.09
-18.72,-18.72
-16.87,-16.87
-21.03,-21.03
-27.16,-27.16
-29.75,-29.75
-28.28,-28.28
-27.31,-27.31
-30.87,-30.87
-36.41,-36.41
-39.34,-39.34
-40.28,-40.28
-44.19,-44.19
-53.56,-53.56
-64.34,-64.34
-70.5,-70.5
-70.09,-70.09
-70.19,-70.19
-76.78,-76.78
-88.28,-88.28
-95.69,-95.69
-95.0,-95.0
-94.31,-94.31
-101.09,-101.09
-114.81,-114.81
-124.37,-124.37
-124.84,-124.84
-121.81,-121.81
-126.75,-126.75
-141.16,-141.16
-154.87,-154.87
-160.97,-160.97
-161.97,-161.97
-169.47,-169.47
-185.34,-185.34
-200.53,-200.53
-206.59,-206.59
-205.53,-205.53
-206.47,-206.47
-213.84,-213.84
-221.16,-221.16
-218.34,-218.34
-207.53,-207.53
-199.28,-199.28
-199.56,-199.56
-201.84,-201.84
-197.03,-197.03
-185.28,-185.28
-176.06,-176.06
-175.94,-175.94
-179.78,-179.78
-177.56,-177.56
-167.81,-167.81
-159.66,-159.66
-161.03,-161.03
-168.37,-168.37
-171.12,-171.12
-164.34,-164.34
-157.09,-157.09
-157.87,-157.87
-165.12,-165.12
-169.78,-169.78
-166.87,-166.87
-162.97,-162.97
-166.06,-166.06
-175.12,-175.12
-178.56,-178.56
-170.94,-170.94
-157.36,-157.36
-149.39,-149.39
-148.97,-148.97
-147.53,-147.53
-138.58,-138.58
-126.19,-126.19
-121.89,-121.89
-127.11,-127.11
-133.27,-133.27
-130.34,-130.34
-120.44,-120.44
-113.59,-113.59
-112.81,-112.81
-110.0,-110.0
-96.7,-96.7
-74.52,-74.52
-56.02,-56.02
-47.19,-47.19
-41.92,-41.92
-30.7,-30.7
-14.08,-14.08
-2.11,-2.11
-1.74,-1.74
-6.38,-6.38
-4.98,-4.98
4.92,4.92
13.72,13.72
12.44,12.44
4.67,4.67
2.97,2.97
11.28,11.28
21.02,21.02
22.16,22.16
16.79,16.79
13.47,13.47
18.18,18.18
22.84,22.84
17.45,17.45
3.11,3.11
-8.6,-8.6
-11.2,-11.2
-10.77,-10.77
-16.85,-16.85
-29.87,-29.87
-39.27,-39.27
-38.07,-38.07
-31.88,-31.88
-30.75,-30.75
-37.11,-37.11
-40.92,-40.92
-33.67,-33.67
-19.0,-19.0
-7.95,-7.95
-4.02,-4.02
0.91,0.91
16.27,16.27
39.98,39.98
58.48,58.48
66.31,66.31
71.55,71.55
87.23,87.23
113.75,113.75
141.53,141.53
163.03,163.03
182.78,182.78
210.34,210.34
244.62,244.62
274.06,274.06
288.69,288.69
290.62,290.62
291.0,291.0
295.81,295.81
301.06,301.06
300.72,300.72
295.81,295.81
291.44,291.44
288.03,288.03
282.62,282.62
270.22,270.22
253.91,253.91
241.69,241.69
238.03,238.03
234.87,234.87
224.72,224.72
209.12,209.12
198.16,198.16
198.75,198.75
206.28,206.28
212.25,212.25
212.09,212.09
209.94,209.94
210.25,210.25
213.03,213.03
215.78,215.78
215.94,215.94
213.59,213.59
210.22,210.22
205.34,205.34
199.97,199.97
194.12,194.12
188.81,188.81
183.5,183.5
178.22,178.22
173.47,173.47
168.25,168.25
163.53,163.53
158.31,158.31
153.16,153.16
148.5,148.5
143.87,143.87
139.25,139.25
134.66,134.66
130.09,130.09
125.56,125.56
120.53,120.53
116.03,116.03
111.56,111.56
107.62,107.62
102.69,102.69
97.28,97.28
91.91,91.91
87.59,87.59
83.78,83.78
80.5,80.5
75.25,75.25
69.5,69.5
64.84,64.84
61.69,61.69
57.03,57.03
47.44,47.44
34.94,34.94
26.03,26.03
23.19,23.19
21.37,21.37
13.09,13.09
-3.16,-3.16
-18.22,-18.22
-25.16,-25.16
-29.5,-29.5
-42.34,-42.34
-68.53,-68.53
-98.47,-98.47
-120.16,-120.16
-133.59,-133.59
-149.37,-149.37
-173.53,-173.53
-198.91,-198.91
-213.53,-213.53
-218.0,-218.0
-222.87,-222.87
-238.19,-238.19
-258.31,-258.31
-270.25,-270.25
-269.5,-269.5
-266.22,-266.22
-268.44,-268.44
-272.09,-272.09
-264.17,-264.17
-240.28,-240.28
-211.58,-211.58
-190.09,-190.09
-173.8,-173.8
-149.61,-149.61
-110.11,-110.11
-64.98,-64.98
-28.25,-28.25
-3.81,-3.81
20.87,20.87
55.31,55.31
93.47,93.47
121.72,121.72
135.72,135.72
141.06,141.06
147.34,147.34
155.56,155.56
162.66,162.66
165.16,165.16
165.12,165.12
163.06,163.06
160.5,160.5
155.44,155.44
149.37,149.37
144.37,144.37
140.87,140.87
138.41,138.41
134.92,134.92
130.97,130.97
126.02,126.02
122.09,122.09
118.19,118.19
112.3,112.3
103.95,103.95
95.16,95.16
89.44,89.44
86.75,86.75
80.58,80.58
66.94,66.94
50.92,50.92
40.55,40.55
38.77,38.77
36.98,36.98
25.72,25.72
8.05,8.05
-3.47,-3.47
-1.86,-1.86
3.72,3.72
-0.75,-0.75
-14.67,-14.67
-24.48,-24.48
-21.19,-21.19
-10.42,-10.42
-5.75,-5.75
-10.11,-10.11
-13.44,-13.44
-5.73,-5.73
8.89,8.89
18.89,18.89
19.8,19.8
18.19,18.19
21.09,21.09
27.97,27.97
31.78,31.78
28.55,28.55
23.34,23.34
23.19,23.19
28.02,28.02
30.31,30.31
28.06,28.06
22.84,22.84
21.67,21.67
24.0,24.0
24.31,24.31
19.61,19.61
12.95,12.95
10.84,10.84
12.26,12.26
12.16,12.16
3.55,3.55
-8.47,-8.47
-15.38,-15.38
-13.73,-13.73
-10.09,-10.09
-12.48,-12.48
-20.34,-20.34
-24.63,-24.63
-20.88,-20.88
-15.16,-15.16
-15.49,-15.49
-22.32,-22.32
-26.08,-26.08
-22.3,-22.3
-14.05,-14.05
-8.88,-8.88
-9.74,-9.74
-11.61,-11.61
-10.45,-10.45
-8.8,-8.8
-13.17,-13.17
-23.49,-23.49
-32.72,-32.72
-33.86,-33.86
-30.48,-30.48
-33.62,-33.62
-45.24,-45.24
-56.24,-56.24
-55.63,-55.63
-44.52,-44.52
-33.5,-33.5
-30.08,-30.08
-31.19,-31.19
-29.28,-29.28
-24.88,-24.88
-25.02,-25.02
-35.16,-35.16
-48.7,-48.7
-54.6,-54.6
-50.95,-50.95
-47.32,-47.32
-54.21,-54.21
-68.04,-68.04
-75.23,-75.23
-70.84,-70.84
-65.48,-65.48
-70.66,-70.66
-83.78,-83.78
-89.77,-89.77
-82.19,-82.19
-70.17,-70.17
-69.74,-69.74
-80.81,-80.81
-90.27,-90.27
-87.13,-87.13
-79.0,-79.0
-82.43,-82.43
-100.32,-100.32
-118.54,-118.54
-123.56,-123.56
-120.03,-120.03
-124.01,-124.01
-141.43,-141.43
-159.17,-159.17
-161.23,-161.23
-149.74,-149.74
-141.83,-141.83
-146.98,-146.98
-155.56,-155.56
-153.53,-153.53
-140.5,-140.5
-132.07,-132.07
-138.19,-138.19
-148.74,-148.74
-146.67,-146.67
-129.6,-129.6
-112.66,-112.66
-109.86,-109.86
-115.07,-115.07
-112.71,-112.71
-96.86,-96.86
-81.64,-81.64
-81.54,-81.54
-92.93,-92.93
-99.21,-99.21
-91.91,-91.91
-83.17,-83.17
-88.99,-88.99
-108.25,-108.25
-123.81,-123.81
-125.21,-125.21
-120.59,-120.59
-125.48,-125.48
-140.31,-140.31
-149.99,-149.99
-142.55,-142.55
-126.16,-126.16
-118.91,-118.91
-124.7,-124.7
-130.41,-130.41
-122.56,-122.56
-106.75,-106.75
-100.09,-100.09
-109.46,-109.46
-121.23,-121.23
-119.37,-119.37
-105.02,-105.02
-94.77,-94.77
-98.12,-98.12
-104.91,-104.91
-98.62,-98.62
-80.88,-80.88
-67.29,-67.29
-68.31,-68.31
-75.3,-75.3
-71.73,-71.73
-55.69,-55.69
-43.77,-43.77
-49.45,-49.45
-66.59,-66.59
-76.05,-76.05
-71.91,-71.91
-67.81,-67.81
-76.72,-76.72
-93.55,-93.55
-100.2,-100.2
-87.28,-87.28
-68.47,-68.47
-59.83,-59.83
-61.73,-61.73
-57.14,-57.14
-37.56,-37.56
-13.66,-13.66
-4.97,-4.97
-11.86,-11.86
-17.19,-17.19
-7.47,-7.47
10.16,10.16
18.16,18.16
12.03,12.03
7.5,7.5
21.0,21.0
47.34,47.34
68.97,68.97
79.37,79.37
91.19,91.19
120.87,120.87
164.25,164.25
200.22,200.22
218.34,218.34
228.25,228.25
248.53,248.53
280.59,280.59
305.34,305.34
311.28,311.28
305.66,305.66
308.0,308.0
323.31,323.31
338.41,338.41
339.84,339.84
330.69,330.69
326.56,326.56
332.94,332.94
340.22,340.22
335.84,335.84
322.5,322.5
313.19,313.19
314.44,314.44
320.12,320.12
318.72,318.72
310.78,310.78
303.84,303.84
303.44,303.44
305.0,305.0
301.5,301.5
291.97,291.97
282.0,282.0
277.06,277.06
273.12,273.12
263.22,263.22
247.31,247.31
233.56,233.56
227.37,227.37
223.72,223.72
212.53,212.53
191.97,191.97
174.03,174.03
167.22,167.22
165.97,165.97
156.69,156.69
133.5,133.5
108.97,108.97
97.66,97.66
96.94,96.94
90.69,90.69
67.5,67.5
39.53,39.53
26.28,26.28
29.66,29.66
31.5,31.5
15.34,15.34
-11.69,-11.69
-30.47,-30.47
-34.59,-34.59
-41.66,-41.66
-68.16,-68.16
-108.87,-108.87
-140.23,-140.23
-150.28,-150.28
-152.22,-152.22
-164.61,-164.61
-185.36,-185.36
-193.89,-193.89
-176.81,-176.81
-148.87,-148.87
-133.16,-133.16
-135.08,-135.08
-135.95,-135.95
-118.8,-118.8
-93.28,-93.28
-80.48,-80.48
-83.8,-83.8
-82.06,-82.06
-53.83,-53.83
-3.84,-3.84
42.69,42.69
72.28,72.28
93.09,93.09
120.2,120.2
155.05,155.05
188.05,188.05
209.22,209.22
217.16,217.16
216.0,216.0
210.33,210.33
202.66,202.66
195.55,195.55
188.95,188.95
182.4,182.4
175.38,175.38
168.4,168.4
161.45,161.45
154.04,154.04
146.68,146.68
139.86,139.86
133.09,133.09
126.35,126.35
120.16,120.16
114.0,114.0
107.89,107.89
101.81,101.81
95.78,95.78
89.79,89.79
83.83,83.83
77.92,77.92
72.55,72.55
67.22,67.22
61.42,61.42
56.17,56.17
50.96,50.96
46.29,46.29
41.16,41.16
36.06,36.06
31.51,31.51
26.5,26.5
22.02,22.02
17.59,17.59
13.19,13.19
8.83,8.83
4.5,4.5
0.72,0.72
-3.53,-3.53
-7.74,-7.74
-11.41,-11.41
-15.05,-15.05
-19.14,-19.14
-22.7,-22.7
-26.22,-26.22
-29.72,-29.72
-32.66,-32.66
-36.08,-36.08
-39.47,-39.47
-42.31,-42.31
-45.63,-45.63
-48.39,-48.39
-51.64,-51.64
-54.34,-54.34
-57.02,-57.02
-59.66,-59.66
-62.27,-62.27
-64.83,-64.83
-67.37,-67.37
-69.87,-69.87
-71.84,-71.84
-74.31,-74.31
-76.72,-76.72
-78.59,-78.59
-80.44,-80.44
-82.75,-82.75
-84.53,-84.53
-86.31,-86.31
-88.03,-88.03
-90.22,-90.22
-91.87,-91.87
-93.03,-93.03
-95.12,-95.12
-97.72,-97.72
-101.75,-101.75
-106.25,-106.25
-108.66,-108.66
-109.56,-109.56
-110.91,-110.91
-116.25,-116.25
-124.03,-124.03
-129.72,-129.72
-129.81,-129.81
-128.41,-128.41
-133.0,-133.0
-144.5,-144.5
-155.41,-155.41
-157.69,-157.69
-152.91,-152.91
-152.66,-152.66
-163.87,-163.87
-177.47,-177.47
-180.91,-180.91
-171.31,-171.31
-161.25,-161.25
-161.78,-161.78
-168.25,-168.25
-169.16,-169.16
-160.53,-160.53
-150.97,-150.97
-151.44,-151.44
-159.41,-159.41
-162.78,-162.78
-156.09,-156.09
-148.44,-148.44
-152.31,-152.31
-165.16,-165.16
-172.84,-172.84
-167.44,-167.44
-158.56,-158.56
-163.25,-163.25
-180.34,-180.34
-192.28,-192.28
-187.06,-187.06
-173.87,-173.87
-173.78,-173.78
-192.66,-192.66
-214.84,-214.84
-223.78,-223.78
-223.59,-223.59
-232.91,-232.91
-258.56,-258.56
-284.47,-284.47
-290.09,-290.09
-278.62,-278.62
-268.69,-268.69
-273.84,-273.84
-281.87,-281.87
-273.31,-273.31
-246.78,-246.78
-222.47,-222.47
-215.81,-215.81
-219.22,-219.22
-212.53,-212.53
-190.91,-190.91
-171.94,-171.94
-170.59,-170.59
-179.25,-179.25
-175.31,-175.31
-150.37,-150.37
-121.12,-121.12
-107.16,-107.16
-106.28,-106.28
-99.91,-99.91
-78.56,-78.56
-55.41,-55.41
-50.94,-50.94
-64.53,-64.53
-76.47,-76.47
-71.81,-71.81
-61.16,-61.16
-63.59,-63.59
-82.0,-82.0
-96.75,-96.75
-92.34,-92.34
-76.94,-76.94
-71.19,-71.19
-80.97,-80.97
-89.66,-89.66
-80.22,-80.22
-58.41,-58.41
-47.25,-47.25
-55.69,-55.69
-69.56,-69.56
-69.27,-69.27
-56.48,-56.48
-50.31,-50.31
-60.69,-60.69
-73.95,-73.95
-69.59,-69.59
-46.25,-46.25
-24.62,-24.62
-20.19,-20.19
-23.3,-23.3
-14.36,-14.36
8.98,8.98
26.62,26.62
22.09,22.09
2.09,2.09
-10.7,-10.7
-8.41,-8.41
-6.11,-6.11
-21.34,-21.34
-49.93,-49.93
-70.25,-70.25
-71.87,-71.87
-69.98,-69.98
-83.58,-83.58
-109.55,-109.55
-125.26,-125.26
-114.81,-114.81
-89.44,-89.44
-71.79,-71.79
-64.29,-64.29
-48.84,-48.84
-12.54,-12.54
31.94,31.94
60.01,60.01
66.82,66.82
73.05,73.05
100.21,100.21
143.61,143.61
180.09,180.09
197.71,197.71
207.14,207.14
225.45,225.45
254.07,254.07
282.38,282.38
299.89,299.89
306.7,306.7
306.89,306.89
305.04,305.04
302.66,302.66
299.76,299.76
295.83,295.83
290.41,290.41
283.97,283.97
277.06,277.06
269.67,269.67
262.81,262.81
255.97,255.97
250.16,250.16
244.36,244.36
238.56,238.56
232.8,232.8
227.05,227.05
221.31,221.31
215.61,215.61
209.91,209.91
204.73,204.73
199.08,199.08
193.44,193.44
185.33,185.33
174.77,174.77
163.27,163.27
155.34,155.34
151.48,151.48
145.62,145.62
129.8,129.8
106.09,106.09
87.59,87.59
82.25,82.25
81.95,81.95
69.12,69.12
41.42,41.42
16.45,16.45
8.72,8.72
12.05,12.05
3.34,3.34
-28.28,-28.28
-64.11,-64.11
-79.09,-79.09
-73.44,-73.44
-75.33,-75.33
-104.19,-104.19
-147.25,-147.25
-176.92,-176.92
-184.28,-184.28
-191.55,-191.55
-217.22,-217.22
-251.12,-251.12
-264.19,-264.19
-247.58,-247.58
-223.59,-223.59
-217.8,-217.8
-228.0,-228.0
-228.09,-228.09
-205.66,-205.66
-181.37,-181.37
-182.8,-182.8
-209.19,-209.19
-233.3,-233.3
-236.66,-236.66
-233.44,-233.44
-249.22,-249.22
-287.81,-287.81
-323.52,-323.52
-335.34,-335.34
-333.02,-333.02
-343.16,-343.16
-373.16,-373.16
-400.33,-400.33
-402.17,-402.17
-384.97,-384.97
-371.84,-371.84
-377.28,-377.28
-390.62,-390.62
-394.28,-394.28
-385.34,-385.34
-375.41,-375.41
-370.53,-370.53
-367.16,-367.16
-357.22,-357.22
-340.34,-340.34
-322.56,-322.56
-308.41,-308.41
-291.31,-291.31
-262.84,-262.84
-226.09,-226.09
-195.66,-195.66
-180.47,-180.47
-172.87,-172.87
-156.31,-156.31
-128.41,-128.41
-102.72,-102.72
-92.25,-92.25
-88.84,-88.84
-73.0,-73.0
-38.75,-38.75
-3.37,-3.37
14.75,14.75
21.69,21.69
42.56,42.56
90.19,90.19
144.44,144.44
175.12,175.12
180.56,180.56
193.37,193.37
238.5,238.5
303.75,303.75
351.81,351.81
370.44,370.44
383.31,383.31
415.5,415.5
459.31,459.31
482.69,482.69
472.75,472.75
454.37,454.37
458.56,458.56
483.12,483.12
494.94,494.94
473.56,473.56
438.75,438.75
423.25,423.25
428.31,428.31
423.75,423.75
386.19,386.19
329.87,329.87
290.06,290.06
275.06,275.06
255.19,255.19
203.87,203.87
134.06,134.06
83.87,83.87
68.56,68.56
66.94,66.94
52.31,52.31
26.31,26.31
13.56,13.56
25.87,25.87
44.63,44.63
45.19,45.19
30.19,30.19
28.12,28.12
55.06,55.06
93.75,93.75
113.81,113.81
114.12,114.12
127.75,127.75
181.94,181.94
257.12,257.12
309.31,309.31
325.75,325.75
344.69,344.69
407.44,407.44
505.56,505.56
591.19,591.19
634.25,634.25
648.75,648.75
663.81,663.81
687.87,687.87
708.12,708.12
713.81,713.81
707.37,707.37
697.37,697.37
688.81,688.81
680.06,680.06
669.44,669.44
656.12,656.12
640.31,640.31
623.06,623.06
604.37,604.37
585.25,585.25
566.0,566.0
547.06,547.06
528.44,528.44
510.44,510.44
493.0,493.0
475.69,475.69
458.44,458.44
441.56,441.56
424.69,424.69
408.25,408.25
392.06,392.06
376.25,376.25
360.56,360.56
344.94,344.94
329.87,329.87
314.94,314.94
300.06,300.06
285.81,285.81
271.37,271.37
257.5,257.5
243.75,243.75
230.09,230.09
216.75,216.75
203.75,203.75
190.84,190.84
178.03,178.03
165.81,165.81
153.44,153.44
141.62,141.62
129.69,129.69
118.31,118.31
106.77,106.77
95.83,95.83
84.72,84.72
73.94,73.94
63.5,63.5
53.16,53.16
43.14,43.14
33.21,33.21
23.37,23.37
13.87,13.87
4.45,4.45
-4.64,-4.64
-13.64,-13.64
-22.31,-22.31
-30.9,-30.9
-39.4,-39.4
-47.57,-47.57
-55.65,-55.65
-63.66,-63.66
-71.33,-71.33
-78.66,-78.66
-86.19,-86.19
-93.36,-93.36
-100.47,-100.47
-107.23,-107.23
-113.92,-113.92
-120.3,-120.3
-126.84,-126.84
-133.03,-133.03
-139.19,-139.19
-145.22,-145.22
-151.22,-151.22
-157.34,-157.34
-165.94,-165.94
-178.41,-178.41
-191.47,-191.47
-199.66,-199.66
-202.47,-202.47
-204.72,-204.72
-213.69,-213.69
-229.06,-229.06
-241.25,-241.25
-244.25,-244.25
-242.75,-242.75
-249.19,-249.19
-266.0,-266.0
-283.19,-283.19
-286.62,-286.62
-279.5,-279.5
-278.37,-278.37
-292.75,-292.75
-311.44,-311.44
-316.94,-316.94
-307.81,-307.81
-304.19,-304.19
-322.62,-322.62
-352.81,-352.81
-368.62,-368.62
-359.31,-359.31
-345.0,-345.0
-352.25,-352.25
-377.87,-377.87
-393.75,-393.75
-381.87,-381.87
-361.56,-361.56
-364.37,-364.37
-391.12,-391.12
-410.12,-410.12
-398.31,-398.31
-373.06,-373.06
-371.0,-371.0
-397.87,-397.87
-421.0,-421.0
-409.81,-409.81
-377.62,-377.62
-364.25,-364.25
-384.37,-384.37
-410.31,-410.31
-407.44,-407.44
-380.5,-380.5
-365.75,-365.75
-383.56,-383.56
-410.25,-410.25
-408.12,-408.12
-377.87,-377.87
-355.37,-355.37
-369.0,-369.0
-398.5,-398.5
-404.62,-404.62
-379.62,-379.62
-361.37,-361.37
-381.62,-381.62
-423.75,-423.75
-441.75,-441.75
-420.75,-420.75
-397.25,-397.25
-411.37,-411.37
-454.37,-454.37
-478.87,-478.87
-462.12,-462.12
-432.87,-432.87
-433.87,-433.87
-463.81,-463.81
-479.37,-479.37
-453.75,-453.75
-413.31,-413.31
-403.62,-403.62
-430.5,-430.5
-452.56,-452.56
-434.37,-434.37
-393.75,-393.75
-377.44,-377.44
-398.75,-398.75
-418.75,-418.75
-400.56,-400.56
-356.94,-356.94
-335.69,-335.69
-356.56,-356.56
-386.19,-386.19
-383.5,-383.5
-352.31,-352.31
-336.31,-336.31
-360.44,-360.44
-396.75,-396.75
-403.19,-403.19
-377.5,-377.5
-356.5,-356.5
-367.62,-367.62
-396.12,-396.12
-407.75,-407.75
-391.75,-391.75
-371.31,-371.31
-368.0,-368.0
-372.69,-372.69
-357.31,-357.31
-318.94,-318.94
-284.44,-284.44
-278.19,-278.19
-291.44,-291.44
-294.5,-294.5
-274.56,-274.56
-250.19,-250.19
-242.56,-242.56
-249.91,-249.91
-249.19,-249.19
-229.44,-229.44
-204.31,-204.31
-193.91,-193.91
-194.56,-194.56
-187.66,-187.66
-162.81,-162.81
-134.66,-134.66
-122.25,-122.25
-125.44,-125.44
-123.06,-123.06
-101.22,-101.22
-71.03,-71.03
-55.13,-55.13
-56.84,-56.84
-59.05,-59.05
-43.72,-43.72
-16.53,-16.53
1.92,1.92
3.2,3.2
4.97,4.97
27.22,27.22
65.77,65.77
93.45,93.45
95.87,95.87
91.25,91.25
109.65,109.65
150.37,150.37
180.45,180.45
177.98,177.98
161.24,161.24
168.91,168.91
209.7,209.7
250.36,250.36
260.84,260.84
254.95,254.95
273.58,273.58
326.72,326.72
374.86,374.86
375.25,375.25
335.81,335.81
305.19,305.19
312.78,312.78
335.78,335.78
333.78,333.78
301.47,301.47
275.19,275.19
280.81,280.81
300.37,300.37
294.97,294.97
255.78,255.78
213.94,213.94
198.72,198.72
203.81,203.81
200.84,200.84
177.12,177.12
150.12,150.12
139.31,139.31
141.06,141.06
138.06,138.06
122.31,122.31
103.94,103.94
95.69,95.69
98.31,98.31
102.06,102.06
100.81,100.81
97.06,97.06
97.31,97.31
102.06,102.06
108.0,108.0
112.12,112.12
118.19,118.19
130.19,130.19
144.75,144.75
154.19,154.19
156.06,156.06
157.87,157.87
169.62,169.62
189.5,189.5
204.44,204.44
206.69,206.69
204.12,204.12
214.06,214.06
238.87,238.87
260.44,260.44
262.75,262.75
251.25,251.25
248.06,248.06
263.37,263.37
282.0,282.0
283.94,283.94
272.81,272.81
274.25,274.25
303.37,303.37
342.44,342.44
358.06,358.06
344.75,344.75
331.56,331.56
347.87,347.87
383.5,383.5
401.5,401.5
387.81,387.81
371.62,371.62
390.06,390.06
434.56,434.56
459.81,459.81
442.25,442.25
414.25,414.25
425.0,425.0
476.56,476.56
520.56,520.56
519.37,519.37
492.81,492.81
491.5,491.5
529.06,529.06
564.44,564.44
557.94,557.94
525.19,525.19
517.12,517.12
551.81,551.81
589.62,589.62
581.69,581.69
532.31,532.31
491.5,491.5
488.5,488.5
496.44,496.44
471.25,471.25
413.75,413.75
370.44,370.44
371.19,371.19
389.12,389.12
373.62,373.62
315.94,315.94
260.75,260.75
250.0,250.0
269.37,269.37
272.19,272.19
241.75,241.75
214.25,214.25
228.5,228.5
272.12,272.12
296.5,296.5
280.37,280.37
256.62,256.62
268.81,268.81
313.31,313.31
342.87,342.87
328.56,328.56
294.62,294.62
285.75,285.75
309.12,309.12
327.44,327.44
308.87,308.87
267.62,267.62
241.69,241.69
238.0,238.0
218.81,218.81
154.5,154.5
67.5,67.5
12.56,12.56
11.34,11.34
30.37,30.37
26.5,26.5
3.41,3.41
2.53,2.53
42.38,42.38
88.37,88.37
93.69,93.69
58.19,58.19
26.53,26.53
29.37,29.37
45.44,45.44
30.62,30.62
-19.09,-19.09
-59.81,-59.81
-54.44,-54.44
-19.84,-19.84
-3.06,-3.06
-20.17,-20.17
-36.89,-36.89
-14.19,-14.19
39.8,39.8
82.05,82.05
91.64,91.64
91.89,91.89
113.87,113.87
158.13,158.13
196.21,196.21
208.42,208.42
204.23,204.23
201.55,201.55
200.36,200.36
182.66,182.66
139.33,139.33
89.14,89.14
57.13,57.13
38.16,38.16
-5.13,-5.13
-98.3,-98.3
-216.83,-216.83
-309.25,-309.25
-354.05,-354.05
-379.86,-379.86
-422.14,-422.14
-476.45,-476.45
-508.23,-508.23
-503.12,-503.12
-487.97,-487.97
-497.16,-497.16
-531.19,-531.19
-559.56,-559.56
-561.84,-561.84
-550.78,-550.78
-550.22,-550.22
-562.84,-562.84
-568.25,-568.25
-553.78,-553.78
-531.62,-531.62
-522.31,-522.31
-528.78,-528.78
-532.59,-532.59
-520.56,-520.56
-500.03,-500.03
-488.62,-488.62
-490.5,-490.5
-490.53,-490.53
-475.25,-475.25
-450.53,-450.53
-434.25,-434.25
-433.0,-433.0
-433.44,-433.44
-418.87,-418.87
-391.56,-391.56
-370.5,-370.5
-366.75,-366.75
-367.81,-367.81
-353.5,-353.5
-322.5,-322.5
-297.06,-297.06
-292.75,-292.75
-297.94,-297.94
-287.31,-287.31
-256.69,-256.69
-229.87,-229.87
-227.5,-227.5
-239.06,-239.06
-235.0,-235.0
-206.25,-206.25
-177.44,-177.44
-174.12,-174.12
-190.31,-190.31
-194.81,-194.81
-172.25,-172.25
-142.56,-142.56
-134.44,-134.44
-147.87,-147.87
-152.87,-152.87
-129.31,-129.31
-93.75,-93.75
-78.69,-78.69
-89.5,-89.5
-96.25,-96.25
-72.16,-72.16
-30.75,-30.75
-10.47,-10.47
-23.91,-23.91
-38.94,-38.94
-21.06,-21.06
20.37,20.37
41.94,41.94
23.81,23.81
-4.16,-4.16
0.13,0.13
35.84,35.84
60.25,60.25
45.19,45.19
14.0,14.0
10.34,10.34
41.47,41.47
68.28,68.28
57.13,57.13
25.28,25.28
16.75,16.75
44.28,44.28
72.06,72.06
63.06,63.06
28.41,28.41
12.81,12.81
36.34,36.34
67.91,67.91
66.16,66.16
34.19,34.19
14.0,14.0
31.25,31.25
60.81,60.81
61.63,61.63
32.16,32.16
13.19,13.19
35.16,35.16
75.69,75.69
88.81,88.81
64.56,64.56
41.53,41.53
56.69,56.69
96.69,96.69
116.59,116.59
99.28,99.28
78.09,78.09
91.62,91.62
131.5,131.5
153.5,153.5
135.0,135.0
105.41,105.41
106.84,106.84
138.97,138.97
159.06,159.06
138.44,138.44
100.72,100.72
89.56,89.56
111.53,111.53
128.0,128.0
106.59,106.59
65.06,65.06
46.94,46.94
64.47,64.47
82.56,82.56
65.0,65.0
23.56,23.56
2.28,2.28
19.41,19.41
42.91,42.91
33.66,33.66
-4.5,-4.5
-28.81,-28.81
-15.13,-15.13
10.16,10.16
5.22,5.22
-31.41,-31.41
-59.97,-59.97
-51.25,-51.25
-25.09,-25.09
-24.69,-24.69
-58.03,-58.03
-88.56,-88.56
-83.03,-83.03
-55.56,-55.56
-49.81,-49.81
-79.62,-79.62
-111.66,-111.66
-109.12,-109.12
-80.09,-80.09
-67.31,-67.31
-90.66,-90.66
-121.75,-121.75
-120.31,-120.31
-88.59,-88.59
-68.69,-68.69
-86.16,-86.16
-117.75,-117.75
-121.5,-121.5
-92.47,-92.47
-68.69,-68.69
-80.84,-80.84
-110.66,-110.66
-115.66,-115.66
-85.09,-85.09
-54.81,-54.81
-59.81,-59.81
-87.47,-87.47
-94.87,-94.87
-65.22,-65.22
-30.81,-30.81
-30.19,-30.19
-57.59,-57.59
-69.5,-69.5
-43.0,-43.0
-6.25,-6.25
-1.09,-1.09
-28.75,-28.75
-48.13,-48.13
-30.31,-30.31
3.06,3.06
9.16,9.16
-19.31,-19.31
-44.25,-44.25
-32.72,-32.72
-0.31,-0.31
9.34,9.34
-17.37,-17.37
-46.09,-46.09
-39.78,-39.78
-8.25,-8.25
5.72,5.72
-16.94,-16.94
-46.66,-46.66
-43.81,-43.81
-12.5,-12.5
5.78,5.78
-14.13,-14.13
-47.31,-47.31
-52.22,-52.22
-25.06,-25.06
-4.66,-4.66
-21.44,-21.44
-55.78,-55.78
-65.34,-65.34
-39.53,-39.53
-14.22,-14.22
-23.62,-23.62
-54.69,-54.69
-65.47,-65.47
-40.38,-40.38
-11.5,-11.5
-16.41,-16.41
-47.52,-47.52
-63.33,-63.33
-42.48,-42.48
-12.08,-12.08
-11.2,-11.2
-39.83,-39.83
-58.19,-58.19
-40.36,-40.36
-8.2,-8.2
-2.33,-2.33
-28.77,-28.77
-50.2,-50.2
-35.94,-35.94
-3.05,-3.05
7.3,7.3
-16.95,-16.95
-41.73,-41.73
-32.28,-32.28
0.83,0.83
15.91,15.91
-4.67,-4.67
-31.05,-31.05
-24.69,-24.69
9.38,9.38
29.86,29.86
12.67,12.67
-16.87,-16.87
-18.39,-18.39
10.61,10.61
31.59,31.59
15.88,15.88
-16.45,-16.45
-23.73,-23.73
3.31,3.31
28.36,28.36
18.67,18.67
-11.92,-11.92
-21.74,-21.74
3.78,3.78
31.82,31.82
26.09,26.09
-5.58,-5.58
-20.96,-20.96
0.05,0.05
29.87,29.87
29.66,29.66
0.95,0.95
-17.0,-17.0
1.47,1.47
32.77,32.77
36.53,36.53
8.25,8.25
-14.53,-14.53
-1.84,-1.84
29.23,29.23
37.01,37.01
11.21,11.21
-13.09,-13.09
-2.18,-2.18
32.13,32.13
47.13,47.13
25.98,25.98
-0.48,-0.48
5.8,5.8
39.03,39.03
58.19,58.19
41.17,41.17
14.05,14.05
16.93,16.93
51.28,51.28
76.8,76.8
65.33,65.33
37.21,37.21
34.59,34.59
64.48,64.48
90.84,90.84
81.2,81.2
50.64,50.64
41.84,41.84
68.62,68.62
97.65,97.65
93.14,93.14
64.41,64.41
53.69,53.69
79.55,79.55
112.42,112.42
113.22,113.22
84.24,84.24
66.52,66.52
85.45,85.45
117.19,117.19
120.37,120.37
91.26,91.26
67.9,67.9
79.99,79.99
109.21,109.21
113.65,113.65
83.78,83.78
55.17,55.17
61.31,61.31
89.89,89.89
99.19,99.19
73.14,73.14
43.07,43.07
46.02,46.02
75.43,75.43
90.07,90.07
68.8,68.8
38.47,38.47
38.66,38.66
69.09,69.09
89.24,89.24
72.94,72.94
40.52,40.52
33.9,33.9
59.33,59.33
80.77,80.77
67.75,67.75
35.59,35.59
24.97,24.97
48.44,48.44
72.69,72.69
63.71,63.71
31.05,31.05
15.18,15.18
33.96,33.96
58.55,58.55
51.42,51.42
17.09,17.09
-5.17,-5.17
8.27,8.27
33.83,33.83
32.91,32.91
2.48,2.48
-20.16,-20.16
-7.84,-7.84
21.61,21.61
28.05,28.05
2.67,2.67
-20.48,-20.48
-9.67,-9.67
21.55,21.55
33.23,33.23
11.3,11.3
-13.68,-13.68
-6.44,-6.44
25.25,25.25
41.39,41.39
22.12,22.12
-6.22,-6.22
-6.3,-6.3
21.86,21.86
40.52,40.52
25.75,25.75
-1.63,-1.63
-3.02,-3.02
25.36,25.36
48.22,48.22
36.62,36.62
6.37,6.37
-3.36,-3.36
18.25,18.25
38.92,38.92
27.13,27.13
-5.79,-5.79
-20.17,-20.17
0.34,0.34
26.66,26.66
22.73,22.73
-6.91,-6.91
-23.78,-23.78
-6.74,-6.74
21.14,21.14
21.51,21.51
-6.87,-6.87
-26.74,-26.74
-12.17,-12.17
17.76,17.76
23.92,23.92
-1.24,-1.24
-23.16,-23.16
-11.63,-11.63
19.3,19.3
29.44,29.44
5.98,5.98
-19.76,-19.76
-13.51,-13.51
16.18,16.18
29.85,29.85
8.63,8.63
-19.89,-19.89
-18.64,-18.64
9.84,9.84
26.82,26.82
8.38,8.38
-22.14,-22.14
-25.12,-25.12
3.42,3.42
25.71,25.71
13.03,13.03
-17.78,-17.78
-25.3,-25.3
0.49,0.49
25.05,25.05
15.89,15.89
-15.2,-15.2
-27.5,-27.5
-4.68,-4.68
22.18,22.18
17.29,17.29
-13.06,-13.06
-28.38,-28.38
-8.05,-8.05
20.84,20.84
18.71,18.71
-14.64,-14.64
-39.2,-39.2
-27.52,-27.52
-0.19,-0.19
2.14,2.14
-27.06,-27.06
-51.48,-51.48
-39.93,-39.93
-8.97,-8.97
-0.55,-0.55
-27.45,-27.45
-56.35,-56.35
-51.98,-51.98
-23.64,-23.64
-12.81,-12.81
-38.32,-38.32
-70.09,-70.09
-69.82,-69.82
-40.54,-40.54
-23.26,-23.26
-41.64,-41.64
-72.35,-72.35
-74.52,-74.52
-45.9,-45.9
-24.54,-24.54
-39.62,-39.62
-72.06,-72.06
-80.44,-80.44
-54.98,-54.98
-30.0,-30.0
-37.73,-37.73
-64.4,-64.4
-68.3,-68.3
-35.17,-35.17
1.92,1.92
5.17,5.17
-21.36,-21.36
-38.14,-38.14
-24.27,-24.27
-4.27,-4.27
-14.2,-14.2
-51.54,-51.54
-77.02,-77.02
-65.02,-65.02
-36.86,-36.86
-31.71,-31.71
-56.1,-56.1
-74.75,-74.75
-58.98,-58.98
-25.59,-25.59
-15.5,-15.5
-40.75,-40.75
-69.27,-69.27
-67.51,-67.51
-43.26,-43.26
-34.72,-34.72
-57.76,-57.76
-83.33,-83.33
-76.4,-76.4
-40.77,-40.77
-16.46,-16.46
-27.38,-27.38
-51.44,-51.44
-51.27,-51.27
-24.34,-24.34
-6.16,-6.16
-21.64,-21.64
-51.48,-51.48
-56.04,-56.04
-27.29,-27.29
0.94,0.94
-2.58,-2.58
-25.32,-25.32
-29.35,-29.35
-2.59,-2.59
24.43,24.43
17.7,17.7
-13.73,-13.73
-30.11,-30.11
-11.09,-11.09
17.5,17.5
18.34,18.34
-8.09,-8.09
-25.02,-25.02
-9.05,-9.05
19.03,19.03
21.35,21.35
-5.85,-5.85
-26.31,-26.31
-10.82,-10.82
24.28,24.28
39.3,39.3
22.43,22.43
4.71,4.71
17.15,17.15
49.22,49.22
61.25,61.25
38.4,38.4
10.01,10.01
12.13,12.13
40.47,40.47
55.55,55.55
35.49,35.49
3.6,3.6
-2.25,-2.25
20.21,20.21
35.2,35.2
17.06,17.06
-14.42,-14.42
-20.37,-20.37
6.75,6.75
31.62,31.62
23.5,23.5
-4.29,-4.29
-12.33,-12.33
11.7,11.7
37.27,37.27
30.34,30.34
-0.77,-0.77
-16.11,-16.11
1.96,1.96
26.6,26.6
21.27,21.27
-12.02,-12.02
-34.25,-34.25
-21.78,-21.78
3.84,3.84
3.97,3.97
-25.91,-25.91
-49.5,-49.5
-38.37,-38.37
-9.34,-9.34
-1.32,-1.32
-24.37,-24.37
-45.96,-45.96
-34.35,-34.35
-0.84,-0.84
15.62,15.62
0.18,0.18
-17.88,-17.88
-3.52,-3.52
36.97,36.97
64.82,64.82
58.67,58.67
43.06,43.06
55.09,55.09
94.74,94.74
124.77,124.77
119.27,119.27
97.29,97.29
97.49,97.49
125.68,125.68
147.09,147.09
132.8,132.8
98.35,98.35
84.45,84.45
103.93,103.93
125.7,125.7
115.77,115.77
82.65,82.65
66.32,66.32
84.38,84.38
108.77,108.77
102.91,102.91
69.34,69.34
45.32,45.32
53.51,53.51
71.87,71.87
62.8,62.8
23.8,23.8
-8.09,-8.09
-5.45,-5.45
14.18,14.18
11.12,11.12
-23.41,-23.41
-55.62,-55.62
-53.53,-53.53
-29.45,-29.45
-23.59,-23.59
-52.02,-52.02
-85.44,-85.44
-90.04,-90.04
-71.58,-71.58
-68.04,-68.04
-98.01,-98.01
-134.7,-134.7
-139.53,-139.53
-111.54,-111.54
-88.29,-88.29
-95.75,-95.75
-114.62,-114.62
-107.55,-107.55
-70.28,-70.28
-39.09,-39.09
-43.42,-43.42
-68.96,-68.96
-75.26,-75.26
-50.74,-50.74
-25.93,-25.93
-32.85,-32.85
-61.7,-61.7
-73.28,-73.28
-50.99,-50.99
-22.39,-22.39
-23.05,-23.05
-48.71,-48.71
-61.37,-61.37
-38.66,-38.66
-4.4,-4.4
3.05,3.05
-18.82,-18.82
-33.73,-33.73
-14.01,-14.01
22.79,22.79
38.24,38.24
23.8,23.8
10.99,10.99
29.8,29.8
66.17,66.17
81.46,81.46
62.84,62.84
40.63,40.63
49.63,49.63
83.02,83.02
102.11,102.11
87.25,87.25
63.52,63.52
66.24,66.24
92.68,92.68
106.12,106.12
83.66,83.66
49.64,49.64
45.43,45.43
78.26,78.26
112.27,112.27
117.95,117.95
109.06,109.06
122.98,122.98
168.77,168.77
212.6,212.6
220.51,220.51
199.56,199.56
186.77,186.77
198.07,198.07
207.73,207.73
186.78,186.78
143.99,143.99
119.57,119.57
131.85,131.85
153.25,153.25
143.44,143.44
99.69,99.69
59.07,59.07
49.57,49.57
53.89,53.89
34.68,34.68
-14.38,-14.38
-58.73,-58.73
-68.16,-68.16
-59.0,-59.0
-73.42,-73.42
-126.94,-126.94
-189.21,-189.21
-225.62,-225.62
-239.17,-239.17
-262.57,-262.57
-314.7,-314.7
-378.07,-378.07
-422.04,-422.04
-434.81,-434.81
-429.39,-429.39
-419.45,-419.45
-401.79,-401.79
-368.49,-368.49
-327.18,-327.18
-299.7,-299.7
-294.67,-294.67
-289.65,-289.65
-252.12,-252.12
-180.66,-180.66
-113.31,-113.31
-83.57,-83.57
-79.58,-79.58
-60.37,-60.37
-10.58,-10.58
40.27,40.27
55.39,55.39
41.36,41.36
38.46,38.46
67.33,67.33
100.92,100.92
99.19,99.19
62.96,62.96
33.06,33.06
38.92,38.92
61.23,61.23
59.81,59.81
27.66,27.66
1.54,1.54
11.91,11.91
42.94,42.94
50.92,50.92
23.32,23.32
-6.02,-6.02
-0.6,-0.6
30.52,30.52
44.6,44.6
22.3,22.3
-7.3,-7.3
-6.38,-6.38
22.28,22.28
37.43,37.43
15.68,15.68
-17.87,-17.87
-20.61,-20.61
10.43,10.43
35.18,35.18
23.2,23.2
-7.42,-7.42
-13.27,-13.27
15.95,15.95
44.39,44.39
38.57,38.57
11.04,11.04
4.02,4.02
33.55,33.55
66.56,66.56
66.02,66.02
38.2,38.2
25.91,25.91
51.2,51.2
86.52,86.52
91.25,91.25
65.42,65.42
48.81,48.81
68.61,68.61
103.2,103.2
110.47,110.47
84.41,84.41
62.08,62.08
74.92,74.92
106.66,106.66
114.08,114.08
85.41,85.41
54.5,54.5
57.11,57.11
83.44,83.44
91.75,91.75
63.73,63.73
29.97,29.97
28.5,28.5
55.05,55.05
68.34,68.34
44.0,44.0
7.62,7.62
0.58,0.58
25.09,25.09
42.64,42.64
24.27,24.27
-10.69,-10.69
-19.33,-19.33
6.61,6.61
31.08,31.08
20.55,20.55
-11.38,-11.38
-22.27,-22.27
3.2,3.2
31.94,31.94
27.16,27.16
-3.34,-3.34
-17.31,-17.31
5.36,5.36
37.06,37.06
37.97,37.97
9.38,9.38
-7.72,-7.72
12.84,12.84
47.72,47.72
55.52,55.52
30.98,30.98
11.17,11.17
27.3,27.3
62.27,62.27
73.66,73.66
49.67,49.67
24.91,24.91
33.88,33.88
65.48,65.48
78.56,78.56
56.0,56.0
28.39,28.39
32.77,32.77
64.61,64.61
82.66,82.66
63.77,63.77
33.8,33.8
32.84,32.84
62.39,62.39
84.16,84.16
69.45,69.45
37.89,37.89
31.11,31.11
56.88,56.88
79.41,79.41
66.97,66.97
34.13,34.13
22.83,22.83
46.64,46.64
73.22,73.22
66.3,66.3
34.69,34.69
19.59,19.59
40.64,40.64
69.0,69.0
66.58,66.58
34.92,34.92
15.05,15.05
31.36,31.36
60.52,60.52
61.64,61.64
30.25,30.25
5.39,5.39
17.01,17.01
47.77,47.77
55.74,55.74
30.12,30.12
5.5,5.5
15.84,15.84
48.84,48.84
62.52,62.52
41.07,41.07
15.31,15.31
22.54,22.54
56.45,56.45
75.53,75.53
57.44,57.44
28.49,28.49
29.06,29.06
60.38,60.38
82.63,82.63
68.18,68.18
38.1,38.1
33.29,33.29
60.77,60.77
84.23,84.23
72.23,72.23
39.57,39.57
28.2,28.2
51.68,51.68
76.68,76.68
68.2,68.2
35.54,35.54
19.92,19.92
40.19,40.19
66.51,66.51
61.09,61.09
26.46,26.46
3.89,3.89
17.77,17.77
44.28,44.28
43.03,43.03
10.29,10.29
-15.65,-15.65
-6.1,-6.1
21.36,21.36
26.32,26.32
-0.77,-0.77
-24.62,-24.62
-12.99,-12.99
21.04,21.04
34.75,34.75
12.32,12.32
-14.64,-14.64
-9.36,-9.36
21.12,21.12
35.57,35.57
12.64,12.64
-20.09,-20.09
-23.02,-23.02
4.59,4.59
23.44,23.44
6.86,6.86
-24.06,-24.06
-28.95,-28.95
-2.29,-2.29
18.63,18.63
2.85,2.85
-32.78,-32.78
-45.33,-45.33
-22.26,-22.26
2.35,2.35
-7.01,-7.01
-40.54,-40.54
-56.0,-56.0
-36.06,-36.06
-10.56,-10.56
-17.03,-17.03
-50.69,-50.69
-70.03,-70.03
-51.69,-51.69
-21.52,-21.52
-21.36,-21.36
-52.94,-52.94
-76.23,-76.23
-62.55,-62.55
-32.23,-32.23
-29.19,-29.19
-63.92,-63.92
-100.31,-100.31
-104.37,-104.37
-88.12,-88.12
-91.52,-91.52
-127.36,-127.36
-162.34,-162.34
-159.5,-159.5
-127.16,-127.16
-108.08,-108.08
-123.42,-123.42
-145.34,-145.34
-134.55,-134.55
-92.84,-92.84
-60.48,-60.48
-63.67,-63.67
-78.58,-78.58
-63.58,-63.58
-14.2,-14.2
30.47,30.47
37.23,37.23
21.42,21.42
24.02,24.02
56.06,56.06
83.33,83.33
73.06,73.06
38.14,38.14
22.03,22.03
42.06,42.06
67.41,67.41
60.52,60.52
27.42,27.42
9.13,9.13
28.0,28.0
56.69,56.69
54.86,54.86
21.05,21.05
-4.97,-4.97
5.52,5.52
31.64,31.64
31.03,31.03
-4.59,-4.59
-39.13,-39.13
-39.84,-39.84
-20.28,-20.28
-20.91,-20.91
-54.78,-54.78
-89.34,-89.34
-89.81,-89.81
-65.53,-65.53
-58.69,-58.69
-88.91,-88.91
-128.09,-128.09
-137.16,-137.16
-117.59,-117.59
-108.22,-108.22
-133.87,-133.87
-171.81,-171.81
-181.62,-181.62
-160.31,-160.31
-144.41,-144.41
-163.16,-163.16
-198.69,-198.69
-209.34,-209.34
-185.91,-185.91
-161.66,-161.66
-169.09,-169.09
-195.19,-195.19
-199.5,-199.5
-167.5,-167.5
-130.53,-130.53
-125.84,-125.84
-147.72,-147.72
-155.84,-155.84
-129.16,-129.16
-93.16,-93.16
-85.5,-85.5
-106.12,-106.12
-117.56,-117.56
-94.37,-94.37
-58.38,-58.38
-49.97,-49.97
-74.86,-74.86
-97.27,-97.27
-85.97,-85.97
-55.23,-55.23
-45.55,-45.55
-68.92,-68.92
-92.84,-92.84
-83.77,-83.77
-50.77,-50.77
-33.55,-33.55
-50.0,-50.0
-71.53,-71.53
-61.61,-61.61
-24.77,-24.77
-0.52,-0.52
-11.97,-11.97
-36.08,-36.08
-32.72,-32.72
1.12,1.12
28.91,28.91
22.94,22.94
1.52,1.52
5.28,5.28
43.02,43.02
80.91,80.91
86.69,86.69
71.14,71.14
72.98,72.98
104.31,104.31
134.06,134.06
127.28,127.28
91.55,91.55
67.62,67.62
76.41,76.41
94.11,94.11
84.87,84.87
49.95,49.95
26.86,26.86
39.22,39.22
65.45,65.45
66.44,66.44
35.91,35.91
9.16,9.16
15.14,15.14
38.82,38.82
42.27,42.27
14.95,14.95
-11.89,-11.89
-6.48,-6.48
21.38,21.38
32.74,32.74
11.98,11.98
-12.83,-12.83
-7.41,-7.41
23.7,23.7
42.78,42.78
28.18,28.18
3.45,3.45
5.45,5.45
35.44,35.44
57.64,57.64
45.63,45.63
17.73,17.73
12.83,12.83
38.47,38.47
62.12,62.12
53.79,53.79
26.28,26.28
17.27,17.27
38.84,38.84
61.7,61.7
52.6,52.6
20.58,20.58
3.84,3.84
21.01,21.01
46.51,46.51
44.77,44.77
18.05,18.05
1.81,1.81
19.48,19.48
49.98,49.98
56.19,56.19
33.84,33.84
17.18,17.18
32.43,32.43
63.53,63.53
72.59,72.59
49.8,49.8
26.22,26.22
32.35,32.35
57.91,57.91
65.49,65.49
41.23,41.23
12.44,12.44
12.41,12.41
35.88,35.88
46.38,46.38
23.78,23.78
-7.87,-7.87
-12.48,-12.48
10.7,10.7
26.17,26.17
9.25,9.25
-22.02,-22.02
-30.26,-30.26
-9.66,-9.66
8.0,8.0
-5.75,-5.75
-37.38,-37.38
-48.96,-48.96
-28.93,-28.93
-6.82,-6.82
-14.17,-14.17
-43.2,-43.2
-57.21,-57.21
-38.83,-38.83
-14.11,-14.11
-17.36,-17.36
-46.34,-46.34
-64.79,-64.79
-51.56,-51.56
-27.7,-27.7
-30.05,-30.05
-61.38,-61.38
-87.15,-87.15
-80.68,-80.68
-56.76,-56.76
-52.55,-52.55
-76.86,-76.86
-98.7,-98.7
-89.32,-89.32
-60.26,-60.26
-49.71,-49.71
-71.99,-71.99
-99.31,-99.31
-98.37,-98.37
-75.17,-75.17
-65.43,-65.43
-88.01,-88.01
-118.87,-118.87
-123.18,-123.18
-101.18,-101.18
-87.37,-87.37
-105.93,-105.93
-137.29,-137.29
-145.35,-145.35
-124.32,-124.32
-106.2,-106.2
-118.24,-118.24
-145.15,-145.15
-150.04,-150.04
-122.36,-122.36
-92.17,-92.17
-90.49,-90.49
-107.81,-107.81
-107.71,-107.71
-74.84,-74.84
-36.01,-36.01
-25.53,-25.53
-40.64,-40.64
-44.11,-44.11
-14.54,-14.54
25.77,25.77
40.2,40.2
25.49,25.49
14.91,14.91
33.18,33.18
62.53,62.53
65.59,65.59
35.38,35.38
4.93,4.93
4.76,4.76
24.59,24.59
28.23,28.23
2.34,2.34
-25.07,-25.07
-22.22,-22.22
3.86,3.86
16.44,16.44
-2.34,-2.34
-27.7,-27.7
-25.08,-25.08
4.53,4.53
25.87,25.87
15.5,15.5
-7.02,-7.02
-5.58,-5.58
24.09,24.09
49.23,49.23
42.66,42.66
19.87,19.87
17.53,17.53
45.48,45.48
72.41,72.41
67.58,67.58
40.78,40.78
29.72,29.72
49.77,49.77
74.11,74.11
68.97,68.97
38.13,38.13
18.05,18.05
29.41,29.41
50.16,50.16
44.97,44.97
12.8,12.8
-12.31,-12.31
-5.94,-5.94
14.86,14.86
13.98,13.98
-15.39,-15.39
-41.02,-41.02
-34.86,-34.86
-10.28,-10.28
-4.69,-4.69
-30.37,-30.37
-59.06,-59.06
-58.5,-58.5
-34.94,-34.94
-23.81,-23.81
-42.06,-42.06
-66.12,-66.12
-63.19,-63.19
-35.78,-35.78
-18.12,-18.12
-31.41,-31.41
-55.03,-55.03
-54.91,-54.91
-26.81,-26.81
-2.72,-2.72
-7.84,-7.84
-27.16,-27.16
-26.53,-26.53
2.06,2.06
28.66,28.66
25.78,25.78
3.12,3.12
-3.53,-3.53
18.87,18.87
45.03,45.03
44.22,44.22
22.16,22.16
12.81,12.81
33.78,33.78
62.81,62.81
66.53,66.53
44.75,44.75
30.16,30.16
46.19,46.19
75.03,75.03
82.41,82.41
62.41,62.41
46.09,46.09
60.94,60.94
93.12,93.12
107.0,107.0
91.25,91.25
74.84,74.84
88.09,88.09
122.22,122.22
141.03,141.03
128.12,128.12
108.56,108.56
116.19,116.19
148.44,148.44
170.16,170.16
159.62,159.62
137.19,137.19
138.41,138.41
166.87,166.87
189.03,189.03
179.97,179.97
156.47,156.47
154.41,154.41
182.09,182.09
207.5,207.5
201.12,201.12
173.28,173.28
161.94,161.94
181.41,181.41
205.41,205.41
203.19,203.19
182.94,182.94
181.84,181.84
217.5,217.5
262.03,262.03
275.87,275.87
256.56,256.56
239.09,239.09
248.03,248.03
265.84,265.84
258.22,258.22
221.34,221.34
190.81,190.81
195.5,195.5
220.62,220.62
226.47,226.47
198.25,198.25
163.75,163.75
154.53,154.53
164.66,164.66
159.12,159.12
123.37,123.37
82.97,82.97
70.87,70.87
84.66,84.66
89.78,89.78
68.37,68.37
43.88,43.88
52.84,52.84
94.75,94.75
127.72,127.72
116.91,116.91
73.66,73.66
35.53,35.53
16.75,16.75
-6.09,-6.09
-54.25,-54.25
-110.94,-110.94
-135.59,-135.59
-116.5,-116.5
-87.59,-87.59
-89.16,-89.16
-120.69,-120.69
-144.44,-144.44
-132.44,-132.44
-98.28,-98.28
-71.92,-71.92
-58.03,-58.03
-34.27,-34.27
7.53,7.53
37.45,37.45
18.59,18.59
-40.34,-40.34
-87.0,-87.0
-78.7,-78.7
-30.97,-30.97
2.33,2.33
-6.92,-6.92
-34.34,-34.34
-42.27,-42.27
-32.59,-32.59
-40.52,-40.52
-82.36,-82.36
-130.55,-130.55
-148.28,-148.28
-138.59,-138.59
-136.95,-136.95
-171.31,-171.31
-237.59,-237.59
-309.22,-309.22
-361.16,-361.16
-382.06,-382.06
-375.21,-375.21
-351.62,-351.62
-324.2,-324.2
-301.22,-301.22
-286.41,-286.41
-277.19,-277.19
-268.26,-268.26
-255.12,-255.12
-239.07,-239.07
-224.37,-224.37
-203.52,-203.52
-143.84,-143.84
-8.18,-8.18
193.24,193.24
383.3,383.3
479.06,479.06
471.38,471.38
427.95,427.95
419.09,419.09
458.25,458.25
513.74,513.74
557.39,557.39
583.06,583.06
594.66,594.66
592.56,592.56
575.39,575.39
549.79,549.79
526.59,526.59
510.52,510.52
494.52,494.52
468.1,468.1
433.59,433.59
404.34,404.34
389.54,389.54
381.06,381.06
359.86,359.86
321.04,321.04
281.54,281.54
257.1,257.1
228.59,228.59
149.06,149.06
0.23,0.23
-161.49,-161.49
-246.96,-246.96
-225.35,-225.35
-153.16,-153.16
-103.37,-103.37
-86.75,-86.75
-62.03,-62.03
-5.02,-5.02
55.71,55.71
77.89,77.89
61.86,61.86
48.7,48.7
68.66,68.66
110.42,110.42
142.3,142.3
151.61,151.61
152.3,152.3
158.22,158.22
162.56,162.56
149.08,149.08
118.72,118.72
92.59,92.59
84.97,84.97
81.37,81.37
52.81,52.81
-2.47,-2.47
-50.28,-50.28
-61.66,-61.66
-54.13,-54.13
-73.44,-73.44
-136.31,-136.31
-204.34,-204.34
-229.22,-229.22
-214.31,-214.31
-210.78,-210.78
-252.5,-252.5
-310.03,-310.03
-330.0,-330.0
-306.5,-306.5
-292.16,-292.16
-329.91,-329.91
-397.5,-397.5
-436.19,-436.19
-425.91,-425.91
-406.72,-406.72
-422.87,-422.87
-466.06,-466.06
-491.5,-491.5
-478.69,-478.69
-457.62,-457.62
-465.75,-465.75
-498.19,-498.19
-516.0,-516.0
-498.06,-498.06
-467.94,-467.94
-460.81,-460.81
-477.44,-477.44
-485.31,-485.31
-462.06,-462.06
-425.69,-425.69
-411.12,-411.12
-424.81,-424.81
-437.62,-437.62
-424.0,-424.0
-394.62,-394.62
-380.25,-380.25
-389.94,-389.94
-398.25,-398.25
-378.94,-378.94
-340.94,-340.94
-317.75,-317.75
-324.0,-324.0
-335.37,-335.37
-321.12,-321.12
-284.19,-284.19
-258.81,-258.81
-264.56,-264.56
-282.06,-282.06
-277.03,-277.03
-246.81,-246.81
-222.53,-222.53
-226.97,-226.97
-244.34,-244.34
-240.5,-240.5
-209.66,-209.66
-182.56,-182.56
-183.94,-183.94
-200.03,-200.03
-194.94,-194.94
-158.37,-158.37
-121.12,-121.12
-112.69,-112.69
-122.06,-122.06
-110.31,-110.31
-60.69,-60.69
-5.5,-5.5
14.22,14.22
-0.03,-0.03
-4.12,-4.12
30.78,30.78
80.91,80.91
99.28,99.28
80.25,80.25
66.59,66.59
93.84,93.84
143.31,143.31
165.03,165.03
144.81,144.81
122.5,122.5
140.62,140.62
189.8,189.8
221.25,221.25
211.39,211.39
191.08,191.08
203.92,203.92
246.12,246.12
272.91,272.91
256.14,256.14
223.5,223.5
220.87,220.87
254.23,254.23
281.75,281.75
271.22,271.22
240.5,240.5
233.28,233.28
260.08,260.08
285.59,285.59
275.34,275.34
241.64,241.64
227.2,227.2
247.61,247.61
271.31,271.31
261.73,261.73
226.22,226.22
206.48,206.48
222.91,222.91
248.39,248.39
243.86,243.86
210.58,210.58
188.57,188.57
202.48,202.48
228.99,228.99
227.48,227.48
194.44,194.44
167.16,167.16
173.87,173.87
196.74,196.74
193.87,193.87
155.99,155.99
118.95,118.95
116.97,116.97
139.48,139.48
147.28,147.28
124.47,124.47
99.11,99.11
103.97,103.97
132.52,132.52
147.78,147.78
129.12,129.12
99.14,99.14
92.89,92.89
113.2,113.2
127.56,127.56
113.77,113.77
87.06,87.06
80.36,80.36
100.2,100.2
116.84,116.84
104.58,104.58
74.89,74.89
61.22,61.22
75.67,75.67
92.97,92.97
84.61,84.61
56.8,56.8
41.98,41.98
55.31,55.31
74.5,74.5
69.25,69.25
41.28,41.28
22.33,22.33
32.03,32.03
52.66,52.66
52.06,52.06
27.23,27.23
7.62,7.62
15.69,15.69
36.44,36.44
37.73,37.73
13.25,13.25
-8.75,-8.75
-4.05,-4.05
15.38,15.38
17.36,17.36
-7.44,-7.44
-32.5,-32.5
-30.59,-30.59
-9.69,-9.69
-2.97,-2.97
-24.81,-24.81
-53.19,-53.19
-58.06,-58.06
-40.13,-40.13
-30.84,-30.84
-49.66,-49.66
-79.03,-79.03
-87.37,-87.37
-70.16,-70.16
-57.56,-57.56
-74.56,-74.56
-107.16,-107.16
-120.19,-120.19
-103.31,-103.31
-85.59,-85.59
-97.78,-97.78
-130.34,-130.34
-145.34,-145.34
-126.91,-126.91
-102.12,-102.12
-106.81,-106.81
-136.97,-136.97
-153.53,-153.53
-134.44,-134.44
-104.25,-104.25
-102.09,-102.09
-130.41,-130.41
-150.47,-150.47
-135.56,-135.56
-104.75,-104.75
-99.22,-99.22
-126.75,-126.75
-151.97,-151.97
-143.47,-143.47
-114.0,-114.0
-104.06,-104.06
-127.91,-127.91
-155.56,-155.56
-152.66,-152.66
-126.25,-126.25
-115.59,-115.59
-139.75,-139.75
-172.16,-172.16
-174.28,-174.28
-146.31,-146.31
-128.09,-128.09
-146.03,-146.03
-178.53,-178.53
-184.44,-184.44
-158.03,-158.03
-137.84,-137.84
-155.81,-155.81
-194.59,-194.59
-209.25,-209.25
-185.97,-185.97
-160.91,-160.91
-172.03,-172.03
-210.03,-210.03
-229.37,-229.37
-208.78,-208.78
-179.09,-179.09
-181.16,-181.16
-212.16,-212.16
-228.87,-228.87
-205.12,-205.12
-166.31,-166.31
-156.09,-156.09
-179.19,-179.19
-195.78,-195.78
-175.19,-175.19
-137.28,-137.28
-126.19,-126.19
-152.69,-152.69
-178.66,-178.66
-167.87,-167.87
-132.66,-132.66
-117.5,-117.5
-138.95,-138.95
-164.19,-164.19
-154.42,-154.42
-116.23,-116.23
-93.86,-93.86
-110.69,-110.69
-138.33,-138.33
-134.47,-134.47
-98.61,-98.61
-73.31,-73.31
-86.98,-86.98
-117.03,-117.03
-119.03,-119.03
-85.73,-85.73
-56.48,-56.48
-64.75,-64.75
-93.92,-93.92
-99.56,-99.56
-68.39,-68.39
-36.49,-36.49
-41.13,-41.13
-72.47,-72.47
-85.76,-85.76
-61.16,-61.16
-30.04,-30.04
-32.94,-32.94
-66.06,-66.06
-84.87,-84.87
-63.24,-63.24
-27.05,-27.05
-19.69,-19.69
-43.64,-43.64
-58.12,-58.12
-33.2,-33.2
9.74,9.74
24.79,24.79
2.7,2.7
-18.45,-18.45
-2.14,-2.14
37.76,37.76
55.8,55.8
35.91,35.91
11.45,11.45
21.21,21.21
57.88,57.88
77.45,77.45
58.34,58.34
30.64,30.64
36.44,36.44
74.92,74.92
102.3,102.3
90.41,90.41
64.11,64.11
67.55,67.55
106.7,106.7
140.22,140.22
133.91,133.91
105.14,105.14
98.62,98.62
127.64,127.64
156.37,156.37
149.58,149.58
120.08,120.08
114.58,114.58
153.59,153.59
206.5,206.5
232.62,232.62
231.22,231.22
236.06,236.06
267.31,267.31
304.5,304.5
314.31,314.31
295.22,295.22
278.0,278.0
284.91,284.91
301.69,301.69
298.03,298.03
270.37,270.37
247.19,247.19
250.66,250.66
265.28,265.28
258.28,258.28
223.28,223.28
189.81,189.81
186.62,186.62
203.19,203.19
203.09,203.09
172.19,172.19
135.81,135.81
126.72,126.72
140.97,140.97
143.06,143.06
112.59,112.59
72.66,72.66
61.31,61.31
80.56,80.56
92.62,92.62
69.31,69.31
29.47,29.47
14.97,14.97
36.34,36.34
58.78,58.78
48.5,48.5
16.56,16.56
4.41,4.41
27.09,27.09
53.34,53.34
45.34,45.34
10.41,10.41
-8.72,-8.72
10.09,10.09
40.22,40.22
39.84,39.84
7.19,7.19
-17.69,-17.69
-6.06,-6.06
20.72,20.72
20.75,20.75
-13.5,-13.5
-45.41,-45.41
-42.28,-42.28
-18.66,-18.66
-16.5,-16.5
-48.38,-48.38
-79.47,-79.47
-73.97,-73.97
-43.28,-43.28
-32.38,-32.38
-61.31,-61.31
-99.22,-99.22
-105.28,-105.28
-81.75,-81.75
-70.44,-70.44
-95.97,-95.97
-132.22,-132.22
-135.41,-135.41
-102.28,-102.28
-74.69,-74.69
-85.34,-85.34
-115.87,-115.87
-122.87,-122.87
-95.53,-95.53
-70.19,-70.19
-81.31,-81.31
-113.56,-113.56
-121.5,-121.5
-87.09,-87.09
-42.75,-42.75
-28.56,-28.56
-39.25,-39.25
-33.06,-33.06
12.06,12.06
68.53,68.53
95.22,95.22
91.87,91.87
98.59,98.59
142.69,142.69
200.16,200.16
227.78,227.78
216.87,216.87
202.81,202.81
216.31,216.31
244.44,244.44
249.5,249.5
221.97,221.97
192.69,192.69
192.62,192.62
211.78,211.78
211.47,211.47
176.66,176.66
136.37,136.37
126.44,126.44
141.56,141.56
141.03,141.03
103.0,103.0
53.53,53.53
34.0,34.0
47.66,47.66
55.19,55.19
27.16,27.16
-18.41,-18.41
-39.28,-39.28
-26.47,-26.47
-15.78,-15.78
-40.41,-40.41
-86.84,-86.84
-112.56,-112.56
-102.03,-102.03
-86.59,-86.59
-102.28,-102.28
-141.78,-141.78
-163.44,-163.44
-145.84,-145.84
-116.41,-116.41
-114.72,-114.72
-140.03,-140.03
-153.09,-153.09
-128.0,-128.0
-87.12,-87.12
-72.34,-72.34
-89.94,-89.94
-103.12,-103.12
-81.94,-81.94
-42.66,-42.66
-26.75,-26.75
-45.22,-45.22
-64.75,-64.75
-50.84,-50.84
-13.34,-13.34
6.34,6.34
-9.16,-9.16
-29.75,-29.75
-18.66,-18.66
19.06,19.06
41.97,41.97
26.66,26.66
-1.28,-1.28
-1.22,-1.22
30.09,30.09
54.13,54.13
43.19,43.19
16.06,16.06
13.97,13.97
45.34,45.34
74.22,74.22
68.06,68.06
40.69,40.69
33.81,33.81
62.0,62.0
93.66,93.66
92.28,92.28
65.66,65.66
53.75,53.75
76.69,76.69
106.16,106.16
103.34,103.34
69.31,69.31
44.06,44.06
54.03,54.03
77.41,77.41
73.56,73.56
37.72,37.72
6.97,6.97
11.5,11.5
35.25,35.25
37.0,37.0
5.25,5.25
-26.25,-26.25
-24.41,-24.41
0.41,0.41
7.22,7.22
-20.25,-20.25
-51.75,-51.75
-50.44,-50.44
-20.62,-20.62
-3.06,-3.06
-19.94,-19.94
-46.66,-46.66
-43.84,-43.84
-9.84,-9.84
16.62,16.62
7.84,7.84
-17.34,-17.34
-18.06,-18.06
13.97,13.97
43.72,43.72
39.19,39.19
13.69,13.69
8.41,8.41
36.69,36.69
67.19,67.19
64.69,64.69
37.41,37.41
26.41,26.41
50.97,50.97
83.84,83.84
86.12,86.12
60.38,60.38
45.84,45.84
67.44,67.44
101.84,101.84
107.91,107.91
80.41,80.41
56.13,56.13
66.34,66.34
94.44,94.44
100.25,100.25
73.0,73.0
46.75,46.75
54.97,54.97
86.12,86.12
98.22,98.22
74.44,74.44
44.59,44.59
46.28,46.28
74.22,74.22
89.12,89.12
68.12,68.12
36.78,36.78
34.5,34.5
62.25,62.25
80.97,80.97
63.75,63.75
30.66,30.66
23.41,23.41
50.69,50.69
76.22,76.22
68.02,68.02
39.38,39.38
31.23,31.23
57.66,57.66
86.59,86.59
83.23,83.23
55.16,55.16
43.58,43.58
66.84,66.84
97.14,97.14
95.39,95.39
63.41,63.41
41.44,41.44
55.17,55.17
82.52,82.52
83.61,83.61
54.17,54.17
31.0,31.0
42.53,42.53
71.2,71.2
76.59,76.59
48.42,48.42
21.52,21.52
28.59,28.59
57.61,57.61
67.59,67.59
43.97,43.97
16.81,16.81
22.41,22.41
54.19,54.19
70.42,70.42
49.0,49.0
15.77,15.77
11.84,11.84
38.69,38.69
57.53,57.53
40.95,40.95
8.02,8.02
-0.37,-0.37
23.32,23.32
43.29,43.29
28.07,28.07
-8.52,-8.52
-26.01,-26.01
-11.6,-11.6
2.44,2.44
-19.16,-19.16
-67.05,-67.05
-98.49,-98.49
-92.39,-92.39
-75.82,-75.82
-85.15,-85.15
-117.38,-117.38
-131.54,-131.54
-103.31,-103.31
-56.07,-56.07
-31.0,-31.0
-33.4,-33.4
-26.53,-26.53
17.53,17.53
79.69,79.69
115.27,115.27
111.25,111.25
100.26,100.26
114.6,114.6
143.54,143.54
146.45,146.45
108.81,108.81
62.74,62.74
47.59,47.59
61.07,61.07
64.91,64.91
37.21,37.21
1.77,1.77
-5.62,-5.62
15.32,15.32
27.32,27.32
5.95,5.95
-27.73,-27.73
-34.09,-34.09
-6.64,-6.64
18.31,18.31
10.05,10.05
-17.17,-17.17
-23.87,-23.87
2.73,2.73
30.61,30.61
26.22,26.22
-1.39,-1.39
-12.73,-12.73
9.77,9.77
38.81,38.81
38.58,38.58
11.36,11.36
-4.62,-4.62
13.53,13.53
43.03,43.03
45.0,45.0
15.95,15.95
-6.84,-6.84
4.58,4.58
32.39,32.39
36.69,36.69
7.19,7.19
-22.78,-22.78
-21.22,-21.22
0.56,0.56
2.66,2.66
-28.5,-28.5
-62.66,-62.66
-63.72,-63.72
-38.5,-38.5
-28.28,-28.28
-53.88,-53.88
-89.75,-89.75
-96.78,-96.78
-75.22,-75.22
-63.59,-63.59
-87.59,-87.59
-125.59,-125.59
-135.47,-135.47
-110.72,-110.72
-88.22,-88.22
-100.37,-100.37
-133.69,-133.69
-146.41,-146.41
-125.22,-125.22
-101.25,-101.25
-108.19,-108.19
-135.84,-135.84
-143.69,-143.69
-114.22,-114.22
-77.22,-77.22
-71.06,-71.06
-92.69,-92.69
-101.87,-101.87
-75.47,-75.47
-38.25,-38.25
-31.66,-31.66
-58.59,-58.59
-79.78,-79.78
-65.78,-65.78
-34.13,-34.13
-26.28,-26.28
-52.47,-52.47
-78.94,-78.94
-72.62,-72.62
-46.13,-46.13
-39.38,-39.38
-66.16,-66.16
-94.72,-94.72
-89.22,-89.22
-56.53,-56.53
-38.84,-38.84
-58.84,-58.84
-91.66,-91.66
-97.66,-97.66
-75.31,-75.31
-61.44,-61.44
-80.16,-80.16
-110.47,-110.47
-112.47,-112.47
-81.94,-81.94
-57.16,-57.16
-69.12,-69.12
-102.44,-102.44
-115.47,-115.47
-94.34,-94.34
-70.62,-70.62
-77.91,-77.91
-107.84,-107.84
-121.72,-121.72
-103.22,-103.22
-80.12,-80.12
-86.97,-86.97
-119.25,-119.25
-136.72,-136.72
-116.0,-116.0
-80.19,-80.19
-68.47,-68.47
-85.59,-85.59
-96.78,-96.78
-76.84,-76.84
-44.34,-44.34
-38.66,-38.66
-67.97,-67.97
-97.03,-97.03
-93.56,-93.56
-68.59,-68.59
-61.38,-61.38
-86.19,-86.19
-114.25,-114.25
-114.81,-114.81
-96.34,-96.34
-96.53,-96.53
-129.97,-129.97
-166.31,-166.31
-167.56,-167.56
-137.25,-137.25
-116.22,-116.22
-131.59,-131.59
-164.56,-164.56
-177.47,-177.47
-163.22,-163.22
-154.81,-154.81
-178.47,-178.47
-216.91,-216.91
-229.94,-229.94
-206.56,-206.56
-178.62,-178.62
-179.41,-179.41
-200.16,-200.16
-202.97,-202.97
-172.94,-172.94
-139.91,-139.91
-139.66,-139.66
-167.66,-167.66
-184.62,-184.62
-168.16,-168.16
-141.53,-141.53
-143.16,-143.16
-174.75,-174.75
-199.28,-199.28
-189.03,-189.03
-162.87,-162.87
-159.66,-159.66
-186.97,-186.97
-210.25,-210.25
-199.28,-199.28
-167.87,-167.87
-156.47,-156.47
-178.16,-178.16
-201.37,-201.37
-191.37,-191.37
-155.16,-155.16
-131.75,-131.75
-140.28,-140.28
-153.97,-153.97
-136.5,-136.5
-90.94,-90.94
-57.77,-57.77
-62.14,-62.14
-82.97,-82.97
-79.58,-79.58
-46.73,-46.73
-19.91,-19.91
-29.34,-29.34
-58.42,-58.42
-67.23,-67.23
-43.45,-43.45
-19.64,-19.64
-28.28,-28.28
-60.34,-60.34
-76.86,-76.86
-61.45,-61.45
-39.69,-39.69
-44.11,-44.11
-70.98,-70.98
-86.6,-86.6
-71.32,-71.32
-45.66,-45.66
-41.73,-41.73
-60.08,-60.08
-70.5,-70.5
-51.07,-51.07
-18.55,-18.55
-6.34,-6.34
-19.98,-19.98
-29.49,-29.49
-9.16,-9.16
26.73,26.73
41.79,41.79
25.21,25.21
6.52,6.52
16.76,16.76
48.15,48.15
63.74,63.74
46.69,46.69
23.28,23.28
28.08,28.08
59.09,59.09
80.05,80.05
70.05,70.05
50.64,50.64
58.16,58.16
94.33,94.33
122.92,122.92
117.22,117.22
95.06,95.06
96.34,96.34
131.59,131.59
168.02,168.02
172.81,172.81
155.05,155.05
152.67,152.67
180.78,180.78
211.12,211.12
208.91,208.91
179.41,179.41
160.19,160.19
171.84,171.84
192.12,192.12
185.19,185.19
151.53,151.53
127.41,127.41
139.25,139.25
167.69,167.69
174.37,174.37
151.44,151.44
131.72,131.72
144.37,144.37
176.44,176.44
188.66,188.66
168.47,168.47
144.97,144.97
150.16,150.16
176.28,176.28
185.37,185.37
160.34,160.34
127.78,127.78
123.0,123.0
145.0,145.0
157.28,157.28
137.41,137.41
106.47,106.47
101.03,101.03
125.62,125.62
145.72,145.72
134.62,134.62
107.84,107.84
103.56,103.56
131.28,131.28
160.0,160.0
159.16,159.16
139.81,139.81
139.62,139.62
173.41,173.41
213.37,213.37
224.69,224.69
211.09,211.09
208.62,208.62
237.37,237.37
273.84,273.84
283.16,283.16
263.87,263.87
250.97,250.97
269.12,269.12
300.59,300.59
309.22,309.22
289.47,289.47
274.12,274.12
291.34,291.34
327.16,327.16
343.06,343.06
325.78,325.78
303.34,303.34
308.09,308.09
333.72,333.72
344.59,344.59
323.53,323.53
295.12,295.12
291.94,291.94
313.25,313.25
324.81,324.81
305.22,305.22
273.75,273.75
264.03,264.03
280.12,280.12
291.25,291.25
273.75,273.75
241.37,241.37
227.25,227.25
238.72,238.72
247.78,247.78
227.75,227.75
190.34,190.34
170.5,170.5
180.34,180.34
192.28,192.28
174.62,174.62
133.56,133.56
105.87,105.87
110.66,110.66
124.16,124.16
111.48,111.48
71.94,71.94
40.22,40.22
40.3,40.3
54.38,54.38
47.3,47.3
13.03,13.03
-16.41,-16.41
-14.34,-14.34
5.47,5.47
6.08,6.08
-23.3,-23.3
-53.41,-53.41
-53.49,-53.49
-32.31,-32.31
-26.82,-26.82
-53.38,-53.38
-86.93,-86.93
-93.66,-93.66
-76.32,-76.32
-68.88,-68.88
-91.99,-91.99
-124.38,-124.38
-131.2,-131.2
-108.94,-108.94
-90.62,-90.62
-102.7,-102.7
-130.41,-130.41
-138.1,-138.1
-116.69,-116.69
-95.46,-95.46
-102.41,-102.41
-127.28,-127.28
-135.4,-135.4
-114.18,-114.18
-91.39,-91.39
-98.29,-98.29
-128.11,-128.11
-143.89,-143.89
-127.01,-127.01
-100.25,-100.25
-98.49,-98.49
-122.47,-122.47
-138.7,-138.7
-126.03,-126.03
-102.7,-102.7
-103.33,-103.33
-132.67,-132.67
-157.22,-157.22
-149.53,-149.53
-121.64,-121.64
-108.98,-108.98
-122.94,-122.94
-136.73,-136.73
-122.62,-122.62
-89.14,-89.14
-71.69,-71.69
-86.14,-86.14
-108.45,-108.45
-106.8,-106.8
-83.37,-83.37
-70.67,-70.67
-88.56,-88.56
-115.78,-115.78
-119.47,-119.47
-96.87,-96.87
-80.22,-80.22
-92.69,-92.69
-118.53,-118.53
-122.62,-122.62
-98.19,-98.19
-75.19,-75.19
-81.62,-81.62
-106.25,-106.25
-113.62,-113.62
-91.94,-91.94
-67.94,-67.94
-72.62,-72.62
-99.0,-99.0
-112.16,-112.16
-94.16,-94.16
-68.03,-68.03
-67.69,-67.69
-92.78,-92.78
-110.41,-110.41
-98.87,-98.87
-75.66,-75.66
-75.16,-75.16
-101.62,-101.62
-124.09,-124.09
-116.59,-116.59
-92.91,-92.91
-88.41,-88.41
-111.94,-111.94
-134.5,-134.5
-126.56,-126.56
-96.94,-96.94
-81.09,-81.09
-94.09,-94.09
-111.72,-111.72
-102.69,-102.69
-71.47,-71.47
-53.25,-53.25
-66.97,-66.97
-91.03,-91.03
-90.37,-90.37
-62.94,-62.94
-41.0,-41.0
-48.53,-48.53
-68.97,-68.97
-67.47,-67.47
-37.19,-37.19
-8.97,-8.97
-10.5,-10.5
-31.5,-31.5
-37.31,-37.31
-17.06,-17.06
2.53,2.53
-7.59,-7.59
-37.88,-37.88
-52.09,-52.09
-32.19,-32.19
-1.97,-1.97
4.72,4.72
-12.88,-12.88
-24.09,-24.09
-8.69,-8.69
15.09,15.09
14.88,14.88
-12.56,-12.56
-36.53,-36.53
-32.5,-32.5
-15.25,-15.25
-19.41,-19.41
-53.28,-53.28
-88.09,-88.09
-94.31,-94.31
-80.22,-80.22
-79.75,-79.75
-107.5,-107.5
-139.0,-139.0
-143.19,-143.19
-123.03,-123.03
-111.09,-111.09
-125.22,-125.22
-144.44,-144.44
-137.47,-137.47
-103.56,-103.56
-74.44,-74.44
-73.56,-73.56
-86.19,-86.19
-79.69,-79.69
-49.22,-49.22
-24.53,-24.53
-30.81,-30.81
-56.28,-56.28
-65.78,-65.78
-47.16,-47.16
-26.72,-26.72
-33.44,-33.44
-61.59,-61.59
-78.0,-78.0
-66.5,-66.5
-49.56,-49.56
-59.06,-59.06
-93.69,-93.69
-121.0,-121.0
-119.53,-119.53
-107.81,-107.81
-118.44,-118.44
-154.44,-154.44
-185.34,-185.34
-187.19,-187.19
-174.97,-174.97
-182.62,-182.62
-217.91,-217.91
-252.09,-252.09
-256.16,-256.16
-239.66,-239.66
-237.28,-237.28
-263.37,-263.37
-293.22,-293.22
-296.97,-296.97
-277.16,-277.16
-265.97,-265.97
-279.59,-279.59
-295.31,-295.31
-280.84,-280.84
-234.72,-234.72
-189.22,-189.22
-167.61,-167.61
-156.92,-156.92
-128.05,-128.05
-76.94,-76.94
-32.52,-32.52
-18.25,-18.25
-20.86,-20.86
-6.45,-6.45
36.08,36.08
80.22,80.22
96.7,96.7
89.25,89.25
87.62,87.62
104.98,104.98
121.42,121.42
111.2,111.2
79.05,79.05
57.43,57.43
65.75,65.75
86.23,86.23
89.02,89.02
71.27,71.27
59.91,59.91
76.4,76.4
106.23,106.23
118.52,118.52
104.18,104.18
86.2,86.2
88.13,88.13
102.53,102.53
102.77,102.77
79.25,79.25
54.94,54.94
55.84,55.84
77.47,77.47
89.89,89.89
77.18,77.18
55.83,55.83
51.67,51.67
65.78,65.78
72.26,72.26
55.41,55.41
30.21,30.21
24.74,24.74
42.82,42.82
58.22,58.22
48.97,48.97
24.55,24.55
13.1,13.1
23.25,23.25
32.3,32.3
16.78,16.78
-16.37,-16.37
-38.45,-38.45
-36.84,-36.84
-29.73,-29.73
-42.67,-42.67
-72.5,-72.5
-92.29,-92.29
-85.64,-85.64
-69.79,-69.79
-71.56,-71.56
-93.81,-93.81
-110.6,-110.6
-103.22,-103.22
-84.12,-84.12
-80.7,-80.7
-99.06,-99.06
-115.22,-115.22
-106.97,-106.97
-82.03,-82.03
-68.81,-68.81
-77.44,-77.44
-87.48,-87.48
-74.92,-74.92
-45.22,-45.22
-26.77,-26.77
-34.5,-34.5
-50.14,-50.14
-46.39,-46.39
-21.91,-21.91
-2.89,-2.89
-6.81,-6.81
-18.69,-18.69
-11.72,-11.72
17.72,17.72
44.13,44.13
45.75,45.75
32.88,32.88
34.38,34.38
58.34,58.34
82.59,82.59
83.87,83.87
69.09,69.09
66.47,66.47
88.84,88.84
116.25,116.25
123.12,123.12
112.19,112.19
110.09,110.09
131.97,131.97
160.91,160.91
168.78,168.78
153.06,153.06
139.75,139.75
148.5,148.5
166.91,166.91
167.87,167.87
145.53,145.53
123.91,123.91
124.19,124.19
137.22,137.22
134.84,134.84
107.22,107.22
75.84,75.84
65.22,65.22
71.22,71.22
68.37,68.37
43.81,43.81
15.94,15.94
11.09,11.09
27.78,27.78
39.56,39.56
27.75,27.75
6.0,6.0
1.25,1.25
18.75,18.75
36.34,36.34
35.03,35.03
24.22,24.22
29.53,29.53
57.25,57.25
85.72,85.72
92.19,92.19
83.31,83.31
86.25,86.25
112.91,112.91
145.28,145.28
158.62,158.62
153.81,153.81
154.75,154.75
175.94,175.94
200.87,200.87
205.31,205.31
187.69,187.69
173.44,173.44
180.31,180.31
196.56,196.56
196.44,196.44
175.5,175.5
157.44,157.44
163.06,163.06
182.62,182.62
188.94,188.94
172.19,172.19
152.81,152.81
154.37,154.37
171.56,171.56
177.37,177.37
159.37,159.37
135.25,135.25
131.06,131.06
145.87,145.87
153.81,153.81
138.44,138.44
114.12,114.12
107.75,107.75
122.5,122.5
134.03,134.03
122.94,122.94
100.44,100.44
94.12,94.12
111.87,111.87
130.94,130.94
128.03,128.03
110.16,110.16
103.44,103.44
119.75,119.75
139.16,139.16
137.59,137.59
118.03,118.03
105.87,105.87
116.09,116.09
131.94,131.94
128.34,128.34
104.78,104.78
87.66,87.66
95.44,95.44
114.87,114.87
118.12,118.12
99.34,99.34
81.44,81.44
85.19,85.19
100.66,100.66
101.47,101.47
78.75,78.75
54.72,54.72
53.66,53.66
70.34,70.34
77.12,77.12
60.84,60.84
38.94,38.94
37.22,37.22
54.75,54.75
65.12,65.12
51.66,51.66
30.56,30.56
28.62,28.62
50.22,50.22
69.59,69.59
66.31,66.31
50.78,50.78
50.13,50.13
71.22,71.22
91.12,91.12
86.81,86.81
66.31,66.31
57.72,57.72
72.19,72.19
89.0,89.0
82.44,82.44
53.89,53.89
28.36,28.36
16.8,16.8
-5.41,-5.41
-70.66,-70.66
-178.3,-178.3
-288.17,-288.17
-358.27,-358.27
-377.66,-377.66
-359.31,-359.31
-308.84,-308.84
-217.27,-217.27
-88.52,-88.52
41.34,41.34
125.25,125.25
145.62,145.62
126.78,126.78
103.34,103.34
84.61,84.61
58.53,58.53
24.19,24.19
6.91,6.91
30.77,30.77
87.42,87.42
139.79,139.79
161.16,161.16
160.3,160.3
163.68,163.68
179.01,179.01
189.16,189.16
179.7,179.7
163.3,163.3
165.77,165.77
192.44,192.44
219.34,219.34
222.96,222.96
208.52,208.52
199.93,199.93
207.38,207.38
213.49,213.49
198.25,198.25
167.38,167.38
147.01,147.01
150.56,150.56
161.05,161.05
153.67,153.67
127.58,127.58
106.21,106.21
106.53,106.53
116.32,116.32
111.51,111.51
87.73,87.73
66.89,66.89
67.24,67.24
79.07,79.07
77.03,77.03
53.27,53.27
28.19,28.19
22.84,22.84
32.05,32.05
30.66,30.66
7.28,7.28
-19.89,-19.89
-27.56,-27.56
-16.91,-16.91
-13.34,-13.34
-32.05,-32.05
-59.09,-59.09
-68.12,-68.12
-57.31,-57.31
-50.63,-50.63
-66.94,-66.94
-95.37,-95.37
-109.53,-109.53
-102.03,-102.03
-95.09,-95.09
-109.22,-109.22
-137.16,-137.16
-153.12,-153.12
-146.37,-146.37
-135.44,-135.44
-143.56,-143.56
-166.62,-166.62
-178.19,-178.19
-164.34,-164.34
-141.87,-141.87
-136.59,-136.59
-149.31,-149.31
-156.41,-156.41
-141.19,-141.19
-116.31,-116.31
-108.16,-108.16
-120.53,-120.53
-131.06,-131.06
-119.94,-119.94
-97.44,-97.44
-90.09,-90.09
-106.84,-106.84
-126.62,-126.62
-128.0,-128.0
-116.06,-116.06
-116.5,-116.5
-140.37,-140.37
-169.81,-169.81
-180.37,-180.37
-173.62,-173.62
-174.62,-174.62
-198.62,-198.62
-230.62,-230.62
-243.81,-243.81
-234.56,-234.56
-226.37,-226.37
-237.44,-237.44
-257.62,-257.62
-261.62,-261.62
-244.81,-244.81
-229.56,-229.56
-237.94,-237.94
-261.94,-261.94
-273.94,-273.94
-263.31,-263.31
-248.25,-248.25
-252.5,-252.5
-272.94,-272.94
-284.37,-284.37
-273.19,-273.19
-256.06,-256.06
-257.31,-257.31
-277.5,-277.5
-291.94,-291.94
-283.75,-283.75
-266.56,-266.56
-266.25,-266.25
-287.62,-287.62
-307.06,-307.06
-302.75,-302.75
-282.62,-282.62
-272.0,-272.0
-279.62,-279.62
-286.62,-286.62
-273.5,-273.5
-247.5,-247.5
-236.19,-236.19
-251.44,-251.44
-276.25,-276.25
-286.31,-286.31
-284.25,-284.25
-294.87,-294.87
-333.87,-333.87
-385.25,-385.25
-420.81,-420.81
-434.0,-434.0
-442.25,-442.25
-460.06,-460.06
-479.94,-479.94
-483.31,-483.31
-466.34,-466.34
-445.44,-445.44
-435.16,-435.16
-433.16,-433.16
-426.12,-426.12
-408.56,-408.56
-390.37,-390.37
-380.78,-380.78
-378.72,-378.72
-374.12,-374.12
-362.0,-362.0
-346.69,-346.69
-333.97,-333.97
-323.06,-323.06
-307.22,-307.22
-283.94,-283.94
-260.37,-260.37
-242.19,-242.19
-220.16,-220.16
-172.81,-172.81
-88.09,-88.09
17.61,17.61
114.58,114.58
194.41,194.41
277.98,277.98
384.98,384.98
505.47,505.47
607.02,607.02
666.3,666.3
685.2,685.2
679.8,679.8
664.87,664.87
648.21,648.21
633.62,633.62
622.05,622.05
612.0,612.0
601.45,601.45
589.15,589.15
574.63,574.63
558.4,558.4
541.74,541.74
525.39,525.39
510.12,510.12
495.41,495.41
481.51,481.51
467.66,467.66
454.12,454.12
440.38,440.38
426.95,426.95
413.58,413.58
400.27,400.27
387.27,387.27
374.83,374.83
362.45,362.45
350.13,350.13
338.11,338.11
326.4,326.4
314.76,314.76
303.42,303.42
292.13,292.13
281.16,281.16
270.49,270.49
259.88,259.88
249.33,249.33
239.09,239.09
229.15,229.15
219.27,219.27
209.45,209.45
199.94,199.94
190.73,190.73
181.58,181.58
172.48,172.48
162.94,162.94
152.96,152.96
143.05,143.05
134.21,134.21
126.43,126.43
118.95,118.95
110.53,110.53
101.91,101.91
93.86,93.86
87.36,87.36
80.66,80.66
71.52,71.52
59.19,59.19
46.96,46.96
39.09,39.09
35.29,35.29
30.52,30.52
20.78,20.78
9.14,9.14
1.34,1.34
-0.64,-0.64
-3.59,-3.59
-14.02,-14.02
-29.59,-29.59
-40.78,-40.78
-42.36,-42.36
-41.66,-41.66
-49.95,-49.95
-66.69,-66.69
-80.23,-80.23
-82.16,-82.16
-80.8,-80.8
-90.7,-90.7
-112.48,-112.48
-129.56,-129.56
-129.19,-129.19
-120.83,-120.83
-125.78,-125.78
-149.66,-149.66
-174.53,-174.53
-180.16,-180.16
-169.47,-169.47
-165.34,-165.34
-181.72,-181.72
-204.94,-204.94
-211.16,-211.16
-200.28,-200.28
-195.47,-195.47
-214.19,-214.19
-244.69,-244.69
-259.87,-259.87
-253.41,-253.41
-247.94,-247.94
-264.97,-264.97
-296.31,-296.31
-313.34,-313.34
-305.66,-305.66
-293.5,-293.5
-300.91,-300.91
-323.22,-323.22
-333.25,-333.25
-316.66,-316.66
-291.16,-291.16
-283.84,-283.84
-297.56,-297.56
-307.09,-307.09
-294.53,-294.53
-272.5,-272.5
-265.66,-265.66
-277.31,-277.31
-284.84,-284.84
-267.72,-267.72
-238.75,-238.75
-227.0,-227.0
-242.31,-242.31
-261.97,-261.97
-261.91,-261.91
-244.28,-244.28
-235.81,-235.81
-248.84,-248.84
-265.25,-265.25
-259.95,-259.95
-235.17,-235.17
-217.58,-217.58
-224.11,-224.11
-239.05,-239.05
-235.81,-235.81
-211.58,-211.58
-191.53,-191.53
-197.14,-197.14
-216.66,-216.66
-220.97,-220.97
-201.72,-201.72
-180.59,-180.59
-181.66,-181.66
-197.17,-197.17
-200.02,-200.02
-179.8,-179.8
-156.24,-156.24
-154.87,-154.87
-171.5,-171.5
-178.95,-178.95
-161.8,-161.8
-137.28,-137.28
-132.97,-132.97
-149.18,-149.18
-160.21,-160.21
-147.12,-147.12
-123.63,-123.63
-116.83,-116.83
-132.58,-132.58
-146.16,-146.16
-136.6,-136.6
-112.61,-112.61
-100.81,-100.81
-110.61,-110.61
-119.8,-119.8
-106.89,-106.89
-78.09,-78.09
-62.53,-62.53
-72.61,-72.61
-89.09,-89.09
-84.89,-84.89
-60.73,-60.73
-43.28,-43.28
-50.47,-50.47
-67.09,-67.09
-67.06,-67.06
-48.52,-48.52
-35.64,-35.64
-48.36,-48.36
-74.97,-74.97
-87.83,-87.83
-79.53,-79.53
-69.81,-69.81
-80.19,-80.19
-101.94,-101.94
-108.97,-108.97
-90.94,-90.94
-67.06,-67.06
-60.38,-60.38
-68.75,-68.75
-68.53,-68.53
-46.81,-46.81
-19.78,-19.78
-9.97,-9.97
-17.28,-17.28
-17.0,-17.0
6.25,6.25
38.81,38.81
54.31,54.31
48.16,48.16
44.59,44.59
64.5,64.5
99.25,99.25
122.12,122.12
123.31,123.31
122.5,122.5
141.62,141.62
175.31,175.31
197.19,197.19
195.31,195.31
188.69,188.69
202.56,202.56
236.56,236.56
264.44,264.44
268.81,268.81
261.56,261.56
267.12,267.12
287.06,287.06
299.56,299.56
288.37,288.37
266.75,266.75
261.5,261.5
279.31,279.31
297.87,297.87
295.75,295.75
279.87,279.87
275.06,275.06
290.75,290.75
307.31,307.31
302.62,302.62
280.94,280.94
269.12,269.12
280.44,280.44
298.56,298.56
298.0,298.0
278.62,278.62
265.44,265.44
275.75,275.75
296.5,296.5
302.75,302.75
289.87,289.87
281.06,281.06
296.06,296.06
324.37,324.37
338.12,338.12
326.94,326.94
310.31,310.31
310.06,310.06
322.75,322.75
324.56,324.56
305.25,305.25
283.62,283.62
283.12,283.12
301.31,301.31
312.06,312.06
299.37,299.37
277.06,277.06
269.19,269.19
276.25,276.25
274.0,274.0
244.75,244.75
203.25,203.25
178.81,178.81
180.06,180.06
185.06,185.06
171.44,171.44
144.94,144.94
129.62,129.62
135.5,135.5
144.25,144.25
136.19,136.19
117.87,117.87
116.0,116.0
142.87,142.87
177.44,177.44
190.44,190.44
178.31,178.31
164.25,164.25
166.81,166.81
175.56,175.56
166.94,166.94
138.62,138.62
113.81,113.81
112.69,112.69
125.81,125.81
128.06,128.06
112.06,112.06
98.62,98.62
108.06,108.06
133.12,133.12
145.75,145.75
132.69,132.69
111.75,111.75
107.5,107.5
121.0,121.0
128.81,128.81
117.12,117.12
99.94,99.94
101.69,101.69
123.44,123.44
142.19,142.19
139.44,139.44
124.75,124.75
122.94,122.94
138.62,138.62
150.87,150.87
140.25,140.25
114.69,114.69
100.62,100.62
108.12,108.12
119.37,119.37
112.19,112.19
89.56,89.56
74.37,74.37
78.81,78.81
86.19,86.19
73.5,73.5
41.44,41.44
14.13,14.13
8.31,8.31
11.81,11.81
0.81,0.81
-29.37,-29.37
-57.06,-57.06
-64.19,-64.19
-59.0,-59.0
-65.37,-65.37
-89.41,-89.41
-110.72,-110.72
-108.56,-108.56
-89.66,-89.66
-79.91,-79.91
-91.22,-91.22
-105.69,-105.69
-100.25,-100.25
-75.87,-75.87
-55.19,-55.19
-52.94,-52.94
-54.94,-54.94
-37.16,-37.16
1.47,1.47
38.47,38.47
57.38,57.38
69.37,69.37
99.0,99.0
150.56,150.56
200.16,200.16
225.5,225.5
233.09,233.09
248.59,248.59
281.87,281.87
314.09,314.09
324.22,324.22
316.19,316.19
315.44,315.44
335.64,335.64
361.62,361.62
369.8,369.8
358.11,358.11
344.45,344.45
344.14,344.14
351.02,351.02
349.53,349.53
335.5,335.5
319.8,319.8
311.94,311.94
308.61,308.61
299.02,299.02
279.96,279.96
261.04,261.04
250.5,250.5
245.52,245.52
235.79,235.79
218.37,218.37
200.08,200.08
188.42,188.42
182.09,182.09
172.05,172.05
155.06,155.06
137.21,137.21
126.25,126.25
121.12,121.12
113.78,113.78
99.72,99.72
83.53,83.53
72.23,72.23
65.78,65.78
57.13,57.13
41.27,41.27
23.06,23.06
11.28,11.28
6.09,6.09
-2.28,-2.28
-22.09,-22.09
-47.97,-47.97
-65.84,-65.84
-71.56,-71.56
-77.44,-77.44
-98.28,-98.28
-130.41,-130.41
-154.22,-154.22
-158.78,-158.78
-158.53,-158.53
-176.25,-176.25
-213.06,-213.06
-244.75,-244.75
-253.31,-253.31
-249.31,-249.31
-259.81,-259.81
-293.12,-293.12
-327.12,-327.12
-338.56,-338.56
-332.75,-332.75
-337.0,-337.0
-363.44,-363.44
-393.75,-393.75
-403.0,-403.0
-393.12,-393.12
-389.06,-389.06
-406.69,-406.69
-430.31,-430.31
-433.69,-433.69
-414.94,-414.94
-398.62,-398.62
-404.31,-404.31
-421.44,-421.44
-423.31,-423.31
-403.62,-403.62
-385.31,-385.31
-389.62,-389.62
-409.06,-409.06
-416.5,-416.5
-401.31,-401.31
-382.69,-382.69
-382.94,-382.94
-398.19,-398.19
-401.69,-401.69
-379.06,-379.06
-347.12,-347.12
-331.94,-331.94
-333.31,-333.31
-326.62,-326.62
-294.94,-294.94
-252.31,-252.31
-225.94,-225.94
-221.12,-221.12
-215.5,-215.5
-190.12,-190.12
-154.75,-154.75
-136.69,-136.69
-145.25,-145.25
-159.94,-159.94
-157.25,-157.25
-141.81,-141.81
-137.75,-137.75
-156.44,-156.44
-179.69,-179.69
-183.69,-183.69
-169.37,-169.37
-161.94,-161.94
-175.5,-175.5
-195.44,-195.44
-196.44,-196.44
-176.37,-176.37
-159.44,-159.44
-165.69,-165.69
-184.06,-184.06
-189.25,-189.25
-174.12,-174.12
-159.62,-159.62
-165.69,-165.69
-184.75,-184.75
-190.81,-190.81
-174.25,-174.25
-154.87,-154.87
-156.12,-156.12
-175.31,-175.31
-186.87,-186.87
-177.0,-177.0
-161.19,-161.19
-163.75,-163.75
-184.75,-184.75
-200.06,-200.06
-192.69,-192.69
-175.87,-175.87
-175.62,-175.62
-196.69,-196.69
-216.19,-216.19
-214.81,-214.81
-199.87,-199.87
-196.31,-196.31
-211.19,-211.19
-225.25,-225.25
-216.56,-216.56
-191.94,-191.94
-178.56,-178.56
-187.75,-187.75
-202.06,-202.06
-196.69,-196.69
-172.87,-172.87
-155.75,-155.75
-161.75,-161.75
-177.19,-177.19
-177.44,-177.44
-159.94,-159.94
-147.75,-147.75
-159.0,-159.0
-181.56,-181.56
-188.87,-188.87
-174.87,-174.87
-161.25,-161.25
-169.94,-169.94
-193.25,-193.25
-204.62,-204.62
-192.81,-192.81
-176.87,-176.87
-180.06,-180.06
-198.87,-198.87
-207.31,-207.31
-191.62,-191.62
-168.75,-168.75
-163.87,-163.87
-178.44,-178.44
-187.44,-187.44
-173.0,-173.0
-147.94,-147.94
-137.62,-137.62
-146.81,-146.81
-152.94,-152.94
-136.25,-136.25
-106.69,-106.69
-91.37,-91.37
-98.44,-98.44
-107.62,-107.62
-96.5,-96.5
-69.72,-69.72
-53.91,-53.91
-61.5,-61.5
-74.75,-74.75
-68.87,-68.87
-45.53,-45.53
-29.41,-29.41
-36.44,-36.44
-51.38,-51.38
-48.41,-48.41
-25.25,-25.25
-5.25,-5.25
-7.97,-7.97
-21.91,-21.91
-21.47,-21.47
0.75,0.75
22.5,22.5
22.78,22.78
8.56,8.56
6.22,6.22
26.66,26.66
50.16,50.16
53.42,53.42
39.41,39.41
33.27,33.27
48.67,48.67
68.94,68.94
69.0,69.0
48.3,48.3
32.78,32.78
39.91,39.91
57.46,57.46
59.09,59.09
40.7,40.7
24.97,24.97
32.13,32.13
52.46,52.46
59.36,59.36
43.93,43.93
27.14,27.14
32.0,32.0
52.56,52.56
62.42,62.42
49.43,49.43
32.55,32.55
36.32,36.32
59.3,59.3
75.32,75.32
67.93,67.93
52.34,52.34
54.89,54.89
77.91,77.91
97.2,97.2
93.3,93.3
77.67,77.67
76.44,76.44
95.69,95.69
113.0,113.0
106.64,106.64
84.83,84.83
75.2,75.2
88.64,88.64
105.95,105.95
103.58,103.58
84.22,84.22
73.53,73.53
84.66,84.66
101.44,101.44
97.81,97.81
74.19,74.19
57.5,57.5
66.25,66.25
87.87,87.87
95.56,95.56
83.62,83.62
74.56,74.56
88.34,88.34
114.44,114.44
127.06,127.06
117.78,117.78
108.59,108.59
122.19,122.19
152.16,152.16
170.34,170.34
163.81,163.81
151.59,151.59
158.94,158.94
184.47,184.47
201.72,201.72
194.03,194.03
176.62,176.62
176.87,176.87
198.31,198.31
217.03,217.03
213.31,213.31
198.37,198.37
198.5,198.5
220.37,220.37
240.25,240.25
236.62,236.62
216.81,216.81
208.06,208.06
221.69,221.69
237.87,237.87
232.37,232.37
209.44,209.44
195.62,195.62
205.44,205.44
221.81,221.81
219.31,219.31
198.31,198.31
184.19,184.19
195.44,195.44
219.06,219.06
226.69,226.69
212.19,212.19
198.31,198.31
206.0,206.0
226.12,226.12
232.0,232.0
215.31,215.31
197.19,197.19
200.5,200.5
219.5,219.5
227.56,227.56
212.5,212.5
192.75,192.75
193.44,193.44
213.37,213.37
225.06,225.06
212.31,212.31
190.19,190.19
185.5,185.5
201.56,201.56
214.0,214.0
202.25,202.25
176.31,176.31
162.81,162.81
168.94,168.94
173.75,173.75
156.0,156.0
123.12,123.12
102.5,102.5
104.31,104.31
108.62,108.62
90.56,90.56
54.75,54.75
28.44,28.44
27.87,27.87
36.31,36.31
26.94,26.94
-0.88,-0.88
-21.19,-21.19
-16.06,-16.06
-0.25,-0.25
-2.56,-2.56
-27.56,-27.56
-49.88,-49.88
-47.25,-47.25
-29.06,-29.06
-24.62,-24.62
-42.94,-42.94
-62.31,-62.31
-57.25,-57.25
-33.47,-33.47
-19.41,-19.41
-29.0,-29.0
-43.22,-43.22
-35.81,-35.81
-8.72,-8.72
9.88,9.88
2.06,2.06
-15.44,-15.44
-14.53,-14.53
8.88,8.88
28.81,28.81
23.56,23.56
4.34,4.34
0.59,0.59
19.84,19.84
38.66,38.66
33.31,33.31
10.75,10.75
-0.09,-0.09
12.91,12.91
29.53,29.53
24.75,24.75
2.5,2.5
-8.03,-8.03
8.28,8.28
31.94,31.94
33.88,33.88
12.28,12.28
-4.59,-4.59
3.91,3.91
24.09,24.09
27.34,27.34
8.31,8.31
-5.78,-5.78
7.97,7.97
37.88,37.88
52.22,52.22
39.97,39.97
25.78,25.78
36.5,36.5
66.84,66.84
86.41,86.41
79.78,79.78
66.94,66.94
76.47,76.47
107.66,107.66
130.53,130.53
125.94,125.94
110.34,110.34
114.66,114.66
143.16,143.16
167.59,167.59
165.06,165.06
147.78,147.78
146.62,146.62
170.72,170.72
194.28,194.28
190.62,190.62
167.25,167.25
154.28,154.28
164.91,164.91
177.91,177.91
167.28,167.28
137.95,137.95
121.14,121.14
133.2,133.2
154.89,154.89
154.61,154.61
129.31,129.31
106.72,106.72
107.81,107.81
119.12,119.12
111.83,111.83
80.83,80.83
52.84,52.84
50.11,50.11
61.64,61.64
55.81,55.81
22.03,22.03
-14.45,-14.45
-25.84,-25.84
-17.63,-17.63
-20.49,-20.49
-49.83,-49.83
-83.88,-83.88
-94.11,-94.11
-81.73,-81.73
-77.71,-77.71
-99.96,-99.96
-127.99,-127.99
-128.75,-128.75
-98.47,-98.47
-67.46,-67.46
-61.73,-61.73
-70.04,-70.04
-61.76,-61.76
-29.04,-29.04
2.13,2.13
5.51,5.51
-9.39,-9.39
-10.65,-10.65
14.36,14.36
41.88,41.88
42.89,42.89
21.39,21.39
8.83,8.83
23.64,23.64
45.81,45.81
44.77,44.77
18.47,18.47
-3.33,-3.33
2.06,2.06
20.16,20.16
20.59,20.59
-2.74,-2.74
-23.09,-23.09
-16.03,-16.03
6.48,6.48
12.3,12.3
-8.7,-8.7
-32.27,-32.27
-30.84,-30.84
-9.94,-9.94
0.53,0.53
-14.11,-14.11
-34.34,-34.34
-33.16,-33.16
-11.95,-11.95
2.3,2.3
-7.84,-7.84
-27.87,-27.87
-30.73,-30.73
-13.31,-13.31
0.98,0.98
-7.37,-7.37
-26.91,-26.91
-32.5,-32.5
-17.06,-17.06
-2.72,-2.72
-10.28,-10.28
-32.53,-32.53
-43.06,-43.06
-31.25,-31.25
-17.03,-17.03
-24.19,-24.19
-48.78,-48.78
-63.63,-63.63
-54.09,-54.09
-37.38,-37.38
-40.09,-40.09
-62.75,-62.75
-78.94,-78.94
-71.22,-71.22
-54.56,-54.56
-57.03,-57.03
-81.75,-81.75
-102.47,-102.47
-98.47,-98.47
-82.0,-82.0
-83.69,-83.69
-111.56,-111.56
-140.69,-140.69
-144.53,-144.53
-130.06,-130.06
-128.94,-128.94
-155.06,-155.06
-186.69,-186.69
-192.75,-192.75
-175.22,-175.22
-165.81,-165.81
-186.47,-186.47
-218.69,-218.69
-228.53,-228.53
-210.28,-210.28
-194.16,-194.16
-205.41,-205.41
-231.75,-231.75
-238.87,-238.87
-217.81,-217.81
-197.0,-197.0
-205.06,-205.06
-234.0,-234.0
-249.37,-249.37
-236.37,-236.37
-218.19,-218.19
-225.12,-225.12
-252.94,-252.94
-267.25,-267.25
-249.37,-249.37
-220.62,-220.62
-215.62,-215.62
-237.12,-237.12
-252.87,-252.87
-238.69,-238.69
-209.87,-209.87
-201.06,-201.06
-219.5,-219.5
-236.25,-236.25
-223.81,-223.81
-193.19,-193.19
-180.12,-180.12
-197.06,-197.06
-218.87,-218.87
-214.97,-214.97
-191.28,-191.28
-181.31,-181.31
-200.62,-200.62
-225.75,-225.75
-224.34,-224.34
-198.19,-198.19
-180.22,-180.22
-192.41,-192.41
-215.19,-215.19
-214.5,-214.5
-185.28,-185.28
-159.28,-159.28
-162.5,-162.5
-182.19,-182.19
-184.12,-184.12
-158.56,-158.56
-133.69,-133.69
-137.53,-137.53
-160.31,-160.31
-166.34,-166.34
-140.81,-140.81
-109.0,-109.0
-104.44,-104.44
-125.91,-125.91
-139.19,-139.19
-123.31,-123.31
-97.56,-97.56
-94.5,-94.5
-116.5,-116.5
-131.5,-131.5
-117.12,-117.12
-89.34,-89.34
-82.03,-82.03
-102.06,-102.06
-118.87,-118.87
-104.0,-104.0
-69.28,-69.28
-49.84,-49.84
-59.59,-59.59
-73.47,-73.47
-61.73,-61.73
-30.08,-30.08
-10.47,-10.47
-19.53,-19.53
-35.77,-35.77
-28.34,-28.34
1.28,1.28
20.36,20.36
8.03,8.03
-16.69,-16.69
-18.44,-18.44
8.58,8.58
34.86,34.86
34.39,34.39
19.16,19.16
22.33,22.33
52.71,52.71
81.8,81.8
82.12,82.12
62.93,62.93
58.65,58.65
83.64,83.64
112.65,112.65
114.13,114.13
91.07,91.07
76.71,76.71
90.23,90.23
111.85,111.85
108.26,108.26
78.69,78.69
56.63,56.63
66.25,66.25
90.78,90.78
95.32,95.32
72.56,72.56
51.24,51.24
59.37,59.37
84.9,84.9
93.69,93.69
72.14,72.14
46.27,46.27
46.13,46.13
65.98,65.98
73.16,73.16
51.24,51.24
23.27,23.27
21.3,21.3
44.35,44.35
58.68,58.68
42.62,42.62
14.7,14.7
10.03,10.03
33.41,33.41
53.81,53.81
44.53,44.53
18.56,18.56
10.59,10.59
31.44,31.44
52.83,52.83
45.78,45.78
19.53,19.53
8.27,8.27
26.11,26.11
48.05,48.05
41.75,41.75
11.28,11.28
-8.42,-8.42
2.8,2.8
25.67,25.67
26.58,26.58
2.48,2.48
-15.39,-15.39
-4.12,-4.12
19.31,19.31
20.78,20.78
-6.78,-6.78
-32.31,-32.31
-27.87,-27.87
-3.97,-3.97
4.72,4.72
-13.94,-13.94
-34.41,-34.41
-26.94,-26.94
1.47,1.47
16.09,16.09
-0.37,-0.37
-24.72,-24.72
-23.84,-23.84
3.53,3.53
24.44,24.44
16.37,16.37
-4.37,-4.37
-4.19,-4.19
22.5,22.5
46.22,46.22
41.69,41.69
21.69,21.69
20.91,20.91
49.09,49.09
78.28,78.28
79.91,79.91
62.28,62.28
60.06,60.06
86.84,86.84
118.62,118.62
123.34,123.34
104.5,104.5
96.84,96.84
119.44,119.44
152.59,152.59
161.91,161.91
144.37,144.37
131.22,131.22
146.19,146.19
174.47,174.47
181.72,181.72
161.62,161.62
143.97,143.97
155.91,155.91
186.25,186.25
198.75,198.75
180.62,180.62
158.69,158.69
164.12,164.12
191.75,191.75
206.06,206.06
189.0,189.0
163.06,163.06
161.31,161.31
185.06,185.06
201.06,201.06
186.69,186.69
159.37,159.37
153.75,153.75
175.19,175.19
193.44,193.44
181.94,181.94
153.81,153.81
143.37,143.37
161.56,161.56
180.5,180.5
172.06,172.06
143.62,143.62
130.19,130.19
145.56,145.56
165.81,165.81
159.87,159.87
132.19,132.19
117.25,117.25
133.87,133.87
160.12,160.12
160.87,160.87
133.56,133.56
111.5,111.5
119.87,119.87
143.91,143.91
148.44,148.44
125.37,125.37
104.03,104.03
111.87,111.87
138.12,138.12
147.87,147.87
127.75,127.75
103.28,103.28
104.53,104.53
126.0,126.0
133.75,133.75
111.44,111.44
82.53,82.53
80.62,80.62
105.0,105.0
121.37,121.37
106.56,106.56
78.62,78.62
72.94,72.94
94.56,94.56
112.44,112.44
100.91,100.91
72.97,72.97
63.75,63.75
83.87,83.87
104.81,104.81
97.53,97.53
69.31,69.31
54.56,54.56
68.97,68.97
89.47,89.47
84.75,84.75
57.59,57.59
41.41,41.41
55.63,55.63
80.22,80.22
81.03,81.03
55.09,55.09
33.91,33.91
41.63,41.63
62.56,62.56
62.5,62.5
34.47,34.47
8.66,8.66
13.09,13.09
36.72,36.72
43.66,43.66
20.25,20.25
-7.44,-7.44
-8.63,-8.63
11.45,11.45
18.84,18.84
-4.59,-4.59
-36.05,-36.05
-42.47,-42.47
-23.58,-23.58
-12.11,-12.11
-30.73,-30.73
-61.69,-61.69
-70.84,-70.84
-52.42,-52.42
-37.39,-37.39
-52.25,-52.25
-83.47,-83.47
-95.39,-95.39
-77.69,-77.69
-58.13,-58.13
-66.73,-66.73
-96.02,-96.02
-111.77,-111.77
-97.84,-97.84
-78.04,-78.04
-83.65,-83.65
-111.45,-111.45
-126.73,-126.73
-109.1,-109.1
-79.37,-79.37
-72.64,-72.64
-93.97,-93.97
-110.84,-110.84
-98.53,-98.53
-71.57,-71.57
-64.85,-64.85
-86.43,-86.43
-107.05,-107.05
-97.96,-97.96
-70.45,-70.45
-60.18,-60.18
-80.23,-80.23
-103.6,-103.6
-98.73,-98.73
-69.64,-69.64
-51.31,-51.31
-60.89,-60.89
-76.87,-76.87
-66.45,-66.45
-30.36,-30.36
-2.34,-2.34
-5.83,-5.83
-23.79,-23.79
-21.08,-21.08
7.36,7.36
31.29,31.29
24.74,24.74
1.5,1.5
-2.53,-2.53
23.23,23.23
50.25,50.25
49.02,49.02
28.04,28.04
22.25,22.25
46.01,46.01
73.54,73.54
73.31,73.31
48.82,48.82
36.3,36.3
56.39,56.39
87.79,87.79
95.63,95.63
76.64,76.64
63.31,63.31
80.09,80.09
110.96,110.96
121.28,121.28
102.48,102.48
85.09,85.09
96.36,96.36
124.5,124.5
133.11,133.11
108.87,108.87
79.35,79.35
76.58,76.58
96.32,96.32
103.87,103.87
80.09,80.09
47.75,47.75
40.7,40.7
59.47,59.47
70.8,70.8
51.03,51.03
18.67,18.67
8.86,8.86
28.12,28.12
44.72,44.72
31.91,31.91
1.7,1.7
-10.72,-10.72
6.22,6.22
24.25,24.25
13.86,13.86
-16.44,-16.44
-30.7,-30.7
-12.83,-12.83
12.38,12.38
9.86,9.86
-18.39,-18.39
-38.38,-38.38
-28.19,-28.19
-7.81,-7.81
-11.66,-11.66
-41.19,-41.19
-63.19,-63.19
-52.25,-52.25
-24.91,-24.91
-19.53,-19.53
-45.72,-45.72
-73.16,-73.16
-72.34,-72.34
-52.78,-52.78
-49.38,-49.38
-76.72,-76.72
-108.34,-108.34
-112.16,-112.16
-92.91,-92.91
-86.56,-86.56
-112.53,-112.53
-148.97,-148.97
-160.31,-160.31
-143.78,-143.78
-132.37,-132.37
-149.06,-149.06
-176.59,-176.59
-179.31,-179.31
-152.0,-152.0
-126.66,-126.66
-131.0,-131.0
-151.56,-151.56
-151.41,-151.41
-119.5,-119.5
-85.09,-85.09
-80.5,-80.5
-99.19,-99.19
-104.91,-104.91
-80.09,-80.09
-48.0,-48.0
-40.41,-40.41
-55.16,-55.16
-57.25,-57.25
-26.06,-26.06
17.09,17.09
35.59,35.59
24.41,24.41
15.84,15.84
35.59,35.59
70.66,70.66
87.16,87.16
77.47,77.47
67.62,67.62
81.09,81.09
107.94,107.94
118.28,118.28
101.75,101.75
81.09,81.09
80.62,80.62
96.16,96.16
100.53,100.53
81.34,81.34
56.81,56.81
51.5,51.5
64.22,64.22
69.84,69.84
52.13,52.13
25.59,25.59
17.28,17.28
30.53,30.53
41.69,41.69
30.44,30.44
6.06,6.06
-4.62,-4.62
7.62,7.62
22.69,22.69
17.87,17.87
-1.37,-1.37
-11.0,-11.0
1.25,1.25
19.37,19.37
20.87,20.87
5.31,5.31
-6.12,-6.12
1.56,1.56
18.94,18.94
27.19,27.19
21.81,21.81
15.5,15.5
19.0,19.0
26.69,26.69
24.31,24.31
10.19,10.19
-3.25,-3.25
-4.87,-4.87
-0.25,-0.25
-4.12,-4.12
-20.44,-20.44
-35.88,-35.88
-37.69,-37.69
-30.19,-30.19
-29.31,-29.31
-41.88,-41.88
-56.13,-56.13
-58.94,-58.94
-53.25,-53.25
-54.81,-54.81
-71.19,-71.19
-88.56,-88.56
-91.06,-91.06
-79.5,-79.5
-71.06,-71.06
-76.94,-76.94
-88.44,-88.44
-90.87,-90.87
-81.5,-81.5
-73.25,-73.25
-76.5,-76.5
-86.25,-86.25
-89.37,-89.37
-81.5,-81.5
-71.87,-71.87
-70.62,-70.62
-76.56,-76.56
-80.5,-80.5
-77.37,-77.37
-71.25,-71.25
-69.94,-69.94
-73.87,-73.87
-77.5,-77.5
-76.81,-76.81
-75.44,-75.44
-77.5,-77.5
-82.56,-82.56
-86.31,-86.31
-85.75,-85.75
-83.19,-83.19
-81.87,-81.87
-83.06,-83.06
-85.0,-85.0
-85.87,-85.87
-85.5,-85.5
-84.87,-84.87
-85.0,-85.0
-86.06,-86.06
-88.19,-88.19
-90.94,-90.94
-93.94,-93.94
-96.12,-96.12
-98.31,-98.31
-100.44,-100.44
-101.56,-101.56
-103.12,-103.12
-104.69,-104.69
-105.69,-105.69
-107.19,-107.19
-108.69,-108.69
-110.12,-110.12
-111.0,-111.0
-111.87,-111.87
-113.25,-113.25
-114.06,-114.06
-114.87,-114.87
-115.62,-115.62
-116.37,-116.37
-116.62,-116.62
-117.31,-117.31
-118.0,-118.0
-118.19,-118.19
-118.31,-118.31
-118.94,-118.94
-119.0,-119.0
-119.06,-119.06
-119.12,-119.12
-119.19,-119.19
-119.19,-119.19
-119.19,-119.19
-119.19,-119.19
-118.69,-118.69
-118.62,-118.62
-118.06,-118.06
-118.0,-118.0
-118.37,-118.37
-119.25,-119.25
-120.12,-120.12
-120.44,-120.44
-119.75,-119.75
-122.06,-122.06
-131.31,-131.31
-146.0,-146.0
-156.5,-156.5
-156.87,-156.87
-152.69,-152.69
-160.06,-160.06
-185.37,-185.37
-214.87,-214.87
-227.06,-227.06
-221.69,-221.69
-224.25,-224.25
-256.25,-256.25
-304.5,-304.5
-330.19,-330.19
-317.62,-317.62
-294.12,-294.12
-294.25,-294.25
-315.87,-315.87
-320.75,-320.75
-288.0,-288.0
-238.56,-238.56
-211.0,-211.0
-210.69,-210.69
-210.31,-210.31
-185.44,-185.44
-149.75,-149.75
-134.37,-134.37
-147.09,-147.09
-160.19,-160.19
-149.66,-149.66
-124.16,-124.16
-115.41,-115.41
-135.72,-135.72
-160.81,-160.81
-161.66,-161.66
-145.97,-145.97
-147.37,-147.37
-181.28,-181.28
-223.34,-223.34
-235.5,-235.5
-219.97,-219.97
-214.59,-214.59
-247.72,-247.72
-299.5,-299.5
-326.75,-326.75
-317.72,-317.72
-304.2,-304.2
-318.28,-318.28
-347.69,-347.69
-352.77,-352.77
-319.23,-319.23
-279.98,-279.98
-274.03,-274.03
-298.59,-298.59
-315.39,-315.39
-303.98,-303.98
-285.63,-285.63
-294.91,-294.91
-332.56,-332.56
-364.31,-364.31
-365.22,-365.22
-348.57,-348.57
-343.01,-343.01
-358.45,-358.45
-375.2,-375.2
-375.24,-375.24
-362.22,-362.22
-353.27,-353.27
-353.34,-353.34
-352.36,-352.36
-340.83,-340.83
-320.36,-320.36
-302.03,-302.03
-287.81,-287.81
-271.19,-271.19
-244.69,-244.69
-214.37,-214.37
-191.81,-191.81
-178.91,-178.91
-163.12,-163.12
-129.44,-129.44
-83.56,-83.56
-47.56,-47.56
-37.41,-37.41
-43.34,-43.34
-45.69,-45.69
-36.06,-36.06
-23.94,-23.94
-19.0,-19.0
-18.06,-18.06
-12.13,-12.13
0.25,0.25
13.0,13.0
21.62,21.62
27.19,27.19
35.69,35.69
48.13,48.13
59.94,59.94
69.12,69.12
77.19,77.19
87.19,87.19
98.62,98.62
110.37,110.37
120.56,120.56
129.62,129.62
139.06,139.06
148.37,148.37
158.62,158.62
168.75,168.75
178.75,178.75
188.62,188.62
198.37,198.37
208.0,208.0
217.0,217.0
225.37,225.37
233.75,233.75
242.37,242.37
250.37,250.37
258.37,258.37
265.75,265.75
273.5,273.5
280.62,280.62
287.62,287.62
294.25,294.25
300.5,300.5
306.75,306.75
312.87,312.87
318.62,318.62
324.0,324.0
329.5,329.5
334.5,334.5
339.62,339.62
344.12,344.12
348.75,348.75
353.0,353.0
357.0,357.0
360.87,360.87
364.62,364.62
368.37,368.37
371.75,371.75
374.75,374.75
377.75,377.75
380.5,380.5
382.87,382.87
385.25,385.25
387.37,387.37
389.62,389.62
391.87,391.87
393.75,393.75
395.5,395.5
397.0,397.0
398.37,398.37
399.25,399.25
399.75,399.75
400.12,400.12
400.75,400.75
401.37,401.37
401.87,401.87
402.0,402.0
402.12,402.12
402.25,402.25
402.25,402.25
401.87,401.87
401.5,401.5
400.87,400.87
400.12,400.12
399.5,399.5
398.5,398.5
397.5,397.5
396.37,396.37
395.37,395.37
393.87,393.87
392.5,392.5
390.87,390.87
389.37,389.37
387.62,387.62
386.62,386.62
386.62,386.62
386.5,386.5
385.25,385.25
383.5,383.5
387.75,387.75
405.87,405.87
435.75,435.75
459.12,459.12
460.62,460.62
448.0,448.0
449.25,449.25
482.5,482.5
529.5,529.5
553.75,553.75
545.25,545.25
536.0,536.0
558.87,558.87
602.62,602.62
621.25,621.25
593.75,593.75
552.75,552.75
545.62,545.62
573.25,573.25
591.75,591.75
568.75,568.75
527.62,527.62
516.37,516.37
543.75,543.75
568.62,568.62
553.25,553.25
515.37,515.37
505.25,505.25
539.62,539.62
578.62,578.62
576.5,576.5
540.12,540.12
518.37,518.37
537.5,537.5
567.37,567.37
561.37,561.37
518.12,518.12
481.5,481.5
481.25,481.25
494.0,494.0
476.75,476.75
427.0,427.0
390.25,390.25
399.5,399.5
431.5,431.5
434.0,434.0
392.37,392.37
346.87,346.87
338.37,338.37
354.62,354.62
347.12,347.12
295.62,295.62
235.12,235.12
210.37,210.37
216.5,216.5
205.62,205.62
150.81,150.81
83.37,83.37
53.31,53.31
65.0,65.0
73.19,73.19
43.19,43.19
-5.06,-5.06
-25.5,-25.5
-10.5,-10.5
-2.25,-2.25
-36.63,-36.63
-94.12,-94.12
-123.44,-123.44
-107.0,-107.0
-82.25,-82.25
-91.87,-91.87
-127.69,-127.69
-141.91,-141.91
-110.47,-110.47
-66.03,-66.03
-55.13,-55.13
-76.59,-76.59
-83.19,-83.19
-44.84,-44.84
9.66,9.66
29.91,29.91
10.81,10.81
-0.69,-0.69
32.64,32.64
90.8,90.8
123.39,123.39
114.56,114.56
98.54,98.54
111.02,111.02
144.5,144.5
162.53,162.53
148.99,148.99
126.8,126.8
124.55,124.55
140.67,140.67
150.0,150.0
138.1,138.1
117.91,117.91
108.5,108.5
109.55,109.55
103.81,103.81
82.39,82.39
57.25,57.25
44.81,44.81
43.41,43.41
34.59,34.59
7.5,7.5
-24.87,-24.87
-42.44,-42.44
-43.31,-43.31
-47.91,-47.91
-71.75,-71.75
-105.62,-105.62
-125.62,-125.62
-122.19,-122.19
-110.31,-110.31
-109.44,-109.44
-120.62,-120.62
-129.69,-129.69
-128.37,-128.37
-122.31,-122.31
-122.75,-122.75
-131.5,-131.5
-141.06,-141.06
-146.81,-146.81
-151.0,-151.0
-158.81,-158.81
-170.87,-170.87
-181.75,-181.75
-189.0,-189.0
-194.37,-194.37
-201.5,-201.5
-210.62,-210.62
-220.0,-220.0
-227.75,-227.75
-234.87,-234.87
-242.75,-242.75
-251.62,-251.62
-260.25,-260.25
-267.87,-267.87
-276.0,-276.0
-286.25,-286.25
-297.25,-297.25
-306.25,-306.25
-312.0,-312.0
-317.25,-317.25
-326.87,-326.87
-340.75,-340.75
-353.87,-353.87
-360.25,-360.25
-360.5,-360.5
-359.0,-359.0
-360.37,-360.37
-364.25,-364.25
-368.0,-368.0
-370.12,-370.12
-373.0,-373.0
-378.5,-378.5
-385.37,-385.37
-390.62,-390.62
-393.0,-393.0
-396.62,-396.62
-404.87,-404.87
-415.5,-415.5
-421.75,-421.75
-421.25,-421.25
-420.5,-420.5
-426.25,-426.25
-436.37,-436.37
-441.5,-441.5
-438.62,-438.62
-433.37,-433.37
-434.62,-434.62
-442.37,-442.37
-448.12,-448.12
-446.37,-446.37
-441.75,-441.75
-443.37,-443.37
-451.87,-451.87
-458.5,-458.5
-455.25,-455.25
-445.5,-445.5
-437.87,-437.87
-437.5,-437.5
-438.75,-438.75
-436.5,-436.5
-431.25,-431.25
-430.5,-430.5
-437.25,-437.25
-444.75,-444.75
-444.0,-444.0
-435.0,-435.0
-426.0,-426.0
-424.25,-424.25
-426.75,-426.75
-425.5,-425.5
-418.5,-418.5
-412.75,-412.75
-414.75,-414.75
-421.25,-421.25
-422.25,-422.25
-415.25,-415.25
-411.25,-411.25
-423.0,-423.0
-446.5,-446.5
-462.25,-462.25
-460.0,-460.0
-457.5,-457.5
-484.5,-484.5
-543.0,-543.0
-595.75,-595.75
-614.0,-614.0
-620.25,-620.25
-668.5,-668.5
-779.25,-779.25
-913.25,-913.25
-1017.0,-1017.0
-1070.25,-1070.25
-1088.63,-1088.63
-1092.25,-1092.25
-1091.38,-1091.38
-1086.38,-1086.38
-1074.13,-1074.13
-1052.75,-1052.75
-1023.12,-1023.12
-988.62,-988.62
-953.25,-953.25
-919.62,-919.62
-889.12,-889.12
-860.87,-860.87
-834.12,-834.12
-807.5,-807.5
-781.12,-781.12
-754.25,-754.25
-727.5,-727.5
-701.0,-701.0
-674.5,-674.5
-648.75,-648.75
-623.62,-623.62
-599.0,-599.0
-575.12,-575.12
-550.87,-550.87
-527.25,-527.25
-504.25,-504.25
-481.37,-481.37
-458.75,-458.75
-436.62,-436.62
-414.62,-414.62
-393.37,-393.37
-372.25,-372.25
-351.62,-351.62
-331.25,-331.25
-311.0,-311.0
-291.37,-291.37
-271.87,-271.87
-253.0,-253.0
-234.37,-234.37
-215.75,-215.75
-197.81,-197.81
-180.0,-180.0
-162.56,-162.56
-145.5,-145.5
-128.56,-128.56
-112.06,-112.06
-95.94,-95.94
-79.94,-79.94
-64.31,-64.31
-49.06,-49.06
-34.19,-34.19
-19.44,-19.44
-5.12,-5.12
9.09,9.09
22.94,22.94
36.66,36.66
49.72,49.72
62.91,62.91
75.72,75.72
88.19,88.19
100.48,100.48
112.42,112.42
123.98,123.98
135.42,135.42
146.73,146.73
157.41,157.41
167.97,167.97
178.41,178.41
188.48,188.48
198.18,198.18
208.01,208.01
217.47,217.47
226.55,226.55
235.53,235.53
244.39,244.39
252.87,252.87
260.98,260.98
269.0,269.0
276.91,276.91
284.44,284.44
291.84,291.84
299.16,299.16
306.09,306.09
312.69,312.69
319.41,319.41
325.75,325.75
331.75,331.75
337.69,337.69
343.5,343.5
348.94,348.94
354.25,354.25
359.5,359.5
364.37,364.37
369.19,369.19
373.87,373.87
378.44,378.44
382.69,382.69
386.62,386.62
390.62,390.62
394.37,394.37
397.94,397.94
401.25,401.25
404.44,404.44
407.5,407.5
410.5,410.5
413.37,413.37
416.0,416.0
418.37,418.37
420.62,420.62
422.62,422.62
424.62,424.62
426.5,426.5
428.37,428.37
430.12,430.12
431.5,431.5
432.75,432.75
433.75,433.75
434.5,434.5
435.37,435.37
435.87,435.87
436.5,436.5
437.12,437.12
437.75,437.75
438.0,438.0
438.37,438.37
438.25,438.25
438.0,438.0
437.75,437.75
437.37,437.37
437.5,437.5
440.5,440.5
448.0,448.0
457.0,457.0
463.37,463.37
472.25,472.25
506.87,506.87
591.75,591.75
718.62,718.62
837.25,837.25
899.12,899.12
904.75,904.75
895.0,895.0
897.75,897.75
895.5,895.5
856.0,856.0
782.37,782.37
717.12,717.12
691.62,691.62
689.87,689.87
673.0,673.0
631.75,631.75
597.37,597.37
598.5,598.5
619.0,619.0
616.5,616.5
575.25,575.25
525.25,525.25
502.0,502.0
501.37,501.37
486.87,486.87
439.25,439.25
383.5,383.5
356.0,356.0
358.12,358.12
356.12,356.12
328.25,328.25
292.37,292.37
283.75,283.75
306.62,306.62
330.62,330.62
329.75,329.75
317.87,317.87
328.25,328.25
367.75,367.75
404.12,404.12
405.75,405.75
381.12,381.12
365.75,365.75
376.62,376.62
391.25,391.25
380.0,380.0
346.25,346.25
322.62,322.62
327.5,327.5
340.0,340.0
327.25,327.25
286.75,286.75
249.12,249.12
238.0,238.0
240.75,240.75
227.75,227.75
195.12,195.12
173.37,173.37
188.62,188.62
229.37,229.37
259.87,259.87
265.12,265.12
266.25,266.25
288.62,288.62
323.87,323.87
338.37,338.37
317.25,317.25
284.62,284.62
273.87,273.87
285.37,285.37
286.37,286.37
255.56,255.56
211.81,211.81
190.0,190.0
195.44,195.44
197.62,197.62
171.62,171.62
130.0,130.0
106.87,106.87
111.06,111.06
114.75,114.75
90.06,90.06
47.38,47.38
22.37,22.37
28.5,28.5
38.75,38.75
19.37,19.37
-25.44,-25.44
-59.19,-59.19
-60.44,-60.44
-51.25,-51.25
-67.75,-67.75
-114.0,-114.0
-157.87,-157.87
-174.75,-174.75
-178.94,-178.94
-203.56,-203.56
-257.44,-257.44
-315.03,-315.03
-349.66,-349.66
-362.41,-362.41
-372.5,-372.5
-391.84,-391.84
-416.91,-416.91
-437.84,-437.84
-449.12,-449.12
-451.37,-451.37
-447.78,-447.78
-440.77,-440.77
-432.12,-432.12
-423.0,-423.0
-414.14,-414.14
-403.31,-403.31
-382.39,-382.39
-345.09,-345.09
-299.59,-299.59
-266.47,-266.47
-253.48,-253.48
-239.44,-239.44
-193.87,-193.87
-116.69,-116.69
-44.81,-44.81
-11.09,-11.09
-3.68,-3.68
18.8,18.8
75.07,75.07
138.06,138.06
171.45,171.45
176.89,176.89
189.75,189.75
230.84,230.84
277.4,277.4
293.23,293.23
276.27,276.27
260.02,260.02
269.27,269.27
289.02,289.02
286.3,286.3
256.05,256.05
227.66,227.66
225.87,225.87
240.45,240.45
240.11,240.11
214.86,214.86
187.19,187.19
180.59,180.59
188.53,188.53
183.66,183.66
155.0,155.0
122.62,122.62
111.12,111.12
117.72,117.72
116.0,116.0
90.37,90.37
56.88,56.88
41.41,41.41
46.69,46.69
48.69,48.69
28.37,28.37
-3.06,-3.06
-19.56,-19.56
-14.19,-14.19
-9.56,-9.56
-27.31,-27.31
-59.0,-59.0
-77.31,-77.31
-70.37,-70.37
-58.06,-58.06
-65.81,-65.81
-91.5,-91.5
-108.94,-108.94
-103.44,-103.44
-90.5,-90.5
-95.62,-95.62
-119.75,-119.75
-138.56,-138.56
-134.5,-134.5
-119.19,-119.19
-118.25,-118.25
-136.75,-136.75
-154.37,-154.37
-152.75,-152.75
-140.69,-140.69
-141.69,-141.69
-162.12,-162.12
-182.37,-182.37
-183.94,-183.94
-172.69,-172.69
-172.94,-172.94
-193.31,-193.31
-215.12,-215.12
-217.0,-217.0
-203.0,-203.0
-197.87,-197.87
-214.87,-214.87
-238.5,-238.5
-246.25,-246.25
-236.37,-236.37
-230.5,-230.5
-245.0,-245.0
-268.25,-268.25
-276.5,-276.5
-263.87,-263.87
-250.87,-250.87
-257.0,-257.0
-276.62,-276.62
-286.87,-286.87
-279.5,-279.5
-272.37,-272.37
-286.75,-286.75
-316.75,-316.75
-333.62,-333.62
-322.87,-322.87
-301.62,-301.62
-297.75,-297.75
-313.62,-313.62
-325.12,-325.12
-314.37,-314.37
-294.25,-294.25
-291.25,-291.25
-309.12,-309.12
-324.62,-324.62
-317.75,-317.75
-299.5,-299.5
-298.0,-298.0
-319.37,-319.37
-339.12,-339.12
-333.25,-333.25
-310.25,-310.25
-299.62,-299.62
-314.75,-314.75
-335.5,-335.5
-335.5,-335.5
-317.62,-317.62
-310.5,-310.5
-330.75,-330.75
-360.12,-360.12
-367.87,-367.87
-350.75,-350.75
-338.25,-338.25
-354.25,-354.25
-384.62,-384.62
-393.87,-393.87
-371.75,-371.75
-347.5,-347.5
-351.25,-351.25
-375.37,-375.37
-383.87,-383.87
-362.62,-362.62
-338.37,-338.37
-344.62,-344.62
-375.75,-375.75
-393.37,-393.37
-375.12,-375.12
-345.37,-345.37
-344.5,-344.5
-377.37,-377.37
-410.12,-410.12
-416.5,-416.5
-413.5,-413.5
-439.0,-439.0
-499.62,-499.62
-561.25,-561.25
-590.12,-590.12
-595.25,-595.25
-611.87,-611.87
-654.5,-654.5
-698.25,-698.25
-711.87,-711.87
-696.62,-696.62
-680.12,-680.12
-682.37,-682.37
-697.5,-697.5
-708.25,-708.25
-707.87,-707.87
-701.5,-701.5
-694.0,-694.0
-686.12,-686.12
-675.37,-675.37
-659.5,-659.5
-639.12,-639.12
-614.75,-614.75
-589.25,-589.25
-564.12,-564.12
-540.37,-540.37
-518.25,-518.25
-497.56,-497.56
-477.5,-477.5
-457.25,-457.25
-437.12,-437.12
-416.62,-416.62
-396.56,-396.56
-377.06,-377.06
-357.62,-357.62
-338.87,-338.87
-320.5,-320.5
-302.25,-302.25
-284.37,-284.37
-266.81,-266.81
-249.69,-249.69
-232.62,-232.62
-215.75,-215.75
-196.69,-196.69
-172.75,-172.75
-144.56,-144.56
-118.34,-118.34
-99.34,-99.34
-79.0,-79.0
-36.84,-36.84
38.72,38.72
125.28,125.28
183.34,183.34
199.81,199.81
206.84,206.84
244.55,244.55
314.37,314.37
379.0,379.0
410.48,410.48
424.62,424.62
455.81,455.81
510.41,510.41
558.66,558.66
573.9,573.9
569.92,569.92
581.88,581.88
621.14,621.14
662.45,662.45
676.54,676.54
666.14,666.14
659.24,659.24
673.05,673.05
698.63,698.63
718.62,718.62
726.83,726.83
728.84,728.84
728.73,728.73
725.52,725.52
715.72,715.72
699.89,699.89
683.37,683.37
667.62,667.62
648.19,648.19
619.59,619.59
585.66,585.66
559.16,559.16
546.59,546.59
536.81,536.81
512.56,512.56
472.91,472.91
438.34,438.34
426.25,426.25
427.69,427.69
415.31,415.31
377.25,377.25
331.72,331.72
302.81,302.81
283.09,283.09
237.78,237.78
146.09,146.09
30.75,30.75
-69.06,-69.06
-141.22,-141.22
-205.19,-205.19
-280.03,-280.03
-361.66,-361.66
-431.5,-431.5
-471.62,-471.62
-477.06,-477.06
-454.87,-454.87
-419.06,-419.06
-382.53,-382.53
-353.5,-353.5
-333.72,-333.72
-320.78,-320.78
-310.94,-310.94
-300.12,-300.12
-287.12,-287.12
-271.94,-271.94
-255.12,-255.12
-238.62,-238.62
-222.75,-222.75
-208.31,-208.31
-194.62,-194.62
-181.62,-181.62
-168.87,-168.87
-156.0,-156.0
-143.25,-143.25
-130.56,-130.56
-118.0,-118.0
-105.75,-105.75
-93.87,-93.87
-82.31,-82.31
-71.12,-71.12
-60.06,-60.06
-49.25,-49.25
-38.81,-38.81
-28.5,-28.5
-18.25,-18.25
-8.38,-8.38
1.69,1.69
13.19,13.19
26.81,26.81
40.56,40.56
51.63,51.63
61.38,61.38
80.31,80.31
120.25,120.25
175.06,175.06
219.37,219.37
239.5,239.5
257.37,257.37
312.12,312.12
412.5,412.5
521.94,521.94
595.5,595.5
629.81,629.81
658.31,658.31
702.75,702.75
744.37,744.37
747.62,747.62
711.62,711.62
673.75,673.75
663.37,663.37
666.75,666.75
647.75,647.75
598.0,598.0
549.25,549.25
531.75,531.75
533.62,533.62
516.37,516.37
466.75,466.75
414.25,414.25
393.87,393.87
400.12,400.12
394.5,394.5
355.75,355.75
306.37,306.37
284.0,284.0
289.25,289.25
286.0,286.0
249.12,249.12
198.37,198.37
173.5,173.5
183.37,183.37
194.75,194.75
177.87,177.87
144.87,144.87
133.62,133.62
156.0,156.0
181.56,181.56
178.19,178.19
155.5,155.5
153.06,153.06
187.56,187.56
229.0,229.0
237.56,237.56
213.69,213.69
195.06,195.06
205.0,205.0
222.62,222.62
210.31,210.31
166.56,166.56
130.19,130.19
131.37,131.37
153.56,153.56
155.75,155.75
125.37,125.37
93.75,93.75
92.19,92.19
108.12,108.12
100.37,100.37
53.69,53.69
0.69,0.69
-18.87,-18.87
-7.0,-7.0
-1.19,-1.19
-23.19,-23.19
-49.75,-49.75
-44.56,-44.56
-10.13,-10.13
14.19,14.19
2.31,2.31
-24.5,-24.5
-25.5,-25.5
5.0,5.0
29.19,29.19
14.69,14.69
-22.94,-22.94
-40.25,-40.25
-20.87,-20.87
5.56,5.56
4.0,4.0
-19.25,-19.25
-26.06,-26.06
2.19,2.19
38.69,38.69
47.56,47.56
31.62,31.62
29.87,29.87
64.31,64.31
107.44,107.44
113.19,113.19
73.37,73.37
24.87,24.87
1.31,1.31
-6.0,-6.0
-30.0,-30.0
-81.06,-81.06
-134.37,-134.37
-163.94,-163.94
-173.94,-173.94
-185.81,-185.81
-212.31,-212.31
-249.06,-249.06
-282.87,-282.87
-303.44,-303.44
-307.19,-307.19
-296.87,-296.87
-279.34,-279.34
-260.97,-260.97
-246.19,-246.19
-235.78,-235.78
-228.69,-228.69
-223.34,-223.34
-217.53,-217.53
-211.0,-211.0
-202.97,-202.97
-194.5,-194.5
-185.84,-185.84
-177.97,-177.97
-170.37,-170.37
-163.34,-163.34
-156.59,-156.59
-150.16,-150.16
-143.47,-143.47
-136.84,-136.84
-130.25,-130.25
-123.97,-123.97
-117.69,-117.69
-111.72,-111.72
-105.78,-105.78
-100.41,-100.41
-94.78,-94.78
-89.44,-89.44
-83.91,-83.91
-78.66,-78.66
-73.69,-73.69
-68.75,-68.75
-63.88,-63.88
-59.0,-59.0
-54.41,-54.41
-49.88,-49.88
-45.63,-45.63
-41.38,-41.38
-37.19,-37.19
-33.03,-33.03
-29.16,-29.16
-25.31,-25.31
-19.75,-19.75
-7.22,-7.22
16.69,16.69
46.63,46.63
73.03,73.03
104.69,104.69
178.03,178.03
324.69,324.69
530.94,530.94
738.25,738.25
886.78,886.78
952.47,952.47
946.66,946.66
899.37,899.37
840.78,840.78
790.94,790.94
756.81,756.81
736.03,736.03
721.44,721.44
706.25,706.25
686.72,686.72
662.5,662.5
635.41,635.41
607.86,607.86
581.58,581.58
557.45,557.45
535.08,535.08
513.84,513.84
492.97,492.97
471.95,471.95
450.94,450.94
429.8,429.8
408.91,408.91
388.53,388.53
368.52,368.52
349.15,349.15
330.14,330.14
311.39,311.39
293.25,293.25
274.99,274.99
257.36,257.36
239.84,239.84
222.71,222.71
205.94,205.94
189.54,189.54
173.27,173.27
157.62,157.62
142.08,142.08
126.92,126.92
111.87,111.87
97.45,97.45
83.14,83.14
69.22,69.22
55.41,55.41
41.94,41.94
28.84,28.84
15.88,15.88
3.53,3.53
-8.97,-8.97
-20.84,-20.84
-32.59,-32.59
-44.0,-44.0
-55.28,-55.28
-66.22,-66.22
-77.06,-77.06
-87.5,-87.5
-97.62,-97.62
-107.62,-107.62
-117.25,-117.25
-126.56,-126.56
-135.94,-135.94
-144.81,-144.81
-153.5,-153.5
-162.12,-162.12
-170.37,-170.37
-178.31,-178.31
-186.12,-186.12
-193.81,-193.81
-201.19,-201.19
-208.19,-208.19
-215.12,-215.12
-221.94,-221.94
-228.44,-228.44
-234.81,-234.81
-240.81,-240.81
-246.81,-246.81
-252.37,-252.37
-257.94,-257.94
-263.31,-263.31
-268.37,-268.37
-273.37,-273.37
-278.12,-278.12
-282.62,-282.62
-287.12,-287.12
-291.37,-291.37
-295.37,-295.37
-299.37,-299.37
-303.12,-303.12
-306.62,-306.62
-309.87,-309.87
-313.12,-313.12
-316.25,-316.25
-319.0,-319.0
-321.75,-321.75
-324.37,-324.37
-326.87,-326.87
-329.12,-329.12
-331.25,-331.25
-333.12,-333.12
-334.87,-334.87
-336.62,-336.62
-338.25,-338.25
-339.62,-339.62
-341.12,-341.12
-342.0,-342.0
-343.12,-343.12
-344.0,-344.0
-344.75,-344.75
-345.5,-345.5
-346.12,-346.12
-346.5,-346.5
-346.75,-346.75
-347.0,-347.0
-346.87,-346.87
-347.0,-347.0
-346.87,-346.87
-347.37,-347.37
-348.12,-348.12
-349.0,-349.0
-349.12,-349.12
-347.87,-347.87
-346.87,-346.87
-346.87,-346.87
-348.0,-348.0
-348.37,-348.37
-347.12,-347.12
-345.37,-345.37
-347.0,-347.0
-352.87,-352.87
-359.25,-359.25
-359.87,-359.87
-353.75,-353.75
-346.37,-346.37
-342.75,-342.75
-342.37,-342.37
-340.62,-340.62
-335.37,-335.37
-329.12,-329.12
-326.25,-326.25
-326.0,-326.0
-324.12,-324.12
-319.37,-319.37
-312.5,-312.5
-308.25,-308.25
-305.87,-305.87
-303.0,-303.0
-298.62,-298.62
-294.25,-294.25
-291.87,-291.87
-291.0,-291.0
-288.62,-288.62
-284.12,-284.12
-278.62,-278.62
-273.75,-273.75
-270.75,-270.75
-267.75,-267.75
-263.87,-263.87
-260.87,-260.87
-259.87,-259.87
-260.87,-260.87
-260.75,-260.75
-257.62,-257.62
-257.5,-257.5
-271.37,-271.37
-304.0,-304.0
-342.87,-342.87
-368.87,-368.87
-387.5,-387.5
-429.37,-429.37
-518.75,-518.75
-640.37,-640.37
-753.25,-753.25
-830.87,-830.87
-880.75,-880.75
-922.12,-922.12
-959.87,-959.87
-987.12,-987.12
-995.0,-995.0
-981.62,-981.62
-952.25,-952.25
-912.62,-912.62
-868.5,-868.5
-825.75,-825.75
-789.25,-789.25
-758.5,-758.5
-720.5,-720.5
-652.62,-652.62
-542.75,-542.75
-409.31,-409.31
-289.56,-289.56
-198.81,-198.81
-117.94,-117.94
-20.19,-20.19
89.62,89.62
178.87,178.87
227.31,227.31
247.31,247.31
263.06,263.06
284.62,284.62
302.94,302.94
308.56,308.56
307.56,307.56
312.06,312.06
321.44,321.44
324.25,324.25
314.37,314.37
298.62,298.62
291.97,291.97
295.78,295.78
297.56,297.56
286.25,286.25
267.03,267.03
255.41,255.41
257.87,257.87
260.78,260.78
248.12,248.12
222.53,222.53
205.62,205.62
208.87,208.87
217.05,217.05
208.12,208.12
180.73,180.73
159.58,159.58
162.58,162.58
176.55,176.55
172.84,172.84
145.66,145.66
118.7,118.7
116.46,116.46
132.23,132.23
137.33,137.33
118.37,118.37
94.56,94.56
93.46,93.46
111.85,111.85
121.55,121.55
105.65,105.65
81.88,81.88
79.32,79.32
100.76,100.76
119.49,119.49
115.05,115.05
99.11,99.11
101.31,101.31
126.97,126.97
150.87,150.87
150.05,150.05
133.2,133.2
131.5,131.5
156.78,156.78
186.78,186.78
193.03,193.03
175.66,175.66
161.94,161.94
166.31,166.31
171.62,171.62
154.34,154.34
116.72,116.72
89.91,89.91
93.34,93.34
111.22,111.22
113.91,113.91
94.56,94.56
79.37,79.37
89.34,89.34
114.66,114.66
124.25,124.25
108.72,108.72
92.37,92.37
99.62,99.62
125.25,125.25
140.19,140.19
131.94,131.94
120.25,120.25
133.62,133.62
169.44,169.44
197.81,197.81
201.44,201.44
195.5,195.5
207.56,207.56
239.0,239.0
262.62,262.62
257.44,257.44
236.81,236.81
230.81,230.81
248.87,248.87
267.69,267.69
264.81,264.81
247.44,247.44
242.19,242.19
258.94,258.94
277.94,277.94
274.31,274.31
253.62,253.62
242.62,242.62
254.62,254.62
271.0,271.0
264.75,264.75
237.44,237.44
217.37,217.37
223.44,223.44
241.44,241.44
242.75,242.75
222.5,222.5
206.37,206.37
214.87,214.87
237.31,237.31
244.94,244.94
229.5,229.5
211.62,211.62
215.44,215.44
233.19,233.19
238.69,238.69
219.62,219.62
195.69,195.69
192.5,192.5
207.25,207.25
213.87,213.87
196.37,196.37
171.5,171.5
165.81,165.81
181.19,181.19
191.37,191.37
177.0,177.0
151.19,151.19
143.06,143.06
160.0,160.0
177.75,177.75
172.37,172.37
150.94,150.94
143.25,143.25
159.56,159.56
178.69,178.69
175.19,175.19
153.62,153.62
142.75,142.75
157.44,157.44
178.0,178.0
176.81,176.81
154.12,154.12
137.12,137.12
145.31,145.31
163.81,163.81
164.19,164.19
142.5,142.5
122.5,122.5
126.62,126.62
143.75,143.75
144.19,144.19
119.56,119.56
93.19,93.19
90.5,90.5
104.37,104.37
106.56,106.56
82.69,82.69
54.06,54.06
46.19,46.19
58.38,58.38
62.44,62.44
41.0,41.0
10.69,10.69
-1.81,-1.81
4.75,4.75
5.81,5.81
-15.69,-15.69
-42.44,-42.44
-42.44,-42.44
-10.0,-10.0
25.69,25.69
36.06,36.06
25.31,25.31
21.69,21.69
37.56,37.56
53.81,53.81
47.38,47.38
24.0,24.0
12.81,12.81
28.75,28.75
52.06,52.06
54.13,54.13
35.19,35.19
22.37,22.37
36.69,36.69
62.38,62.38
70.81,70.81
55.19,55.19
40.69,40.69
50.31,50.31
72.31,72.31
77.12,77.12
55.88,55.88
31.31,31.31
30.44,30.44
47.13,47.13
52.63,52.63
33.06,33.06
9.69,9.69
8.5,8.5
27.81,27.81
39.5,39.5
26.06,26.06
5.19,5.19
6.56,6.56
33.38,33.38
57.5,57.5
56.88,56.88
42.19,42.19
41.69,41.69
62.69,62.69
79.94,79.94
70.06,70.06
42.25,42.25
26.69,26.69
35.25,35.25
46.25,46.25
34.13,34.13
4.12,4.12
-14.06,-14.06
-5.62,-5.62
10.19,10.19
4.94,4.94
-22.31,-22.31
-44.31,-44.31
-41.63,-41.63
-28.87,-28.87
-35.31,-35.31
-65.62,-65.62
-92.69,-92.69
-94.0,-94.0
-79.81,-79.81
-80.69,-80.69
-106.56,-106.56
-134.69,-134.69
-139.0,-139.0
-125.81,-125.81
-123.69,-123.69
-144.06,-144.06
-166.25,-166.25
-161.69,-161.69
-131.62,-131.62
-106.37,-106.37
-104.81,-104.81
-110.25,-110.25
-94.06,-94.06
-54.56,-54.56
-18.94,-18.94
-7.62,-7.62
-8.88,-8.88
7.31,7.31
48.44,48.44
87.12,87.12
99.5,99.5
93.19,93.19
96.94,96.94
122.12,122.12
147.62,147.62
144.81,144.81
119.5,119.5
99.94,99.94
101.5,101.5
106.06,106.06
86.56,86.56
43.19,43.19
5.75,5.75
-5.37,-5.37
-5.37,-5.37
-25.37,-25.37
-70.19,-70.19
-114.56,-114.56
-135.06,-135.06
-139.31,-139.31
-155.06,-155.06
-191.06,-191.06
-228.25,-228.25
-244.06,-244.06
-238.75,-238.75
-232.37,-232.37
-237.5,-237.5
-247.12,-247.12
-247.06,-247.06
-237.0,-237.0
-227.94,-227.94
-226.5,-226.5
-225.5,-225.5
-212.75,-212.75
-189.06,-189.06
-169.56,-169.56
-163.69,-163.69
-164.37,-164.37
-156.5,-156.5
-137.5,-137.5
-119.81,-119.81
-114.81,-114.81
-116.37,-116.37
-108.81,-108.81
-88.12,-88.12
-67.87,-67.87
-61.25,-61.25
-61.69,-61.69
-50.13,-50.13
-19.19,-19.19
14.5,14.5
30.44,30.44
33.63,33.63
50.81,50.81
96.62,96.62
152.94,152.94
188.75,188.75
200.25,200.25
215.31,215.31
258.44,258.44
317.69,317.69
359.56,359.56
371.75,371.75
377.5,377.5
403.44,403.44
444.06,444.06
469.44,469.44
465.56,465.56
453.69,453.69
462.56,462.56
490.56,490.56
507.69,507.69
495.12,495.12
469.31,469.31
460.19,460.19
471.56,471.56
475.5,475.5
449.62,449.62
407.12,407.12
379.47,379.47
376.28,376.28
372.78,372.78
345.03,345.03
302.47,302.47
277.5,277.5
281.97,281.97
292.84,292.84
280.59,280.59
248.91,248.91
228.22,228.22
234.94,234.94
251.06,251.06
247.22,247.22
223.66,223.66
210.03,210.03
227.25,227.25
259.0,259.0
272.69,272.69
259.72,259.72
243.81,243.81
247.0,247.0
260.41,260.41
257.12,257.12
229.34,229.34
200.3,200.3
193.22,193.22
202.42,202.42
201.02,201.02
176.59,176.59
148.12,148.12
140.12,140.12
151.95,151.95
158.87,158.87
145.22,145.22
123.41,123.41
116.04,116.04
124.97,124.97
128.55,128.55
110.32,110.32
80.75,80.75
64.68,64.68
68.75,68.75
73.27,73.27
58.74,58.74
32.09,32.09
16.91,16.91
22.39,22.39
29.05,29.05
15.89,15.89
-12.64,-12.64
-30.16,-30.16
-23.02,-23.02
-7.69,-7.69
-8.73,-8.73
-28.55,-28.55
-44.16,-44.16
-38.84,-38.84
-21.84,-21.84
-15.25,-15.25
-25.47,-25.47
-37.09,-37.09
-35.34,-35.34
-24.87,-24.87
-22.47,-22.47
-34.09,-34.09
-47.38,-47.38
-50.0,-50.0
-44.59,-44.59
-45.47,-45.47
-57.63,-57.63
-71.62,-71.62
-76.25,-76.25
-74.31,-74.31
-79.69,-79.69
-96.94,-96.94
-115.0,-115.0
-120.44,-120.44
-115.0,-115.0
-113.37,-113.37
-123.25,-123.25
-137.06,-137.06
-141.37,-141.37
-135.69,-135.69
-130.56,-130.56
-134.44,-134.44
-143.5,-143.5
-147.44,-147.44
-144.31,-144.31
-141.25,-141.25
-144.87,-144.87
-153.0,-153.0
-158.25,-158.25
-157.69,-157.69
-156.87,-156.87
-161.5,-161.5
-170.31,-170.31
-176.31,-176.31
-175.94,-175.94
-172.31,-172.31
-169.69,-169.69
-170.31,-170.31
-172.94,-172.94
-176.0,-176.0
-178.5,-178.5
-180.62,-180.62
-183.06,-183.06
-185.87,-185.87
-189.75,-189.75
-193.62,-193.62
-197.87,-197.87
-202.0,-202.0
-205.5,-205.5
-208.62,-208.62
-211.62,-211.62
-214.37,-214.37
-217.25,-217.25
-219.87,-219.87
-222.62,-222.62
-225.0,-225.0
-227.5,-227.5
-229.5,-229.5
-231.75,-231.75
-233.87,-233.87
-236.0,-236.0
-237.5,-237.5
-239.0,-239.0
-240.87,-240.87
-242.25,-242.25
-243.62,-243.62
-244.87,-244.87
-245.62,-245.62
-246.75,-246.75
-247.87,-247.87
-248.5,-248.5
-249.5,-249.5
-250.0,-250.0
-250.5,-250.5
-250.87,-250.87
-251.25,-251.25
-251.62,-251.62
-251.87,-251.87
-251.62,-251.62
-251.87,-251.87
-251.5,-251.5
-251.75,-251.75
-251.25,-251.25
-251.37,-251.37
-250.87,-250.87
-250.37,-250.37
-249.87,-249.87
-249.25,-249.25
-248.62,-248.62
-247.5,-247.5
-246.87,-246.87
-246.12,-246.12
-245.0,-245.0
-244.12,-244.12
-242.87,-242.87
-242.12,-242.12
-240.75,-240.75
-239.37,-239.37
-238.0,-238.0
-236.62,-236.62
-235.12,-235.12
-233.75,-233.75
-232.25,-232.25
-230.75,-230.75
-229.25,-229.25
-227.75,-227.75
-225.62,-225.62
-224.0,-224.0
-222.5,-222.5
-220.37,-220.37
-218.75,-218.75
-216.62,-216.62
-214.37,-214.37
-212.75,-212.75
-210.5,-210.5
-208.37,-208.37
-206.12,-206.12
-203.87,-203.87
-201.62,-201.62
-200.0,-200.0
-197.62,-197.62
-194.87,-194.87
-192.62,-192.62
-190.37,-190.37
-188.12,-188.12
-185.75,-185.75
-183.5,-183.5
-180.62,-180.62
-178.37,-178.37
-176.0,-176.0
-173.25,-173.25
-170.87,-170.87
-168.12,-168.12
-165.75,-165.75
-162.87,-162.87
-160.62,-160.62
-157.75,-157.75
-155.37,-155.37
-152.62,-152.62
-149.75,-149.75
-147.37,-147.37
-144.62,-144.62
-141.75,-141.75
-139.0,-139.0
-136.12,-136.12
-133.81,-133.81
-131.0,-131.0
-128.19,-128.19
-125.44,-125.44
-122.62,-122.62
-119.87,-119.87
-117.06,-117.06
-114.31,-114.31
-111.56,-111.56
-108.81,-108.81
-106.06,-106.06
-103.31,-103.31
-100.56,-100.56
-97.87,-97.87
-94.69,-94.69
-92.0,-92.0
-89.31,-89.31
-86.62,-86.62
-83.94,-83.94
-80.81,-80.81
-78.19,-78.19
-75.56,-75.56
-73.0,-73.0
-69.87,-69.87
-67.31,-67.31
-64.75,-64.75
-61.69,-61.69
-59.19,-59.19
-56.63,-56.63
-53.63,-53.63
-51.19,-51.19
-48.19,-48.19
-45.75,-45.75
-43.31,-43.31
-40.44,-40.44
-38.0,-38.0
-35.13,-35.13
-32.75,-32.75
-29.94,-29.94
-27.62,-27.62
-24.81,-24.81
-22.56,-22.56
-19.78,-19.78
-17.53,-17.53
-14.81,-14.81
-12.59,-12.59
-9.94,-9.94
-7.75,-7.75
-5.12,-5.12
-3.0,-3.0
-0.41,-0.41
2.16,2.16
4.22,4.22
6.75,6.75
8.75,8.75
11.25,11.25
13.72,13.72
15.66,15.66
18.06,18.06
19.97,19.97
22.34,22.34
24.69,24.69
26.52,26.52
28.81,28.81
30.59,30.59
32.84,32.84
35.08,35.08
36.78,36.78
38.97,38.97
41.13,41.13
42.77,42.77
44.88,44.88
46.96,46.96
48.52,48.52
50.55,50.55
52.57,52.57
54.05,54.05
56.02,56.02
57.95,57.95
59.36,59.36
61.25,61.25
63.11,63.11
64.45,64.45
66.26,66.26
68.05,68.05
69.31,69.31
71.05,71.05
72.76,72.76
73.94,73.94
75.61,75.61
77.24,77.24
78.35,78.35
79.95,79.95
81.51,81.51
82.53,82.53
84.05,84.05
85.53,85.53
86.5,86.5
87.94,87.94
89.34,89.34
90.23,90.23
91.59,91.59
92.94,92.94
93.73,93.73
95.02,95.02
96.28,96.28
97.03,97.03
98.25,98.25
99.44,99.44
100.09,100.09
101.25,101.25
102.34,102.34
102.94,102.94
104.03,104.03
105.06,105.06
105.59,105.59
106.59,106.59
107.06,107.06
108.0,108.0
108.94,108.94
109.34,109.34
110.22,110.22
111.06,111.06
111.41,111.41
112.22,112.22
113.0,113.0
113.28,113.28
114.03,114.03
114.25,114.25
114.94,114.94
115.62,115.62
115.78,115.78
116.41,116.41
116.5,116.5
117.12,117.12
117.69,117.69
117.75,117.75
118.25,118.25
118.25,118.25
118.75,118.75
118.75,118.75
119.19,119.19
119.56,119.56
119.5,119.5
119.87,119.87
119.75,119.75
120.12,120.12
119.94,119.94
120.25,120.25
120.0,120.0
120.31,120.31
120.56,120.56
120.25,120.25
120.5,120.5
120.19,120.19
120.37,120.37
120.06,120.06
120.19,120.19
119.81,119.81
119.94,119.94
119.5,119.5
119.56,119.56
119.12,119.12
119.19,119.19
118.69,118.69
118.75,118.75
118.25,118.25
118.19,118.19
117.69,117.69
117.62,117.62
117.06,117.06
117.0,117.0
116.37,116.37
116.25,116.25
115.62,115.62
115.5,115.5
114.87,114.87
114.19,114.19
114.0,114.0
113.31,113.31
113.12,113.12
112.44,112.44
112.19,112.19
111.44,111.44
111.19,111.19
110.44,110.44
109.62,109.62
109.37,109.37
108.56,108.56
108.25,108.25
107.44,107.44
106.56,106.56
106.25,106.25
105.37,105.37
104.56,104.56
103.69,103.69
102.81,102.81
101.94,101.94
99.5,99.5
97.12,97.12
95.75,95.75
95.37,95.37
95.5,95.5
93.06,93.06
88.69,88.69
84.81,84.81
83.44,83.44
84.62,84.62
83.75,83.75
78.37,78.37
72.0,72.0
69.75,69.75
71.94,71.94
72.62,72.62
67.81,67.81
60.0,60.0
56.75,56.75
61.06,61.06
64.31,64.31
58.5,58.5
44.25,44.25
34.13,34.13
36.06,36.06
43.0,43.0
41.31,41.31
28.19,28.19
17.69,17.69
19.25,19.25
26.81,26.81
23.31,23.31
4.81,4.81
-12.5,-12.5
-12.13,-12.13
-1.31,-1.31
-1.06,-1.06
-22.31,-22.31
-47.88,-47.88
-55.19,-55.19
-41.94,-41.94
-33.31,-33.31
-45.75,-45.75
-67.56,-67.56
-73.12,-73.12
-57.19,-57.19
-43.38,-43.38
-53.19,-53.19
-76.87,-76.87
-86.81,-86.81
-72.19,-72.19
-55.69,-55.69
-62.81,-62.81
-89.87,-89.87
-108.19,-108.19
-100.81,-100.81
-86.44,-86.44
-91.75,-91.75
-117.44,-117.44
-135.94,-135.94
-127.69,-127.69
-108.56,-108.56
-106.56,-106.56
-127.56,-127.56
-146.81,-146.81
-142.94,-142.94
-125.5,-125.5
-123.25,-123.25
-144.0,-144.0
-166.06,-166.06
-164.87,-164.87
-146.12,-146.12
-138.56,-138.56
-155.06,-155.06
-174.87,-174.87
-172.5,-172.5
-149.56,-149.56
-134.37,-134.37
-143.31,-143.31
-161.06,-161.06
-159.19,-159.19
-134.81,-134.81
-114.12,-114.12
-117.12,-117.12
-132.56,-132.56
-132.31,-132.31
-109.62,-109.62
-88.06,-88.06
-89.69,-89.69
-106.31,-106.31
-108.75,-108.75
-88.12,-88.12
-64.19,-64.19
-62.5,-62.5
-79.31,-79.31
-87.44,-87.44
-72.44,-72.44
-52.13,-52.13
-52.94,-52.94
-74.81,-74.81
-90.37,-90.37
-80.87,-80.87
-59.88,-59.88
-54.63,-54.63
-69.37,-69.37
-81.0,-81.0
-69.94,-69.94
-46.06,-46.06
-36.31,-36.31
-49.19,-49.19
-63.0,-63.0
-53.06,-53.06
-25.31,-25.31
-7.75,-7.75
-12.31,-12.31
-20.94,-20.94
-9.38,-9.38
19.5,19.5
39.69,39.69
35.63,35.63
22.62,22.62
27.19,27.19
51.75,51.75
71.62,71.62
69.25,69.25
55.88,55.88
58.63,58.63
83.87,83.87
107.81,107.81
110.56,110.56
98.81,98.81
100.06,100.06
123.87,123.87
150.37,150.37
155.19,155.19
143.87,143.87
141.12,141.12
161.44,161.44
187.5,187.5
194.31,194.31
182.06,182.06
175.81,175.81
192.19,192.19
218.31,218.31
227.69,227.69
216.0,216.0
207.81,207.81
221.69,221.69
247.44,247.44
258.37,258.37
246.69,246.69
232.56,232.56
238.5,238.5
257.87,257.87
265.06,265.06
249.62,249.62
229.31,229.31
228.62,228.62
245.87,245.87
255.5,255.5
241.94,241.94
221.5,221.5
218.19,218.19
235.37,235.37
247.94,247.94
239.25,239.25
220.69,220.69
217.69,217.69
236.25,236.25
253.56,253.56
249.19,249.19
229.31,229.31
220.62,220.62
231.94,231.94
245.12,245.12
236.62,236.62
212.69,212.69
199.0,199.0
208.31,208.31
225.06,225.06
224.12,224.12
206.12,206.12
194.81,194.81
204.5,204.5
222.12,222.12
222.06,222.06
200.94,200.94
182.5,182.5
186.69,186.69
203.25,203.25
207.19,207.19
190.56,190.56
173.81,173.81
177.94,177.94
197.25,197.25
205.87,205.87
192.62,192.62
174.94,174.94
176.12,176.12
193.31,193.31
202.06,202.06
188.69,188.69
168.19,168.19
165.56,165.56
182.44,182.44
195.62,195.62
187.94,187.94
170.31,170.31
167.31,167.31
184.0,184.0
199.06,199.06
191.94,191.94
171.37,171.37
162.44,162.44
174.37,174.37
188.62,188.62
183.19,183.19
162.56,162.56
150.87,150.87
160.5,160.5
174.25,174.25
168.31,168.31
143.72,143.72
124.81,124.81
128.28,128.28
140.97,140.97
138.53,138.53
117.31,117.31
99.06,99.06
101.94,101.94
116.28,116.28
116.22,116.22
94.87,94.87
72.72,72.72
71.03,71.03
83.81,83.81
86.25,86.25
67.12,67.12
43.91,43.91
39.44,39.44
51.45,51.45
56.38,56.38
40.5,40.5
18.75,18.75
14.7,14.7
29.44,29.44
38.28,38.28
24.3,24.3
-1.56,-1.56
-13.7,-13.7
-6.46,-6.46
-0.29,-0.29
-15.18,-15.18
-42.68,-42.68
-57.67,-57.67
-51.27,-51.27
-42.16,-42.16
-52.14,-52.14
-77.01,-77.01
-92.64,-92.64
-86.88,-86.88
-75.89,-75.89
-83.25,-83.25
-108.03,-108.03
-126.56,-126.56
-123.16,-123.16
-110.77,-110.77
-113.97,-113.97
-136.12,-136.12
-155.31,-155.31
-153.56,-153.56
-140.28,-140.28
-140.36,-140.36
-160.42,-160.42
-179.28,-179.28
-175.94,-175.94
-156.34,-156.34
-145.91,-145.91
-156.28,-156.28
-171.53,-171.53
-169.87,-169.87
-154.22,-154.22
-147.44,-147.44
-162.44,-162.44
-183.78,-183.78
-187.37,-187.37
-171.69,-171.69
-159.62,-159.62
-169.37,-169.37
-190.0,-190.0
-197.19,-197.19
-185.53,-185.53
-173.94,-173.94
-180.41,-180.41
-196.31,-196.31
-198.03,-198.03
-177.47,-177.47
-154.53,-154.53
-151.56,-151.56
-165.12,-165.12
-170.75,-170.75
-157.06,-157.06
-138.94,-138.94
-138.25,-138.25
-152.56,-152.56
-158.19,-158.19
-140.25,-140.25
-112.94,-112.94
-101.62,-101.62
-109.87,-109.87
-116.56,-116.56
-104.19,-104.19
-81.12,-81.12
-71.75,-71.75
-82.5,-82.5
-93.87,-93.87
-86.06,-86.06
-65.87,-65.87
-57.38,-57.38
-70.69,-70.69
-88.06,-88.06
-87.56,-87.56
-71.31,-71.31
-63.13,-63.13
-76.06,-76.06
-96.12,-96.12
-100.25,-100.25
-86.81,-86.81
-78.44,-78.44
-91.19,-91.19
-113.06,-113.06
-120.19,-120.19
-107.69,-107.69
-96.62,-96.62
-106.31,-106.31
-128.69,-128.69
-139.37,-139.37
-129.87,-129.87
-118.5,-118.5
-126.19,-126.19
-148.06,-148.06
-159.44,-159.44
-148.69,-148.69
-131.5,-131.5
-130.69,-130.69
-146.12,-146.12
-155.44,-155.44
-144.37,-144.37
-125.62,-125.62
-122.5,-122.5
-137.44,-137.44
-149.19,-149.19
-140.56,-140.56
-121.75,-121.75
-117.37,-117.37
-134.0,-134.0
-152.44,-152.44
-151.69,-151.69
-137.62,-137.62
-133.5,-133.5
-148.87,-148.87
-166.81,-166.81
-166.31,-166.31
-150.56,-150.56
-143.62,-143.62
-159.81,-159.81
-184.75,-184.75
-196.0,-196.0
-190.81,-190.81
-188.94,-188.94
-205.56,-205.56
-228.94,-228.94
-236.62,-236.62
-224.44,-224.44
-213.06,-213.06
-220.5,-220.5
-238.37,-238.37
-243.81,-243.81
-229.62,-229.62
-213.75,-213.75
-216.81,-216.81
-234.0,-234.0
-241.56,-241.56
-227.44,-227.44
-206.25,-206.25
-199.62,-199.62
-206.87,-206.87
-207.5,-207.5
-188.31,-188.31
-162.0,-162.0
-150.94,-150.94
-157.19,-157.19
-159.37,-159.37
-141.06,-141.06
-111.56,-111.56
-94.87,-94.87
-97.75,-97.75
-101.69,-101.69
-87.75,-87.75
-61.69,-61.69
-46.63,-46.63
-51.69,-51.69
-60.44,-60.44
-51.81,-51.81
-29.31,-29.31
-15.5,-15.5
-22.81,-22.81
-37.31,-37.31
-36.63,-36.63
-19.0,-19.0
-5.0,-5.0
-9.63,-9.63
-22.25,-22.25
-20.44,-20.44
-1.19,-1.19
14.88,14.88
9.81,9.81
-8.19,-8.19
-16.06,-16.06
-5.56,-5.56
5.81,5.81
-0.94,-0.94
-20.81,-20.81
-30.81,-30.81
-19.19,-19.19
-0.69,-0.69
3.69,3.69
-5.06,-5.06
-5.62,-5.62
14.75,14.75
41.94,41.94
53.38,53.38
46.0,46.0
40.13,40.13
51.81,51.81
72.12,72.12
78.75,78.75
66.31,66.31
54.0,54.0
59.75,59.75
76.94,76.94
83.0,83.0
68.69,68.69
50.56,50.56
49.06,49.06
62.06,62.06
67.94,67.94
54.75,54.75
35.69,35.69
31.75,31.75
42.88,42.88
47.38,47.38
31.37,31.37
6.75,6.75
-3.19,-3.19
6.0,6.0
15.31,15.31
7.31,7.31
-10.63,-10.63
-17.12,-17.12
-6.06,-6.06
4.62,4.62
-3.53,-3.53
-24.84,-24.84
-36.47,-36.47
-27.22,-27.22
-12.06,-12.06
-11.81,-11.81
-25.78,-25.78
-32.38,-32.38
-18.91,-18.91
1.94,1.94
8.09,8.09
-3.31,-3.31
-12.13,-12.13
-2.34,-2.34
17.37,17.37
24.12,24.12
12.81,12.81
1.37,1.37
7.28,7.28
24.37,24.37
30.56,30.56
17.19,17.19
0.44,0.44
0.84,0.84
15.5,15.5
23.5,23.5
12.69,12.69
-2.78,-2.78
-2.62,-2.62
13.81,13.81
25.06,25.06
17.0,17.0
0.47,0.47
-1.91,-1.91
13.25,13.25
27.28,27.28
22.16,22.16
5.84,5.84
-0.34,-0.34
10.78,10.78
22.81,22.81
17.0,17.0
-1.56,-1.56
-10.41,-10.41
0.31,0.31
15.94,15.94
15.16,15.16
-0.62,-0.62
-11.0,-11.0
-2.78,-2.78
11.88,11.88
11.88,11.88
-4.37,-4.37
-16.72,-16.72
-9.94,-9.94
7.03,7.03
12.09,12.09
-0.66,-0.66
-13.03,-13.03
-7.05,-7.05
10.39,10.39
17.16,17.16
5.12,5.12
-9.81,-9.81
-7.84,-7.84
7.84,7.84
15.89,15.89
5.11,5.11
-10.83,-10.83
-10.86,-10.86
5.61,5.61
17.42,17.42
10.13,10.13
-5.84,-5.84
-8.44,-8.44
5.77,5.77
18.33,18.33
12.52,12.52
-3.98,-3.98
-9.84,-9.84
1.86,1.86
14.7,14.7
10.42,10.42
-5.06,-5.06
-10.66,-10.66
4.05,4.05
23.37,23.37
26.77,26.77
15.13,15.13
9.09,9.09
21.61,21.61
39.75,39.75
42.73,42.73
27.91,27.91
15.74,15.74
21.42,21.42
36.55,36.55
40.03,40.03
27.23,27.23
15.79,15.79
23.2,23.2
42.04,42.04
50.45,50.45
40.52,40.52
28.19,28.19
32.2,32.2
49.68,49.68
59.74,59.74
50.7,50.7
36.98,36.98
38.64,38.64
55.77,55.77
68.74,68.74
63.33,63.33
49.71,49.71
49.21,49.21
64.95,64.95
79.04,79.04
75.49,75.49
62.46,62.46
61.04,61.04
77.87,77.87
95.29,95.29
94.53,94.53
79.77,79.77
71.63,71.63
80.05,80.05
90.64,90.64
84.61,84.61
64.38,64.38
50.82,50.82
56.13,56.13
68.38,68.38
66.75,66.75
49.39,49.39
35.42,35.42
39.58,39.58
51.94,51.94
51.68,51.68
34.17,34.17
17.06,17.06
18.35,18.35
31.13,31.13
34.54,34.54
20.16,20.16
3.41,3.41
3.07,3.07
15.47,15.47
20.01,20.01
6.01,6.01
-12.62,-12.62
-15.58,-15.58
-2.75,-2.75
6.2,6.2
-2.42,-2.42
-17.97,-17.97
-20.12,-20.12
-5.25,-5.25
7.99,7.99
3.6,3.6
-11.25,-11.25
-15.46,-15.46
-3.37,-3.37
8.1,8.1
1.71,1.71
-17.61,-17.61
-27.76,-27.76
-19.81,-19.81
-8.18,-8.18
-12.41,-12.41
-30.84,-30.84
-42.85,-42.85
-36.0,-36.0
-22.2,-22.2
-21.28,-21.28
-35.11,-35.11
-45.05,-45.05
-36.41,-36.41
-18.83,-18.83
-13.41,-13.41
-25.04,-25.04
-35.31,-35.31
-27.98,-27.98
-9.22,-9.22
-0.37,-0.37
-9.61,-9.61
-22.25,-22.25
-20.03,-20.03
-6.83,-6.83
-2.99,-2.99
-18.95,-18.95
-41.0,-41.0
-49.34,-49.34
-43.35,-43.35
-42.66,-42.66
-60.47,-60.47
-86.86,-86.86
-101.99,-101.99
-102.97,-102.97
-108.42,-108.42
-132.81,-132.81
-167.46,-167.46
-190.77,-190.77
-194.33,-194.33
-193.33,-193.33
-205.8,-205.8
-228.89,-228.89
-244.23,-244.23
-244.15,-244.15
-240.77,-240.77
-250.14,-250.14
-269.65,-269.65
-281.42,-281.42
-273.55,-273.55
-254.95,-254.95
-241.5,-241.5
-234.87,-234.87
-219.53,-219.53
-185.78,-185.78
-143.83,-143.83
-113.22,-113.22
-96.89,-96.89
-76.69,-76.69
-35.91,-35.91
16.77,16.77
58.19,58.19
78.48,78.48
92.58,92.58
119.28,119.28
155.97,155.97
183.56,183.56
190.84,190.84
190.81,190.81
202.25,202.25
225.53,225.53
242.09,242.09
239.19,239.19
228.53,228.53
230.94,230.94
249.31,249.31
265.19,265.19
262.91,262.91
249.12,249.12
244.41,244.41
255.19,255.19
264.84,264.84
256.62,256.62
235.19,235.19
222.16,222.16
227.44,227.44
237.44,237.44
233.78,233.78
217.37,217.37
207.31,207.31
214.84,214.84
227.28,227.28
224.28,224.28
205.31,205.31
189.22,189.22
191.0,191.0
200.97,200.97
199.09,199.09
179.94,179.94
160.69,160.69
157.81,157.81
165.72,165.72
164.28,164.28
145.56,145.56
125.5,125.5
121.34,121.34
129.97,129.97
131.5,131.5
115.75,115.75
95.34,95.34
89.91,89.91
99.22,99.22
103.44,103.44
89.62,89.62
68.16,68.16
59.38,59.38
66.41,66.41
71.62,71.62
60.53,60.53
41.03,41.03
33.94,33.94
44.94,44.94
57.06,57.06
53.56,53.56
39.34,39.34
35.0,35.0
49.41,49.41
67.22,67.22
69.34,69.34
56.44,56.44
48.38,48.38
56.41,56.41
69.09,69.09
67.66,67.66
51.22,51.22
38.94,38.94
44.75,44.75
59.25,59.25
62.11,62.11
48.94,48.94
36.88,36.88
41.67,41.67
56.67,56.67
61.02,61.02
47.56,47.56
32.23,32.23
33.28,33.28
47.31,47.31
54.47,54.47
43.8,43.8
28.95,28.95
28.27,28.27
41.56,41.56
49.48,49.48
39.08,39.08
21.02,21.02
15.61,15.61
25.75,25.75
33.53,33.53
24.5,24.5
7.3,7.3
2.25,2.25
15.01,15.01
28.38,28.38
24.39,24.39
8.18,8.18
-0.64,-0.64
7.37,7.37
17.81,17.81
12.91,12.91
-4.71,-4.71
-14.91,-14.91
-7.02,-7.02
6.3,6.3
5.0,5.0
-13.05,-13.05
-29.17,-29.17
-29.14,-29.14
-20.86,-20.86
-23.4,-23.4
-40.66,-40.66
-54.77,-54.77
-50.23,-50.23
-34.47,-34.47
-28.86,-28.86
-40.79,-40.79
-54.86,-54.86
-53.79,-53.79
-40.22,-40.22
-34.02,-34.02
-45.12,-45.12
-60.37,-60.37
-60.46,-60.46
-46.05,-46.05
-36.26,-36.26
-43.8,-43.8
-58.27,-58.27
-60.1,-60.1
-46.9,-46.9
-36.31,-36.31
-43.07,-43.07
-58.76,-58.76
-63.54,-63.54
-51.52,-51.52
-39.36,-39.36
-43.3,-43.3
-58.45,-58.45
-64.95,-64.95
-54.13,-54.13
-40.65,-40.65
-42.29,-42.29
-57.15,-57.15
-65.62,-65.62
-56.51,-56.51
-42.22,-42.22
-41.8,-41.8
-56.63,-56.63
-67.82,-67.82
-61.15,-61.15
-46.02,-46.02
-43.03,-43.03
-56.31,-56.31
-69.21,-69.21
-65.48,-65.48
-51.77,-51.77
-47.44,-47.44
-59.38,-59.38
-72.45,-72.45
-69.16,-69.16
-53.88,-53.88
-45.97,-45.97
-55.38,-55.38
-69.45,-69.45
-69.62,-69.62
-56.3,-56.3
-48.08,-48.08
-56.92,-56.92
-71.67,-71.67
-73.05,-73.05
-58.38,-58.38
-45.84,-45.84
-50.67,-50.67
-64.69,-64.69
-67.83,-67.83
-54.67,-54.67
-41.13,-41.13
-43.44,-43.44
-56.23,-56.23
-59.91,-59.91
-46.78,-46.78
-31.28,-31.28
-31.91,-31.91
-46.02,-46.02
-54.25,-54.25
-45.39,-45.39
-31.61,-31.61
-31.7,-31.7
-46.05,-46.05
-56.25,-56.25
-48.09,-48.09
-31.5,-31.5
-26.56,-26.56
-38.17,-38.17
-49.66,-49.66
-45.53,-45.53
-31.7,-31.7
-27.47,-27.47
-39.3,-39.3
-51.98,-51.98
-48.56,-48.56
-33.17,-33.17
-25.66,-25.66
-35.7,-35.7
-50.41,-50.41
-50.97,-50.97
-38.02,-38.02
-30.69,-30.69
-40.91,-40.91
-58.03,-58.03
-62.23,-62.23
-50.66,-50.66
-40.91,-40.91
-48.0,-48.0
-64.03,-64.03
-68.89,-68.89
-57.2,-57.2
-44.36,-44.36
-46.38,-46.38
-57.88,-57.88
-59.75,-59.75
-44.59,-44.59
-27.33,-27.33
-26.22,-26.22
-39.36,-39.36
-46.89,-46.89
-38.08,-38.08
-24.34,-24.34
-24.48,-24.48
-39.11,-39.11
-49.86,-49.86
-43.25,-43.25
-28.69,-28.69
-26.27,-26.27
-39.61,-39.61
-51.81,-51.81
-47.41,-47.41
-32.53,-32.53
-27.28,-27.28
-39.59,-39.59
-54.27,-54.27
-54.81,-54.81
-43.83,-43.83
-39.95,-39.95
-52.11,-52.11
-66.64,-66.64
-65.77,-65.77
-50.66,-50.66
-40.17,-40.17
-46.53,-46.53
-58.81,-58.81
-57.73,-57.73
-41.41,-41.41
-27.72,-27.72
-31.16,-31.16
-44.05,-44.05
-46.33,-46.33
-32.07,-32.07
-17.2,-17.2
-18.2,-18.2
-29.94,-29.94
-33.07,-33.07
-19.92,-19.92
-4.38,-4.38
-4.23,-4.23
-17.59,-17.59
-24.83,-24.83
-15.73,-15.73
-1.98,-1.98
-1.84,-1.84
-15.22,-15.22
-23.96,-23.96
-15.12,-15.12
1.89,1.89
6.99,6.99
-3.95,-3.95
-14.54,-14.54
-9.78,-9.78
4.19,4.19
7.77,7.77
-4.93,-4.93
-18.26,-18.26
-15.46,-15.46
-0.44,-0.44
6.94,6.94
-2.99,-2.99
-17.09,-17.09
-17.05,-17.05
-3.01,-3.01
5.91,5.91
-1.52,-1.52
-15.37,-15.37
-16.84,-16.84
-3.3,-3.3
7.12,7.12
0.7,0.7
-14.17,-14.17
-17.9,-17.9
-5.6,-5.6
6.6,6.6
2.93,2.93
-11.2,-11.2
-16.21,-16.21
-4.16,-4.16
10.28,10.28
9.58,9.58
-3.87,-3.87
-11.18,-11.18
-1.94,-1.94
11.73,11.73
11.27,11.27
-3.19,-3.19
-14.02,-14.02
-8.0,-8.0
5.72,5.72
7.82,7.82
-5.61,-5.61
-17.41,-17.41
-12.6,-12.6
2.41,2.41
8.29,8.29
-1.13,-1.13
-11.23,-11.23
-5.22,-5.22
12.48,12.48
22.77,22.77
16.45,16.45
6.45,6.45
10.28,10.28
26.33,26.33
36.23,36.23
28.28,28.28
13.4,13.4
10.9,10.9
23.17,23.17
32.58,32.58
25.65,25.65
10.28,10.28
6.05,6.05
18.09,18.09
30.29,30.29
26.87,26.87
13.47,13.47
8.19,8.19
18.46,18.46
29.63,29.63
25.45,25.45
8.55,8.55
-0.7,-0.7
7.89,7.89
22.9,22.9
25.27,25.27
14.36,14.36
7.3,7.3
16.55,16.55
32.48,32.48
36.24,36.24
24.72,24.72
14.55,14.55
20.71,20.71
36.57,36.57
42.53,42.53
32.69,32.69
21.66,21.66
26.25,26.25
41.78,41.78
49.67,49.67
40.72,40.72
28.11,28.11
29.09,29.09
42.58,42.58
50.17,50.17
39.95,39.95
23.56,23.56
19.81,19.81
31.61,31.61
41.53,41.53
36.61,36.61
24.23,24.23
22.7,22.7
36.45,36.45
49.3,49.3
45.78,45.78
31.55,31.55
25.67,25.67
35.61,35.61
47.44,47.44
43.92,43.92
28.91,28.91
21.05,21.05
30.98,30.98
46.09,46.09
48.05,48.05
36.23,36.23
28.02,28.02
36.13,36.13
50.89,50.89
53.78,53.78
41.38,41.38
30.83,30.83
36.38,36.38
51.38,51.38
56.47,56.47
46.02,46.02
34.64,34.64
38.38,38.38
52.56,52.56
58.86,58.86
48.09,48.09
33.67,33.67
33.13,33.13
45.33,45.33
52.16,52.16
42.42,42.42
27.02,27.02
24.5,24.5
36.52,36.52
45.39,45.39
38.45,38.45
23.3,23.3
19.55,19.55
31.06,31.06
42.48,42.48
38.03,38.03
23.87,23.87
18.58,18.58
29.59,29.59
42.5,42.5
40.78,40.78
27.06,27.06
20.22,20.22
29.69,29.69
43.33,43.33
43.06,43.06
28.06,28.06
16.94,16.94
21.91,21.91
33.84,33.84
34.66,34.66
21.2,21.2
10.38,10.38
16.39,16.39
31.84,31.84
37.16,37.16
26.42,26.42
14.52,14.52
17.48,17.48
31.16,31.16
36.7,36.7
25.95,25.95
12.05,12.05
12.25,12.25
25.22,25.22
32.55,32.55
23.56,23.56
8.91,8.91
6.89,6.89
18.87,18.87
28.02,28.02
20.81,20.81
5.91,5.91
1.91,1.91
13.69,13.69
24.84,24.84
20.66,20.66
6.52,6.52
1.48,1.48
12.77,12.77
25.93,25.93
23.97,23.97
9.77,9.77
1.96,1.96
9.97,9.97
22.4,22.4
21.71,21.71
8.03,8.03
-1.28,-1.28
5.75,5.75
19.96,19.96
22.29,22.29
9.84,9.84
-0.74,-0.74
4.77,4.77
19.23,19.23
23.81,23.81
12.34,12.34
-0.27,-0.27
2.48,2.48
15.95,15.95
21.55,21.55
11.34,11.34
-1.77,-1.77
-1.02,-1.02
12.23,12.23
19.61,19.61
10.41,10.41
-4.45,-4.45
-6.67,-6.67
5.12,5.12
13.56,13.56
5.67,5.67
-10.15,-10.15
-14.83,-14.83
-3.95,-3.95
6.57,6.57
1.49,1.49
-13.54,-13.54
-19.68,-19.68
-10.01,-10.01
1.57,1.57
-1.7,-1.7
-16.94,-16.94
-25.29,-25.29
-17.32,-17.32
-5.16,-5.16
-6.11,-6.11
-20.55,-20.55
-30.36,-30.36
-24.07,-24.07
-11.09,-11.09
-10.22,-10.22
-23.36,-23.36
-33.38,-33.38
-26.05,-26.05
-8.54,-8.54
-0.68,-0.68
-9.39,-9.39
-20.77,-20.77
-18.8,-18.8
-7.84,-7.84
-5.48,-5.48
-19.39,-19.39
-36.92,-36.92
-40.53,-40.53
-31.11,-31.11
-26.77,-26.77
-38.46,-38.46
-55.54,-55.54
-59.95,-59.95
-50.57,-50.57
-44.26,-44.26
-54.26,-54.26
-71.9,-71.9
-78.63,-78.63
-69.03,-69.03
-58.5,-58.5
-61.57,-61.57
-73.1,-73.1
-75.51,-75.51
-62.89,-62.89
-49.87,-49.87
-52.71,-52.71
-68.03,-68.03
-75.94,-75.94
-66.26,-66.26
-50.67,-50.67
-46.71,-46.71
-55.53,-55.53
-60.01,-60.01
-48.69,-48.69
-31.46,-31.46
-26.39,-26.39
-36.11,-36.11
-44.49,-44.49
-37.28,-37.28
-21.89,-21.89
-16.63,-16.63
-27.42,-27.42
-38.85,-38.85
-35.42,-35.42
-20.77,-20.77
-13.5,-13.5
-21.3,-21.3
-32.02,-32.02
-28.88,-28.88
-13.78,-13.78
-4.05,-4.05
-10.17,-10.17
-21.73,-21.73
-20.43,-20.43
-5.39,-5.39
6.02,6.02
1.07,1.07
-11.84,-11.84
-14.12,-14.12
-0.88,-0.88
11.73,11.73
9.23,9.23
-2.74,-2.74
-6.11,-6.11
6.3,6.3
20.6,20.6
21.01,21.01
10.67,10.67
8.42,8.42
23.19,23.19
42.83,42.83
49.27,49.27
42.4,42.4
39.84,39.84
53.54,53.54
73.86,73.86
81.98,81.98
73.52,73.52
63.88,63.88
67.05,67.05
76.7,76.7
75.99,75.99
60.78,60.78
45.7,45.7
45.49,45.49
54.54,54.54
53.74,53.74
35.69,35.69
15.05,15.05
10.85,10.85
22.68,22.68
32.65,32.65
28.78,28.78
20.44,20.44
23.92,23.92
39.86,39.86
51.4,51.4
46.33,46.33
33.3,33.3
31.14,31.14
43.74,43.74
55.21,55.21
51.33,51.33
37.72,37.72
32.73,32.73
43.28,43.28
55.23,55.23
53.06,53.06
39.4,39.4
32.86,32.86
41.87,41.87
54.8,54.8
54.35,54.35
41.15,41.15
31.81,31.81
38.05,38.05
50.23,50.23
50.79,50.79
37.33,37.33
26.5,26.5
31.51,31.51
45.22,45.22
49.29,49.29
38.32,38.32
27.2,27.2
30.17,30.17
43.12,43.12
47.43,47.43
36.45,36.45
24.32,24.32
27.79,27.79
46.23,46.23
60.74,60.74
60.11,60.11
54.22,54.22
59.64,59.64
77.24,77.24
89.17,89.17
82.98,82.98
66.08,66.08
57.33,57.33
61.15,61.15
62.92,62.92
48.92,48.92
25.29,25.29
10.62,10.62
11.58,11.58
14.53,14.53
3.45,3.45
-19.02,-19.02
-35.29,-35.29
-36.65,-36.65
-34.5,-34.5
-45.61,-45.61
-69.61,-69.61
-88.63,-88.63
-90.97,-90.97
-86.27,-86.27
-92.1,-92.1
-110.86,-110.86
-126.19,-126.19
-124.35,-124.35
-112.52,-112.52
-108.52,-108.52
-117.8,-117.8
-126.22,-126.22
-120.05,-120.05
-103.91,-103.91
-96.41,-96.41
-104.7,-104.7
-114.91,-114.91
-110.52,-110.52
-92.88,-92.88
-79.91,-79.91
-82.53,-82.53
-90.37,-90.37
-86.37,-86.37
-69.65,-69.65
-55.81,-55.81
-56.6,-56.6
-62.88,-62.88
-57.08,-57.08
-35.83,-35.83
-16.27,-16.27
-12.88,-12.88
-20.27,-20.27
-20.34,-20.34
-6.41,-6.41
8.4,8.4
8.82,8.82
-1.02,-1.02
-4.02,-4.02
8.52,8.52
24.44,24.44
26.2,26.2
14.45,14.45
6.55,6.55
13.48,13.48
26.34,26.34
27.57,27.57
15.04,15.04
4.12,4.12
8.05,8.05
18.95,18.95
19.75,19.75
5.53,5.53
-9.05,-9.05
-8.77,-8.77
2.03,2.03
4.98,4.98
-7.35,-7.35
-22.07,-22.07
-23.15,-23.15
-12.97,-12.97
-8.88,-8.88
-20.82,-20.82
-37.9,-37.9
-42.07,-42.07
-31.95,-31.95
-23.91,-23.91
-30.19,-30.19
-42.41,-42.41
-43.52,-43.52
-29.6,-29.6
-16.55,-16.55
-17.63,-17.63
-27.45,-27.45
-28.16,-28.16
-14.13,-14.13
1.04,1.04
1.32,1.32
-9.66,-9.66
-14.78,-14.78
-5.61,-5.61
5.98,5.98
3.97,3.97
-10.77,-10.77
-20.63,-20.63
-14.66,-14.66
-2.23,-2.23
-0.66,-0.66
-12.35,-12.35
-21.95,-21.95
-16.19,-16.19
-2.73,-2.73
0.84,0.84
-10.11,-10.11
-20.71,-20.71
-16.96,-16.96
-3.5,-3.5
1.85,1.85
-7.86,-7.86
-19.97,-19.97
-18.48,-18.48
-5.73,-5.73
1.39,1.39
-7.3,-7.3
-20.91,-20.91
-22.41,-22.41
-11.12,-11.12
-2.94,-2.94
-9.09,-9.09
-21.17,-21.17
-20.89,-20.89
-5.12,-5.12
10.52,10.52
11.76,11.76
3.49,3.49
2.54,2.54
14.35,14.35
25.3,25.3
20.65,20.65
4.79,4.79
-4.44,-4.44
1.68,1.68
12.24,12.24
10.7,10.7
-2.08,-2.08
-9.73,-9.73
-1.82,-1.82
11.52,11.52
13.23,13.23
1.18,1.18
-9.51,-9.51
-5.35,-5.35
6.27,6.27
8.78,8.78
-2.73,-2.73
-13.39,-13.39
-9.95,-9.95
2.97,2.97
7.52,7.52
-3.48,-3.48
-16.87,-16.87
-16.9,-16.9
-5.16,-5.16
1.71,1.71
-5.98,-5.98
-17.84,-17.84
-18.1,-18.1
-6.1,-6.1
1.79,1.79
-5.9,-5.9
-20.51,-20.51
-24.23,-24.23
-13.66,-13.66
-3.45,-3.45
-7.57,-7.57
-20.16,-20.16
-23.37,-23.37
-12.05,-12.05
0.41,0.41
-0.74,-0.74
-11.38,-11.38
-14.67,-14.67
-2.43,-2.43
13.45,13.45
16.69,16.69
7.89,7.89
2.92,2.92
12.24,12.24
25.98,25.98
27.09,27.09
14.19,14.19
3.15,3.15
6.71,6.71
17.99,17.99
20.16,20.16
9.06,9.06
-1.44,-1.44
2.66,2.66
15.71,15.71
20.65,20.65
10.29,10.29
-3.23,-3.23
-3.88,-3.88
5.98,5.98
10.25,10.25
0.23,0.23
-13.45,-13.45
-14.25,-14.25
-2.29,-2.29
6.06,6.06
-0.92,-0.92
-14.59,-14.59
-18.12,-18.12
-8.38,-8.38
-0.21,-0.21
-5.88,-5.88
-19.49,-19.49
-23.73,-23.73
-13.42,-13.42
-1.46,-1.46
-2.6,-2.6
-13.73,-13.73
-18.01,-18.01
-7.25,-7.25
6.17,6.17
6.96,6.96
-4.51,-4.51
-11.37,-11.37
-3.41,-3.41
9.46,9.46
11.23,11.23
-0.28,-0.28
-9.68,-9.68
-4.99,-4.99
6.65,6.65
8.69,8.69
-2.79,-2.79
-14.17,-14.17
-11.19,-11.19
1.02,1.02
5.61,5.61
-4.34,-4.34
-15.7,-15.7
-13.71,-13.71
-0.48,-0.48
7.38,7.38
0.42,0.42
-10.73,-10.73
-10.03,-10.03
2.67,2.67
11.75,11.75
6.25,6.25
-5.2,-5.2
-5.8,-5.8
6.86,6.86
17.4,17.4
13.1,13.1
-0.17,-0.17
-5.07,-5.07
3.83,3.83
13.64,13.64
9.62,9.62
-4.62,-4.62
-12.48,-12.48
-5.77,-5.77
3.38,3.38
-0.3,-0.3
-15.7,-15.7
-26.7,-26.7
-22.6,-22.6
-12.79,-12.79
-13.56,-13.56
-26.82,-26.82
-37.71,-37.71
-33.99,-33.99
-23.55,-23.55
-22.45,-22.45
-34.61,-34.61
-46.15,-46.15
-43.09,-43.09
-30.29,-30.29
-25.1,-25.1
-33.71,-33.71
-44.23,-44.23
-41.16,-41.16
-27.35,-27.35
-18.67,-18.67
-24.06,-24.06
-33.65,-33.65
-31.39,-31.39
-16.9,-16.9
-6.05,-6.05
-9.54,-9.54
-19.49,-19.49
-19.61,-19.61
-7.47,-7.47
2.57,2.57
-1.74,-1.74
-13.77,-13.77
-16.92,-16.92
-6.05,-6.05
5.47,5.47
3.39,3.39
-8.42,-8.42
-13.63,-13.63
-4.29,-4.29
8.23,8.23
8.62,8.62
-1.99,-1.99
-8.0,-8.0
-0.21,-0.21
11.76,11.76
11.63,11.63
-1.02,-1.02
-11.04,-11.04
-5.97,-5.97
6.3,6.3
9.46,9.46
-0.66,-0.66
-10.43,-10.43
-6.62,-6.62
5.66,5.66
10.58,10.58
1.7,1.7
-8.35,-8.35
-5.55,-5.55
6.96,6.96
12.62,12.62
3.22,3.22
-10.34,-10.34
-12.53,-12.53
-3.45,-3.45
2.05,2.05
-7.0,-7.0
-21.46,-21.46
-24.79,-24.79
-13.59,-13.59
-2.98,-2.98
-4.98,-4.98
-13.45,-13.45
-12.59,-12.59
2.25,2.25
17.97,17.97
19.78,19.78
12.08,12.08
10.2,10.2
21.58,21.58
34.6,34.6
34.76,34.76
23.65,23.65
18.14,18.14
27.43,27.43
42.13,42.13
45.69,45.69
36.96,36.96
30.3,30.3
37.45,37.45
50.29,50.29
52.99,52.99
41.16,41.16
29.19,29.19
30.07,30.07
39.43,39.43
41.46,41.46
30.46,30.46
19.3,19.3
21.5,21.5
34.17,34.17
40.97,40.97
32.95,32.95
21.26,21.26
20.66,20.66
30.56,30.56
34.63,34.63
21.9,21.9
1.28,1.28
-10.9,-10.9
-11.22,-11.22
-13.78,-13.78
-29.57,-29.57
-51.2,-51.2
-61.89,-61.89
-56.71,-56.71
-49.33,-49.33
-53.76,-53.76
-66.63,-66.63
-71.62,-71.62
-61.82,-61.82
-49.59,-49.59
-49.22,-49.22
-59.34,-59.34
-63.11,-63.11
-51.84,-51.84
-34.66,-34.66
-27.63,-27.63
-30.67,-30.67
-28.42,-28.42
-9.69,-9.69
16.62,16.62
33.2,33.2
35.86,35.86
38.75,38.75
54.59,54.59
77.55,77.55
90.02,90.02
85.12,85.12
75.25,75.25
76.22,76.22
85.91,85.91
89.5,89.5
79.28,79.28
66.16,66.16
65.39,65.39
76.62,76.62
84.98,84.98
80.02,80.02
70.58,70.58
71.97,71.97
85.33,85.33
96.06,96.06
91.67,91.67
79.06,79.06
75.31,75.31
85.33,85.33
95.98,95.98
93.53,93.53
81.59,81.59
75.25,75.25
81.7,81.7
89.84,89.84
85.37,85.37
69.95,69.95
58.66,58.66
60.7,60.7
67.97,67.97
65.16,65.16
51.36,51.36
40.69,40.69
44.11,44.11
54.73,54.73
56.76,56.76
46.76,46.76
38.09,38.09
42.99,42.99
56.34,56.34
61.81,61.81
53.98,53.98
44.95,44.95
49.01,49.01
63.27,63.27
72.63,72.63
68.91,68.91
61.45,61.45
65.05,65.05
79.36,79.36
88.78,88.78
83.6,83.6
71.2,71.2
67.66,67.66
75.39,75.39
80.53,80.53
71.62,71.62
55.53,55.53
47.82,47.82
53.18,53.18
59.23,59.23
52.97,52.97
37.76,37.76
29.43,29.43
34.17,34.17
40.87,40.87
35.24,35.24
18.91,18.91
7.48,7.48
10.4,10.4
18.3,18.3
15.37,15.37
0.96,0.96
-10.07,-10.07
-6.74,-6.74
3.56,3.56
5.01,5.01
-6.3,-6.3
-16.51,-16.51
-13.62,-13.62
-3.01,-3.01
-0.49,-0.49
-11.99,-11.99
-25.39,-25.39
-26.41,-26.41
-16.92,-16.92
-12.26,-12.26
-20.15,-20.15
-30.71,-30.71
-29.91,-29.91
-18.12,-18.12
-10.94,-10.94
-17.57,-17.57
-29.13,-29.13
-29.84,-29.84
-17.54,-17.54
-6.84,-6.84
-9.49,-9.49
-19.62,-19.62
-21.64,-21.64
-11.65,-11.65
-1.75,-1.75
-4.94,-4.94
-17.1,-17.1
-22.14,-22.14
-13.89,-13.89
-3.2,-3.2
-5.12,-5.12
-17.27,-17.27
-24.55,-24.55
-18.27,-18.27
-7.78,-7.78
-8.15,-8.15
-21.25,-21.25
-31.73,-31.73
-29.37,-29.37
-20.77,-20.77
-21.25,-21.25
-34.22,-34.22
-46.32,-46.32
-45.3,-45.3
-36.02,-36.02
-34.59,-34.59
-46.16,-46.16
-58.61,-58.61
-58.44,-58.44
-48.02,-48.02
-43.44,-43.44
-52.38,-52.38
-64.73,-64.73
-64.97,-64.97
-53.7,-53.7
-46.27,-46.27
-52.16,-52.16
-64.22,-64.22
-66.42,-66.42
-57.08,-57.08
-50.08,-50.08
-56.38,-56.38
-69.86,-69.86
-74.47,-74.47
-65.27,-65.27
-55.39,-55.39
-57.59,-57.59
-69.02,-69.02
-74.08,-74.08
-66.33,-66.33
-56.89,-56.89
-59.28,-59.28
-71.66,-71.66
-78.64,-78.64
-72.05,-72.05
-60.77,-60.77
-59.81,-59.81
-70.36,-70.36
-78.31,-78.31
-72.92,-72.92
-61.58,-61.58
-59.83,-59.83
-70.33,-70.33
-79.47,-79.47
-75.52,-75.52
-62.84,-62.84
-57.53,-57.53
-65.25,-65.25
-74.14,-74.14
-71.69,-71.69
-60.75,-60.75
-56.39,-56.39
-66.08,-66.08
-78.91,-78.91
-80.61,-80.61
-71.05,-71.05
-64.55,-64.55
-71.34,-71.34
-82.33,-82.33
-82.94,-82.94
-71.3,-71.3
-60.98,-60.98
-63.77,-63.77
-73.77,-73.77
-75.41,-75.41
-65.02,-65.02
-54.47,-54.47
-56.75,-56.75
-67.52,-67.52
-71.16,-71.16
-61.02,-61.02
-47.95,-47.95
-46.27,-46.27
-54.33,-54.33
-57.05,-57.05
-46.25,-46.25
-31.28,-31.28
-27.7,-27.7
-36.89,-36.89
-43.75,-43.75
-38.05,-38.05
-25.87,-25.87
-22.31,-22.31
-30.29,-30.29
-36.44,-36.44
-29.27,-29.27
-13.66,-13.66
-5.7,-5.7
-10.3,-10.3
-16.61,-16.61
-12.61,-12.61
-2.4,-2.4
-1.02,-1.02
-15.92,-15.92
-35.67,-35.67
-44.49,-44.49
-42.72,-42.72
-44.21,-44.21
-58.18,-58.18
-76.51,-76.51
-84.41,-84.41
-79.98,-79.98
-76.83,-76.83
-85.2,-85.2
-99.47,-99.47
-103.85,-103.85
-95.18,-95.18
-86.31,-86.31
-90.02,-90.02
-102.93,-102.93
-110.46,-110.46
-106.4,-106.4
-101.86,-101.86
-109.6,-109.6
-127.0,-127.0
-138.47,-138.47
-135.32,-135.32
-126.92,-126.92
-128.33,-128.33
-140.46,-140.46
-149.96,-149.96
-146.85,-146.85
-138.0,-138.0
-137.95,-137.95
-149.13,-149.13
-159.69,-159.69
-158.63,-158.63
-150.81,-150.81
-150.03,-150.03
-161.49,-161.49
-173.07,-173.07
-173.02,-173.02
-164.44,-164.44
-161.91,-161.91
-171.88,-171.88
-183.49,-183.49
-182.21,-182.21
-168.17,-168.17
-154.73,-154.73
-151.14,-151.14
-150.05,-150.05
-138.46,-138.46
-114.45,-114.45
-91.39,-91.39
-79.28,-79.28
-71.77,-71.77
-55.81,-55.81
-27.75,-27.75
-0.19,-0.19
15.38,15.38
22.3,22.3
34.16,34.16
56.14,56.14
77.17,77.17
84.5,84.5
80.48,80.48
80.02,80.02
92.02,92.02
109.67,109.67
119.61,119.61
120.97,120.97
125.31,125.31
140.56,140.56
159.41,159.41
169.06,169.06
168.37,168.37
170.12,170.12
185.87,185.87
210.69,210.69
230.22,230.22
238.81,238.81
245.78,245.78
261.16,261.16
281.34,281.34
293.06,293.06
290.87,290.87
285.69,285.69
290.72,290.72
305.94,305.94
317.69,317.69
318.06,318.06
314.12,314.12
318.19,318.19
331.41,331.41
340.94,340.94
336.59,336.59
324.5,324.5
318.19,318.19
321.41,321.41
323.56,323.56
315.12,315.12
299.72,299.72
291.41,291.41
294.91,294.91
300.28,300.28
295.09,295.09
281.16,281.16
270.53,270.53
270.0,270.0
270.41,270.41
259.78,259.78
238.19,238.19
218.53,218.53
209.53,209.53
204.31,204.31
189.84,189.84
165.25,165.25
142.12,142.12
131.41,131.41
128.03,128.03
118.91,118.91
100.37,100.37
82.97,82.97
77.97,77.97
82.0,82.0
82.47,82.47
73.19,73.19
63.47,63.47
65.34,65.34
76.94,76.94
84.66,84.66
80.31,80.31
71.72,71.72
70.97,70.97
79.44,79.44
85.09,85.09
79.44,79.44
68.05,68.05
64.75,64.75
72.48,72.48
80.39,80.39
77.95,77.95
69.28,69.28
66.92,66.92
75.08,75.08
84.66,84.66
84.12,84.12
75.84,75.84
73.36,73.36
82.91,82.91
96.09,96.09
99.91,99.91
94.16,94.16
90.2,90.2
96.52,96.52
106.25,106.25
106.64,106.64
95.51,95.51
84.47,84.47
82.26,82.26
85.06,85.06
80.57,80.57
67.12,67.12
54.52,54.52
53.03,53.03
57.8,57.8
54.51,54.51
37.0,37.0
15.14,15.14
1.97,1.97
-2.57,-2.57
-9.57,-9.57
-26.25,-26.25
-45.28,-45.28
-55.63,-55.63
-56.87,-56.87
-61.1,-61.1
-76.03,-76.03
-94.56,-94.56
-103.15,-103.15
-97.4,-97.4
-88.94,-88.94
-88.8,-88.8
-94.64,-94.64
-95.16,-95.16
-85.92,-85.92
-76.49,-76.49
-77.4,-77.4
-87.02,-87.02
-93.56,-93.56
-90.52,-90.52
-85.48,-85.48
-88.48,-88.48
-97.94,-97.94
-101.56,-101.56
-92.37,-92.37
-78.5,-78.5
-74.25,-74.25
-82.77,-82.77
-93.45,-93.45
-97.28,-97.28
-98.05,-98.05
-106.55,-106.55
-124.22,-124.22
-139.69,-139.69
-142.25,-142.25
-135.53,-135.53
-131.83,-131.83
-136.91,-136.91
-142.17,-142.17
-137.36,-137.36
-125.06,-125.06
-118.37,-118.37
-123.97,-123.97
-133.75,-133.75
-134.41,-134.41
-126.06,-126.06
-120.75,-120.75
-127.0,-127.0
-136.62,-136.62
-134.94,-134.94
-118.72,-118.72
-100.41,-100.41
-90.72,-90.72
-86.62,-86.62
-74.78,-74.78
-51.81,-51.81
-28.78,-28.78
-18.19,-18.19
-17.47,-17.47
-12.5,-12.5
3.19,3.19
20.47,20.47
25.87,25.87
20.44,20.44
18.31,18.31
27.94,27.94
41.25,41.25
44.16,44.16
34.53,34.53
26.0,26.0
28.06,28.06
34.06,34.06
29.28,29.28
13.03,13.03
2.19,2.19
11.41,11.41
35.56,35.56
54.0,54.0
55.0,55.0
47.75,47.75
48.03,48.03
57.84,57.84
64.03,64.03
58.16,58.16
49.81,49.81
51.78,51.78
61.25,61.25
58.88,58.88
32.25,32.25
-6.87,-6.87
-35.16,-35.16
-46.19,-46.19
-55.34,-55.34
-79.41,-79.41
-113.72,-113.72
-140.47,-140.47
-153.97,-153.97
-169.31,-169.31
-202.72,-202.72
-246.81,-246.81
-277.47,-277.47
-282.53,-282.53
-275.78,-275.78
-278.03,-278.03
-289.22,-289.22
-290.28,-290.28
-271.78,-271.78
-250.41,-250.41
-251.44,-251.44
-276.91,-276.91
-303.87,-303.87
-312.78,-312.78
-308.31,-308.31
-305.84,-305.84
-306.59,-306.59
-292.56,-292.56
-248.34,-248.34
-184.75,-184.75
-129.22,-129.22
-97.66,-97.66
-83.62,-83.62
-73.72,-73.72
-70.37,-70.37
-88.31,-88.31
-127.56,-127.56
-161.69,-161.69
-162.97,-162.97
-131.47,-131.47
-95.75,-95.75
-77.59,-77.59
-70.59,-70.59
-53.13,-53.13
-18.81,-18.81
14.19,14.19
29.87,29.87
34.41,34.41
49.16,49.16
81.03,81.03
113.56,113.56
127.06,127.06
123.41,123.41
119.78,119.78
122.91,122.91
117.47,117.47
86.59,86.59
36.47,36.47
-6.22,-6.22
-25.25,-25.25
-32.34,-32.34
-49.38,-49.38
-79.72,-79.72
-103.81,-103.81
-105.66,-105.66
-94.22,-94.22
-92.37,-92.37
-108.53,-108.53
-128.5,-128.5
-136.53,-136.53
-139.0,-139.0
-155.62,-155.62
-190.62,-190.62
-223.0,-223.0
-231.28,-231.28
-219.97,-219.97
-214.22,-214.22
-230.0,-230.0
-254.34,-254.34
-264.44,-264.44
-257.66,-257.66
-252.12,-252.12
-260.34,-260.34
-268.23,-268.23
-251.0,-251.0
-203.87,-203.87
-146.16,-146.16
-97.95,-97.95
-54.91,-54.91
1.25,1.25
75.64,75.64
150.33,150.33
205.08,205.08
238.55,238.55
263.67,263.67
281.27,281.27
274.17,274.17
227.84,227.84
154.66,154.66
86.36,86.36
43.92,43.92
20.62,20.62
-2.47,-2.47
-25.35,-25.35
-28.02,-28.02
3.84,3.84
57.16,57.16
102.48,102.48
124.63,124.63
132.55,132.55
142.13,142.13
154.35,154.35
161.69,161.69
167.44,167.44
187.35,187.35
228.56,228.56
274.61,274.61
293.19,293.19
261.81,261.81
181.93,181.93
68.0,68.0
-71.16,-71.16
-228.77,-228.77
-381.42,-381.42
-484.86,-484.86
-505.54,-505.54
-449.45,-449.45
-361.31,-361.31
-290.16,-290.16
-259.87,-259.87
-267.57,-267.57
-302.41,-302.41
-354.13,-354.13
-409.83,-409.83
-455.46,-455.46
-479.85,-479.85
-479.7,-479.7
-460.47,-460.47
-431.35,-431.35
-401.43,-401.43
-375.98,-375.98
-356.7,-356.7
-342.04,-342.04
-329.46,-329.46
-316.7,-316.7
-302.26,-302.26
-286.66,-286.66
-270.39,-270.39
-254.0,-254.0
-238.45,-238.45
-223.53,-223.53
-209.44,-209.44
-195.97,-195.97
-182.58,-182.58
-169.27,-169.27
-156.06,-156.06
-143.22,-143.22
-130.47,-130.47
-118.06,-118.06
-105.0,-105.0
-89.53,-89.53
-70.44,-70.44
-51.28,-51.28
-36.78,-36.78
-29.41,-29.41
-27.09,-27.09
-26.06,-26.06
-22.75,-22.75
-15.75,-15.75
-5.53,-5.53
7.06,7.06
20.56,20.56
32.94,32.94
43.91,43.91
56.31,56.31
81.31,81.31
128.62,128.62
193.44,193.44
255.12,255.12
294.25,294.25
313.19,313.19
330.69,330.69
360.19,360.19
392.94,392.94
414.0,414.0
424.56,424.56
443.25,443.25
483.94,483.94
537.69,537.69
582.87,582.87
611.56,611.56
633.12,633.12
657.62,657.62
677.56,677.56
675.25,675.25
647.06,647.06
610.06,610.06
583.31,583.31
566.44,566.44
543.94,543.94
507.5,507.5
469.81,469.81
447.19,447.19
439.69,439.69
430.19,430.19
407.0,407.0
378.94,378.94
362.31,362.31
358.0,358.0
349.5,349.5
324.19,324.19
290.37,290.37
266.81,266.81
257.94,257.94
247.56,247.56
219.25,219.25
179.44,179.44
150.25,150.25
143.0,143.0
146.31,146.31
143.06,143.06
133.81,133.81
135.37,135.37
154.69,154.69
177.25,177.25
181.87,181.87
168.37,168.37
157.81,157.81
166.0,166.0
183.37,183.37
188.0,188.0
174.12,174.12
159.31,159.31
161.37,161.37
176.44,176.44
185.5,185.5
183.0,183.0
184.5,184.5
206.69,206.69
242.94,242.94
268.75,268.75
272.56,272.56
267.31,267.31
274.31,274.31
295.25,295.25
311.12,311.12
309.62,309.62
301.81,301.81
307.25,307.25
328.12,328.12
345.0,345.0
342.94,342.94
330.06,330.06
327.0,327.0
339.44,339.44
349.44,349.44
339.56,339.56
315.25,315.25
298.06,298.06
297.0,297.0
297.44,297.44
280.31,280.31
247.78,247.78
220.5,220.5
210.72,210.72
205.97,205.97
187.25,187.25
155.16,155.16
132.09,132.09
133.97,133.97
149.81,149.81
155.72,155.72
144.06,144.06
131.0,131.0
132.28,132.28
141.78,141.78
139.16,139.16
118.81,118.81
98.09,98.09
96.84,96.84
111.08,111.08
117.66,117.66
102.91,102.91
80.03,80.03
70.34,70.34
75.5,75.5
77.84,77.84
64.15,64.15
44.32,44.32
37.16,37.16
45.07,45.07
49.4,49.4
35.68,35.68
12.58,12.58
0.44,0.44
4.91,4.91
9.58,9.58
-2.78,-2.78
-27.04,-27.04
-43.07,-43.07
-42.69,-42.69
-42.05,-42.05
-59.68,-59.68
-92.87,-92.87
-120.02,-120.02
-128.87,-128.87
-131.64,-131.64
-148.37,-148.37
-180.17,-180.17
-206.89,-206.89
-214.09,-214.09
-211.97,-211.97
-221.3,-221.3
-245.53,-245.53
-266.25,-266.25
-266.97,-266.97
-256.41,-256.41
-256.91,-256.91
-276.12,-276.12
-297.59,-297.59
-301.84,-301.84
-292.0,-292.0
-288.72,-288.72
-302.16,-302.16
-318.94,-318.94
-320.75,-320.75
-309.25,-309.25
-303.81,-303.81
-316.91,-316.91
-336.06,-336.06
-339.72,-339.72
-325.81,-325.81
-313.0,-313.0
-316.75,-316.75
-328.62,-328.62
-327.87,-327.87
-310.06,-310.06
-292.44,-292.44
-292.12,-292.12
-303.75,-303.75
-306.0,-306.0
-290.69,-290.69
-272.44,-272.44
-270.31,-270.31
-282.0,-282.0
-287.94,-287.94
-277.31,-277.31
-262.25,-262.25
-261.31,-261.31
-275.31,-275.31
-284.87,-284.87
-276.56,-276.56
-259.81,-259.81
-254.94,-254.94
-264.81,-264.81
-271.75,-271.75
-260.37,-260.37
-238.81,-238.81
-227.69,-227.69
-234.06,-234.06
-241.87,-241.87
-233.62,-233.62
-213.37,-213.37
-202.0,-202.0
-209.0,-209.0
-219.87,-219.87
-215.12,-215.12
-195.87,-195.87
-182.31,-182.31
-187.31,-187.31
-200.5,-200.5
-201.25,-201.25
-187.5,-187.5
-176.37,-176.37
-182.5,-182.5
-196.87,-196.87
-199.25,-199.25
-184.87,-184.87
-170.37,-170.37
-172.94,-172.94
-187.19,-187.19
-193.31,-193.31
-182.87,-182.87
-170.44,-170.44
-173.19,-173.19
-188.06,-188.06
-195.75,-195.75
-186.37,-186.37
-172.81,-172.81
-174.62,-174.62
-191.62,-191.62
-203.62,-203.62
-196.06,-196.06
-178.75,-178.75
-172.06,-172.06
-180.69,-180.69
-187.5,-187.5
-176.87,-176.87
-156.12,-156.12
-145.81,-145.81
-153.0,-153.0
-160.94,-160.94
-150.69,-150.69
-125.81,-125.81
-107.66,-107.66
-107.62,-107.62
-112.56,-112.56
-101.72,-101.72
-75.19,-75.19
-52.66,-52.66
-47.81,-47.81
-50.75,-50.75
-41.16,-41.16
-16.41,-16.41
3.12,3.12
2.0,2.0
-11.88,-11.88
-15.16,-15.16
0.88,0.88
21.28,21.28
27.72,27.72
23.34,23.34
25.25,25.25
40.91,40.91
56.41,56.41
54.5,54.5
39.59,39.59
33.09,33.09
47.13,47.13
69.78,69.78
80.22,80.22
75.78,75.78
73.41,73.41
85.75,85.75
102.5,102.5
102.81,102.81
83.87,83.87
63.84,63.84
60.5,60.5
67.41,67.41
64.23,64.23
42.34,42.34
16.89,16.89
5.92,5.92
6.05,6.05
-0.83,-0.83
-22.62,-22.62
-44.73,-44.73
-47.89,-47.89
-32.75,-32.75
-20.25,-20.25
-23.86,-23.86
-33.67,-33.67
-29.91,-29.91
-10.41,-10.41
6.41,6.41
5.33,5.33
-4.0,-4.0
1.75,1.75
30.97,30.97
67.9,67.9
93.98,93.98
109.81,109.81
130.48,130.48
159.45,159.45
180.87,180.87
177.58,177.58
156.04,156.04
139.41,139.41
141.17,141.17
150.65,150.65
147.26,147.26
129.63,129.63
115.39,115.39
117.27,117.27
125.36,125.36
119.61,119.61
97.64,97.64
78.36,78.36
77.99,77.99
88.87,88.87
89.12,89.12
71.62,71.62
53.02,53.02
51.82,51.82
62.88,62.88
64.33,64.33
46.0,46.0
23.34,23.34
17.13,17.13
26.47,26.47
29.48,29.48
12.2,12.2
-13.67,-13.67
-26.8,-26.8
-25.56,-25.56
-31.08,-31.08
-59.04,-59.04
-97.99,-97.99
-123.06,-123.06
-125.89,-125.89
-124.18,-124.18
-136.46,-136.46
-156.36,-156.36
-161.8,-161.8
-144.92,-144.92
-125.42,-125.42
-125.84,-125.84
-143.47,-143.47
-153.92,-153.92
-141.51,-141.51
-120.44,-120.44
-114.29,-114.29
-123.93,-123.93
-125.72,-125.72
-102.97,-102.97
-69.16,-69.16
-49.65,-49.65
-47.55,-47.55
-36.98,-36.98
7.51,7.51
78.34,78.34
146.77,146.77
195.53,195.53
234.58,234.58
277.23,277.23
313.97,313.97
319.31,319.31
288.55,288.55
249.78,249.78
238.08,238.08
256.2,256.2
278.12,278.12
283.3,283.3
280.87,280.87
292.69,292.69
320.59,320.59
342.45,342.45
340.56,340.56
323.39,323.39
314.31,314.31
320.03,320.03
324.64,324.64
310.42,310.42
284.27,284.27
268.33,268.33
271.23,271.23
276.83,276.83
264.31,264.31
236.89,236.89
218.42,218.42
221.34,221.34
231.7,231.7
226.69,226.69
205.92,205.92
190.83,190.83
197.34,197.34
217.52,217.52
231.22,231.22
230.25,230.25
224.53,224.53
224.06,224.06
226.81,226.81
222.77,222.77
209.72,209.72
196.5,196.5
191.62,191.62
192.27,192.27
188.38,188.38
177.0,177.0
164.69,164.69
158.97,158.97
159.53,159.53
159.81,159.81
156.56,156.56
151.07,151.07
146.11,146.11
141.67,141.67
136.0,136.0
128.86,128.86
121.51,121.51
114.46,114.46
107.21,107.21
97.52,97.52
84.14,84.14
70.88,70.88
61.72,61.72
57.14,57.14
52.09,52.09
42.58,42.58
30.15,30.15
21.58,21.58
18.09,18.09
13.12,13.12
-0.55,-0.55
-19.85,-19.85
-33.97,-33.97
-37.95,-37.95
-40.9,-40.9
-56.8,-56.8
-83.55,-83.55
-104.56,-104.56
-108.09,-108.09
-105.34,-105.34
-117.09,-117.09
-146.22,-146.22
-171.56,-171.56
-173.89,-173.89
-160.42,-160.42
-156.05,-156.05
-171.95,-171.95
-192.17,-192.17
-194.44,-194.44
-179.91,-179.91
-171.47,-171.47
-183.34,-183.34
-201.58,-201.58
-203.11,-203.11
-185.36,-185.36
-170.72,-170.72
-176.72,-176.72
-193.87,-193.87
-196.84,-196.84
-179.75,-179.75
-162.78,-162.78
-165.97,-165.97
-182.56,-182.56
-186.5,-186.5
-169.37,-169.37
-151.37,-151.37
-155.03,-155.03
-176.59,-176.59
-189.47,-189.47
-178.19,-178.19
-159.97,-159.97
-159.41,-159.41
-178.34,-178.34
-189.06,-189.06
-175.62,-175.62
-151.31,-151.31
-143.72,-143.72
-158.66,-158.66
-172.91,-172.91
-166.03,-166.03
-147.69,-147.69
-144.97,-144.97
-165.78,-165.78
-186.87,-186.87
-183.75,-183.75
-161.09,-161.09
-148.16,-148.16
-158.31,-158.31
-173.31,-173.31
-167.69,-167.69
-141.59,-141.59
-122.19,-122.19
-125.97,-125.97
-139.66,-139.66
-137.22,-137.22
-114.81,-114.81
-95.56,-95.56
-98.97,-98.97
-114.84,-114.84
-116.06,-116.06
-96.22,-96.22
-77.59,-77.59
-82.59,-82.59
-103.03,-103.03
-110.78,-110.78
-94.94,-94.94
-78.22,-78.22
-85.66,-85.66
-114.0,-114.0
-132.56,-132.56
-124.94,-124.94
-110.37,-110.37
-120.44,-120.44
-154.87,-154.87
-182.47,-182.47
-179.78,-179.78
-164.09,-164.09
-170.03,-170.03
-204.41,-204.41
-236.41,-236.41
-235.09,-235.09
-212.25,-212.25
-203.09,-203.09
-223.48,-223.48
-246.66,-246.66
-241.08,-241.08
-211.5,-211.5
-194.69,-194.69
-207.98,-207.98
-228.12,-228.12
-218.55,-218.55
-180.53,-180.53
-150.83,-150.83
-154.87,-154.87
-173.37,-173.37
-166.66,-166.66
-127.98,-127.98
-93.66,-93.66
-95.61,-95.61
-121.05,-121.05
-128.72,-128.72
-103.81,-103.81
-76.62,-76.62
-81.16,-81.16
-109.14,-109.14
-120.35,-120.35
-96.45,-96.45
-63.74,-63.74
-60.33,-60.33
-84.93,-84.93
-98.8,-98.8
-76.03,-76.03
-38.96,-38.96
-26.71,-26.71
-47.08,-47.08
-64.25,-64.25
-50.75,-50.75
-22.87,-22.87
-21.25,-21.25
-56.13,-56.13
-94.69,-94.69
-102.38,-102.38
-88.48,-88.48
-89.7,-89.7
-120.39,-120.39
-150.79,-150.79
-148.38,-148.38
-121.98,-121.98
-113.29,-113.29
-143.17,-143.17
-183.26,-183.26
-191.94,-191.94
-165.53,-165.53
-141.33,-141.33
-146.33,-146.33
-161.75,-161.75
-149.52,-149.52
-104.37,-104.37
-61.13,-61.13
-50.25,-50.25
-58.48,-58.48
-44.13,-44.13
4.59,4.59
55.88,55.88
74.19,74.19
68.84,68.84
77.0,77.0
118.09,118.09
164.78,164.78
181.0,181.0
168.56,168.56
166.22,166.22
198.87,198.87
246.69,246.69
270.53,270.53
265.12,265.12
264.22,264.22
294.78,294.78
338.03,338.03
354.31,354.31
332.41,332.41
305.66,305.66
306.09,306.09
325.5,325.5
325.66,325.66
290.75,290.75
249.16,249.16
236.91,236.91
252.19,252.19
256.31,256.31
227.37,227.37
188.62,188.62
178.75,178.75
201.44,201.44
224.37,224.37
222.56,222.56
213.25,213.25
230.94,230.94
281.0,281.0
329.0,329.0
343.06,343.06
330.87,330.87
324.81,324.81
337.75,337.75
348.5,348.5
331.62,331.62
296.31,296.31
274.31,274.31
277.44,277.44
278.56,278.56
244.06,244.06
180.87,180.87
131.75,131.75
122.5,122.5
130.37,130.37
113.62,113.62
66.5,66.5
26.31,26.31
24.5,24.5
43.69,43.69
41.69,41.69
5.19,5.19
-30.94,-30.94
-29.75,-29.75
1.44,1.44
20.81,20.81
11.0,11.0
0.31,0.31
24.75,24.75
80.37,80.37
125.06,125.06
133.81,133.81
128.44,128.44
145.06,145.06
184.06,184.06
207.62,207.62
191.0,191.0
153.94,153.94
139.0,139.0
154.44,154.44
163.87,163.87
135.25,135.25
82.62,82.62
50.5,50.5
53.38,53.38
55.44,55.44
15.5,15.5
-61.06,-61.06
-132.44,-132.44
-174.12,-174.12
-203.69,-203.69
-249.37,-249.37
-318.19,-318.19
-391.56,-391.56
-446.94,-446.94
-472.25,-472.25
-468.25,-468.25
-444.69,-444.69
-413.56,-413.56
-384.37,-384.37
-361.94,-361.94
-346.37,-346.37
-334.94,-334.94
-324.75,-324.75
-313.12,-313.12
-299.81,-299.81
-284.87,-284.87
-269.44,-269.44
-254.44,-254.44
-240.25,-240.25
-227.12,-227.12
-214.62,-214.62
-200.94,-200.94
-181.37,-181.37
-153.44,-153.44
-123.94,-123.94
-104.5,-104.5
-96.25,-96.25
-80.75,-80.75
-36.88,-36.88
28.56,28.56
78.94,78.94
89.06,89.06
78.81,78.81
91.44,91.44
136.44,136.44
176.19,176.19
175.62,175.62
151.0,151.0
153.31,153.31
203.12,203.12
261.44,261.44
276.69,276.69
250.0,250.0
234.0,234.0
264.62,264.62
314.44,314.44
327.44,327.44
295.06,295.06
267.94,267.94
290.56,290.56
339.87,339.87
354.0,354.0
312.87,312.87
266.37,266.37
269.75,269.75
312.25,312.25
331.12,331.12
295.5,295.5
248.44,248.44
248.25,248.25
289.5,289.5
309.62,309.62
272.0,272.0
215.94,215.94
206.31,206.31
249.56,249.56
285.06,285.06
265.0,265.0
214.81,214.81
196.5,196.5
224.87,224.87
249.44,249.44
223.25,223.25
165.56,165.56
138.56,138.56
165.31,165.31
202.75,202.75
198.87,198.87
162.25,162.25
149.94,149.94
189.44,189.44
240.31,240.31
243.44,243.44
197.69,197.69
162.37,162.37
179.12,179.12
219.19,219.19
222.37,222.37
176.44,176.44
132.44,132.44
136.31,136.31
168.12,168.12
170.37,170.37
125.81,125.81
79.69,79.69
80.19,80.19
113.16,113.16
121.31,121.31
80.16,80.16
31.09,31.09
27.22,27.22
64.62,64.62
86.19,86.19
57.78,57.78
10.38,10.38
-1.84,-1.84
27.06,27.06
47.94,47.94
24.09,24.09
-21.0,-21.0
-35.69,-35.69
-10.25,-10.25
10.47,10.47
-12.0,-12.0
-59.78,-59.78
-82.84,-82.84
-64.19,-64.19
-39.72,-39.72
-49.44,-49.44
-86.31,-86.31
-106.84,-106.84
-90.19,-90.19
-63.41,-63.41
-64.84,-64.84
-93.53,-93.53
-111.69,-111.69
-95.91,-95.91
-67.5,-67.5
-65.11,-65.11
-92.72,-92.72
-114.31,-114.31
-101.44,-101.44
-69.92,-69.92
-59.44,-59.44
-80.28,-80.28
-99.67,-99.67
-84.62,-84.62
-46.7,-46.7
-28.36,-28.36
-48.19,-48.19
-75.08,-75.08
-68.97,-68.97
-34.15,-34.15
-14.39,-14.39
-34.31,-34.31
-66.8,-66.8
-68.47,-68.47
-37.37,-37.37
-15.3,-15.3
-31.68,-31.68
-64.15,-64.15
-67.07,-67.07
-33.2,-33.2
-2.89,-2.89
-11.1,-11.1
-42.48,-42.48
-51.82,-51.82
-23.07,-23.07
9.17,9.17
7.12,7.12
-20.92,-20.92
-30.7,-30.7
-0.88,-0.88
37.42,37.42
40.86,40.86
11.76,11.76
-5.82,-5.82
17.5,17.5
56.61,56.61
65.36,65.36
37.27,37.27
16.68,16.68
39.02,39.02
86.15,86.15
108.34,108.34
91.31,91.31
73.67,73.67
94.94,94.94
144.23,144.23
172.82,172.82
159.12,159.12
135.01,135.01
143.6,143.6
182.84,182.84
209.7,209.7
197.55,197.55
169.7,169.7
167.59,167.59
196.48,196.48
219.58,219.58
207.42,207.42
177.34,177.34
167.27,167.27
186.77,186.77
202.55,202.55
185.16,185.16
147.91,147.91
130.72,130.72
147.16,147.16
167.44,167.44
156.5,156.5
120.62,120.62
98.09,98.09
107.72,107.72
124.5,124.5
112.12,112.12
73.09,73.09
45.16,45.16
51.69,51.69
68.69,68.69
56.0,56.0
10.69,10.69
-28.47,-28.47
-29.28,-29.28
-8.81,-8.81
-10.28,-10.28
-46.5,-46.5
-83.59,-83.59
-87.62,-87.62
-69.31,-69.31
-70.19,-70.19
-107.81,-107.81
-152.81,-152.81
-168.37,-168.37
-159.75,-159.75
-165.75,-165.75
-208.06,-208.06
-260.81,-260.81
-284.5,-284.5
-278.12,-278.12
-280.31,-280.31
-317.94,-317.94
-371.69,-371.69
-401.37,-401.37
-399.0,-399.0
-396.31,-396.31
-421.06,-421.06
-460.31,-460.31
-478.37,-478.37
-466.19,-466.19
-450.06,-450.06
-455.5,-455.5
-474.31,-474.31
-476.19,-476.19
-450.12,-450.12
-419.31,-419.31
-409.94,-409.94
-417.37,-417.37
-411.87,-411.87
-378.37,-378.37
-337.62,-337.62
-319.75,-319.75
-324.19,-324.19
-319.5,-319.5
-285.37,-285.37
-241.5,-241.5
-223.75,-223.75
-237.87,-237.87
-250.06,-250.06
-227.31,-227.31
-179.06,-179.06
-140.19,-140.19
-127.69,-127.69
-121.25,-121.25
-97.31,-97.31
-65.62,-65.62
-58.75,-58.75
-89.12,-89.12
-130.19,-130.19
-146.19,-146.19
-134.94,-134.94
-127.81,-127.81
-148.0,-148.0
-183.19,-183.19
-206.06,-206.06
-211.69,-211.69
-223.19,-223.19
-258.87,-258.87
-309.37,-309.37
-349.44,-349.44
-366.25,-366.25
-367.69,-367.69
-366.5,-366.5
-367.06,-367.06
-367.25,-367.25
-364.19,-364.19
-358.81,-358.81
-352.19,-352.19
-344.56,-344.56
-335.75,-335.75
-325.44,-325.44
-313.69,-313.69
-301.19,-301.19
-288.56,-288.56
-276.25,-276.25
-264.75,-264.75
-253.56,-253.56
-242.69,-242.69
-232.12,-232.12
-221.62,-221.62
-211.47,-211.47
-201.09,-201.09
-190.78,-190.78
-180.81,-180.81
-170.87,-170.87
-161.5,-161.5
-152.22,-152.22
-143.22,-143.22
-134.28,-134.28
-125.41,-125.41
-116.62,-116.62
-108.12,-108.12
-99.69,-99.69
-91.56,-91.56
-83.5,-83.5
-75.5,-75.5
-67.81,-67.81
-60.44,-60.44
-52.88,-52.88
-45.63,-45.63
-38.66,-38.66
-31.53,-31.53
-24.7,-24.7
-18.17,-18.17
-11.45,-11.45
-5.05,-5.05
1.05,1.05
7.33,7.33
13.31,13.31
19.0,19.0
24.87,24.87
30.43,30.43
35.95,35.95
41.15,41.15
46.3,46.3
51.39,51.39
56.43,56.43
61.17,61.17
65.85,65.85
70.48,70.48
75.06,75.06
79.34,79.34
83.56,83.56
87.73,87.73
91.86,91.86
95.93,95.93
99.7,99.7
103.42,103.42
106.84,106.84
110.09,110.09
113.28,113.28
116.44,116.44
119.67,119.67
122.73,122.73
125.62,125.62
128.59,128.59
131.39,131.39
134.02,134.02
136.47,136.47
139.02,139.02
141.37,141.37
143.58,143.58
145.86,145.86
147.97,147.97
149.94,149.94
151.97,151.97
153.72,153.72
155.53,155.53
157.34,157.34
158.97,158.97
160.53,160.53
162.09,162.09
163.47,163.47
164.56,164.56
165.87,165.87
167.91,167.91
170.87,170.87
174.06,174.06
175.94,175.94
177.25,177.25
184.66,184.66
208.97,208.97
253.19,253.19
301.16,301.16
330.31,330.31
336.75,336.75
340.97,340.97
363.59,363.59
401.31,401.31
433.91,433.91
453.0,453.0
474.72,474.72
518.81,518.81
583.03,583.03
645.69,645.69
691.84,691.84
729.81,729.81
776.19,776.19
832.19,832.19
880.78,880.78
905.78,905.78
905.19,905.19
887.84,887.84
863.62,863.62
838.37,838.37
814.25,814.25
790.97,790.97
767.25,767.25
742.66,742.66
717.06,717.06
690.94,690.94
664.97,664.97
639.5,639.5
615.06,615.06
591.22,591.22
568.16,568.16
545.47,545.47
523.0,523.0
500.81,500.81
478.87,478.87
457.31,457.31
436.25,436.25
415.44,415.44
395.12,395.12
375.08,375.08
355.52,355.52
336.22,336.22
317.41,317.41
298.73,298.73
280.54,280.54
262.61,262.61
245.05,245.05
227.86,227.86
211.05,211.05
194.48,194.48
178.29,178.29
162.34,162.34
146.76,146.76
131.43,131.43
116.46,116.46
101.87,101.87
87.52,87.52
73.41,73.41
59.67,59.67
46.3,46.3
33.16,33.16
20.28,20.28
7.61,7.61
-4.69,-4.69
-16.72,-16.72
-28.41,-28.41
-39.88,-39.88
-51.09,-51.09
-62.06,-62.06
-72.69,-72.69
-83.09,-83.09
-93.25,-93.25
-103.16,-103.16
-112.72,-112.72
-122.19,-122.19
-131.31,-131.31
-140.31,-140.31
-149.0,-149.0
-157.5,-157.5
-165.75,-165.75
-173.56,-173.56
-181.31,-181.31
-189.0,-189.0
-196.31,-196.31
-203.25,-203.25
-210.12,-210.12
-216.87,-216.87
-223.31,-223.31
-229.62,-229.62
-236.37,-236.37
-247.0,-247.0
-266.0,-266.0
-291.06,-291.06
-312.56,-312.56
-322.37,-322.37
-325.75,-325.75
-336.31,-336.31
-361.0,-361.0
-389.12,-389.12
-403.19,-403.19
-401.81,-401.81
-400.87,-400.87
-415.69,-415.69
-441.0,-441.0
-459.5,-459.5
-463.87,-463.87
-465.5,-465.5
-478.62,-478.62
-502.0,-502.0
-520.87,-520.87
-527.75,-527.75
-532.75,-532.75
-550.5,-550.5
-579.37,-579.37
-604.37,-604.37
-614.62,-614.62
-617.87,-617.87
-628.75,-628.75
-649.12,-649.12
-666.25,-666.25
-669.37,-669.37
-663.87,-663.87
-664.62,-664.62
-676.75,-676.75
-690.37,-690.37
-694.5,-694.5
-691.25,-691.25
-690.75,-690.75
-697.25,-697.25
-702.0,-702.0
-695.5,-695.5
-681.0,-681.0
-671.25,-671.25
-673.5,-673.5
-680.62,-680.62
-681.25,-681.25
-673.62,-673.62
-666.37,-666.37
-665.75,-665.75
-666.37,-666.37
-658.75,-658.75
-641.75,-641.75
-624.12,-624.12
-612.5,-612.5
-603.0,-603.0
-584.87,-584.87
-555.37,-555.37
-523.87,-523.87
-499.0,-499.0
-479.5,-479.5
-456.19,-456.19
-425.25,-425.25
-393.31,-393.31
-369.56,-369.56
-353.44,-353.44
-335.44,-335.44
-309.56,-309.56
-280.87,-280.87
-257.69,-257.69
-240.12,-240.12
-220.44,-220.44
-192.94,-192.94
-163.12,-163.12
-140.31,-140.31
-124.94,-124.94
-108.69,-108.69
-83.56,-83.56
-53.44,-53.44
-29.81,-29.81
-17.37,-17.37
-9.56,-9.56
2.19,2.19
17.81,17.81
29.06,29.06
32.44,32.44
35.31,35.31
46.38,46.38
65.31,65.31
81.56,81.56
88.19,88.19
88.97,88.97
93.0,93.0
100.72,100.72
103.09,103.09
92.69,92.69
73.87,73.87
57.19,57.19
46.44,46.44
35.0,35.0
15.91,15.91
-8.5,-8.5
-28.44,-28.44
-39.44,-39.44
-47.31,-47.31
-60.38,-60.38
-77.31,-77.31
-89.08,-89.08
-90.98,-90.98
-89.09,-89.09
-92.22,-92.22
-99.29,-99.29
-99.79,-99.79
-86.52,-86.52
-62.85,-62.85
-39.14,-39.14
-18.65,-18.65
5.41,5.41
38.26,38.26
74.79,74.79
104.48,104.48
123.63,123.63
139.1,139.1
159.9,159.9
184.98,184.98
205.8,205.8
218.92,218.92
229.87,229.87
246.94,246.94
268.81,268.81
285.45,285.45
290.89,290.89
290.23,290.23
293.3,293.3
302.02,302.02
307.62,307.62
304.66,304.66
296.66,296.66
294.41,294.41
300.16,300.16
306.31,306.31
304.12,304.12
296.37,296.37
291.44,291.44
292.97,292.97
294.22,294.22
286.66,286.66
272.87,272.87
262.66,262.66
261.75,261.75
264.31,264.31
261.56,261.56
253.09,253.09
247.34,247.34
249.87,249.87
256.12,256.12
255.75,255.75
247.62,247.62
239.75,239.75
239.94,239.94
245.56,245.56
246.62,246.62
240.12,240.12
234.12,234.12
236.69,236.69
245.87,245.87
251.75,251.75
249.75,249.75
245.81,245.81
248.5,248.5
257.69,257.69
263.81,263.81
261.25,261.25
255.44,255.44
256.44,256.44
264.81,264.81
271.87,271.87
270.56,270.56
264.75,264.75
263.19,263.19
268.37,268.37
272.44,272.44
268.12,268.12
258.12,258.12
252.69,252.69
255.0,255.0
258.5,258.5
254.37,254.37
243.56,243.56
235.81,235.81
236.06,236.06
238.31,238.31
233.94,233.94
222.87,222.87
213.37,213.37
211.69,211.69
212.5,212.5
205.94,205.94
190.25,190.25
173.87,173.87
164.62,164.62
160.19,160.19
151.81,151.81
136.94,136.94
123.19,123.19
118.31,118.31
120.19,120.19
119.25,119.25
110.62,110.62
100.25,100.25
96.75,96.75
99.0,99.0
98.5,98.5
89.44,89.44
77.44,77.44
72.56,72.56
76.0,76.0
79.62,79.62
76.19,76.19
69.75,69.75
68.37,68.37
74.31,74.31
78.87,78.87
74.87,74.87
64.69,64.69
58.31,58.31
60.25,60.25
64.37,64.37
61.75,61.75
52.88,52.88
47.06,47.06
49.0,49.0
53.75,53.75
52.88,52.88
46.06,46.06
41.25,41.25
44.25,44.25
50.25,50.25
50.63,50.63
43.56,43.56
37.0,37.0
38.5,38.5
44.75,44.75
46.69,46.69
40.81,40.81
34.5,34.5
35.0,35.0
40.25,40.25
41.94,41.94
35.88,35.88
28.06,28.06
26.62,26.62
30.62,30.62
31.62,31.62
23.87,23.87
12.44,12.44
6.06,6.06
5.31,5.31
2.75,2.75
-8.0,-8.0
-22.41,-22.41
-29.94,-29.94
-27.87,-27.87
-23.34,-23.34
-23.84,-23.84
-28.34,-28.34
-28.28,-28.28
-20.75,-20.75
-12.75,-12.75
-11.59,-11.59
-16.44,-16.44
-18.22,-18.22
-11.5,-11.5
-2.34,-2.34
0.5,0.5
-3.69,-3.69
-7.84,-7.84
-6.22,-6.22
-2.84,-2.84
-5.78,-5.78
-15.66,-15.66
-24.19,-24.19
-24.91,-24.91
-20.34,-20.34
-19.34,-19.34
-24.59,-24.59
-30.03,-30.03
-28.16,-28.16
-21.31,-21.31
-18.03,-18.03
-22.25,-22.25
-27.72,-27.72
-26.34,-26.34
-18.75,-18.75
-13.72,-13.72
-16.22,-16.22
-21.22,-21.22
-19.91,-19.91
-11.34,-11.34
-4.12,-4.12
-4.72,-4.72
-9.28,-9.28
-9.31,-9.31
-2.62,-2.62
3.78,3.78
3.37,3.37
-1.5,-1.5
-1.62,-1.62
6.28,6.28
15.34,15.34
17.31,17.31
13.28,13.28
12.03,12.03
18.06,18.06
26.0,26.0
27.37,27.37
21.97,21.97
18.37,18.37
21.56,21.56
26.97,26.97
26.06,26.06
17.92,17.92
10.34,10.34
10.84,10.84
15.58,15.58
15.27,15.27
7.45,7.45
-1.28,-1.28
-2.95,-2.95
0.66,0.66
1.73,1.73
-3.7,-3.7
-9.84,-9.84
-9.17,-9.17
-2.5,-2.5
1.61,1.61
-1.83,-1.83
-8.48,-8.48
-9.81,-9.81
-5.39,-5.39
-3.0,-3.0
-8.64,-8.64
-18.22,-18.22
-22.47,-22.47
-19.17,-19.17
-15.64,-15.64
-18.91,-18.91
-26.37,-26.37
-29.78,-29.78
-25.9,-25.9
-21.05,-21.05
-23.23,-23.23
-30.65,-30.65
-34.74,-34.74
-31.05,-31.05
-25.12,-25.12
-25.51,-25.51
-31.38,-31.38
-34.45,-34.45
-28.98,-28.98
-20.05,-20.05
-16.71,-16.71
-19.89,-19.89
-23.05,-23.05
-19.66,-19.66
-13.56,-13.56
-13.01,-13.01
-19.96,-19.96
-27.1,-27.1
-26.67,-26.67
-20.74,-20.74
-18.11,-18.11
-22.75,-22.75
-29.09,-29.09
-29.12,-29.12
-24.15,-24.15
-23.22,-23.22
-31.04,-31.04
-42.04,-42.04
-47.18,-47.18
-45.52,-45.52
-44.62,-44.62
-49.71,-49.71
-57.26,-57.26
-58.47,-58.47
-51.67,-51.67
-44.67,-44.67
-44.73,-44.73
-49.02,-49.02
-48.53,-48.53
-40.03,-40.03
-30.85,-30.85
-28.5,-28.5
-32.17,-32.17
-33.55,-33.55
-28.41,-28.41
-22.06,-22.06
-22.77,-22.77
-29.72,-29.72
-35.11,-35.11
-32.93,-32.93
-27.52,-27.52
-27.41,-27.41
-33.54,-33.54
-38.62,-38.62
-35.89,-35.89
-28.68,-28.68
-25.78,-25.78
-29.4,-29.4
-32.49,-32.49
-27.55,-27.55
-17.39,-17.39
-11.07,-11.07
-12.06,-12.06
-14.3,-14.3
-9.5,-9.5
1.5,1.5
9.4,9.4
8.98,8.98
4.8,4.8
5.42,5.42
11.53,11.53
14.84,14.84
9.85,9.85
0.91,0.91
-3.44,-3.44
-0.5,-0.5
1.66,1.66
-3.7,-3.7
-13.27,-13.27
-18.74,-18.74
-15.91,-15.91
-11.6,-11.6
-13.34,-13.34
-20.55,-20.55
-25.19,-25.19
-23.29,-23.29
-20.16,-20.16
-23.28,-23.28
-31.89,-31.89
-37.16,-37.16
-33.88,-33.88
-26.62,-26.62
-24.92,-24.92
-29.75,-29.75
-33.77,-33.77
-30.73,-30.73
-24.23,-24.23
-23.05,-23.05
-29.61,-29.61
-36.61,-36.61
-36.53,-36.53
-30.95,-30.95
-28.42,-28.42
-32.67,-32.67
-37.86,-37.86
-36.25,-36.25
-29.41,-29.41
-25.61,-25.61
-29.86,-29.86
-36.3,-36.3
-36.19,-36.19
-29.56,-29.56
-24.0,-24.0
-26.22,-26.22
-31.94,-31.94
-33.33,-33.33
-28.22,-28.22
-24.64,-24.64
-28.59,-28.59
-36.25,-36.25
-38.84,-38.84
-32.89,-32.89
-26.0,-26.0
-25.92,-25.92
-32.08,-32.08
-35.19,-35.19
-31.5,-31.5
-25.86,-25.86
-26.5,-26.5
-32.88,-32.88
-36.95,-36.95
-33.23,-33.23
-26.55,-26.55
-25.91,-25.91
-32.27,-32.27
-37.33,-37.33
-34.83,-34.83
-28.59,-28.59
-26.67,-26.67
-32.25,-32.25
-37.53,-37.53
-35.77,-35.77
-29.25,-29.25
-26.55,-26.55
-31.61,-31.61
-37.86,-37.86
-36.81,-36.81
-29.27,-29.27
-24.03,-24.03
-25.59,-25.59
-29.14,-29.14
-26.39,-26.39
-17.42,-17.42
-10.03,-10.03
-10.95,-10.95
-15.86,-15.86
-16.23,-16.23
-10.34,-10.34
-6.0,-6.0
-9.7,-9.7
-18.12,-18.12
-22.45,-22.45
-19.0,-19.0
-14.81,-14.81
-17.42,-17.42
-25.0,-25.0
-28.52,-28.52
-24.23,-24.23
-17.75,-17.75
-18.06,-18.06
-25.11,-25.11
-31.11,-31.11
-30.28,-30.28
-26.22,-26.22
-27.19,-27.19
-33.64,-33.64
-37.28,-37.28
-32.88,-32.88
-24.02,-24.02
-20.47,-20.47
-25.22,-25.22
-31.16,-31.16
-31.55,-31.55
-27.92,-27.92
-28.58,-28.58
-36.48,-36.48
-44.8,-44.8
-45.03,-45.03
-38.52,-38.52
-33.55,-33.55
-34.86,-34.86
-37.67,-37.67
-33.44,-33.44
-21.75,-21.75
-11.66,-11.66
-8.91,-8.91
-9.92,-9.92
-6.19,-6.19
3.27,3.27
10.88,10.88
10.17,10.17
4.22,4.22
1.83,1.83
6.2,6.2
10.55,10.55
7.34,7.34
-1.59,-1.59
-7.69,-7.69
-6.48,-6.48
-3.78,-3.78
-6.84,-6.84
-14.89,-14.89
-19.61,-19.61
-16.03,-16.03
-9.48,-9.48
-8.5,-8.5
-14.02,-14.02
-18.73,-18.73
-15.66,-15.66
-8.84,-8.84
-6.11,-6.11
-10.39,-10.39
-14.63,-14.63
-11.83,-11.83
-4.3,-4.3
-1.09,-1.09
-5.16,-5.16
-10.95,-10.95
-9.67,-9.67
-2.66,-2.66
2.28,2.28
-0.06,-0.06
-3.89,-3.89
-1.67,-1.67
7.02,7.02
13.63,13.63
12.42,12.42
6.97,6.97
6.08,6.08
11.19,11.19
15.0,15.0
11.03,11.03
2.84,2.84
-0.77,-0.77
3.64,3.64
9.02,9.02
8.09,8.09
1.94,1.94
-0.67,-0.67
4.23,4.23
10.61,10.61
10.92,10.92
5.22,5.22
1.33,1.33
4.22,4.22
9.34,9.34
8.65,8.65
1.97,1.97
-3.4,-3.4
-1.22,-1.22
4.95,4.95
6.05,6.05
-0.11,-0.11
-5.71,-5.71
-4.26,-4.26
2.18,2.18
4.81,4.81
0.16,0.16
-5.94,-5.94
-5.73,-5.73
-0.03,-0.03
2.62,2.62
-2.0,-2.0
-8.59,-8.59
-9.1,-9.1
-2.62,-2.62
2.31,2.31
0.2,0.2
-5.16,-5.16
-5.45,-5.45
0.75,0.75
5.4,5.4
2.26,2.26
-5.61,-5.61
-9.16,-9.16
-5.66,-5.66
-1.46,-1.46
-4.04,-4.04
-12.09,-12.09
-17.32,-17.32
-15.75,-15.75
-12.95,-12.95
-16.66,-16.66
-25.59,-25.59
-31.18,-31.18
-28.72,-28.72
-22.77,-22.77
-21.63,-21.63
-25.99,-25.99
-28.81,-28.81
-24.11,-24.11
-15.44,-15.44
-11.09,-11.09
-13.54,-13.54
-15.45,-15.45
-10.35,-10.35
-0.55,-0.55
4.66,4.66
1.59,1.59
-3.47,-3.47
-2.23,-2.23
4.0,4.0
7.93,7.93
4.56,4.56
-0.77,-0.77
-0.56,-0.56
5.16,5.16
7.82,7.82
2.95,2.95
-4.87,-4.87
-6.87,-6.87
-1.6,-1.6
3.12,3.12
0.8,0.8
-5.75,-5.75
-7.49,-7.49
-1.71,-1.71
4.77,4.77
3.68,3.68
-3.14,-3.14
-7.91,-7.91
-5.87,-5.87
-2.86,-2.86
-5.62,-5.62
-13.61,-13.61
-17.77,-17.77
-12.89,-12.89
-4.31,-4.31
-0.55,-0.55
-3.32,-3.32
-5.57,-5.57
-1.05,-1.05
6.93,6.93
10.34,10.34
6.71,6.71
3.12,3.12
6.55,6.55
14.71,14.71
19.29,19.29
17.08,17.08
14.63,14.63
19.45,19.45
30.73,30.73
38.89,38.89
39.48,39.48
37.31,37.31
40.15,40.15
47.95,47.95
52.93,52.93
49.61,49.61
42.81,42.81
40.31,40.31
43.34,43.34
44.32,44.32
36.79,36.79
24.83,24.83
17.22,17.22
16.43,16.43
14.64,14.64
4.61,4.61
-11.82,-11.82
-25.1,-25.1
-30.26,-30.26
-31.36,-31.36
-35.95,-35.95
-43.49,-43.49
-46.71,-46.71
-41.89,-41.89
-34.61,-34.61
-33.39,-33.39
-39.67,-39.67
-44.9,-44.9
-43.06,-43.06
-37.49,-37.49
-36.46,-36.46
-41.94,-41.94
-46.86,-46.86
-43.48,-43.48
-34.88,-34.88
-29.59,-29.59
-31.35,-31.35
-34.09,-34.09
-30.3,-30.3
-21.29,-21.29
-15.36,-15.36
-17.23,-17.23
-22.08,-22.08
-20.88,-20.88
-13.69,-13.69
-8.31,-8.31
-10.73,-10.73
-17.13,-17.13
-19.22,-19.22
-15.29,-15.29
-11.89,-11.89
-15.51,-15.51
-22.61,-22.61
-24.13,-24.13
-17.39,-17.39
-8.95,-8.95
-6.84,-6.84
-9.5,-9.5
-9.14,-9.14
-1.77,-1.77
6.27,6.27
8.0,8.0
4.45,4.45
3.69,3.69
10.19,10.19
18.62,18.62
20.72,20.72
16.55,16.55
13.91,13.91
18.8,18.8
27.65,27.65
31.41,31.41
27.37,27.37
22.87,22.87
24.91,24.91
31.42,31.42
34.63,34.63
31.54,31.54
29.23,29.23
33.94,33.94
43.59,43.59
48.91,48.91
45.66,45.66
39.45,39.45
38.52,38.52
42.86,42.86
44.9,44.9
39.41,39.41
31.21,31.21
28.59,28.59
32.98,32.98
36.59,36.59
33.15,33.15
25.98,25.98
23.89,23.89
29.55,29.55
36.16,36.16
35.96,35.96
30.5,30.5
28.09,28.09
32.69,32.69
38.49,38.49
37.99,37.99
31.48,31.48
27.29,27.29
30.62,30.62
36.67,36.67
36.91,36.91
30.39,30.39
24.44,24.44
25.77,25.77
31.09,31.09
32.11,32.11
27.61,27.61
24.16,24.16
27.47,27.47
33.75,33.75
34.47,34.47
26.94,26.94
18.95,18.95
18.55,18.55
24.14,24.14
27.44,27.44
22.94,22.94
16.48,16.48
15.84,15.84
21.44,21.44
25.5,25.5
23.0,23.0
18.03,18.03
18.34,18.34
25.17,25.17
29.91,29.91
25.86,25.86
16.34,16.34
10.92,10.92
13.03,13.03
16.37,16.37
14.69,14.69
9.02,9.02
6.89,6.89
11.28,11.28
16.14,16.14
13.7,13.7
5.77,5.77
0.16,0.16
1.62,1.62
4.3,4.3
-0.04,-0.04
-11.84,-11.84
-22.03,-22.03
-23.12,-23.12
-17.95,-17.95
-15.34,-15.34
-17.73,-17.73
-20.1,-20.1
-16.7,-16.7
-10.08,-10.08
-7.52,-7.52
-10.97,-10.97
-13.39,-13.39
-7.8,-7.8
4.26,4.26
13.2,13.2
14.05,14.05
11.9,11.9
14.51,14.51
22.09,22.09
27.11,27.11
23.33,23.33
15.57,15.57
12.63,12.63
15.73,15.73
17.78,17.78
12.32,12.32
3.41,3.41
0.57,0.57
6.52,6.52
14.4,14.4
15.96,15.96
12.76,12.76
13.08,13.08
20.4,20.4
28.9,28.9
30.56,30.56
26.46,26.46
25.89,25.89
33.32,33.32
43.68,43.68
47.44,47.44
43.4,43.4
39.15,39.15
41.17,41.17
45.43,45.43
44.13,44.13
36.1,36.1
29.13,29.13
30.47,30.47
36.05,36.05
36.81,36.81
28.82,28.82
19.64,19.64
17.05,17.05
20.22,20.22
19.87,19.87
11.76,11.76
1.73,1.73
-1.97,-1.97
1.87,1.87
5.68,5.68
4.45,4.45
2.48,2.48
7.27,7.27
18.28,18.28
27.68,27.68
28.74,28.74
25.79,25.79
27.36,27.36
35.66,35.66
43.63,43.63
42.77,42.77
35.16,35.16
29.87,29.87
31.86,31.86
36.09,36.09
34.52,34.52
27.21,27.21
22.47,22.47
25.01,25.01
29.78,29.78
28.5,28.5
20.47,20.47
14.02,14.02
14.63,14.63
18.47,18.47
17.03,17.03
9.1,9.1
2.98,2.98
5.43,5.43
13.6,13.6
17.7,17.7
14.25,14.25
10.59,10.59
14.7,14.7
25.28,25.28
33.25,33.25
32.9,32.9
29.55,29.55
31.97,31.97
41.12,41.12
48.92,48.92
50.15,50.15
48.36,48.36
50.82,50.82
57.76,57.76
61.38,61.38
55.2,55.2
43.32,43.32
35.04,35.04
33.83,33.83
33.13,33.13
25.93,25.93
14.55,14.55
7.76,7.76
9.28,9.28
13.04,13.04
11.27,11.27
4.5,4.5
0.3,0.3
2.64,2.64
6.21,6.21
2.24,2.24
-8.2,-8.2
-16.03,-16.03
-15.29,-15.29
-9.81,-9.81
-9.38,-9.38
-16.44,-16.44
-23.94,-23.94
-25.12,-25.12
-22.54,-22.54
-24.47,-24.47
-33.38,-33.38
-42.46,-42.46
-44.2,-44.2
-39.91,-39.91
-37.65,-37.65
-42.17,-42.17
-47.38,-47.38
-46.55,-46.55
-39.7,-39.7
-35.17,-35.17
-38.42,-38.42
-44.39,-44.39
-44.8,-44.8
-38.2,-38.2
-33.14,-33.14
-35.63,-35.63
-42.1,-42.1
-43.75,-43.75
-38.13,-38.13
-32.55,-32.55
-34.02,-34.02
-40.46,-40.46
-44.34,-44.34
-41.44,-41.44
-37.3,-37.3
-39.2,-39.2
-45.57,-45.57
-47.63,-47.63
-41.16,-41.16
-31.73,-31.73
-27.9,-27.9
-30.84,-30.84
-32.26,-32.26
-26.16,-26.16
-16.85,-16.85
-13.63,-13.63
-18.45,-18.45
-23.7,-23.7
-23.41,-23.41
-20.87,-20.87
-24.34,-24.34
-36.79,-36.79
-50.37,-50.37
-57.55,-57.55
-58.67,-58.67
-62.27,-62.27
-71.83,-71.83
-81.54,-81.54
-83.64,-83.64
-78.48,-78.48
-74.83,-74.83
-77.97,-77.97
-83.3,-83.3
-81.58,-81.58
-72.37,-72.37
-63.22,-63.22
-60.91,-60.91
-62.09,-62.09
-58.28,-58.28
-47.47,-47.47
-37.27,-37.27
-34.39,-34.39
-36.3,-36.3
-33.67,-33.67
-23.06,-23.06
-11.55,-11.55
-7.14,-7.14
-9.02,-9.02
-8.63,-8.63
-0.75,-0.75
8.81,8.81
11.29,11.29
5.48,5.48
-0.76,-0.76
-0.7,-0.7
2.11,2.11
-0.11,-0.11
-9.3,-9.3
-17.66,-17.66
-18.95,-18.95
-15.22,-15.22
-15.77,-15.77
-23.55,-23.55
-31.77,-31.77
-32.91,-32.91
-27.78,-27.78
-24.7,-24.7
-28.13,-28.13
-33.04,-33.04
-32.39,-32.39
-27.5,-27.5
-26.64,-26.64
-34.79,-34.79
-46.61,-46.61
-53.06,-53.06
-52.45,-52.45
-52.59,-52.59
-58.71,-58.71
-66.52,-66.52
-67.01,-67.01
-58.22,-58.22
-47.51,-47.51
-42.88,-42.88
-42.55,-42.55
-39.2,-39.2
-28.89,-28.89
-17.66,-17.66
-13.54,-13.54
-15.2,-15.2
-14.59,-14.59
-6.98,-6.98
1.8,1.8
4.51,4.51
0.44,0.44
-1.84,-1.84
3.4,3.4
12.09,12.09
15.2,15.2
11.02,11.02
6.89,6.89
8.79,8.79
14.17,14.17
14.76,14.76
8.08,8.08
0.96,0.96
1.41,1.41
7.61,7.61
10.74,10.74
6.35,6.35
0.24,0.24
0.45,0.45
6.4,6.4
11.04,11.04
8.89,8.89
4.51,4.51
5.16,5.16
11.57,11.57
15.91,15.91
11.95,11.95
3.54,3.54
-0.3,-0.3
2.64,2.64
5.56,5.56
1.7,1.7
-6.88,-6.88
-11.88,-11.88
-9.32,-9.32
-4.79,-4.79
-5.3,-5.3
-10.56,-10.56
-12.52,-12.52
-6.95,-6.95
0.06,0.06
1.26,1.26
-3.8,-3.8
-7.07,-7.07
-2.8,-2.8
4.68,4.68
7.09,7.09
3.47,3.47
1.39,1.39
7.58,7.58
18.71,18.71
25.98,25.98
26.19,26.19
25.13,25.13
29.84,29.84
37.75,37.75
40.32,40.32
33.88,33.88
24.23,24.23
20.42,20.42
21.63,21.63
21.09,21.09
13.3,13.3
3.32,3.32
-1.56,-1.56
-0.9,-0.9
-2.25,-2.25
-11.08,-11.08
-23.08,-23.08
-29.21,-29.21
-27.04,-27.04
-23.88,-23.88
-27.25,-27.25
-34.08,-34.08
-35.85,-35.85
-28.34,-28.34
-17.4,-17.4
-10.8,-10.8
-9.01,-9.01
-4.24,-4.24
6.74,6.74
18.11,18.11
21.39,21.39
16.12,16.12
10.66,10.66
11.49,11.49
14.56,14.56
12.85,12.85
4.91,4.91
-1.21,-1.21
1.22,1.22
8.38,8.38
10.47,10.47
4.05,4.05
-4.82,-4.82
-7.86,-7.86
-5.36,-5.36
-4.89,-4.89
-10.68,-10.68
-17.9,-17.9
-19.06,-19.06
-14.21,-14.21
-11.9,-11.9
-16.11,-16.11
-21.52,-21.52
-20.64,-20.64
-12.76,-12.76
-6.7,-6.7
-9.44,-9.44
-17.41,-17.41
-21.8,-21.8
-20.14,-20.14
-19.26,-19.26
-24.87,-24.87
-34.18,-34.18
-37.65,-37.65
-31.34,-31.34
-21.57,-21.57
-16.39,-16.39
-16.26,-16.26
-13.88,-13.88
-5.51,-5.51
3.03,3.03
4.49,4.49
-0.56,-0.56
-2.82,-2.82
3.94,3.94
16.15,16.15
25.48,25.48
30.48,30.48
36.93,36.93
49.07,49.07
61.84,61.84
65.97,65.97
58.81,58.81
48.71,48.71
45.7,45.7
49.2,49.2
51.91,51.91
49.1,49.1
45.05,45.05
46.03,46.03
51.74,51.74
53.4,53.4
46.78,46.78
37.21,37.21
33.98,33.98
37.77,37.77
40.27,40.27
35.49,35.49
26.5,26.5
22.34,22.34
24.71,24.71
26.81,26.81
21.38,21.38
10.76,10.76
4.47,4.47
5.99,5.99
9.25,9.25
6.98,6.98
-0.27,-0.27
-4.21,-4.21
-0.62,-0.62
4.95,4.95
4.72,4.72
-1.27,-1.27
-4.95,-4.95
-0.59,-0.59
7.98,7.98
11.71,11.71
9.41,9.41
8.13,8.13
14.11,14.11
24.04,24.04
29.37,29.37
26.89,26.89
23.19,23.19
26.02,26.02
33.3,33.3
36.53,36.53
31.72,31.72
24.45,24.45
23.49,23.49
28.53,28.53
31.28,31.28
26.49,26.49
19.0,19.0
17.07,17.07
21.66,21.66
24.7,24.7
20.21,20.21
12.76,12.76
11.37,11.37
18.24,18.24
26.05,26.05
27.54,27.54
24.75,24.75
25.49,25.49
33.22,33.22
41.12,41.12
41.44,41.44
35.5,35.5
31.37,31.37
33.76,33.76
38.13,38.13
36.2,36.2
28.29,28.29
22.19,22.19
23.65,23.65
27.59,27.59
25.23,25.23
15.65,15.65
5.9,5.9
3.24,3.24
4.85,4.85
2.2,2.2
-6.68,-6.68
-15.23,-15.23
-15.94,-15.94
-10.4,-10.4
-7.41,-7.41
-11.19,-11.19
-15.93,-15.93
-14.63,-14.63
-7.59,-7.59
-3.37,-3.37
-6.68,-6.68
-12.7,-12.7
-12.18,-12.18
-4.41,-4.41
2.05,2.05
1.45,1.45
-3.16,-3.16
-2.21,-2.21
5.97,5.97
14.08,14.08
15.61,15.61
12.88,12.88
14.41,14.41
23.19,23.19
32.38,32.38
33.73,33.73
28.56,28.56
25.19,25.19
28.84,28.84
34.2,34.2
33.02,33.02
25.58,25.58
19.71,19.71
20.64,20.64
23.31,23.31
19.7,19.7
8.88,8.88
-1.11,-1.11
-3.0,-3.0
0.38,0.38
0.48,0.48
-5.43,-5.43
-10.77,-10.77
-8.32,-8.32
-0.14,-0.14
4.96,4.96
3.27,3.27
0.1,0.1
3.2,3.2
11.77,11.77
17.27,17.27
15.21,15.21
11.16,11.16
13.41,13.41
22.62,22.62
30.51,30.51
30.56,30.56
26.11,26.11
26.45,26.45
33.28,33.28
40.3,40.3
40.24,40.24
35.93,35.93
35.14,35.14
40.87,40.87
46.53,46.53
44.39,44.39
35.76,35.76
29.7,29.7
30.94,30.94
34.17,34.17
31.86,31.86
24.57,24.57
20.09,20.09
24.4,24.4
32.17,32.17
34.86,34.86
30.27,30.27
24.96,24.96
25.46,25.46
29.19,29.19
27.88,27.88
19.34,19.34
10.37,10.37
7.98,7.98
10.35,10.35
9.21,9.21
1.08,1.08
-7.99,-7.99
-10.21,-10.21
-6.17,-6.17
-4.16,-4.16
-9.42,-9.42
-17.13,-17.13
-19.51,-19.51
-15.87,-15.87
-13.77,-13.77
-18.93,-18.93
-27.04,-27.04
-30.32,-30.32
-27.56,-27.56
-25.33,-25.33
-30.87,-30.87
-41.59,-41.59
-48.72,-48.72
-49.27,-49.27
-49.31,-49.31
-56.59,-56.59
-68.8,-68.8
-77.39,-77.39
-78.13,-78.13
-75.61,-75.61
-77.6,-77.6
-84.55,-84.55
-88.69,-88.69
-84.27,-84.27
-76.12,-76.12
-73.55,-73.55
-77.48,-77.48
-81.62,-81.62
-79.7,-79.7
-74.29,-74.29
-74.17,-74.17
-81.29,-81.29
-88.58,-88.58
-88.8,-88.8
-83.74,-83.74
-80.72,-80.72
-83.47,-83.47
-86.18,-86.18
-82.09,-82.09
-72.54,-72.54
-65.56,-65.56
-65.89,-65.89
-68.7,-68.7
-65.72,-65.72
-56.52,-56.52
-48.89,-48.89
-48.57,-48.57
-52.24,-52.24
-51.88,-51.88
-45.26,-45.26
-38.95,-38.95
-39.43,-39.43
-43.91,-43.91
-44.33,-44.33
-37.75,-37.75
-30.47,-30.47
-28.76,-28.76
-31.05,-31.05
-30.07,-30.07
-22.09,-22.09
-13.19,-13.19
-11.61,-11.61
-17.04,-17.04
-21.18,-21.18
-18.27,-18.27
-11.89,-11.89
-10.56,-10.56
-15.24,-15.24
-19.13,-19.13
-16.73,-16.73
-11.6,-11.6
-11.51,-11.51
-18.67,-18.67
-26.02,-26.02
-26.29,-26.29
-21.31,-21.31
-19.37,-19.37
-24.19,-24.19
-29.47,-29.47
-27.94,-27.94
-20.43,-20.43
-15.23,-15.23
-16.82,-16.82
-20.15,-20.15
-17.94,-17.94
-9.25,-9.25
-1.89,-1.89
-1.35,-1.35
-4.06,-4.06
-2.0,-2.0
5.8,5.8
12.77,12.77
12.18,12.18
7.59,7.59
7.3,7.3
14.0,14.0
21.14,21.14
21.46,21.46
16.53,16.53
14.14,14.14
18.77,18.77
24.85,24.85
25.37,25.37
20.64,20.64
18.2,18.2
23.02,23.02
30.55,30.55
32.25,32.25
27.18,27.18
22.91,22.91
26.17,26.17
33.65,33.65
37.05,37.05
34.17,34.17
31.56,31.56
35.47,35.47
43.34,43.34
46.88,46.88
42.88,42.88
38.15,38.15
39.72,39.72
46.77,46.77
50.99,50.99
47.17,47.17
40.88,40.88
39.63,39.63
44.65,44.65
48.1,48.1
44.77,44.77
38.72,38.72
37.47,37.47
42.47,42.47
46.91,46.91
44.56,44.56
38.23,38.23
36.2,36.2
40.43,40.43
44.86,44.86
42.5,42.5
35.66,35.66
32.12,32.12
35.6,35.6
40.8,40.8
39.95,39.95
33.35,33.35
29.3,29.3
32.79,32.79
39.74,39.74
41.62,41.62
37.23,37.23
34.37,34.37
38.03,38.03
45.16,45.16
47.45,47.45
42.48,42.48
37.29,37.29
38.64,38.64
43.98,43.98
45.51,45.51
40.02,40.02
33.57,33.57
33.68,33.68
39.03,39.03
41.58,41.58
37.34,37.34
30.89,30.89
30.25,30.25
35.61,35.61
39.41,39.41
36.16,36.16
29.95,29.95
28.29,28.29
33.13,33.13
37.18,37.18
34.19,34.19
26.96,26.96
24.05,24.05
27.67,27.67
31.5,31.5
29.03,29.03
21.59,21.59
16.95,16.95
19.11,19.11
22.25,22.25
19.35,19.35
11.23,11.23
5.43,5.43
7.43,7.43
12.41,12.41
12.1,12.1
5.29,5.29
-0.72,-0.72
0.59,0.59
5.37,5.37
6.37,6.37
1.11,1.11
-3.61,-3.61
-1.28,-1.28
5.53,5.53
8.77,8.77
4.48,4.48
-0.52,-0.52
0.78,0.78
8.06,8.06
12.78,12.78
10.2,10.2
4.4,4.4
3.64,3.64
8.4,8.4
10.85,10.85
5.79,5.79
-2.48,-2.48
-5.68,-5.68
-1.34,-1.34
3.45,3.45
1.71,1.71
-4.03,-4.03
-6.46,-6.46
-2.11,-2.11
2.44,2.44
1.2,1.2
-4.27,-4.27
-6.2,-6.2
-0.36,-0.36
6.93,6.93
7.9,7.9
3.11,3.11
0.12,0.12
3.65,3.65
9.65,9.65
9.59,9.59
3.54,3.54
-1.22,-1.22
1.07,1.07
7.59,7.59
9.8,9.8
6.49,6.49
4.45,4.45
10.19,10.19
20.87,20.87
27.95,27.95
26.96,26.96
22.72,22.72
22.77,22.77
26.07,26.07
25.59,25.59
18.85,18.85
11.42,11.42
11.06,11.06
16.95,16.95
20.78,20.78
16.08,16.08
6.91,6.91
1.08,1.08
-0.2,-0.2
-2.71,-2.71
-11.96,-11.96
-24.11,-24.11
-30.91,-30.91
-30.38,-30.38
-29.11,-29.11
-34.09,-34.09
-44.52,-44.52
-52.1,-52.1
-52.86,-52.86
-51.84,-51.84
-55.84,-55.84
-64.53,-64.53
-70.63,-70.63
-69.92,-69.92
-67.21,-67.21
-69.76,-69.76
-77.52,-77.52
-82.71,-82.71
-79.84,-79.84
-72.97,-72.97
-70.66,-70.66
-75.36,-75.36
-80.26,-80.26
-78.34,-78.34
-71.69,-71.69
-67.84,-67.84
-70.25,-70.25
-73.39,-73.39
-70.73,-70.73
-64.34,-64.34
-61.26,-61.26
-65.18,-65.18
-70.81,-70.81
-69.38,-69.38
-60.95,-60.95
-53.34,-53.34
-51.8,-51.8
-53.01,-53.01
-49.45,-49.45
-39.91,-39.91
-31.7,-31.7
-30.57,-30.57
-33.94,-33.94
-33.02,-33.02
-25.87,-25.87
-18.52,-18.52
-17.73,-17.73
-21.95,-21.95
-23.12,-23.12
-17.53,-17.53
-10.74,-10.74
-9.77,-9.77
-13.8,-13.8
-15.54,-15.54
-10.76,-10.76
-4.02,-4.02
-2.84,-2.84
-7.93,-7.93
-11.47,-11.47
-7.97,-7.97
-1.51,-1.51
0.16,0.16
-4.95,-4.95
-10.27,-10.27
-8.28,-8.28
-1.3,-1.3
2.86,2.86
0.73,0.73
-2.38,-2.38
-0.21,-0.21
6.43,6.43
9.77,9.77
6.58,6.58
1.66,1.66
3.04,3.04
10.16,10.16
15.2,15.2
13.2,13.2
8.47,8.47
8.28,8.28
14.34,14.34
19.59,19.59
18.29,18.29
13.25,13.25
12.0,12.0
17.27,17.27
21.98,21.98
20.14,20.14
13.57,13.57
10.56,10.56
14.58,14.58
20.8,20.8
21.47,21.47
16.87,16.87
14.32,14.32
18.54,18.54
24.71,24.71
25.32,25.32
19.93,19.93
15.83,15.83
18.27,18.27
23.68,23.68
24.29,24.29
18.64,18.64
14.04,14.04
16.72,16.72
24.38,24.38
27.72,27.72
24.02,24.02
18.61,18.61
18.49,18.49
22.61,22.61
23.7,23.7
18.02,18.02
11.4,11.4
10.83,10.83
16.76,16.76
21.14,21.14
19.22,19.22
14.32,14.32
13.96,13.96
19.36,19.36
23.7,23.7
21.0,21.0
14.57,14.57
11.94,11.94
15.34,15.34
18.45,18.45
14.29,14.29
4.91,4.91
-1.39,-1.39
-1.13,-1.13
1.13,1.13
-2.38,-2.38
-10.11,-10.11
-14.52,-14.52
-10.88,-10.88
-4.28,-4.28
-2.48,-2.48
-6.45,-6.45
-8.64,-8.64
-4.3,-4.3
2.75,2.75
4.73,4.73
-0.3,-0.3
-6.04,-6.04
-5.23,-5.23
-0.92,-0.92
-0.16,-0.16
-6.14,-6.14
-12.33,-12.33
-11.7,-11.7
-5.83,-5.83
-2.76,-2.76
-6.97,-6.97
-12.64,-12.64
-12.76,-12.76
-7.12,-7.12
-3.29,-3.29
-5.48,-5.48
-9.16,-9.16
-6.8,-6.8
2.28,2.28
10.54,10.54
11.21,11.21
7.13,7.13
6.34,6.34
10.8,10.8
15.22,15.22
12.85,12.85
6.24,6.24
3.2,3.2
6.68,6.68
11.38,11.38
10.04,10.04
3.7,3.7
-0.07,-0.07
2.68,2.68
7.42,7.42
6.1,6.1
-0.95,-0.95
-6.93,-6.93
-6.36,-6.36
-2.55,-2.55
-3.52,-3.52
-10.48,-10.48
-16.62,-16.62
-15.96,-15.96
-10.55,-10.55
-8.94,-8.94
-14.09,-14.09
-19.94,-19.94
-18.73,-18.73
-11.29,-11.29
-6.41,-6.41
-8.57,-8.57
-12.71,-12.71
-11.57,-11.57
-4.18,-4.18
1.64,1.64
1.41,1.41
-1.07,-1.07
1.48,1.48
10.0,10.0
17.44,17.44
18.55,18.55
15.91,15.91
17.04,17.04
23.66,23.66
29.21,29.21
26.71,26.71
18.72,18.72
14.05,14.05
16.18,16.18
19.79,19.79
17.85,17.85
10.69,10.69
6.33,6.33
8.02,8.02
11.44,11.44
9.32,9.32
1.23,1.23
-5.04,-5.04
-4.01,-4.01
0.02,0.02
-0.24,-0.24
-6.25,-6.25
-11.7,-11.7
-10.6,-10.6
-6.01,-6.01
-5.46,-5.46
-12.16,-12.16
-20.05,-20.05
-21.37,-21.37
-17.92,-17.92
-16.75,-16.75
-21.34,-21.34
-27.13,-27.13
-26.86,-26.86
-21.35,-21.35
-18.13,-18.13
-22.19,-22.19
-29.2,-29.2
-31.15,-31.15
-27.08,-27.08
-23.04,-23.04
-24.78,-24.78
-29.5,-29.5
-29.68,-29.68
-23.6,-23.6
-17.82,-17.82
-18.84,-18.84
-23.85,-23.85
-24.56,-24.56
-18.25,-18.25
-10.51,-10.51
-8.33,-8.33
-11.42,-11.42
-11.99,-11.99
-5.79,-5.79
2.35,2.35
5.41,5.41
2.45,2.45
0.01,0.01
2.84,2.84
7.65,7.65
7.17,7.17
0.43,0.43
-5.24,-5.24
-4.11,-4.11
1.01,1.01
2.34,2.34
-3.1,-3.1
-9.24,-9.24
-9.32,-9.32
-4.4,-4.4
-1.77,-1.77
-4.92,-4.92
-9.04,-9.04
-7.11,-7.11
-0.21,-0.21
4.38,4.38
1.93,1.93
-3.25,-3.25
-3.88,-3.88
1.0,1.0
4.83,4.83
1.88,1.88
-4.05,-4.05
-4.67,-4.67
1.71,1.71
8.78,8.78
9.29,9.29
5.8,5.8
5.58,5.58
11.87,11.87
18.59,18.59
19.0,19.0
13.91,13.91
11.36,11.36
15.58,15.58
21.51,21.51
21.63,21.63
15.75,15.75
10.92,10.92
12.63,12.63
17.07,17.07
17.23,17.23
11.37,11.37
6.57,6.57
8.31,8.31
14.04,14.04
15.96,15.96
11.11,11.11
6.3,6.3
7.54,7.54
13.76,13.76
17.18,17.18
14.56,14.56
11.21,11.21
13.89,13.89
21.8,21.8
27.87,27.87
26.89,26.89
23.17,23.17
24.22,24.22
30.77,30.77
35.49,35.49
33.42,33.42
27.62,27.62
25.61,25.61
29.61,29.61
33.08,33.08
30.51,30.51
23.7,23.7
20.21,20.21
22.74,22.74
25.25,25.25
21.48,21.48
13.25,13.25
8.33,8.33
10.96,10.96
15.81,15.81
14.87,14.87
7.68,7.68
1.31,1.31
1.0,1.0
3.93,3.93
3.1,3.1
-2.99,-2.99
-7.76,-7.76
-5.74,-5.74
0.51,0.51
2.95,2.95
-0.38,-0.38
-3.42,-3.42
-0.69,-0.69
5.76,5.76
7.41,7.41
1.54,1.54
-6.28,-6.28
-7.78,-7.78
-2.51,-2.51
2.72,2.72
3.39,3.39
3.31,3.31
8.73,8.73
19.34,19.34
28.36,28.36
29.54,29.54
26.96,26.96
28.64,28.64
36.56,36.56
45.39,45.39
48.64,48.64
48.1,48.1
51.31,51.31
59.99,59.99
68.57,68.57
69.82,69.82
66.04,66.04
64.04,64.04
67.55,67.55
70.01,70.01
63.2,63.2
47.43,47.43
30.05,30.05
17.33,17.33
6.22,6.22
-9.54,-9.54
-30.16,-30.16
-48.58,-48.58
-58.33,-58.33
-61.98,-61.98
-66.83,-66.83
-75.88,-75.88
-83.09,-83.09
-82.97,-82.97
-77.34,-77.34
-74.0,-74.0
-76.42,-76.42
-78.82,-78.82
-74.43,-74.43
-63.81,-63.81
-54.04,-54.04
-50.35,-50.35
-48.43,-48.43
-41.77,-41.77
-29.92,-29.92
-20.42,-20.42
-19.75,-19.75
-24.09,-24.09
-26.38,-26.38
-24.4,-24.4
-24.19,-24.19
-30.97,-30.97
-41.69,-41.69
-48.3,-48.3
-48.09,-48.09
-46.63,-46.63
-50.17,-50.17
-58.43,-58.43
-63.6,-63.6
-62.21,-62.21
-58.58,-58.58
-60.22,-60.22
-67.09,-67.09
-71.88,-71.88
-69.62,-69.62
-64.12,-64.12
-63.16,-63.16
-68.2,-68.2
-72.68,-72.68
-70.37,-70.37
-63.81,-63.81
-60.55,-60.55
-62.06,-62.06
-62.8,-62.8
-56.52,-56.52
-45.55,-45.55
-38.41,-38.41
-38.34,-38.34
-40.0,-40.0
-36.15,-36.15
-27.58,-27.58
-21.08,-21.08
-21.39,-21.39
-23.94,-23.94
-21.22,-21.22
-12.52,-12.52
-4.14,-4.14
-1.59,-1.59
-1.81,-1.81
2.22,2.22
11.21,11.21
18.37,18.37
18.21,18.21
13.04,13.04
11.93,11.93
17.32,17.32
23.91,23.91
24.94,24.94
21.95,21.95
22.24,22.24
29.52,29.52
38.23,38.23
41.36,41.36
38.7,38.7
37.8,37.8
42.91,42.91
50.47,50.47
52.7,52.7
48.91,48.91
45.14,45.14
47.14,47.14
52.13,52.13
52.81,52.81
47.47,47.47
41.93,41.93
42.18,42.18
45.92,45.92
45.62,45.62
38.07,38.07
29.58,29.58
27.16,27.16
30.51,30.51
32.33,32.33
27.62,27.62
21.21,21.21
20.59,20.59
25.98,25.98
31.07,31.07
29.61,29.61
24.91,24.91
24.49,24.49
30.07,30.07
34.85,34.85
33.08,33.08
27.57,27.57
25.61,25.61
30.66,30.66
36.66,36.66
37.11,37.11
33.54,33.54
32.75,32.75
38.96,38.96
46.85,46.85
48.67,48.67
44.72,44.72
41.29,41.29
43.64,43.64
47.71,47.71
46.49,46.49
39.52,39.52
33.86,33.86
35.24,35.24
40.36,40.36
41.43,41.43
35.97,35.97
30.07,30.07
29.96,29.96
34.1,34.1
34.94,34.94
29.02,29.02
22.41,22.41
21.85,21.85
26.79,26.79
29.93,29.93
26.29,26.29
20.43,20.43
19.36,19.36
23.06,23.06
25.22,25.22
20.6,20.6
13.03,13.03
10.27,10.27
14.28,14.28
18.26,18.26
16.19,16.19
9.39,9.39
5.91,5.91
8.45,8.45
11.72,11.72
9.46,9.46
2.97,2.97
0.04,0.04
3.88,3.88
10.19,10.19
11.69,11.69
8.42,8.42
7.43,7.43
12.7,12.7
19.67,19.67
21.07,21.07
15.71,15.71
10.89,10.89
12.12,12.12
16.58,16.58
16.5,16.5
9.67,9.67
2.89,2.89
2.68,2.68
7.23,7.23
8.47,8.47
2.96,2.96
-4.5,-4.5
-7.15,-7.15
-5.02,-5.02
-5.16,-5.16
-10.54,-10.54
-16.38,-16.38
-15.16,-15.16
-7.2,-7.2
-0.06,-0.06
0.02,0.02
-3.66,-3.66
-3.8,-3.8
1.81,1.81
6.87,6.87
5.38,5.38
0.15,0.15
-1.53,-1.53
3.31,3.31
8.6,8.6
7.59,7.59
1.1,1.1
-3.84,-3.84
-3.24,-3.24
-1.89,-1.89
-5.55,-5.55
-14.18,-14.18
-19.72,-19.72
-18.21,-18.21
-14.22,-14.22
-15.26,-15.26
-22.28,-22.28
-27.99,-27.99
-27.14,-27.14
-22.8,-22.8
-22.24,-22.24
-27.69,-27.69
-33.08,-33.08
-31.91,-31.91
-26.25,-26.25
-23.89,-23.89
-27.3,-27.3
-31.42,-31.42
-29.0,-29.0
-20.85,-20.85
-14.27,-14.27
-13.99,-13.99
-15.72,-15.72
-13.18,-13.18
-6.91,-6.91
-3.95,-3.95
-8.76,-8.76
-16.77,-16.77
-19.72,-19.72
-15.63,-15.63
-11.57,-11.57
-13.56,-13.56
-19.77,-19.77
-22.92,-22.92
-20.29,-20.29
-17.18,-17.18
-20.35,-20.35
-27.73,-27.73
-31.8,-31.8
-28.82,-28.82
-23.86,-23.86
-24.2,-24.2
-29.53,-29.53
-33.05,-33.05
-29.54,-29.54
-23.55,-23.55
-22.37,-22.37
-26.7,-26.7
-29.98,-29.98
-27.23,-27.23
-21.49,-21.49
-20.56,-20.56
-25.88,-25.88
-31.15,-31.15
-29.87,-29.87
-24.09,-24.09
-21.36,-21.36
-24.91,-24.91
-28.92,-28.92
-26.64,-26.64
-18.87,-18.87
-13.67,-13.67
-15.52,-15.52
-20.35,-20.35
-20.63,-20.63
-15.41,-15.41
-11.48,-11.48
-13.58,-13.58
-18.17,-18.17
-17.71,-17.71
-11.0,-11.0
-5.35,-5.35
-6.25,-6.25
-11.39,-11.39
-12.98,-12.98
-8.06,-8.06
-2.43,-2.43
-2.86,-2.86
-8.02,-8.02
-10.14,-10.14
-5.99,-5.99
-0.13,-0.13
0.69,0.69
-2.51,-2.51
-3.18,-3.18
3.16,3.16
11.45,11.45
14.4,14.4
10.82,10.82
8.03,8.03
11.51,11.51
17.96,17.96
19.84,19.84
15.21,15.21
9.61,9.61
9.82,9.82
14.02,14.02
14.93,14.93
9.58,9.58
3.53,3.53
3.53,3.53
8.03,8.03
9.24,9.24
3.44,3.44
-4.81,-4.81
-7.24,-7.24
-3.64,-3.64
-1.07,-1.07
-4.28,-4.28
-9.45,-9.45
-8.83,-8.83
-1.96,-1.96
4.59,4.59
4.34,4.34
0.33,0.33
0.36,0.36
6.89,6.89
13.37,13.37
13.03,13.03
7.19,7.19
3.65,3.65
6.65,6.65
11.37,11.37
11.04,11.04
5.71,5.71
2.68,2.68
5.68,5.68
10.9,10.9
10.82,10.82
5.25,5.25
0.97,0.97
3.97,3.97
10.21,10.21
12.38,12.38
8.28,8.28
4.47,4.47
6.69,6.69
13.14,13.14
16.03,16.03
12.39,12.39
7.78,7.78
8.96,8.96
14.63,14.63
17.75,17.75
14.09,14.09
8.96,8.96
8.87,8.87
14.53,14.53
18.39,18.39
16.21,16.21
11.29,11.29
11.42,11.42
17.3,17.3
22.62,22.62
21.14,21.14
15.92,15.92
14.25,14.25
18.59,18.59
22.88,22.88
20.88,20.88
13.9,13.9
9.48,9.48
11.1,11.1
13.2,13.2
8.78,8.78
-1.35,-1.35
-9.88,-9.88
-11.59,-11.59
-10.78,-10.78
-14.73,-14.73
-23.89,-23.89
-31.21,-31.21
-30.96,-30.96
-26.7,-26.7
-25.48,-25.48
-30.02,-30.02
-33.27,-33.27
-29.23,-29.23
-20.21,-20.21
-14.29,-14.29
-15.66,-15.66
-18.77,-18.77
-17.09,-17.09
-11.18,-11.18
-7.82,-7.82
-10.99,-10.99
-15.63,-15.63
-14.48,-14.48
-7.58,-7.58
-2.75,-2.75
-4.7,-4.7
-9.89,-9.89
-11.04,-11.04
-6.66,-6.66
-3.58,-3.58
-7.03,-7.03
-13.44,-13.44
-14.79,-14.79
-8.63,-8.63
-0.53,-0.53
2.01,2.01
0.27,0.27
1.29,1.29
7.81,7.81
14.76,14.76
15.9,15.9
12.03,12.03
10.94,10.94
17.11,17.11
25.72,25.72
28.5,28.5
24.74,24.74
21.27,21.27
23.32,23.32
28.11,28.11
28.1,28.1
21.83,21.83
15.36,15.36
15.46,15.46
19.3,19.3
19.35,19.35
12.14,12.14
3.76,3.76
1.2,1.2
2.91,2.91
2.1,2.1
-4.95,-4.95
-13.68,-13.68
-16.58,-16.58
-13.45,-13.45
-11.6,-11.6
-16.01,-16.01
-22.63,-22.63
-24.19,-24.19
-19.23,-19.23
-14.31,-14.31
-15.68,-15.68
-20.54,-20.54
-21.36,-21.36
-15.66,-15.66
-9.01,-9.01
-8.42,-8.42
-12.58,-12.58
-13.96,-13.96
-9.57,-9.57
-4.46,-4.46
-4.91,-4.91
-10.35,-10.35
-13.49,-13.49
-9.84,-9.84
-3.98,-3.98
-3.43,-3.43
-8.63,-8.63
-13.02,-13.02
-11.13,-11.13
-7.0,-7.0
-7.41,-7.41
-14.06,-14.06
-20.15,-20.15
-19.43,-19.43
-14.22,-14.22
-11.8,-11.8
-15.4,-15.4
-19.47,-19.47
-17.49,-17.49
-10.78,-10.78
-6.88,-6.88
-9.77,-9.77
-14.63,-14.63
-14.44,-14.44
-9.25,-9.25
-6.36,-6.36
-9.74,-9.74
-14.84,-14.84
-14.64,-14.64
-7.94,-7.94
-2.05,-2.05
-2.71,-2.71
-7.37,-7.37
-8.48,-8.48
-3.59,-3.59
1.52,1.52
0.82,0.82
-4.36,-4.36
-7.25,-7.25
-4.61,-4.61
-1.5,-1.5
-4.16,-4.16
-11.8,-11.8
-17.12,-17.12
-15.63,-15.63
-11.66,-11.66
-12.72,-12.72
-19.02,-19.02
-24.26,-24.26
-22.95,-22.95
-18.39,-18.39
-17.63,-17.63
-22.87,-22.87
-27.31,-27.31
-24.95,-24.95
-17.86,-17.86
-13.33,-13.33
-13.85,-13.85
-14.85,-14.85
-10.6,-10.6
-2.63,-2.63
1.77,1.77
-0.88,-0.88
-5.25,-5.25
-3.33,-3.33
4.33,4.33
10.66,10.66
10.18,10.18
6.96,6.96
7.51,7.51
13.31,13.31
17.56,17.56
15.01,15.01
8.73,8.73
6.76,6.76
11.31,11.31
16.31,16.31
15.51,15.51
10.22,10.22
7.73,7.73
11.26,11.26
15.25,15.25
13.21,13.21
5.68,5.68
0.22,0.22
1.56,1.56
5.64,5.64
5.93,5.93
1.46,1.46
-0.96,-0.96
3.39,3.39
10.69,10.69
12.68,12.68
8.65,8.65
4.41,4.41
6.7,6.7
12.97,12.97
15.44,15.44
11.62,11.62
6.34,6.34
6.36,6.36
10.38,10.38
11.36,11.36
5.57,5.57
-1.66,-1.66
-3.32,-3.32
1.03,1.03
3.59,3.59
-0.37,-0.37
-6.54,-6.54
-7.91,-7.91
-3.77,-3.77
-0.41,-0.41
-3.58,-3.58
-9.98,-9.98
-11.56,-11.56
-6.88,-6.88
-2.24,-2.24
-4.39,-4.39
-11.27,-11.27
-14.58,-14.58
-10.87,-10.87
-5.68,-5.68
-5.79,-5.79
-10.41,-10.41
-12.72,-12.72
-9.27,-9.27
-4.09,-4.09
-4.46,-4.46
-10.33,-10.33
-14.39,-14.39
-11.41,-11.41
-5.46,-5.46
-3.81,-3.81
-8.18,-8.18
-12.25,-12.25
-10.04,-10.04
-4.09,-4.09
-1.95,-1.95
-6.07,-6.07
-10.66,-10.66
-9.21,-9.21
-3.27,-3.27
-0.13,-0.13
-3.52,-3.52
-8.12,-8.12
-7.19,-7.19
-0.76,-0.76
4.11,4.11
2.18,2.18
-2.22,-2.22
-2.09,-2.09
4.04,4.04
9.37,9.37
8.89,8.89
5.17,5.17
5.98,5.98
12.53,12.53
19.52,19.52
20.2,20.2
16.86,16.86
16.8,16.8
22.5,22.5
29.63,29.63
31.2,31.2
28.24,28.24
27.81,27.81
33.13,33.13
39.4,39.4
39.6,39.6
34.04,34.04
30.29,30.29
32.3,32.3
36.05,36.05
33.51,33.51
23.23,23.23
12.05,12.05
6.46,6.46
4.43,4.43
-0.59,-0.59
-11.31,-11.31
-24.43,-24.43
-36.43,-36.43
-50.81,-50.81
-73.05,-73.05
-101.83,-101.83
-127.08,-127.08
-138.58,-138.58
-135.96,-135.96
-128.09,-128.09
-122.52,-122.52
-117.98,-117.98
-109.47,-109.47
-96.52,-96.52
-85.41,-85.41
-80.41,-80.41
-77.93,-77.93
-71.22,-71.22
-58.8,-58.8
-47.99,-47.99
-44.52,-44.52
-46.33,-46.33
-45.11,-45.11
-37.9,-37.9
-29.24,-29.24
-25.91,-25.91
-27.87,-27.87
-27.79,-27.79
-21.96,-21.96
-13.94,-13.94
-10.48,-10.48
-10.3,-10.3
-7.12,-7.12
4.27,4.27
19.56,19.56
31.72,31.72
39.5,39.5
49.21,49.21
65.82,65.82
85.52,85.52
100.28,100.28
106.39,106.39
109.42,109.42
115.66,115.66
123.34,123.34
125.16,125.16
118.21,118.21
107.8,107.8
102.2,102.2
101.41,101.41
98.36,98.36
88.81,88.81
76.84,76.84
70.47,70.47
71.16,71.16
71.81,71.81
66.2,66.2
57.39,57.39
53.64,53.64
56.92,56.92
60.67,60.67
57.63,57.63
50.09,50.09
47.88,47.88
54.41,54.41
63.39,63.39
64.52,64.52
57.64,57.64
50.3,50.3
48.03,48.03
46.52,46.52
38.27,38.27
23.33,23.33
10.78,10.78
6.84,6.84
6.95,6.95
1.3,1.3
-13.06,-13.06
-28.78,-28.78
-37.61,-37.61
-41.59,-41.59
-49.53,-49.53
-64.65,-64.65
-80.86,-80.86
-89.66,-89.66
-92.37,-92.37
-97.55,-97.55
-110.66,-110.66
-126.63,-126.63
-137.69,-137.69
-144.13,-144.13
-154.23,-154.23
-172.47,-172.47
-193.02,-193.02
-205.36,-205.36
-207.55,-207.55
-207.67,-207.67
-213.53,-213.53
-222.3,-222.3
-225.7,-225.7
-220.8,-220.8
-215.64,-215.64
-218.25,-218.25
-226.56,-226.56
-230.52,-230.52
-225.64,-225.64
-217.53,-217.53
-212.95,-212.95
-212.14,-212.14
-209.55,-209.55
-201.95,-201.95
-192.41,-192.41
-186.41,-186.41
-183.19,-183.19
-177.72,-177.72
-166.77,-166.77
-153.89,-153.89
-143.86,-143.86
-137.16,-137.16
-127.98,-127.98
-112.14,-112.14
-92.91,-92.91
-78.59,-78.59
-70.66,-70.66
-62.53,-62.53
-47.22,-47.22
-28.28,-28.28
-16.0,-16.0
-14.84,-14.84
-17.19,-17.19
-12.28,-12.28
-0.16,-0.16
9.13,9.13
9.81,9.81
6.97,6.97
10.44,10.44
20.84,20.84
29.66,29.66
30.41,30.41
27.37,27.37
30.12,30.12
40.34,40.34
50.47,50.47
53.22,53.22
51.97,51.97
56.44,56.44
70.12,70.12
84.94,84.94
92.09,92.09
92.91,92.91
98.22,98.22
114.22,114.22
133.78,133.78
144.91,144.91
147.16,147.16
150.37,150.37
162.28,162.28
178.31,178.31
187.91,187.91
188.16,188.16
188.59,188.59
197.03,197.03
209.34,209.34
214.28,214.28
208.12,208.12
200.22,200.22
201.41,201.41
210.0,210.0
215.03,215.03
210.72,210.72
204.16,204.16
205.62,205.62
214.53,214.53
219.59,219.59
214.59,214.59
206.31,206.31
206.87,206.87
218.37,218.37
231.0,231.0
235.19,235.19
234.81,234.81
239.44,239.44
250.19,250.19
257.62,257.62
251.87,251.87
237.19,237.19
225.59,225.59
222.56,222.56
220.78,220.78
209.72,209.72
191.0,191.0
174.91,174.91
168.19,168.19
164.25,164.25
152.81,152.81
133.84,133.84
117.66,117.66
111.34,111.34
109.84,109.84
102.31,102.31
87.47,87.47
74.87,74.87
72.87,72.87
76.87,76.87
75.59,75.59
64.69,64.69
53.13,53.13
50.66,50.66
55.72,55.72
58.19,58.19
52.91,52.91
47.78,47.78
52.94,52.94
67.78,67.78
81.25,81.25
86.47,86.47
88.84,88.84
99.47,99.47
118.56,118.56
135.5,135.5
141.0,141.0
138.81,138.81
139.5,139.5
145.75,145.75
149.22,149.22
141.84,141.84
127.41,127.41
116.59,116.59
112.97,112.97
107.5,107.5
90.56,90.56
63.63,63.63
37.81,37.81
19.97,19.97
4.81,4.81
-15.97,-15.97
-41.44,-41.44
-62.19,-62.19
-72.34,-72.34
-77.16,-77.16
-86.53,-86.53
-103.91,-103.91
-123.64,-123.64
-138.55,-138.55
-145.55,-145.55
-146.58,-146.58
-144.08,-144.08
-139.7,-139.7
-134.09,-134.09
-128.28,-128.28
-123.73,-123.73
-120.34,-120.34
-116.22,-116.22
-109.98,-109.98
-102.8,-102.8
-97.41,-97.41
-93.05,-93.05
-85.09,-85.09
-69.19,-69.19
-48.92,-48.92
-33.47,-33.47
-26.89,-26.89
-22.87,-22.87
-11.64,-11.64
6.87,6.87
23.08,23.08
28.39,28.39
26.16,26.16
26.31,26.31
32.58,32.58
38.28,38.28
36.44,36.44
30.23,30.23
29.94,29.94
40.15,40.15
54.14,54.14
62.87,62.87
66.12,66.12
71.98,71.98
85.38,85.38
100.53,100.53
108.91,108.91
109.55,109.55
110.69,110.69
118.29,118.29
128.8,128.8
134.2,134.2
134.28,134.28
137.59,137.59
151.47,151.47
172.08,172.08
189.23,189.23
198.44,198.44
205.65,205.65
217.65,217.65
232.26,232.26
240.32,240.32
238.02,238.02
231.83,231.83
230.42,230.42
233.85,233.85
233.47,233.47
224.43,224.43
212.32,212.32
206.54,206.54
208.77,208.77
210.7,210.7
206.34,206.34
199.23,199.23
198.41,198.41
205.45,205.45
212.13,212.13
210.47,210.47
202.8,202.8
198.66,198.66
202.16,202.16
206.59,206.59
203.45,203.45
193.56,193.56
185.61,185.61
184.58,184.58
185.03,185.03
178.83,178.83
166.66,166.66
157.69,157.69
157.75,157.75
161.59,161.59
159.34,159.34
148.84,148.84
138.03,138.03
134.19,134.19
134.25,134.25
129.0,129.0
115.94,115.94
102.72,102.72
96.97,96.97
96.37,96.37
91.56,91.56
77.75,77.75
61.19,61.19
50.25,50.25
44.53,44.53
35.47,35.47
17.81,17.81
-2.87,-2.87
-18.0,-18.0
-26.87,-26.87
-37.75,-37.75
-56.75,-56.75
-79.25,-79.25
-95.87,-95.87
-104.0,-104.0
-111.5,-111.5
-125.62,-125.62
-143.56,-143.56
-156.0,-156.0
-159.69,-159.69
-161.56,-161.56
-170.06,-170.06
-184.19,-184.19
-195.0,-195.0
-198.37,-198.37
-200.37,-200.37
-209.56,-209.56
-225.44,-225.44
-238.37,-238.37
-242.0,-242.0
-241.0,-241.0
-244.44,-244.44
-254.0,-254.0
-262.12,-262.12
-262.37,-262.37
-258.56,-258.56
-259.87,-259.87
-268.69,-268.69
-276.94,-276.94
-276.87,-276.87
-270.87,-270.87
-268.62,-268.62
-274.37,-274.37
-281.25,-281.25
-280.87,-280.87
-273.75,-273.75
-268.94,-268.94
-272.56,-272.56
-279.37,-279.37
-280.12,-280.12
-274.0,-274.0
-269.75,-269.75
-273.62,-273.62
-281.75,-281.75
-284.5,-284.5
-279.62,-279.62
-274.87,-274.87
-277.25,-277.25
-284.12,-284.12
-285.62,-285.62
-278.37,-278.37
-269.62,-269.62
-268.12,-268.12
-272.62,-272.62
-273.75,-273.75
-266.87,-266.87
-257.25,-257.25
-253.62,-253.62
-256.25,-256.25
-257.12,-257.12
-250.75,-250.75
-242.25,-242.25
-240.87,-240.87
-247.25,-247.25
-253.0,-253.0
-250.12,-250.12
-242.62,-242.62
-239.25,-239.25
-243.0,-243.0
-246.5,-246.5
-242.87,-242.87
-234.62,-234.62
-231.12,-231.12
-236.25,-236.25
-243.25,-243.25
-243.87,-243.87
-239.25,-239.25
-239.12,-239.12
-248.12,-248.12
-260.87,-260.87
-267.62,-267.62
-267.0,-267.0
-267.5,-267.5
-275.0,-275.0
-284.25,-284.25
-286.12,-286.12
-278.0,-278.0
-268.87,-268.87
-266.0,-266.0
-265.87,-265.87
-258.37,-258.37
-240.5,-240.5
-220.5,-220.5
-207.87,-207.87
-203.37,-203.37
-198.31,-198.31
-188.31,-188.31
-178.87,-178.87
-177.75,-177.75
-183.37,-183.37
-185.62,-185.62
-178.37,-178.37
-166.12,-166.12
-158.69,-158.69
-157.12,-157.12
-153.75,-153.75
-142.37,-142.37
-127.12,-127.12
-118.19,-118.19
-118.62,-118.62
-120.75,-120.75
-116.31,-116.31
-106.44,-106.44
-100.12,-100.12
-101.12,-101.12
-103.12,-103.12
-98.0,-98.0
-87.75,-87.75
-81.0,-81.0
-82.62,-82.62
-85.94,-85.94
-81.69,-81.69
-68.5,-68.5
-54.94,-54.94
-47.69,-47.69
-42.5,-42.5
-30.62,-30.62
-10.38,-10.38
8.25,8.25
16.62,16.62
16.5,16.5
16.81,16.81
22.44,22.44
28.44,28.44
27.94,27.94
23.12,23.12
22.37,22.37
28.87,28.87
36.88,36.88
37.25,37.25
30.81,30.81
27.0,27.0
30.72,30.72
36.88,36.88
35.97,35.97
27.06,27.06
18.0,18.0
15.75,15.75
17.03,17.03
13.28,13.28
2.31,2.31
-8.28,-8.28
-11.78,-11.78
-11.03,-11.03
-14.75,-14.75
-26.44,-26.44
-38.78,-38.78
-44.25,-44.25
-42.91,-42.91
-43.06,-43.06
-48.47,-48.47
-53.06,-53.06
-49.38,-49.38
-38.44,-38.44
-30.37,-30.37
-32.36,-32.36
-40.31,-40.31
-45.45,-45.45
-45.53,-45.53
-46.86,-46.86
-54.67,-54.67
-64.14,-64.14
-66.78,-66.78
-59.88,-59.88
-51.78,-51.78
-50.73,-50.73
-54.71,-54.71
-54.88,-54.88
-47.05,-47.05
-37.52,-37.52
-34.59,-34.59
-36.66,-36.66
-35.22,-35.22
-24.79,-24.79
-10.44,-10.44
-2.23,-2.23
-0.84,-0.84
1.04,1.04
8.9,8.9
18.43,18.43
20.38,20.38
12.31,12.31
2.56,2.56
-1.36,-1.36
-0.98,-0.98
-4.87,-4.87
-14.96,-14.96
-24.45,-24.45
-25.12,-25.12
-18.27,-18.27
-13.23,-13.23
-14.98,-14.98
-17.47,-17.47
-11.67,-11.67
2.56,2.56
17.42,17.42
26.14,26.14
33.53,33.53
48.08,48.08
70.78,70.78
92.97,92.97
106.97,106.97
115.81,115.81
127.56,127.56
145.19,145.19
161.62,161.62
168.87,168.87
168.78,168.78
170.69,170.69
179.03,179.03
187.78,187.78
189.44,189.44
185.28,185.28
184.66,184.66
193.22,193.22
205.22,205.22
212.28,212.28
213.28,213.28
216.97,216.97
229.12,229.12
244.84,244.84
253.66,253.66
252.59,252.59
249.0,249.0
250.44,250.44
254.25,254.25
251.56,251.56
240.06,240.06
226.62,226.62
220.56,220.56
221.0,221.0
219.19,219.19
211.06,211.06
202.75,202.75
202.0,202.0
207.94,207.94
211.06,211.06
204.37,204.37
192.44,192.44
184.12,184.12
180.37,180.37
174.31,174.31
160.31,160.31
143.69,143.69
134.44,134.44
135.5,135.5
138.5,138.5
135.19,135.19
126.44,126.44
121.75,121.75
125.56,125.56
132.06,132.06
134.0,134.0
132.12,132.12
135.06,135.06
147.87,147.87
163.62,163.62
172.37,172.37
173.31,173.31
175.5,175.5
185.56,185.56
199.56,199.56
208.37,208.37
208.81,208.81
209.0,209.0
215.19,215.19
224.44,224.44
227.12,227.12
220.5,220.5
212.19,212.19
211.37,211.37
216.06,216.06
216.62,216.62
207.44,207.44
194.31,194.31
185.75,185.75
182.75,182.75
177.0,177.0
163.81,163.81
148.69,148.69
141.19,141.19
142.44,142.44
143.44,143.44
136.94,136.94
125.19,125.19
117.56,117.56
116.44,116.44
114.31,114.31
104.0,104.0
88.44,88.44
77.06,77.06
73.5,73.5
71.94,71.94
63.94,63.94
50.25,50.25
40.38,40.38
38.63,38.63
39.13,39.13
32.56,32.56
18.37,18.37
5.31,5.31
-0.69,-0.69
-3.56,-3.56
-12.94,-12.94
-30.0,-30.0
-46.13,-46.13
-53.88,-53.88
-55.75,-55.75
-60.44,-60.44
-71.0,-71.0
-80.19,-80.19
-79.81,-79.81
-72.19,-72.19
-66.62,-66.62
-68.31,-68.31
-71.5,-71.5
-67.41,-67.41
-56.31,-56.31
-47.09,-47.09
-46.69,-46.69
-49.53,-49.53
-47.34,-47.34
-38.41,-38.41
-31.81,-31.81
-34.25,-34.25
-41.44,-41.44
-43.78,-43.78
-38.59,-38.59
-33.47,-33.47
-36.13,-36.13
-43.75,-43.75
-46.78,-46.78
-41.06,-41.06
-33.63,-33.63
-34.25,-34.25
-41.13,-41.13
-44.91,-44.91
-38.91,-38.91
-28.97,-28.97
-23.59,-23.59
-22.53,-22.53
-16.22,-16.22
1.53,1.53
25.37,25.37
43.5,43.5
52.19,52.19
59.28,59.28
72.59,72.59
88.75,88.75
98.72,98.72
99.62,99.62
98.97,98.97
106.09,106.09
118.37,118.37
125.25,125.25
122.06,122.06
115.66,115.66
115.75,115.75
122.09,122.09
125.12,125.12
117.59,117.59
104.87,104.87
97.0,97.0
95.94,95.94
93.84,93.84
84.28,84.28
71.78,71.78
66.91,66.91
71.78,71.78
77.37,77.37
74.16,74.16
64.44,64.44
58.06,58.06
60.0,60.0
62.88,62.88
58.0,58.0
46.88,46.88
40.88,40.88
46.41,46.41
57.66,57.66
64.53,64.53
66.31,66.31
71.58,71.58
87.55,87.55
107.84,107.84
121.2,121.2
123.91,123.91
123.83,123.83
128.98,128.98
136.56,136.56
136.05,136.05
123.78,123.78
108.84,108.84
101.55,101.55
101.03,101.03
97.77,97.77
86.25,86.25
73.59,73.59
69.28,69.28
73.77,73.77
76.17,76.17
69.31,69.31
58.25,58.25
53.03,53.03
55.1,55.1
54.64,54.64
43.93,43.93
26.81,26.81
14.34,14.34
9.73,9.73
4.92,4.92
-9.35,-9.35
-30.49,-30.49
-47.44,-47.44
-54.97,-54.97
-59.42,-59.42
-70.58,-70.58
-87.87,-87.87
-100.99,-100.99
-103.73,-103.73
-102.67,-102.67
-108.11,-108.11
-120.48,-120.48
-130.48,-130.48
-130.61,-130.61
-126.72,-126.72
-130.09,-130.09
-143.42,-143.42
-157.35,-157.35
-163.38,-163.38
-164.59,-164.59
-171.75,-171.75
-188.58,-188.58
-206.47,-206.47
-215.16,-215.16
-216.0,-216.0
-218.55,-218.55
-227.79,-227.79
-236.41,-236.41
-234.66,-234.66
-222.4,-222.4
-210.72,-210.72
-206.86,-206.86
-205.25,-205.25
-194.62,-194.62
-173.56,-173.56
-152.67,-152.67
-141.2,-141.2
-135.81,-135.81
-125.45,-125.45
-106.92,-106.92
-89.3,-89.3
-81.81,-81.81
-82.62,-82.62
-80.19,-80.19
-69.25,-69.25
-57.91,-57.91
-56.39,-56.39
-63.64,-63.64
-67.83,-67.83
-61.95,-61.95
-52.13,-52.13
-50.13,-50.13
-57.64,-57.64
-64.08,-64.08
-61.45,-61.45
-53.58,-53.58
-52.28,-52.28
-59.73,-59.73
-66.11,-66.11
-62.16,-62.16
-50.75,-50.75
-44.42,-44.42
-47.91,-47.91
-53.09,-53.09
-48.98,-48.98
-36.64,-36.64
-27.17,-27.17
-27.28,-27.28
-30.37,-30.37
-26.44,-26.44
-14.55,-14.55
-6.0,-6.0
-7.78,-7.78
-14.3,-14.3
-14.25,-14.25
-4.95,-4.95
3.77,3.77
2.64,2.64
-3.97,-3.97
-5.25,-5.25
2.95,2.95
11.84,11.84
11.16,11.16
2.47,2.47
-2.89,-2.89
0.81,0.81
6.22,6.22
2.33,2.33
-9.78,-9.78
-19.03,-19.03
-17.94,-17.94
-12.11,-12.11
-11.83,-11.83
-18.8,-18.8
-22.44,-22.44
-14.81,-14.81
-1.48,-1.48
5.2,5.2
1.34,1.34
-3.23,-3.23
1.97,1.97
14.14,14.14
22.19,22.19
21.67,21.67
20.39,20.39
28.87,28.87
45.78,45.78
59.52,59.52
63.38,63.38
63.19,63.19
70.73,70.73
86.22,86.22
99.03,99.03
101.47,101.47
99.37,99.37
104.03,104.03
118.62,118.62
132.31,132.31
135.62,135.62
131.12,131.12
130.64,130.64
138.89,138.89
147.8,147.8
147.86,147.86
139.89,139.89
132.72,132.72
131.86,131.86
132.22,132.22
126.06,126.06
113.44,113.44
102.69,102.69
97.25,97.25
90.84,90.84
72.97,72.97
43.78,43.78
15.31,15.31
-3.87,-3.87
-18.12,-18.12
-38.75,-38.75
-68.19,-68.19
-95.09,-95.09
-108.0,-108.0
-110.0,-110.0
-113.75,-113.75
-125.41,-125.41
-137.47,-137.47
-139.12,-139.12
-131.53,-131.53
-127.72,-127.72
-134.91,-134.91
-145.28,-145.28
-146.0,-146.0
-136.22,-136.22
-128.53,-128.53
-133.09,-133.09
-145.12,-145.12
-150.78,-150.78
-146.34,-146.34
-143.19,-143.19
-152.28,-152.28
-169.75,-169.75
-181.06,-181.06
-178.97,-178.97
-173.91,-173.91
-178.34,-178.34
-191.44,-191.44
-199.66,-199.66
-194.28,-194.28
-184.41,-184.41
-184.34,-184.34
-195.28,-195.28
-203.06,-203.06
-197.25,-197.25
-184.22,-184.22
-181.75,-181.75
-194.81,-194.81
-208.19,-208.19
-207.94,-207.94
-198.66,-198.66
-197.94,-197.94
-212.69,-212.69
-231.25,-231.25
-238.62,-238.62
-237.91,-237.91
-248.12,-248.12
-280.25,-280.25
-321.03,-321.03
-348.37,-348.37
-356.44,-356.44
-359.34,-359.34
-369.19,-369.19
-378.91,-378.91
-372.45,-372.45
-346.5,-346.5
-316.23,-316.23
-298.7,-298.7
-292.28,-292.28
-282.87,-282.87
-266.52,-266.52
-257.27,-257.27
-270.06,-270.06
-302.7,-302.7
-337.0,-337.0
-361.42,-361.42
-380.08,-380.08
-398.5,-398.5
-413.69,-413.69
-414.18,-414.18
-396.11,-396.11
-370.64,-370.64
-350.84,-350.84
-340.43,-340.43
-331.31,-331.31
-314.47,-314.47
-290.24,-290.24
-259.44,-259.44
-210.62,-210.62
-122.97,-122.97
8.39,8.39
157.56,157.56
283.34,283.34
365.68,365.68
418.21,418.21
465.7,465.7
513.68,513.68
547.65,547.65
556.73,556.73
549.62,549.62
543.27,543.27
541.64,541.64
534.19,534.19
512.72,512.72
486.87,486.87
470.94,470.94
465.08,465.08
452.95,452.95
420.62,420.62
376.27,376.27
338.52,338.52
314.31,314.31
290.27,290.27
252.16,252.16
205.86,205.86
171.95,171.95
159.06,159.06
153.03,153.03
134.03,134.03
101.19,101.19
71.62,71.62
55.84,55.84
42.16,42.16
11.38,11.38
-38.41,-38.41
-87.97,-87.97
-120.56,-120.56
-141.59,-141.59
-168.66,-168.66
-206.69,-206.69
-241.34,-241.34
-258.91,-258.91
-263.03,-263.03
-270.81,-270.81
-291.22,-291.22
-319.19,-319.19
-342.06,-342.06
-350.69,-350.69
-343.94,-343.94
-322.19,-322.19
-281.34,-281.34
-218.81,-218.81
-142.84,-142.84
-72.03,-72.03
-16.87,-16.87
30.81,30.81
86.03,86.03
149.25,149.25
204.09,204.09
237.94,237.94
256.91,256.91
279.94,279.94
313.72,313.72
346.62,346.62
365.44,365.44
371.78,371.78
380.5,380.5
397.81,397.81
413.44,413.44
414.09,414.09
401.44,401.44
391.34,391.34
392.5,392.5
396.37,396.37
388.12,388.12
365.94,365.94
343.56,343.56
331.44,331.44
321.81,321.81
299.0,299.0
259.31,259.31
215.75,215.75
179.75,179.75
146.37,146.37
98.25,98.25
26.75,26.75
-55.81,-55.81
-131.37,-131.37
-191.44,-191.44
-238.69,-238.69
-271.75,-271.75
-276.44,-276.44
-241.81,-241.81
-174.94,-174.94
-100.94,-100.94
-38.31,-38.31
14.94,14.94
70.25,70.25
128.81,128.81
176.06,176.06
200.31,200.31
209.31,209.31
221.25,221.25
244.75,244.75
270.56,270.56
287.5,287.5
299.31,299.31
321.19,321.19
356.62,356.62
389.62,389.62
401.75,401.75
394.5,394.5
386.25,386.25
389.5,389.5
394.37,394.37
383.47,383.47
355.31,355.31
327.87,327.87
314.62,314.62
307.72,307.72
289.06,289.06
255.53,255.53
224.28,224.28
210.5,210.5
208.34,208.34
197.94,197.94
171.56,171.56
144.44,144.44
134.75,134.75
141.41,141.41
145.97,145.97
137.97,137.97
126.53,126.53
126.91,126.91
138.03,138.03
141.78,141.78
127.22,127.22
105.03,105.03
93.78,93.78
97.34,97.34
99.37,99.37
86.62,86.62
65.72,65.72
54.75,54.75
60.38,60.38
67.69,67.69
62.19,62.19
47.22,47.22
40.38,40.38
48.08,48.08
57.72,57.72
52.77,52.77
35.09,35.09
22.81,22.81
25.66,25.66
33.22,33.22
27.7,27.7
8.25,8.25
-8.8,-8.8
-10.94,-10.94
-6.3,-6.3
-11.69,-11.69
-30.55,-30.55
-47.73,-47.73
-48.98,-48.98
-40.23,-40.23
-39.3,-39.3
-52.86,-52.86
-68.05,-68.05
-70.59,-70.59
-63.09,-63.09
-61.91,-61.91
-74.72,-74.72
-89.91,-89.91
-91.19,-91.19
-79.45,-79.45
-71.3,-71.3
-77.97,-77.97
-91.06,-91.06
-94.52,-94.52
-87.19,-87.19
-84.41,-84.41
-97.39,-97.39
-117.99,-117.99
-127.13,-127.13
-119.93,-119.93
-110.76,-110.76
-113.91,-113.91
-125.77,-125.77
-128.75,-128.75
-116.44,-116.44
-101.72,-101.72
-100.87,-100.87
-112.51,-112.51
-120.28,-120.28
-114.7,-114.7
-105.91,-105.91
-109.44,-109.44
-126.17,-126.17
-140.97,-140.97
-143.62,-143.62
-141.97,-141.97
-151.83,-151.83
-175.06,-175.06
-196.05,-196.05
-202.33,-202.33
-201.02,-201.02
-209.17,-209.17
-231.98,-231.98
-253.31,-253.31
-256.39,-256.39
-244.41,-244.41
-235.75,-235.75
-239.39,-239.39
-243.2,-243.2
-231.44,-231.44
-205.75,-205.75
-185.78,-185.78
-183.2,-183.2
-187.86,-187.86
-181.97,-181.97
-164.59,-164.59
-154.34,-154.34
-166.17,-166.17
-191.62,-191.62
-210.05,-210.05
-212.28,-212.28
-210.97,-210.97
-221.87,-221.87
-241.66,-241.66
-253.22,-253.22
-247.87,-247.87
-236.81,-236.81
-235.55,-235.55
-241.27,-241.27
-236.66,-236.66
-213.8,-213.8
-188.11,-188.11
-181.12,-181.12
-197.17,-197.17
-219.31,-219.31
-234.2,-234.2
-247.67,-247.67
-274.23,-274.23
-312.02,-312.02
-340.91,-340.91
-345.97,-345.97
-334.19,-334.19
-324.97,-324.97
-324.53,-324.53
-319.31,-319.31
-293.08,-293.08
-248.53,-248.53
-204.62,-204.62
-172.33,-172.33
-141.05,-141.05
-96.03,-96.03
-41.16,-41.16
1.95,1.95
21.44,21.44
31.23,31.23
54.44,54.44
94.92,94.92
133.27,133.27
151.25,151.25
154.55,154.55
164.03,164.03
188.16,188.16
211.79,211.79
217.41,217.41
210.46,210.46
211.54,211.54
229.58,229.58
248.91,248.91
250.54,250.54
236.86,236.86
230.26,230.26
243.45,243.45
264.22,264.22
271.52,271.52
263.71,263.71
260.68,260.68
276.89,276.89
300.66,300.66
307.91,307.91
294.06,294.06
278.54,278.54
280.86,280.86
295.12,295.12
297.21,297.21
277.98,277.98
253.89,253.89
245.73,245.73
251.6,251.6
249.88,249.88
230.14,230.14
207.05,207.05
201.89,201.89
214.24,214.24
220.45,220.45
204.32,204.32
178.3,178.3
167.0,167.0
175.02,175.02
180.94,180.94
166.28,166.28
138.98,138.98
123.41,123.41
128.47,128.47
137.45,137.45
131.84,131.84
116.5,116.5
113.04,113.04
129.34,129.34
147.48,147.48
145.17,145.17
123.62,123.62
105.73,105.73
105.51,105.51
111.01,111.01
101.7,101.7
78.22,78.22
61.17,61.17
65.28,65.28
79.09,79.09
78.77,78.77
59.67,59.67
40.5,40.5
39.25,39.25
49.0,49.0
48.66,48.66
30.81,30.81
12.13,12.13
11.11,11.11
23.34,23.34
27.47,27.47
12.3,12.3
-7.48,-7.48
-11.59,-11.59
0.34,0.34
9.17,9.17
1.42,1.42
-12.27,-12.27
-12.83,-12.83
2.12,2.12
15.44,15.44
12.41,12.41
-0.62,-0.62
-5.31,-5.31
3.31,3.31
10.38,10.38
1.09,1.09
-19.56,-19.56
-32.06,-32.06
-28.19,-28.19
-23.34,-23.34
-36.03,-36.03
-63.84,-63.84
-84.66,-84.66
-84.5,-84.5
-75.59,-75.59
-78.28,-78.28
-94.66,-94.66
-105.87,-105.87
-97.72,-97.72
-80.37,-80.37
-74.91,-74.91
-86.0,-86.0
-95.47,-95.47
-87.84,-87.84
-69.03,-69.03
-58.88,-58.88
-65.06,-65.06
-73.66,-73.66
-69.69,-69.69
-54.97,-54.97
-46.41,-46.41
-51.38,-51.38
-59.84,-59.84
-57.44,-57.44
-44.31,-44.31
-34.78,-34.78
-37.09,-37.09
-44.13,-44.13
-43.84,-43.84
-36.06,-36.06
-31.56,-31.56
-38.13,-38.13
-49.38,-49.38
-53.78,-53.78
-50.84,-50.84
-52.72,-52.72
-68.78,-68.78
-91.97,-91.97
-105.44,-105.44
-104.5,-104.5
-103.5,-103.5
-119.06,-119.06
-147.44,-147.44
-168.31,-168.31
-171.69,-171.69
-171.56,-171.56
-187.56,-187.56
-218.75,-218.75
-243.06,-243.06
-245.12,-245.12
-235.62,-235.62
-238.12,-238.12
-255.62,-255.62
-268.94,-268.94
-262.56,-262.56
-244.69,-244.69
-238.0,-238.0
-248.81,-248.81
-260.94,-260.94
-255.94,-255.94
-239.0,-239.0
-230.62,-230.62
-239.81,-239.81
-250.87,-250.87
-243.81,-243.81
-220.25,-220.25
-201.87,-201.87
-203.62,-203.62
-215.37,-215.37
-217.94,-217.94
-209.5,-209.5
-207.06,-207.06
-222.62,-222.62
-244.5,-244.5
-250.66,-250.66
-235.72,-235.72
-216.37,-216.37
-209.16,-209.16
-208.0,-208.0
-193.31,-193.31
-158.72,-158.72
-119.94,-119.94
-96.5,-96.5
-84.72,-84.72
-64.06,-64.06
-25.59,-25.59
16.03,16.03
38.28,38.28
40.34,40.34
40.84,40.84
52.34,52.34
65.75,65.75
63.5,63.5
45.28,45.28
28.72,28.72
27.28,27.28
31.37,31.37
21.91,21.91
-3.47,-3.47
-26.09,-26.09
-27.03,-27.03
-12.44,-12.44
-5.5,-5.5
-18.09,-18.09
-34.59,-34.59
-34.44,-34.44
-19.25,-19.25
-10.72,-10.72
-21.78,-21.78
-39.72,-39.72
-42.5,-42.5
-29.72,-29.72
-20.59,-20.59
-30.5,-30.5
-49.84,-49.84
-58.5,-58.5
-52.56,-52.56
-51.69,-51.69
-71.28,-71.28
-102.2,-102.2
-119.33,-119.33
-113.78,-113.78
-102.27,-102.27
-104.34,-104.34
-117.87,-117.87
-121.77,-121.77
-106.61,-106.61
-87.58,-87.58
-86.2,-86.2
-100.33,-100.33
-108.31,-108.31
-95.2,-95.2
-73.19,-73.19
-64.87,-64.87
-72.14,-72.14
-76.31,-76.31
-60.44,-60.44
-35.7,-35.7
-24.68,-24.68
-35.26,-35.26
-48.73,-48.73
-45.08,-45.08
-26.45,-26.45
-13.99,-13.99
-16.64,-16.64
-22.27,-22.27
-12.84,-12.84
9.01,9.01
21.66,21.66
13.68,13.68
-2.22,-2.22
-3.98,-3.98
8.78,8.78
15.93,15.93
1.5,1.5
-24.29,-24.29
-39.85,-39.85
-38.25,-38.25
-35.17,-35.17
-45.61,-45.61
-62.95,-62.95
-66.61,-66.61
-50.24,-50.24
-31.5,-31.5
-28.44,-28.44
-39.4,-39.4
-43.24,-43.24
-29.55,-29.55
-11.98,-11.98
-9.57,-9.57
-20.69,-20.69
-24.19,-24.19
-6.66,-6.66
20.22,20.22
34.84,34.84
34.33,34.33
37.31,37.31
60.27,60.27
93.5,93.5
116.41,116.41
123.09,123.09
130.7,130.7
157.23,157.23
196.48,196.48
224.34,224.34
228.94,228.94
224.42,224.42
229.44,229.44
244.87,244.87
252.59,252.59
242.25,242.25
225.94,225.94
223.25,223.25
235.56,235.56
245.22,245.22
238.25,238.25
221.81,221.81
212.47,212.47
216.22,216.22
217.87,217.87
203.5,203.5
180.69,180.69
168.59,168.59
171.56,171.56
172.5,172.5
153.41,153.41
120.94,120.94
98.75,98.75
98.75,98.75
105.25,105.25
93.19,93.19
59.69,59.69
22.5,22.5
-0.84,-0.84
-15.5,-15.5
-37.0,-37.0
-64.78,-64.78
-78.34,-78.34
-64.72,-64.72
-35.25,-35.25
-17.53,-17.53
-19.97,-19.97
-25.37,-25.37
-16.25,-16.25
2.81,2.81
10.69,10.69
-0.5,-0.5
-13.59,-13.59
-6.53,-6.53
16.94,16.94
32.19,32.19
22.78,22.78
0.97,0.97
-9.63,-9.63
-4.12,-4.12
1.31,1.31
-8.31,-8.31
-24.84,-24.84
-27.19,-27.19
-12.53,-12.53
0.0,0.0
-8.59,-8.59
-34.09,-34.09
-53.38,-53.38
-54.47,-54.47
-49.03,-49.03
-53.13,-53.13
-64.69,-64.69
-63.16,-63.16
-39.59,-39.59
-7.75,-7.75
10.28,10.28
12.66,12.66
17.53,17.53
37.34,37.34
62.47,62.47
73.84,73.84
69.62,69.62
66.41,66.41
79.22,79.22
97.94,97.94
102.44,102.44
88.87,88.87
77.44,77.44
86.09,86.09
109.62,109.62
123.97,123.97
118.66,118.66
109.37,109.37
118.12,118.12
143.31,143.31
163.75,163.75
166.44,166.44
160.62,160.62
165.81,165.81
186.44,186.44
206.81,206.81
213.5,213.5
211.62,211.62
214.69,214.69
223.19,223.19
222.12,222.12
197.5,197.5
157.56,157.56
123.0,123.0
101.19,101.19
80.62,80.62
47.69,47.69
7.06,7.06
-23.69,-23.69
-34.69,-34.69
-37.56,-37.56
-49.88,-49.88
-73.12,-73.12
-93.09,-93.09
-101.91,-101.91
-110.59,-110.59
-135.22,-135.22
-175.56,-175.56
-211.53,-211.53
-228.16,-228.16
-230.06,-230.06
-233.94,-233.94
-244.75,-244.75
-250.91,-250.91
-244.97,-244.97
-235.56,-235.56
-244.19,-244.19
-278.19,-278.19
-325.37,-325.37
-365.06,-365.06
-386.31,-386.31
-387.81,-387.81
-375.81,-375.81
-357.25,-357.25
-337.87,-337.87
-320.12,-320.12
-304.5,-304.5
-290.44,-290.44
-276.94,-276.94
-263.56,-263.56
-249.25,-249.25
-235.06,-235.06
-220.44,-220.44
-206.44,-206.44
-193.0,-193.0
-179.69,-179.69
-166.94,-166.94
-154.56,-154.56
-142.5,-142.5
-130.56,-130.56
-118.94,-118.94
-107.37,-107.37
-96.19,-96.19
-85.06,-85.06
-74.31,-74.31
-63.88,-63.88
-53.75,-53.75
-43.75,-43.75
-34.06,-34.06
-24.5,-24.5
-15.25,-15.25
-6.31,-6.31
2.81,2.81
11.31,11.31
19.75,19.75
27.87,27.87
35.88,35.88
43.31,43.31
50.94,50.94
58.25,58.25
65.19,65.19
72.12,72.12
78.94,78.94
85.44,85.44
91.87,91.87
97.94,97.94
104.0,104.0
109.69,109.69
115.37,115.37
120.69,120.69
125.94,125.94
131.12,131.12
136.0,136.0
140.81,140.81
145.56,145.56
150.0,150.0
154.37,154.37
158.37,158.37
162.37,162.37
165.81,165.81
169.19,169.19
172.5,172.5
175.75,175.75
179.0,179.0
181.87,181.87
184.75,184.75
187.5,187.5
190.0,190.0
192.44,192.44
194.81,194.81
196.87,196.87
198.94,198.94
200.94,200.94
202.87,202.87
204.5,204.5
206.06,206.06
207.62,207.62
208.87,208.87
210.12,210.12
211.25,211.25
212.12,212.12
213.19,213.19
214.0,214.0
214.5,214.5
215.25,215.25
215.62,215.62
216.31,216.31
216.62,216.62
216.94,216.94
217.0,217.0
217.0,217.0
216.69,216.69
216.62,216.62
216.5,216.5
216.12,216.12
215.5,215.5
215.06,215.06
214.31,214.31
213.81,213.81
213.31,213.31
213.0,213.0
213.19,213.19
213.06,213.06
212.69,212.69
213.0,213.0
217.06,217.06
226.25,226.25
237.87,237.87
247.12,247.12
253.44,253.44
263.44,263.44
282.31,282.31
307.19,307.19
329.06,329.06
341.69,341.69
347.44,347.44
350.5,350.5
351.56,351.56
345.5,345.5
330.19,330.19
311.25,311.25
295.31,295.31
283.25,283.25
269.19,269.19
249.5,249.5
228.44,228.44
213.69,213.69
206.94,206.94
202.62,202.62
197.19,197.19
194.56,194.56
202.31,202.31
221.37,221.37
244.81,244.81
266.5,266.5
287.25,287.25
310.75,310.75
335.69,335.69
354.37,354.37
360.75,360.75
357.25,357.25
350.06,350.06
339.5,339.5
319.69,319.69
286.19,286.19
244.5,244.5
204.37,204.37
169.69,169.69
134.62,134.62
92.81,92.81
47.56,47.56
8.19,8.19
-20.62,-20.62
-41.94,-41.94
-59.91,-59.91
-73.31,-73.31
-78.72,-78.72
-76.72,-76.72
-73.06,-73.06
-70.94,-70.94
-65.31,-65.31
-47.25,-47.25
-16.59,-16.59
15.69,15.69
38.25,38.25
53.0,53.0
70.25,70.25
92.81,92.81
109.66,109.66
108.09,108.09
89.02,89.02
65.09,65.09
44.14,44.14
20.12,20.12
-16.31,-16.31
-64.78,-64.78
-113.42,-113.42
-150.23,-150.23
-170.3,-170.3
-175.91,-175.91
-172.45,-172.45
-165.74,-165.74
-159.95,-159.95
-156.68,-156.68
-155.91,-155.91
-156.26,-156.26
-156.7,-156.7
-156.49,-156.49
-155.39,-155.39
-153.52,-153.52
-151.65,-151.65
-149.89,-149.89
-148.37,-148.37
-147.23,-147.23
-146.19,-146.19
-145.15,-145.15
-144.22,-144.22
-143.15,-143.15
-142.05,-142.05
-140.84,-140.84
-139.73,-139.73
-138.62,-138.62
-137.62,-137.62
-136.61,-136.61
-135.7,-135.7
-134.8,-134.8
-134.0,-134.0
-133.19,-133.19
-132.36,-132.36
-131.52,-131.52
-130.67,-130.67
-129.8,-129.8
-129.06,-129.06
-128.19,-128.19
-127.41,-127.41
-126.75,-126.75
-125.94,-125.94
-125.25,-125.25
-124.56,-124.56
-123.84,-123.84
-123.12,-123.12
-122.53,-122.53
-121.78,-121.78
-121.12,-121.12
-120.5,-120.5
-119.84,-119.84
-119.28,-119.28
-118.66,-118.66
-118.03,-118.03
-117.44,-117.44
-116.84,-116.84
-116.31,-116.31
-115.75,-115.75
-115.19,-115.19
-114.59,-114.59
-114.06,-114.06
-113.53,-113.53
-113.03,-113.03
-112.53,-112.53
-111.94,-111.94
-111.5,-111.5
-110.94,-110.94
-110.31,-110.31
-109.75,-109.75
-109.19,-109.19
-108.75,-108.75
-108.37,-108.37
-108.0,-108.0
-107.56,-107.56
-107.12,-107.12
-106.62,-106.62
-106.19,-106.19
-105.69,-105.69
-105.12,-105.12
-104.62,-104.62
-104.0,-104.0
-103.56,-103.56
-103.12,-103.12
-102.69,-102.69
-102.25,-102.25
-101.81,-101.81
-101.31,-101.31
-100.87,-100.87
-100.44,-100.44
-100.0,-100.0
-99.5,-99.5
-99.06,-99.06
-98.62,-98.62
-98.25,-98.25
-97.87,-97.87
-97.5,-97.5
-97.0,-97.0
-96.56,-96.56
-96.12,-96.12
-95.62,-95.62
-95.12,-95.12
-94.69,-94.69
-94.19,-94.19
-93.69,-93.69
-93.25,-93.25
-92.75,-92.75
-92.37,-92.37
-91.87,-91.87
-91.31,-91.31
-90.87,-90.87
-90.37,-90.37
-89.87,-89.87
-89.44,-89.44
-88.94,-88.94
-88.44,-88.44
-87.94,-87.94
-87.44,-87.44
-86.94,-86.94
-86.44,-86.44
-85.94,-85.94
-85.44,-85.44
-84.94,-84.94
-84.37,-84.37
-83.81,-83.81
-83.31,-83.31
-82.87,-82.87
-82.31,-82.31
-81.75,-81.75
-81.25,-81.25
-80.69,-80.69
-80.19,-80.19
-79.62,-79.62
-79.06,-79.06
-78.56,-78.56
-78.0,-78.0
-77.44,-77.44
-76.87,-76.87
-76.31,-76.31
-75.62,-75.62
-74.94,-74.94
-74.19,-74.19
-73.56,-73.56
-73.06,-73.06
-72.62,-72.62
-72.25,-72.25
-71.81,-71.81
-71.31,-71.31
-70.75,-70.75
-70.06,-70.06
-69.44,-69.44
-68.81,-68.81
-68.19,-68.19
-67.62,-67.62
-67.0,-67.0
-66.44,-66.44
-65.87,-65.87
-65.25,-65.25
-64.62,-64.62
-64.0,-64.0
-63.38,-63.38
-62.75,-62.75
-62.13,-62.13
-61.5,-61.5
-60.88,-60.88
-60.25,-60.25
-59.63,-59.63
-59.0,-59.0
-58.31,-58.31
-57.56,-57.56
-56.88,-56.88
-56.19,-56.19
-55.56,-55.56
-55.0,-55.0
-54.38,-54.38
-53.69,-53.69
-53.0,-53.0
-52.13,-52.13
-50.94,-50.94
-49.75,-49.75
-48.94,-48.94
-48.13,-48.13
-45.88,-45.88
-40.63,-40.63
-33.63,-33.63
-28.37,-28.37
-25.75,-25.75
-20.0,-20.0
-2.75,-2.75
27.06,27.06
59.94,59.94
86.19,86.19
109.31,109.31
143.44,143.44
196.31,196.31
259.19,259.19
315.87,315.87
360.5,360.5
401.06,401.06
444.87,444.87
487.31,487.31
517.19,517.19
532.06,532.06
541.94,541.94
556.37,556.37
573.12,573.12
582.44,582.44
581.19,581.19
577.12,577.12
578.56,578.56
584.56,584.56
587.06,587.06
580.12,580.12
564.31,564.31
543.62,543.62
521.62,521.62
499.75,499.75
478.31,478.31
457.0,457.0
435.5,435.5
413.75,413.75
391.75,391.75
369.87,369.87
348.31,348.31
327.37,327.37
306.94,306.94
287.12,287.12
267.69,267.69
248.75,248.75
230.06,230.06
211.81,211.81
193.87,193.87
176.25,176.25
159.06,159.06
142.25,142.25
125.81,125.81
109.75,109.75
94.12,94.12
78.75,78.75
63.75,63.75
49.13,49.13
34.88,34.88
20.81,20.81
7.25,7.25
-6.0,-6.0
-19.0,-19.0
-31.62,-31.62
-44.0,-44.0
-56.0,-56.0
-67.75,-67.75
-79.12,-79.12
-90.12,-90.12
-101.0,-101.0
-111.5,-111.5
-121.75,-121.75
-131.62,-131.62
-141.37,-141.37
-150.62,-150.62
-159.75,-159.75
-168.5,-168.5
-177.0,-177.0
-185.25,-185.25
-193.37,-193.37
-201.0,-201.0
-208.5,-208.5
-215.75,-215.75
-222.75,-222.75
-229.62,-229.62
-236.0,-236.0
-242.25,-242.25
-248.37,-248.37
-254.25,-254.25
-259.75,-259.75
-265.0,-265.0
-270.12,-270.12
-275.12,-275.12
-279.87,-279.87
-284.37,-284.37
-288.62,-288.62
-292.62,-292.62
-296.5,-296.5
-300.25,-300.25
-303.75,-303.75
-307.0,-307.0
-310.25,-310.25
-313.12,-313.12
-315.75,-315.75
-318.5,-318.5
-320.75,-320.75
-323.0,-323.0
-324.87,-324.87
-327.0,-327.0
-328.5,-328.5
-330.25,-330.25
-331.62,-331.62
-332.62,-332.62
-333.87,-333.87
-334.87,-334.87
-335.5,-335.5
-336.12,-336.12
-336.62,-336.62
-337.12,-337.12
-337.25,-337.25
-337.37,-337.37
-337.37,-337.37
-337.25,-337.25
-336.87,-336.87
-336.37,-336.37
-335.87,-335.87
-335.25,-335.25
-334.5,-334.5
-333.5,-333.5
-332.5,-332.5
-331.37,-331.37
-330.25,-330.25
-328.75,-328.75
-328.0,-328.0
-328.5,-328.5
-331.5,-331.5
-334.87,-334.87
-336.62,-336.62
-339.37,-339.37
-352.5,-352.5
-383.37,-383.37
-426.5,-426.5
-465.0,-465.0
-487.75,-487.75
-501.62,-501.62
-520.87,-520.87
-547.37,-547.37
-568.87,-568.87
-574.0,-574.0
-567.75,-567.75
-564.5,-564.5
-569.37,-569.37
-572.5,-572.5
-563.37,-563.37
-546.37,-546.37
-535.87,-535.87
-537.62,-537.62
-540.25,-540.25
-528.12,-528.12
-501.62,-501.62
-475.87,-475.87
-461.12,-461.12
-452.37,-452.37
-437.37,-437.37
-415.62,-415.62
-399.12,-399.12
-396.37,-396.37
-398.37,-398.37
-389.37,-389.37
-365.12,-365.12
-339.5,-339.5
-325.25,-325.25
-320.37,-320.37
-311.0,-311.0
-291.37,-291.37
-271.75,-271.75
-263.5,-263.5
-263.94,-263.94
-259.12,-259.12
-242.56,-242.56
-223.37,-223.37
-215.81,-215.81
-220.0,-220.0
-223.19,-223.19
-215.56,-215.56
-203.19,-203.19
-197.87,-197.87
-199.62,-199.62
-195.56,-195.56
-176.5,-176.5
-149.37,-149.37
-129.44,-129.44
-121.69,-121.69
-115.69,-115.69
-99.25,-99.25
-76.25,-76.25
-59.38,-59.38
-55.19,-55.19
-53.25,-53.25
-39.88,-39.88
-15.31,-15.31
8.75,8.75
26.09,26.09
45.53,45.53
80.03,80.03
128.47,128.47
177.44,177.44
216.91,216.91
250.25,250.25
283.77,283.77
319.42,319.42
350.7,350.7
371.66,371.66
379.34,379.34
374.91,374.91
363.96,363.96
351.56,351.56
341.71,341.71
334.91,334.91
331.62,331.62
329.3,329.3
326.96,326.96
323.59,323.59
319.7,319.7
315.3,315.3
310.39,310.39
305.48,305.48
301.56,301.56
297.65,297.65
293.72,293.72
290.28,290.28
286.83,286.83
283.36,283.36
279.37,279.37
275.91,275.91
272.42,272.42
268.91,268.91
265.41,265.41
262.37,262.37
258.84,258.84
255.81,255.81
252.75,252.75
249.72,249.72
246.62,246.62
243.56,243.56
240.47,240.47
237.87,237.87
234.78,234.78
232.16,232.16
229.53,229.53
226.41,226.41
223.75,223.75
221.09,221.09
218.97,218.97
216.28,216.28
213.56,213.56
211.37,211.37
208.69,208.69
206.5,206.5
204.25,204.25
202.06,202.06
199.81,199.81
197.56,197.56
195.31,195.31
193.0,193.0
190.75,190.75
188.94,188.94
186.69,186.69
184.87,184.87
182.56,182.56
180.75,180.75
178.87,178.87
177.06,177.06
174.69,174.69
173.31,173.31
171.44,171.44
169.56,169.56
167.69,167.69
165.81,165.81
164.37,164.37
162.5,162.5
160.56,160.56
159.12,159.12
157.19,157.19
155.75,155.75
154.25,154.25
152.81,152.81
151.31,151.31
149.81,149.81
148.31,148.31
146.81,146.81
145.31,145.31
143.81,143.81
142.25,142.25
140.75,140.75
139.69,139.69
138.12,138.12
136.56,136.56
135.5,135.5
133.94,133.94
132.81,132.81
131.75,131.75
130.12,130.12
129.0,129.0
127.87,127.87
126.25,126.25
125.12,125.12
124.0,124.0
122.81,122.81
121.69,121.69
120.5,120.5
119.31,119.31
118.12,118.12
116.94,116.94
115.75,115.75
114.56,114.56
113.37,113.37
112.62,112.62
111.44,111.44
110.19,110.19
108.94,108.94
108.19,108.19
106.94,106.94
106.19,106.19
104.94,104.94
104.19,104.19
102.87,102.87
102.12,102.12
100.81,100.81
100.06,100.06
98.75,98.75
97.94,97.94
97.12,97.12
95.81,95.81
95.0,95.0
94.12,94.12
92.81,92.81
92.0,92.0
91.12,91.12
89.75,89.75
88.94,88.94
88.06,88.06
87.19,87.19
86.37,86.37
86.0,86.0
84.56,84.56
83.69,83.69
82.81,82.81
81.94,81.94
81.06,81.06
80.12,80.12
79.25,79.25
78.31,78.31
77.94,77.94
77.0,77.0
76.06,76.06
75.12,75.12
74.25,74.25
73.31,73.31
72.37,72.37
71.94,71.94
71.0,71.0
70.06,70.06
69.06,69.06
68.12,68.12
67.69,67.69
66.75,66.75
65.75,65.75
64.81,64.81
64.37,64.37
63.38,63.38
62.44,62.44
61.94,61.94
61.0,61.0
60.0,60.0
59.56,59.56
58.56,58.56
57.56,57.56
57.13,57.13
56.13,56.13
55.13,55.13
54.69,54.69
53.69,53.69
53.19,53.19
52.19,52.19
51.25,51.25
50.75,50.75
49.75,49.75
49.25,49.25
48.25,48.25
47.81,47.81
46.81,46.81
46.31,46.31
45.31,45.31
44.31,44.31
43.88,43.88
42.88,42.88
42.38,42.38
41.38,41.38
40.88,40.88
39.94,39.94
39.44,39.44
38.44,38.44
37.94,37.94
37.0,37.0
36.5,36.5
35.5,35.5
35.06,35.06
34.06,34.06
33.56,33.56
32.63,32.63
32.13,32.13
31.69,31.69
30.69,30.69
30.25,30.25
29.25,29.25
28.81,28.81
27.81,27.81
26.87,26.87
26.44,26.44
25.44,25.44
24.5,24.5
24.06,24.06
23.62,23.62
23.19,23.19
22.75,22.75
21.81,21.81
21.37,21.37
20.44,20.44
20.0,20.0
19.06,19.06
18.62,18.62
17.69,17.69
17.25,17.25
16.37,16.37
15.94,15.94
15.06,15.06
14.63,14.63
13.75,13.75
13.31,13.31
12.94,12.94
12.06,12.06
11.69,11.69
10.81,10.81
10.38,10.38
9.5,9.5
9.19,9.19
8.31,8.31
7.94,7.94
7.06,7.06
6.69,6.69
5.87,5.87
5.5,5.5
4.69,4.69
4.37,4.37
3.5,3.5
3.19,3.19
2.37,2.37
2.06,2.06
1.25,1.25
0.94,0.94
0.13,0.13
-0.16,-0.16
-0.94,-0.94
-1.25,-1.25
-2.03,-2.03
-2.28,-2.28
-3.06,-3.06
-3.34,-3.34
-4.09,-4.09
-4.34,-4.34
-5.09,-5.09
-5.34,-5.34
-6.09,-6.09
-6.31,-6.31
-7.03,-7.03
-7.25,-7.25
-7.97,-7.97
-8.19,-8.19
-8.91,-8.91
-9.09,-9.09
-9.78,-9.78
-10.0,-10.0
-10.66,-10.66
-10.84,-10.84
-11.53,-11.53
-12.19,-12.19
-12.34,-12.34
-13.0,-13.0
-13.16,-13.16
-13.78,-13.78
-13.94,-13.94
-14.56,-14.56
-15.19,-15.19
-15.31,-15.31
-15.91,-15.91
-16.03,-16.03
-16.62,-16.62
-16.72,-16.72
-17.31,-17.31
-17.91,-17.91
-17.97,-17.97
-18.53,-18.53
-18.59,-18.59
-19.16,-19.16
-19.72,-19.72
-19.75,-19.75
-20.31,-20.31
-20.34,-20.34
-20.87,-20.87
-21.37,-21.37
-21.41,-21.41
-21.91,-21.91
-21.91,-21.91
-22.41,-22.41
-22.89,-22.89
-22.87,-22.87
-23.36,-23.36
-23.83,-23.83
-23.8,-23.8
-24.25,-24.25
-24.7,-24.7
-24.64,-24.64
-25.09,-25.09
-25.02,-25.02
-25.45,-25.45
-25.87,-25.87
-25.78,-25.78
-26.2,-26.2
-26.61,-26.61
-26.5,-26.5
-26.89,-26.89
-27.28,-27.28
-27.16,-27.16
-27.53,-27.53
-27.89,-27.89
-27.75,-27.75
-28.11,-28.11
-28.47,-28.47
-28.8,-28.8
-28.64,-28.64
-28.97,-28.97
-29.3,-29.3
-29.11,-29.11
-29.42,-29.42
-29.73,-29.73
-31.53,-31.53
-44.3,-44.3
-91.46,-91.46
-198.17,-198.17
-364.37,-364.37
-551.51,-551.51
-713.35,-713.35
-824.1,-824.1
-882.73,-882.73
-901.67,-901.67
-893.31,-893.31
-868.9,-868.9
-837.57,-837.57
-804.9,-804.9
-773.41,-773.41
-744.59,-744.59
-717.92,-717.92
-691.89,-691.89
-665.98,-665.98
-640.22,-640.22
-614.09,-614.09
-588.61,-588.61
-563.27,-563.27
-539.08,-539.08
-515.03,-515.03
-491.61,-491.61
-468.34,-468.34
-446.22,-446.22
-423.72,-423.72
-401.87,-401.87
-380.66,-380.66
-359.56,-359.56
-339.12,-339.12
-318.81,-318.81
-299.16,-299.16
-279.62,-279.62
-260.72,-260.72
-241.97,-241.97
-223.84,-223.84
-205.84,-205.84
-188.47,-188.47
-171.22,-171.22
-154.62,-154.62
-138.16,-138.16
-122.31,-122.31
-106.59,-106.59
-91.5,-91.5
-76.53,-76.53
-61.69,-61.69
-47.5,-47.5
-33.38,-33.38
-19.94,-19.94
-6.56,-6.56
6.69,6.69
19.31,19.31
31.75,31.75
43.63,43.63
55.38,55.38
67.06,67.06
78.06,78.06
89.0,89.0
99.75,99.75
109.94,109.94
120.0,120.0
130.0,130.0
139.37,139.37
148.62,148.62
157.25,157.25
166.25,166.25
174.19,174.19
182.56,182.56
190.25,190.25
197.87,197.87
205.44,205.44
212.87,212.87
219.69,219.69
226.44,226.44
232.5,232.5
239.12,239.12
245.0,245.0
250.87,250.87
256.12,256.12
261.37,261.37
267.0,267.0
271.5,271.5
276.37,276.37
280.75,280.75
285.0,285.0
289.12,289.12
293.25,293.25
296.75,296.75
300.12,300.12
303.5,303.5
306.75,306.75
310.0,310.0
312.62,312.62
315.12,315.12
317.62,317.62
320.0,320.0
322.12,322.12
324.12,324.12
325.87,325.87
327.5,327.5
329.12,329.12
330.37,330.37
331.5,331.5
332.62,332.62
333.5,333.5
334.25,334.25
334.75,334.75
335.37,335.37
335.75,335.75
335.75,335.75
336.0,336.0
336.0,336.0
335.62,335.62
335.5,335.5
335.0,335.0
334.75,334.75
334.25,334.25
333.37,333.37
332.5,332.5
331.5,331.5
330.37,330.37
329.0,329.0
327.75,327.75
326.37,326.37
325.0,325.0
323.37,323.37
321.75,321.75
320.0,320.0
318.25,318.25
316.37,316.37
314.37,314.37
312.25,312.25
310.12,310.12
308.0,308.0
305.5,305.5
303.25,303.25
300.87,300.87
298.37,298.37
295.75,295.75
293.0,293.0
290.37,290.37
287.62,287.62
284.75,284.75
281.87,281.87
279.0,279.0
275.75,275.75
272.87,272.87
269.75,269.75
266.75,266.75
263.5,263.5
260.12,260.12
256.87,256.87
253.62,253.62
250.12,250.12
246.87,246.87
243.37,243.37
239.87,239.87
236.37,236.37
232.75,232.75
229.25,229.25
225.75,225.75
222.0,222.0
218.37,218.37
214.87,214.87
211.12,211.12
207.37,207.37
203.62,203.62
199.5,199.5
195.75,195.75
191.75,191.75
188.0,188.0
184.31,184.31
180.31,180.31
176.56,176.56
172.81,172.81
169.0,169.0
165.06,165.06
161.0,161.0
156.94,156.94
153.0,153.0
149.0,149.0
145.06,145.06
141.06,141.06
137.19,137.19
133.25,133.25
129.31,129.31
125.37,125.37
121.44,121.44
117.5,117.5
113.5,113.5
109.62,109.62
105.69,105.69
101.81,101.81
97.87,97.87
94.0,94.0
90.12,90.12
86.25,86.25
82.37,82.37
78.56,78.56
74.62,74.62
70.87,70.87
67.0,67.0
63.25,63.25
59.41,59.41
55.72,55.72
51.97,51.97
48.22,48.22
44.47,44.47
40.78,40.78
37.13,37.13
33.47,33.47
29.87,29.87
26.28,26.28
22.72,22.72
19.06,19.06
15.56,15.56
12.09,12.09
8.55,8.55
5.14,5.14
1.64,1.64
-1.7,-1.7
-5.14,-5.14
-8.42,-8.42
-11.8,-11.8
-15.14,-15.14
-18.33,-18.33
-21.6,-21.6
-24.85,-24.85
-28.06,-28.06
-31.11,-31.11
-34.26,-34.26
-37.37,-37.37
-40.32,-40.32
-43.24,-43.24
-46.12,-46.12
-49.1,-49.1
-52.04,-52.04
-54.95,-54.95
-57.95,-57.95
-60.84,-60.84
-63.77,-63.77
-66.59,-66.59
-69.33,-69.33
-71.95,-71.95
-74.62,-74.62
-77.17,-77.17
-79.77,-79.77
-82.31,-82.31
-84.84,-84.84
-87.31,-87.31
-89.75,-89.75
-92.16,-92.16
-94.53,-94.53
-96.87,-96.87
-99.19,-99.19
-101.44,-101.44
-103.69,-103.69
-105.81,-105.81
-107.84,-107.84
-109.91,-109.91
-111.91,-111.91
-113.97,-113.97
-116.12,-116.12
-118.12,-118.12
-120.19,-120.19
-122.06,-122.06
-123.94,-123.94
-125.69,-125.69
-127.44,-127.44
-129.12,-129.12
-130.87,-130.87
-132.5,-132.5
-134.0,-134.0
-133.81,-133.81
-129.19,-129.19
-118.56,-118.56
-105.81,-105.81
-98.62,-98.62
-100.12,-100.12
-105.06,-105.06
-105.56,-105.56
-100.69,-100.69
-97.44,-97.44
-101.81,-101.81
-111.5,-111.5
-119.31,-119.31
-122.56,-122.56
-125.75,-125.75
-133.94,-133.94
-147.12,-147.12
-161.5,-161.5
-173.06,-173.06
-180.0,-180.0
-182.5,-182.5
-182.12,-182.12
-180.62,-180.62
-179.44,-179.44
-179.12,-179.12
-179.69,-179.69
-180.69,-180.69
-181.62,-181.62
-182.31,-182.31
-182.69,-182.69
-182.75,-182.75
-182.69,-182.69
-182.56,-182.56
-182.5,-182.5
-182.56,-182.56
-182.75,-182.75
-182.87,-182.87
-183.0,-183.0
-183.0,-183.0
-182.87,-182.87
-182.75,-182.75
-182.62,-182.62
-182.5,-182.5
-182.5,-182.5
-182.37,-182.37
-182.12,-182.12
-182.0,-182.0
-181.62,-181.62
-181.37,-181.37
-181.0,-181.0
-180.62,-180.62
-180.25,-180.25
-179.87,-179.87
-179.5,-179.5
-179.0,-179.0
-178.5,-178.5
-178.0,-178.0
-177.5,-177.5
-176.87,-176.87
-176.37,-176.37
-175.75,-175.75
-175.12,-175.12
-174.5,-174.5
-173.87,-173.87
-173.12,-173.12
-172.5,-172.5
-171.75,-171.75
-171.0,-171.0
-170.25,-170.25
-169.37,-169.37
-168.62,-168.62
-167.75,-167.75
-167.0,-167.0
-166.0,-166.0
-165.12,-165.12
-164.25,-164.25
-163.37,-163.37
-162.37,-162.37
-161.5,-161.5
-160.5,-160.5
-159.5,-159.5
-158.5,-158.5
-157.37,-157.37
-156.37,-156.37
-155.25,-155.25
-154.25,-154.25
-153.12,-153.12
-152.0,-152.0
-150.87,-150.87
-149.75,-149.75
-148.62,-148.62
-147.5,-147.5
-146.25,-146.25
-145.12,-145.12
-143.87,-143.87
-142.62,-142.62
-141.37,-141.37
-140.12,-140.12
-138.62,-138.62
-137.25,-137.25
-135.87,-135.87
-134.62,-134.62
-133.5,-133.5
-132.37,-132.37
-131.25,-131.25
-130.0,-130.0
-128.62,-128.62
-127.25,-127.25
-125.87,-125.87
-124.37,-124.37
-123.0,-123.0
-121.62,-121.62
-120.25,-120.25
-118.87,-118.87
-117.5,-117.5
-116.0,-116.0
-114.62,-114.62
-113.12,-113.12
-111.62,-111.62
-110.12,-110.12
-108.62,-108.62
-107.25,-107.25
-105.87,-105.87
-104.5,-104.5
-103.12,-103.12
-101.62,-101.62
-100.12,-100.12
-98.5,-98.5
-94.75,-94.75
-82.87,-82.87
-52.0,-52.0
6.37,6.37
91.87,91.87
196.37,196.37
311.62,311.62
432.37,432.37
550.25,550.25
648.25,648.25
706.5,706.5
714.5,714.5
677.25,677.25
608.75,608.75
521.37,521.37
422.37,422.37
319.25,319.25
223.87,223.87
147.62,147.62
92.62,92.62
51.25,51.25
14.0,14.0
-23.12,-23.12
-59.75,-59.75
-98.37,-98.37
-145.12,-145.12
-203.62,-203.62
-267.87,-267.87
-325.25,-325.25
-364.5,-364.5
-381.75,-381.75
-380.37,-380.37
-367.87,-367.87
-352.12,-352.12
-338.25,-338.25
-328.62,-328.62
-322.62,-322.62
-318.5,-318.5
-314.5,-314.5
-309.5,-309.5
-303.12,-303.12
-295.5,-295.5
-285.5,-285.5
-270.5,-270.5
-249.87,-249.87
-228.37,-228.37
-212.69,-212.69
-204.12,-204.12
-196.25,-196.25
-182.69,-182.69
-165.12,-165.12
-151.56,-151.56
-146.81,-146.81
-147.12,-147.12
-145.81,-145.81
-141.94,-141.94
-141.19,-141.19
-147.56,-147.56
-157.56,-157.56
-163.87,-163.87
-164.19,-164.19
-162.62,-162.62
-163.19,-163.19
-163.94,-163.94
-160.31,-160.31
-151.62,-151.62
-143.12,-143.12
-139.44,-139.44
-138.81,-138.81
-134.81,-134.81
-124.69,-124.69
-112.5,-112.5
-103.56,-103.56
-97.44,-97.44
-88.19,-88.19
-72.75,-72.75
-55.56,-55.56
-43.56,-43.56
-37.81,-37.81
-32.81,-32.81
-24.31,-24.31
-15.88,-15.88
-15.0,-15.0
-24.12,-24.12
-37.56,-37.56
-47.88,-47.88
-53.75,-53.75
-57.94,-57.94
-61.13,-61.13
-59.0,-59.0
-48.56,-48.56
-33.56,-33.56
-21.25,-21.25
-13.94,-13.94
-6.0,-6.0
8.94,8.94
29.62,29.62
48.38,48.38
59.81,59.81
66.19,66.19
73.19,73.19
81.66,81.66
86.91,86.91
85.5,85.5
80.44,80.44
77.41,77.41
76.97,76.97
73.31,73.31
61.81,61.81
45.59,45.59
32.75,32.75
27.34,27.34
25.44,25.44
20.94,20.94
13.56,13.56
8.16,8.16
7.28,7.28
6.59,6.59
0.25,0.25
-11.06,-11.06
-20.34,-20.34
-22.53,-22.53
-20.66,-20.66
-21.78,-21.78
-27.87,-27.87
-34.03,-34.03
-35.75,-35.75
-34.44,-34.44
-35.22,-35.22
-39.34,-39.34
-42.75,-42.75
-41.86,-41.86
-37.92,-37.92
-35.06,-35.06
-35.36,-35.36
-37.2,-37.2
-37.97,-37.97
-37.02,-37.02
-34.95,-34.95
-32.72,-32.72
-30.31,-30.31
-27.74,-27.74
-24.62,-24.62
-21.02,-21.02
-16.95,-16.95
-12.8,-12.8
-8.68,-8.68
-4.72,-4.72
-1.05,-1.05
2.53,2.53
5.95,5.95
9.34,9.34
12.7,12.7
16.02,16.02
19.31,19.31
22.57,22.57
25.73,25.73
28.79,28.79
31.83,31.83
34.77,34.77
37.67,37.67
40.48,40.48
43.27,43.27
46.02,46.02
48.67,48.67
51.23,51.23
53.82,53.82
56.32,56.32
58.73,58.73
61.09,61.09
63.38,63.38
65.69,65.69
67.83,67.83
70.02,70.02
72.12,72.12
74.19,74.19
76.16,76.16
78.09,78.09
79.95,79.95
81.83,81.83
83.56,83.56
85.33,85.33
87.02,87.02
88.62,88.62
90.22,90.22
91.78,91.78
93.28,93.28
94.72,94.72
96.09,96.09
97.44,97.44
98.75,98.75
100.0,100.0
101.25,101.25
102.37,102.37
103.5,103.5
104.59,104.59
105.66,105.66
106.62,106.62
107.59,107.59
108.5,108.5
109.37,109.37
110.19,110.19
111.0,111.0
111.78,111.78
112.47,112.47
113.16,113.16
113.81,113.81
114.37,114.37
114.94,114.94
115.5,115.5
115.97,115.97
116.41,116.41
116.84,116.84
117.22,117.22
117.59,117.59
117.91,117.91
118.19,118.19
118.41,118.41
118.66,118.66
118.87,118.87
119.0,119.0
119.12,119.12
119.25,119.25
119.25,119.25
119.31,119.31
119.31,119.31
119.31,119.31
119.25,119.25
119.12,119.12
119.06,119.06
118.87,118.87
118.75,118.75
118.56,118.56
118.31,118.31
118.06,118.06
117.81,117.81
117.56,117.56
117.25,117.25
116.94,116.94
116.5,116.5
116.12,116.12
115.75,115.75
115.37,115.37
115.0,115.0
114.62,114.62
114.12,114.12
113.62,113.62
113.0,113.0
112.37,112.37
111.69,111.69
111.06,111.06
110.5,110.5
109.87,109.87
109.31,109.31
108.94,108.94
108.5,108.5
108.06,108.06
108.25,108.25
110.19,110.19
114.12,114.12
118.0,118.0
119.06,119.06
117.69,117.69
117.87,117.87
122.75,122.75
130.31,130.31
134.56,134.56
132.94,132.94
130.25,130.25
132.94,132.94
141.31,141.31
148.62,148.62
149.44,149.44
146.0,146.0
145.12,145.12
149.19,149.19
153.56,153.56
153.12,153.12
149.62,149.62
149.5,149.5
155.37,155.37
161.81,161.81
161.94,161.94
155.5,155.5
148.94,148.94
146.37,146.37
145.06,145.06
139.0,139.0
127.81,127.81
117.25,117.25
111.56,111.56
107.94,107.94
100.0,100.0
86.69,86.69
74.0,74.0
67.62,67.62
65.56,65.56
61.06,61.06
51.47,51.47
41.19,41.19
35.72,35.72
34.56,34.56
32.59,32.59
26.66,26.66
18.97,18.97
13.44,13.44
10.97,10.97
9.38,9.38
6.94,6.94
4.97,4.97
5.59,5.59
8.28,8.28
9.97,9.97
8.78,8.78
6.91,6.91
8.13,8.13
12.72,12.72
16.47,16.47
16.34,16.34
15.19,15.19
19.31,19.31
30.75,30.75
44.03,44.03
52.25,52.25
55.28,55.28
59.38,59.38
68.81,68.81
80.34,80.34
87.91,87.91
90.97,90.97
95.34,95.34
105.53,105.53
118.44,118.44
127.28,127.28
130.19,130.19
132.22,132.22
138.28,138.28
146.41,146.41
150.22,150.22
147.47,147.47
143.34,143.34
143.84,143.84
148.31,148.31
150.61,150.61
147.33,147.33
142.25,142.25
141.23,141.23
144.23,144.23
145.03,145.03
139.39,139.39
130.55,130.55
125.25,125.25
125.25,125.25
125.23,125.23
119.84,119.84
110.47,110.47
103.14,103.14
100.2,100.2
97.13,97.13
88.95,88.95
77.3,77.3
68.79,68.79
66.55,66.55
66.2,66.2
61.72,61.72
53.52,53.52
47.86,47.86
48.46,48.46
51.23,51.23
49.59,49.59
42.81,42.81
36.8,36.8
35.91,35.91
36.98,36.98
33.54,33.54
24.41,24.41
15.6,15.6
12.72,12.72
14.02,14.02
13.27,13.27
8.25,8.25
3.84,3.84
5.3,5.3
10.76,10.76
13.05,13.05
8.56,8.56
1.55,1.55
-1.37,-1.37
0.23,0.23
0.56,0.56
-4.41,-4.41
-11.53,-11.53
-14.77,-14.77
-13.66,-13.66
-14.44,-14.44
-22.14,-22.14
-33.91,-33.91
-42.48,-42.48
-45.56,-45.56
-48.38,-48.38
-57.06,-57.06
-70.47,-70.47
-81.94,-81.94
-87.84,-87.84
-91.72,-91.72
-98.78,-98.78
-107.72,-107.72
-112.09,-112.09
-108.28,-108.28
-101.09,-101.09
-97.78,-97.78
-99.78,-99.78
-101.5,-101.5
-98.66,-98.66
-94.59,-94.59
-96.47,-96.47
-105.97,-105.97
-117.37,-117.37
-124.81,-124.81
-129.87,-129.87
-138.87,-138.87
-153.91,-153.91
-169.28,-169.28
-178.69,-178.69
-183.34,-183.34
-190.28,-190.28
-202.97,-202.97
-216.69,-216.69
-224.44,-224.44
-225.75,-225.75
-226.19,-226.19
-229.5,-229.5
-231.75,-231.75
-226.69,-226.69
-214.19,-214.19
-201.44,-201.44
-194.0,-194.0
-189.69,-189.69
-182.31,-182.31
-170.62,-170.62
-160.25,-160.25
-156.62,-156.62
-157.37,-157.37
-155.37,-155.37
-148.56,-148.56
-142.5,-142.5
-143.44,-143.44
-150.25,-150.25
-155.12,-155.12
-153.56,-153.56
-148.94,-148.94
-147.62,-147.62
-150.12,-150.12
-150.37,-150.37
-144.37,-144.37
-135.87,-135.87
-131.81,-131.81
-134.0,-134.0
-136.5,-136.5
-134.37,-134.37
-129.87,-129.87
-129.37,-129.37
-134.62,-134.62
-139.94,-139.94
-139.31,-139.31
-134.37,-134.37
-131.75,-131.75
-134.37,-134.37
-137.06,-137.06
-133.25,-133.25
-123.81,-123.81
-115.37,-115.37
-112.56,-112.56
-111.75,-111.75
-106.69,-106.69
-97.0,-97.0
-89.44,-89.44
-88.62,-88.62
-91.31,-91.31
-90.12,-90.12
-83.0,-83.0
-75.87,-75.87
-74.0,-74.0
-75.87,-75.87
-74.75,-74.75
-68.75,-68.75
-63.56,-63.56
-64.87,-64.87
-71.19,-71.19
-74.81,-74.81
-71.75,-71.75
-66.31,-66.31
-65.44,-65.44
-68.94,-68.94
-70.5,-70.5
-66.56,-66.56
-61.63,-61.63
-62.75,-62.75
-70.69,-70.69
-78.25,-78.25
-79.31,-79.31
-76.56,-76.56
-77.25,-77.25
-83.5,-83.5
-90.37,-90.37
-92.12,-92.12
-90.94,-90.94
-94.06,-94.06
-104.25,-104.25
-115.81,-115.81
-121.5,-121.5
-121.69,-121.69
-123.0,-123.0
-129.5,-129.5
-136.87,-136.87
-138.12,-138.12
-132.5,-132.5
-126.69,-126.69
-125.62,-125.62
-126.69,-126.69
-123.44,-123.44
-114.87,-114.87
-107.25,-107.25
-106.25,-106.25
-109.56,-109.56
-110.0,-110.0
-105.87,-105.87
-102.59,-102.59
-106.59,-106.59
-116.16,-116.16
-123.25,-123.25
-123.87,-123.87
-122.09,-122.09
-124.31,-124.31
-130.25,-130.25
-133.62,-133.62
-130.81,-130.81
-126.87,-126.87
-129.47,-129.47
-139.5,-139.5
-150.44,-150.44
-157.25,-157.25
-162.97,-162.97
-174.87,-174.87
-193.75,-193.75
-212.56,-212.56
-224.66,-224.66
-232.62,-232.62
-244.84,-244.84
-265.41,-265.41
-289.41,-289.41
-309.34,-309.34
-321.47,-321.47
-326.41,-326.41
-325.53,-325.53
-319.84,-319.84
-310.53,-310.53
-298.5,-298.5
-285.28,-285.28
-271.91,-271.91
-259.0,-259.0
-246.78,-246.78
-235.5,-235.5
-224.55,-224.55
-213.92,-213.92
-203.22,-203.22
-192.47,-192.47
-181.78,-181.78
-171.17,-171.17
-160.74,-160.74
-149.27,-149.27
-134.26,-134.26
-112.61,-112.61
-82.89,-82.89
-44.05,-44.05
8.31,8.31
78.19,78.19
161.92,161.92
246.49,246.49
318.0,318.0
373.43,373.43
420.93,420.93
467.8,467.8
511.93,511.93
545.45,545.45
565.95,565.95
579.3,579.3
591.7,591.7
600.4,600.4
598.05,598.05
583.38,583.38
564.87,564.87
552.09,552.09
545.45,545.45
537.67,537.67
525.64,525.64
514.37,514.37
511.02,511.02
514.36,514.36
516.23,516.23
512.0,512.0
506.72,506.72
507.67,507.67
515.78,515.78
524.87,524.87
528.8,528.8
524.59,524.59
513.0,513.0
496.53,496.53
477.78,477.78
459.0,459.0
441.2,441.2
424.87,424.87
409.37,409.37
394.58,394.58
379.73,379.73
364.72,364.72
349.91,349.91
335.19,335.19
320.55,320.55
306.48,306.48
292.52,292.52
279.12,279.12
265.81,265.81
253.09,253.09
240.18,240.18
227.87,227.87
215.37,215.37
203.46,203.46
191.62,191.62
180.12,180.12
168.95,168.95
157.85,157.85
146.83,146.83
136.38,136.38
126.02,126.02
115.72,115.72
105.76,105.76
96.12,96.12
86.55,86.55
77.31,77.31
68.13,68.13
59.29,59.29
50.76,50.76
42.06,42.06
33.93,33.93
25.86,25.86
17.87,17.87
10.2,10.2
2.59,2.59
-4.7,-4.7
-11.66,-11.66
-18.81,-18.81
-25.66,-25.66
-32.17,-32.17
-38.63,-38.63
-44.77,-44.77
-50.84,-50.84
-56.86,-56.86
-62.55,-62.55
-68.19,-68.19
-73.52,-73.52
-79.03,-79.03
-83.98,-83.98
-89.12,-89.12
-94.97,-94.97
-101.25,-101.25
-107.44,-107.44
-112.31,-112.31
-115.62,-115.62
-117.87,-117.87
-119.87,-119.87
-122.31,-122.31
-125.44,-125.44
-129.06,-129.06
-132.84,-132.84
-136.59,-136.59
-140.28,-140.28
-143.16,-143.16
-146.0,-146.0
-148.78,-148.78
-151.28,-151.28
-153.72,-153.72
-156.12,-156.12
-159.22,-159.22
-166.03,-166.03
-181.22,-181.22
-206.28,-206.28
-237.56,-237.56
-271.03,-271.03
-309.41,-309.41
-357.62,-357.62
-410.84,-410.84
-453.28,-453.28
-469.25,-469.25
-458.5,-458.5
-433.28,-433.28
-404.25,-404.25
-371.16,-371.16
-332.03,-332.03
-294.5,-294.5
-273.0,-273.0
-274.41,-274.41
-289.03,-289.03
-300.19,-300.19
-303.22,-303.22
-306.94,-306.94
-320.56,-320.56
-338.53,-338.53
-347.75,-347.75
-343.12,-343.12
-334.22,-334.22
-331.84,-331.84
-334.94,-334.94
-332.94,-332.94
-321.44,-321.44
-309.22,-309.22
-305.31,-305.31
-306.41,-306.41
-298.44,-298.44
-273.53,-273.53
-240.28,-240.28
-212.78,-212.78
-192.78,-192.78
-169.91,-169.91
-136.0,-136.0
-97.59,-97.59
-68.56,-68.56
-53.75,-53.75
-43.84,-43.84
-29.25,-29.25
-12.56,-12.56
-3.0,-3.0
-4.03,-4.03
-7.06,-7.06
-2.03,-2.03
7.91,7.91
13.78,13.78
11.59,11.59
5.94,5.94
5.31,5.31
8.72,8.72
8.06,8.06
-1.09,-1.09
-11.63,-11.63
-14.09,-14.09
-7.53,-7.53
-1.53,-1.53
-4.56,-4.56
-12.09,-12.09
-15.03,-15.03
-9.94,-9.94
-3.92,-3.92
-5.44,-5.44
-11.44,-11.44
-13.89,-13.89
-10.31,-10.31
-9.27,-9.27
-17.72,-17.72
-32.11,-32.11
-38.34,-38.34
-30.53,-30.53
-16.78,-16.78
-9.16,-9.16
-10.09,-10.09
-12.03,-12.03
-7.94,-7.94
-1.89,-1.89
-2.39,-2.39
-9.39,-9.39
-13.81,-13.81
-8.7,-8.7
2.86,2.86
10.81,10.81
12.2,12.2
12.07,12.07
16.44,16.44
24.77,24.77
32.52,32.52
36.69,36.69
38.31,38.31
40.42,40.42
44.01,44.01
47.55,47.55
50.55,50.55
51.52,51.52
50.97,50.97
48.92,48.92
46.88,46.88
44.85,44.85
43.33,43.33
42.32,42.32
41.32,41.32
40.81,40.81
40.31,40.31
39.3,39.3
38.3,38.3
37.3,37.3
36.3,36.3
35.81,35.81
34.81,34.81
34.32,34.32
33.83,33.83
33.34,33.34
32.85,32.85
32.36,32.36
31.86,31.86
30.87,30.87
30.38,30.38
30.39,30.39
29.9,29.9
29.41,29.41
28.91,28.91
28.42,28.42
28.43,28.43
27.93,27.93
27.93,27.93
27.43,27.43
27.43,27.43
26.92,26.92
26.92,26.92
26.91,26.91
26.39,26.39
26.39,26.39
26.37,26.37
26.34,26.34
25.83,25.83
25.8,25.8
23.78,23.78
19.27,19.27
12.3,12.3
6.37,6.37
5.52,5.52
6.67,6.67
2.81,2.81
-9.02,-9.02
-22.23,-22.23
-27.83,-27.83
-24.37,-24.37
-19.94,-19.94
-24.05,-24.05
-33.11,-33.11
-36.58,-36.58
-30.02,-30.02
-22.52,-22.52
-24.58,-24.58
-34.63,-34.63
-41.05,-41.05
-36.44,-36.44
-27.84,-27.84
-28.31,-28.31
-38.31,-38.31
-46.69,-46.69
-43.97,-43.97
-35.28,-35.28
-33.19,-33.19
-42.09,-42.09
-50.41,-50.41
-48.63,-48.63
-39.88,-39.88
-36.69,-36.69
-45.03,-45.03
-55.28,-55.28
-56.44,-56.44
-49.06,-49.06
-46.75,-46.75
-55.47,-55.47
-67.06,-67.06
-70.09,-70.09
-63.53,-63.53
-60.56,-60.56
-68.59,-68.59
-82.03,-82.03
-87.87,-87.87
-83.09,-83.09
-78.37,-78.37
-84.19,-84.19
-96.44,-96.44
-101.06,-101.06
-94.62,-94.62
-86.72,-86.72
-88.37,-88.37
-96.53,-96.53
-99.06,-99.06
-89.59,-89.59
-77.66,-77.66
-75.34,-75.34
-81.53,-81.53
-84.66,-84.66
-76.72,-76.72
-64.87,-64.87
-60.63,-60.63
-65.87,-65.87
-68.06,-68.06
-59.25,-59.25
-44.5,-44.5
-37.38,-37.38
-39.81,-39.81
-42.25,-42.25
-33.13,-33.13
-16.56,-16.56
-5.69,-5.69
-6.37,-6.37
-9.56,-9.56
-3.75,-3.75
9.5,9.5
17.69,17.69
13.75,13.75
5.87,5.87
6.56,6.56
16.25,16.25
24.31,24.31
21.81,21.81
16.37,16.37
18.94,18.94
32.5,32.5
44.88,44.88
46.19,46.19
40.0,40.0
39.81,39.81
49.63,49.63
59.88,59.88
58.5,58.5
49.13,49.13
43.81,43.81
49.63,49.63
56.81,56.81
54.38,54.38
43.56,43.56
37.25,37.25
43.06,43.06
55.25,55.25
60.31,60.31
56.38,56.38
54.94,54.94
63.5,63.5
77.0,77.0
81.87,81.87
75.62,75.62
69.5,69.5
73.87,73.87
85.19,85.19
90.94,90.94
85.56,85.56
79.25,79.25
83.0,83.0
95.69,95.69
105.75,105.75
105.69,105.69
104.12,104.12
112.56,112.56
130.87,130.87
145.5,145.5
149.0,149.0
145.94,145.94
149.94,149.94
161.81,161.81
172.06,172.06
170.19,170.19
161.81,161.81
160.5,160.5
169.62,169.62
179.69,179.69
179.62,179.62
172.06,172.06
169.5,169.5
178.0,178.0
187.75,187.75
187.5,187.5
178.75,178.75
173.5,173.5
178.75,178.75
188.5,188.5
190.5,190.5
183.12,183.12
178.62,178.62
185.25,185.25
196.75,196.75
199.62,199.62
191.87,191.87
184.75,184.75
187.62,187.62
197.5,197.5
200.75,200.75
192.87,192.87
183.12,183.12
182.87,182.87
189.62,189.62
190.75,190.75
180.87,180.87
168.0,168.0
163.75,163.75
168.5,168.5
169.75,169.75
160.87,160.87
147.62,147.62
144.0,144.0
150.25,150.25
156.5,156.5
151.75,151.75
141.87,141.87
138.69,138.69
145.94,145.94
153.12,153.12
149.69,149.69
138.81,138.81
133.0,133.0
138.69,138.69
146.37,146.37
145.44,145.44
136.44,136.44
132.06,132.06
138.69,138.69
147.69,147.69
147.62,147.62
137.06,137.06
128.5,128.5
130.06,130.06
136.56,136.56
135.5,135.5
124.44,124.44
114.94,114.94
116.5,116.5
125.56,125.56
128.5,128.5
121.87,121.87
114.81,114.81
118.25,118.25
129.19,129.19
135.0,135.0
128.75,128.75
119.0,119.0
117.87,117.87
124.19,124.19
127.0,127.0
118.19,118.19
105.5,105.5
100.87,100.87
106.75,106.75
110.62,110.62
104.37,104.37
92.69,92.69
87.62,87.62
93.06,93.06
97.94,97.94
91.81,91.81
78.19,78.19
70.12,70.12
72.69,72.69
76.69,76.69
70.69,70.69
56.69,56.69
47.31,47.31
49.5,49.5
55.69,55.69
53.31,53.31
42.44,42.44
34.63,34.63
37.94,37.94
45.69,45.69
45.38,45.38
34.06,34.06
22.81,22.81
22.19,22.19
26.56,26.56
24.37,24.37
12.19,12.19
0.13,0.13
-0.81,-0.81
6.75,6.75
10.25,10.25
3.75,3.75
-4.75,-4.75
-3.62,-3.62
6.47,6.47
12.47,12.47
7.91,7.91
-1.12,-1.12
-2.06,-2.06
6.03,6.03
12.03,12.03
6.47,6.47
-4.53,-4.53
-7.94,-7.94
-0.81,-0.81
6.25,6.25
2.25,2.25
-8.72,-8.72
-14.09,-14.09
-8.91,-8.91
-1.53,-1.53
-3.44,-3.44
-12.59,-12.59
-16.94,-16.94
-9.97,-9.97
-0.06,-0.06
0.0,0.0
-9.44,-9.44
-17.03,-17.03
-14.56,-14.56
-7.84,-7.84
-9.2,-9.2
-20.55,-20.55
-30.53,-30.53
-29.67,-29.67
-22.31,-22.31
-21.02,-21.02
-29.98,-29.98
-39.38,-39.38
-38.41,-38.41
-29.95,-29.95
-27.06,-27.06
-34.7,-34.7
-44.77,-44.77
-45.22,-45.22
-37.17,-37.17
-32.94,-32.94
-39.74,-39.74
-49.98,-49.98
-51.61,-51.61
-43.22,-43.22
-36.66,-36.66
-41.14,-41.14
-50.83,-50.83
-53.67,-53.67
-45.98,-45.98
-38.85,-38.85
-41.53,-41.53
-50.68,-50.68
-53.74,-53.74
-46.01,-46.01
-37.84,-37.84
-40.25,-40.25
-51.63,-51.63
-59.14,-59.14
-56.08,-56.08
-50.54,-50.54
-54.04,-54.04
-66.25,-66.25
-75.83,-75.83
-74.32,-74.32
-68.56,-68.56
-71.1,-71.1
-83.6,-83.6
-94.73,-94.73
-94.73,-94.73
-87.98,-87.98
-87.02,-87.02
-95.3,-95.3
-102.75,-102.75
-99.11,-99.11
-87.5,-87.5
-81.47,-81.47
-86.48,-86.48
-94.19,-94.19
-92.81,-92.81
-83.94,-83.94
-78.62,-78.62
-84.11,-84.11
-92.52,-92.52
-91.84,-91.84
-80.91,-80.91
-71.81,-71.81
-73.55,-73.55
-80.48,-80.48
-80.61,-80.61
-70.72,-70.72
-61.91,-61.91
-63.44,-63.44
-71.67,-71.67
-73.81,-73.81
-65.69,-65.69
-56.63,-56.63
-58.13,-58.13
-67.62,-67.62
-72.75,-72.75
-67.09,-67.09
-58.47,-58.47
-58.41,-58.41
-67.34,-67.34
-72.69,-72.69
-66.97,-66.97
-56.78,-56.78
-54.94,-54.94
-63.38,-63.38
-70.94,-70.94
-68.19,-68.19
-59.72,-59.72
-58.03,-58.03
-66.12,-66.12
-73.91,-73.91
-70.81,-70.81
-60.25,-60.25
-54.78,-54.78
-60.13,-60.13
-67.12,-67.12
-64.31,-64.31
-52.53,-52.53
-44.34,-44.34
-46.47,-46.47
-52.31,-52.31
-49.59,-49.59
-38.13,-38.13
-30.03,-30.03
-33.25,-33.25
-42.19,-42.19
-45.06,-45.06
-38.38,-38.38
-33.25,-33.25
-38.91,-38.91
-50.5,-50.5
-55.5,-55.5
-48.69,-48.69
-40.44,-40.44
-41.5,-41.5
-49.78,-49.78
-53.5,-53.5
-46.41,-46.41
-37.16,-37.16
-37.47,-37.47
-47.25,-47.25
-53.97,-53.97
-50.34,-50.34
-42.5,-42.5
-42.72,-42.72
-52.44,-52.44
-60.31,-60.31
-56.84,-56.84
-47.91,-47.91
-45.03,-45.03
-51.94,-51.94
-57.78,-57.78
-52.78,-52.78
-41.59,-41.59
-37.25,-37.25
-44.94,-44.94
-55.81,-55.81
-57.31,-57.31
-50.28,-50.28
-46.59,-46.59
-52.91,-52.91
-61.41,-61.41
-61.06,-61.06
-51.22,-51.22
-43.97,-43.97
-48.25,-48.25
-58.0,-58.0
-60.91,-60.91
-54.03,-54.03
-48.44,-48.44
-52.66,-52.66
-62.84,-62.84
-65.66,-65.66
-56.94,-56.94
-46.03,-46.03
-43.97,-43.97
-48.44,-48.44
-47.84,-47.84
-37.75,-37.75
-26.5,-26.5
-25.84,-25.84
-35.44,-35.44
-42.69,-42.69
-40.38,-40.38
-34.31,-34.31
-36.31,-36.31
-47.25,-47.25
-55.63,-55.63
-52.19,-52.19
-42.5,-42.5
-39.13,-39.13
-45.5,-45.5
-51.63,-51.63
-47.88,-47.88
-37.44,-37.44
-33.63,-33.63
-40.75,-40.75
-50.13,-50.13
-50.63,-50.63
-43.63,-43.63
-41.69,-41.69
-51.28,-51.28
-64.25,-64.25
-68.84,-68.84
-63.88,-63.88
-60.72,-60.72
-67.31,-67.31
-77.84,-77.84
-80.0,-80.0
-72.66,-72.66
-66.09,-66.09
-70.34,-70.34
-80.53,-80.53
-84.12,-84.12
-77.16,-77.16
-69.5,-69.5
-71.16,-71.16
-79.78,-79.78
-83.31,-83.31
-76.31,-76.31
-67.37,-67.37
-67.75,-67.75
-76.09,-76.09
-80.09,-80.09
-72.31,-72.31
-59.84,-59.84
-55.22,-55.22
-60.16,-60.16
-63.5,-63.5
-57.59,-57.59
-47.69,-47.69
-45.91,-45.91
-54.88,-54.88
-63.97,-63.97
-63.0,-63.0
-54.78,-54.78
-51.63,-51.63
-58.5,-58.5
-66.28,-66.28
-64.5,-64.5
-55.22,-55.22
-50.25,-50.25
-56.09,-56.09
-64.34,-64.34
-63.78,-63.78
-54.22,-54.22
-47.97,-47.97
-53.03,-53.03
-62.56,-62.56
-64.47,-64.47
-56.09,-56.09
-48.53,-48.53
-50.81,-50.81
-58.78,-58.78
-59.44,-59.44
-49.56,-49.56
-39.03,-39.03
-38.59,-38.59
-45.66,-45.66
-47.88,-47.88
-39.59,-39.59
-29.37,-29.37
-29.0,-29.0
-36.84,-36.84
-41.41,-41.41
-35.38,-35.38
-25.69,-25.69
-23.81,-23.81
-30.44,-30.44
-34.5,-34.5
-27.28,-27.28
-14.63,-14.63
-9.34,-9.34
-14.59,-14.59
-19.81,-19.81
-15.47,-15.47
-4.66,-4.66
0.31,0.31
-5.25,-5.25
-11.78,-11.78
-8.53,-8.53
2.25,2.25
8.38,8.38
3.47,3.47
-4.62,-4.62
-3.91,-3.91
5.53,5.53
12.41,12.41
8.97,8.97
1.56,1.56
1.97,1.97
12.36,12.36
21.42,21.42
20.39,20.39
13.61,13.61
13.39,13.39
23.17,23.17
32.63,32.63
31.47,31.47
22.58,22.58
18.75,18.75
25.22,25.22
33.38,33.38
31.95,31.95
22.78,22.78
17.44,17.44
22.89,22.89
32.05,32.05
33.11,33.11
25.17,25.17
19.28,19.28
24.45,24.45
34.33,34.33
37.11,37.11
30.09,30.09
23.64,23.64
27.0,27.0
36.08,36.08
38.81,38.81
31.02,31.02
22.53,22.53
24.13,24.13
33.71,33.71
39.7,39.7
35.37,35.37
29.08,29.08
31.09,31.09
40.32,40.32
45.22,45.22
38.06,38.06
25.97,25.97
21.48,21.48
27.03,27.03
31.52,31.52
26.73,26.73
16.96,16.96
14.29,14.29
21.63,21.63
28.66,28.66
24.87,24.87
14.11,14.11
8.95,8.95
14.08,14.08
21.16,21.16
18.92,18.92
9.2,9.2
4.07,4.07
10.24,10.24
19.85,19.85
21.11,21.11
13.37,13.37
7.44,7.44
12.06,12.06
21.39,21.39
23.63,23.63
16.35,16.35
10.13,10.13
13.97,13.97
24.02,24.02
27.97,27.97
21.64,21.64
14.6,14.6
17.63,17.63
27.63,27.63
33.29,33.29
28.14,28.14
21.03,21.03
22.98,22.98
33.66,33.66
41.24,41.24
38.49,38.49
31.02,31.02
30.85,30.85
38.93,38.93
44.19,44.19
38.38,38.38
27.13,27.13
22.97,22.97
29.35,29.35
36.17,36.17
33.67,33.67
24.93,24.93
22.52,22.52
31.39,31.39
43.16,43.16
46.32,46.32
42.2,42.2
42.35,42.35
52.25,52.25
64.3,64.3
66.73,66.73
59.13,59.13
52.84,52.84
56.09,56.09
63.07,63.07
61.96,61.96
51.36,51.36
41.84,41.84
42.66,42.66
50.22,50.22
51.95,51.95
43.9,43.9
34.91,34.91
35.52,35.52
42.6,42.6
43.61,43.61
33.61,33.61
20.7,20.7
17.15,17.15
22.87,22.87
26.55,26.55
20.94,20.94
12.62,12.62
12.88,12.88
22.38,22.38
29.8,29.8
26.88,26.88
18.75,18.75
17.69,17.69
26.62,26.62
34.98,34.98
33.01,33.01
23.8,23.8
19.91,19.91
25.82,25.82
32.41,32.41
28.94,28.94
17.5,17.5
10.16,10.16
13.38,13.38
20.07,20.07
18.7,18.7
9.34,9.34
2.8,2.8
6.59,6.59
14.08,14.08
13.26,13.26
2.19,2.19
-7.79,-7.79
-7.41,-7.41
-0.54,-0.54
0.52,0.52
-7.69,-7.69
-15.56,-15.56
-13.11,-13.11
-2.44,-2.44
4.15,4.15
1.16,1.16
-3.79,-3.79
0.55,0.55
12.36,12.36
20.05,20.05
17.17,17.17
10.57,10.57
11.52,11.52
21.71,21.71
30.06,30.06
28.83,28.83
22.84,22.84
24.67,24.67
36.23,36.23
46.91,46.91
46.5,46.5
39.09,39.09
36.73,36.73
43.89,43.89
51.48,51.48
49.49,49.49
39.77,39.77
34.38,34.38
39.27,39.27
46.63,46.63
44.65,44.65
33.44,33.44
24.32,24.32
25.28,25.28
30.23,30.23
27.63,27.63
16.55,16.55
8.58,8.58
12.41,12.41
22.97,22.97
27.17,27.17
21.09,21.09
14.05,14.05
16.08,16.08
24.83,24.83
28.5,28.5
22.88,22.88
16.07,16.07
18.81,18.81
29.27,29.27
35.13,35.13
28.94,28.94
18.8,18.8
16.49,16.49
23.21,23.21
27.61,27.61
21.96,21.96
11.12,11.12
7.12,7.12
12.91,12.91
17.89,17.89
13.07,13.07
2.3,2.3
-1.87,-1.87
4.23,4.23
11.54,11.54
9.28,9.28
-0.71,-0.71
-6.37,-6.37
-1.72,-1.72
5.39,5.39
3.69,3.69
-5.76,-5.76
-11.11,-11.11
-5.16,-5.16
5.48,5.48
8.77,8.77
3.03,3.03
-0.91,-0.91
5.2,5.2
16.24,16.24
20.18,20.18
13.58,13.58
6.04,6.04
8.07,8.07
16.33,16.33
18.76,18.76
10.91,10.91
1.14,1.14
0.2,0.2
6.53,6.53
8.79,8.79
0.53,0.53
-10.65,-10.65
-12.73,-12.73
-5.29,-5.29
0.34,0.34
-4.59,-4.59
-14.47,-14.47
-17.26,-17.26
-10.52,-10.52
-3.84,-3.84
-6.22,-6.22
-13.33,-13.33
-13.37,-13.37
-2.91,-2.91
8.71,8.71
10.46,10.46
4.96,4.96
3.5,3.5
11.55,11.55
20.28,20.28
18.18,18.18
6.34,6.34
-3.39,-3.39
-3.54,-3.54
-0.18,-0.18
-4.85,-4.85
-17.97,-17.97
-27.48,-27.48
-25.39,-25.39
-18.32,-18.32
-19.06,-19.06
-30.54,-30.54
-41.41,-41.41
-41.18,-41.18
-33.69,-33.69
-31.02,-31.02
-38.36,-38.36
-45.63,-45.63
-41.83,-41.83
-29.06,-29.06
-20.4,-20.4
-22.56,-22.56
-28.2,-28.2
-25.79,-25.79
-15.15,-15.15
-8.09,-8.09
-12.86,-12.86
-22.82,-22.82
-25.2,-25.2
-17.79,-17.79
-11.21,-11.21
-15.43,-15.43
-25.61,-25.61
-29.19,-29.19
-22.73,-22.73
-16.09,-16.09
-19.5,-19.5
-29.37,-29.37
-32.9,-32.9
-25.15,-25.15
-15.71,-15.71
-16.85,-16.85
-28.23,-28.23
-37.75,-37.75
-37.44,-37.44
-34.11,-34.11
-38.07,-38.07
-49.23,-49.23
-55.03,-55.03
-47.27,-47.27
-32.32,-32.32
-23.51,-23.51
-25.02,-25.02
-26.52,-26.52
-18.99,-18.99
-6.04,-6.04
-0.45,-0.45
-5.66,-5.66
-11.82,-11.82
-7.93,-7.93
3.43,3.43
10.19,10.19
5.63,5.63
-0.88,-0.88
2.91,2.91
16.42,16.42
27.3,27.3
26.58,26.58
21.11,21.11
22.69,22.69
33.25,33.25
40.96,40.96
37.34,37.34
27.75,27.75
25.49,25.49
34.0,34.0
42.43,42.43
40.27,40.27
31.13,31.13
27.82,27.82
35.28,35.28
44.17,44.17
42.22,42.22
31.28,31.28
24.44,24.44
28.66,28.66
36.08,36.08
34.18,34.18
22.79,22.79
13.75,13.75
15.8,15.8
23.32,23.32
23.52,23.52
14.46,14.46
6.74,6.74
10.58,10.58
21.14,21.14
25.1,25.1
18.77,18.77
11.49,11.49
14.28,14.28
24.04,24.04
27.96,27.96
20.09,20.09
9.53,9.53
8.07,8.07
15.38,15.38
18.61,18.61
10.31,10.31
-2.66,-2.66
-7.76,-7.76
-3.57,-3.57
-1.42,-1.42
-9.78,-9.78
-22.32,-22.32
-25.98,-25.98
-18.12,-18.12
-9.82,-9.82
-12.09,-12.09
-21.34,-21.34
-24.51,-24.51
-15.89,-15.89
-5.6,-5.6
-4.9,-4.9
-12.2,-12.2
-15.69,-15.69
-8.64,-8.64
-0.16,-0.16
-2.01,-2.01
-13.58,-13.58
-21.3,-21.3
-16.45,-16.45
-5.64,-5.64
-2.42,-2.42
-9.49,-9.49
-15.73,-15.73
-11.17,-11.17
-0.4,-0.4
3.77,3.77
-2.34,-2.34
-8.91,-8.91
-5.65,-5.65
4.32,4.32
7.7,7.7
-1.2,-1.2
-12.52,-12.52
-13.73,-13.73
-4.94,-4.94
1.28,1.28
-1.55,-1.55
-6.62,-6.62
-1.38,-1.38
14.06,14.06
27.1,27.1
27.27,27.27
20.44,20.44
19.16,19.16
27.4,27.4
34.05,34.05
29.14,29.14
17.02,17.02
10.51,10.51
14.3,14.3
19.06,19.06
13.77,13.77
0.78,0.78
-6.34,-6.34
-1.4,-1.4
6.75,6.75
5.82,5.82
-4.6,-4.6
-12.42,-12.42
-8.92,-8.92
-0.95,-0.95
-1.31,-1.31
-11.91,-11.91
-20.91,-20.91
-19.08,-19.08
-11.01,-11.01
-9.76,-9.76
-19.02,-19.02
-28.2,-28.2
-26.29,-26.29
-16.88,-16.88
-12.82,-12.82
-19.79,-19.79
-28.19,-28.19
-26.51,-26.51
-15.84,-15.84
-9.27,-9.27
-14.51,-14.51
-24.45,-24.45
-25.53,-25.53
-15.86,-15.86
-6.52,-6.52
-6.77,-6.77
-11.27,-11.27
-8.47,-8.47
3.55,3.55
12.97,12.97
10.04,10.04
-0.36,-0.36
-4.16,-4.16
3.32,3.32
11.98,11.98
10.06,10.06
-0.84,-0.84
-7.89,-7.89
-4.63,-4.63
0.1,0.1
-5.46,-5.46
-20.22,-20.22
-31.59,-31.59
-30.85,-30.85
-24.61,-24.61
-26.18,-26.18
-37.23,-37.23
-46.42,-46.42
-44.52,-44.52
-37.38,-37.38
-37.55,-37.55
-48.47,-48.47
-59.52,-59.52
-58.98,-58.98
-50.16,-50.16
-46.18,-46.18
-52.48,-52.48
-59.96,-59.96
-57.11,-57.11
-45.53,-45.53
-37.55,-37.55
-41.14,-41.14
-48.19,-48.19
-46.16,-46.16
-34.4,-34.4
-24.73,-24.73
-26.66,-26.66
-33.81,-33.81
-33.89,-33.89
-24.72,-24.72
-17.37,-17.37
-22.09,-22.09
-33.77,-33.77
-39.59,-39.59
-34.09,-34.09
-27.13,-27.13
-29.99,-29.99
-40.07,-40.07
-45.05,-45.05
-38.72,-38.72
-29.45,-29.45
-29.51,-29.51
-38.06,-38.06
-42.54,-42.54
-35.71,-35.71
-23.94,-23.94
-20.02,-20.02
-25.64,-25.64
-28.7,-28.7
-19.98,-19.98
-5.08,-5.08
2.93,2.93
0.12,0.12
-2.67,-2.67
4.82,4.82
18.98,18.98
26.77,26.77
22.48,22.48
15.48,15.48
17.29,17.29
27.07,27.07
32.27,32.27
26.16,26.16
17.61,17.61
19.38,19.38
32.38,32.38
44.51,44.51
46.02,46.02
42.01,42.01
43.53,43.53
52.78,52.78
58.19,58.19
51.03,51.03
36.69,36.69
28.72,28.72
32.07,32.07
36.14,36.14
30.41,30.41
17.23,17.23
9.67,9.67
14.42,14.42
22.13,22.13
20.27,20.27
9.67,9.67
2.16,2.16
5.73,5.73
13.26,13.26
12.47,12.47
1.93,1.93
-6.51,-6.51
-3.62,-3.62
4.74,4.74
6.28,6.28
-2.2,-2.2
-10.1,-10.1
-6.18,-6.18
5.21,5.21
11.24,11.24
6.47,6.47
-0.02,-0.02
3.06,3.06
13.61,13.61
18.81,18.81
12.46,12.46
2.17,2.17
0.97,0.97
8.28,8.28
12.52,12.52
5.22,5.22
-6.51,-6.51
-10.13,-10.13
-2.97,-2.97
3.62,3.62
-0.34,-0.34
-10.52,-10.52
-14.35,-14.35
-7.65,-7.65
-0.76,-0.76
-4.43,-4.43
-15.31,-15.31
-20.1,-20.1
-12.83,-12.83
-1.64,-1.64
0.96,0.96
-4.47,-4.47
-6.34,-6.34
2.8,2.8
15.1,15.1
18.8,18.8
12.95,12.95
8.66,8.66
15.4,15.4
26.83,26.83
30.16,30.16
22.2,22.2
13.55,13.55
14.74,14.74
22.41,22.41
23.75,23.75
14.34,14.34
4.0,4.0
4.76,4.76
14.51,14.51
20.17,20.17
15.53,15.53
8.17,8.17
10.64,10.64
22.07,22.07
30.4,30.4
27.4,27.4
19.92,19.92
20.76,20.76
31.84,31.84
41.56,41.56
39.69,39.69
30.57,30.57
27.29,27.29
33.53,33.53
39.46,39.46
34.33,34.33
21.49,21.49
13.51,13.51
16.36,16.36
21.17,21.17
16.45,16.45
3.26,3.26
-5.56,-5.56
-2.8,-2.8
4.94,4.94
4.85,4.85
-3.73,-3.73
-9.99,-9.99
-5.68,-5.68
3.08,3.08
3.26,3.26
-7.8,-7.8
-18.77,-18.77
-18.88,-18.88
-11.24,-11.24
-8.67,-8.67
-15.37,-15.37
-21.75,-21.75
-16.82,-16.82
-3.44,-3.44
5.07,5.07
1.25,1.25
-7.53,-7.53
-8.73,-8.73
-2.42,-2.42
0.34,0.34
-7.18,-7.18
-17.88,-17.88
-18.98,-18.98
-9.32,-9.32
-0.25,-0.25
-2.0,-2.0
-9.74,-9.74
-11.41,-11.41
-2.56,-2.56
6.2,6.2
4.14,4.14
-5.65,-5.65
-10.61,-10.61
-5.02,-5.02
2.28,2.28
-0.25,-0.25
-12.0,-12.0
-20.64,-20.64
-18.95,-18.95
-14.03,-14.03
-17.89,-17.89
-29.97,-29.97
-38.69,-38.69
-34.81,-34.81
-24.72,-24.72
-21.72,-21.72
-28.99,-28.99
-35.94,-35.94
-33.07,-33.07
-23.97,-23.97
-21.7,-21.7
-30.2,-30.2
-39.62,-39.62
-38.44,-38.44
-28.77,-28.77
-22.69,-22.69
-26.15,-26.15
-30.83,-30.83
-25.96,-25.96
-12.39,-12.39
-2.43,-2.43
-4.57,-4.57
-12.19,-12.19
-12.73,-12.73
-4.27,-4.27
2.12,2.12
-2.05,-2.05
-11.44,-11.44
-13.24,-13.24
-4.01,-4.01
5.87,5.87
5.67,5.67
-1.78,-1.78
-4.42,-4.42
2.47,2.47
10.05,10.05
6.81,6.81
-5.16,-5.16
-13.01,-13.01
-9.29,-9.29
-1.86,-1.86
-2.49,-2.49
-11.36,-11.36
-16.65,-16.65
-10.64,-10.64
0.56,0.56
3.66,3.66
-3.76,-3.76
-10.37,-10.37
-6.66,-6.66
4.01,4.01
9.33,9.33
5.1,5.1
1.16,1.16
8.01,8.01
22.79,22.79
31.44,31.44
28.0,28.0
20.34,20.34
20.75,20.75
29.14,29.14
33.71,33.71
27.73,27.73
18.05,18.05
16.71,16.71
24.62,24.62
29.96,29.96
23.5,23.5
10.84,10.84
4.55,4.55
8.56,8.56
12.04,12.04
5.48,5.48
-7.52,-7.52
-14.4,-14.4
-10.21,-10.21
-3.81,-3.81
-6.97,-6.97
-17.85,-17.85
-24.13,-24.13
-19.59,-19.59
-12.35,-12.35
-13.92,-13.92
-25.22,-25.22
-33.91,-33.91
-31.53,-31.53
-24.65,-24.65
-25.34,-25.34
-35.77,-35.77
-44.84,-44.84
-43.08,-43.08
-34.58,-34.58
-31.89,-31.89
-38.48,-38.48
-44.5,-44.5
-39.21,-39.21
-25.47,-25.47
-16.09,-16.09
-17.05,-17.05
-20.5,-20.5
-15.41,-15.41
-2.37,-2.37
6.06,6.06
2.66,2.66
-5.96,-5.96
-7.26,-7.26
0.21,0.21
6.12,6.12
1.47,1.47
-7.65,-7.65
-8.17,-8.17
2.56,2.56
14.44,14.44
16.46,16.46
11.71,11.71
11.76,11.76
21.8,21.8
32.24,32.24
32.09,32.09
23.42,23.42
18.34,18.34
24.3,24.3
33.2,33.2
33.27,33.27
23.58,23.58
15.98,15.98
18.94,18.94
27.12,27.12
28.47,28.47
21.05,21.05
15.46,15.46
20.66,20.66
32.06,32.06
37.1,37.1
31.09,31.09
24.12,24.12
26.98,26.98
38.05,38.05
45.01,45.01
42.15,42.15
37.31,37.31
41.51,41.51
53.66,53.66
61.45,61.45
57.66,57.66
48.89,48.89
48.2,48.2
57.75,57.75
66.95,66.95
66.32,66.32
60.92,60.92
62.08,62.08
73.7,73.7
85.22,85.22
86.11,86.11
78.48,78.48
74.41,74.41
78.87,78.87
83.77,83.77
78.12,78.12
62.76,62.76
49.52,49.52
46.65,46.65
47.8,47.8
42.68,42.68
30.85,30.85
22.38,22.38
24.73,24.73
31.3,31.3
30.06,30.06
18.58,18.58
7.95,7.95
8.66,8.66
17.37,17.37
21.24,21.24
14.33,14.33
4.22,4.22
1.21,1.21
4.98,4.98
4.96,4.96
-4.32,-4.32
-15.25,-15.25
-16.58,-16.58
-8.4,-8.4
-2.54,-2.54
-6.99,-6.99
-16.39,-16.39
-18.7,-18.7
-10.25,-10.25
-1.11,-1.11
-0.81,-0.81
-7.02,-7.02
-9.66,-9.66
-4.78,-4.78
-1.44,-1.44
-8.88,-8.88
-24.01,-24.01
-34.74,-34.74
-33.62,-33.62
-27.5,-27.5
-27.44,-27.44
-33.62,-33.62
-36.99,-36.99
-30.82,-30.82
-20.96,-20.96
-17.93,-17.93
-22.68,-22.68
-24.88,-24.88
-16.56,-16.56
-2.56,-2.56
4.56,4.56
0.62,0.62
-6.04,-6.04
-5.63,-5.63
-0.23,-0.23
0.62,0.62
-7.54,-7.54
-16.12,-16.12
-15.12,-15.12
-4.62,-4.62
3.77,3.77
3.34,3.34
-0.58,-0.58
0.53,0.53
7.13,7.13
8.17,8.17
-3.55,-3.55
-21.67,-21.67
-33.86,-33.86
-36.94,-36.94
-39.74,-39.74
-51.0,-51.0
-67.4,-67.4
-77.65,-77.65
-77.79,-77.79
-76.66,-76.66
-84.28,-84.28
-98.58,-98.58
-107.72,-107.72
-105.27,-105.27
-97.82,-97.82
-96.18,-96.18
-101.28,-101.28
-103.58,-103.58
-95.83,-95.83
-84.4,-84.4
-79.55,-79.55
-83.24,-83.24
-85.38,-85.38
-77.99,-77.99
-65.66,-65.66
-59.42,-59.42
-62.99,-62.99
-67.01,-67.01
-61.49,-61.49
-48.76,-48.76
-40.13,-40.13
-40.83,-40.83
-44.02,-44.02
-39.42,-39.42
-28.61,-28.61
-21.14,-21.14
-23.23,-23.23
-27.56,-27.56
-23.09,-23.09
-9.4,-9.4
2.41,2.41
4.11,4.11
-0.71,-0.71
-0.23,-0.23
8.49,8.49
16.89,16.89
17.2,17.2
12.01,12.01
12.12,12.12
21.47,21.47
31.48,31.48
31.9,31.9
24.81,24.81
20.53,20.53
25.53,25.53
33.24,33.24
33.62,33.62
26.74,26.74
22.42,22.42
27.64,27.64
35.8,35.8
35.64,35.64
25.71,25.71
15.63,15.63
14.39,14.39
18.41,18.41
17.14,17.14
7.87,7.87
-0.06,-0.06
2.08,2.08
12.2,12.2
18.23,18.23
15.45,15.45
10.69,10.69
13.98,13.98
24.73,24.73
32.38,32.38
30.96,30.96
26.8,26.8
30.41,30.41
42.74,42.74
52.95,52.95
52.81,52.81
46.67,46.67
45.32,45.32
51.23,51.23
55.33,55.33
49.38,49.38
36.98,36.98
28.93,28.93
29.7,29.7
31.97,31.97
26.7,26.7
15.73,15.73
9.87,9.87
14.05,14.05
20.44,20.44
18.52,18.52
7.61,7.61
-2.2,-2.2
-3.66,-3.66
-2.62,-2.62
-9.09,-9.09
-23.98,-23.98
-37.0,-37.0
-39.63,-39.63
-35.99,-35.99
-36.88,-36.88
-45.25,-45.25
-52.54,-52.54
-49.51,-49.51
-38.74,-38.74
-30.82,-30.82
-31.21,-31.21
-33.6,-33.6
-28.71,-28.71
-17.11,-17.11
-8.86,-8.86
-9.69,-9.69
-13.51,-13.51
-10.04,-10.04
1.15,1.15
10.23,10.23
9.48,9.48
4.49,4.49
6.05,6.05
17.09,17.09
27.77,27.77
29.1,29.1
23.66,23.66
21.77,21.77
27.65,27.65
34.22,34.22
32.72,32.72
25.98,25.98
24.55,24.55
33.38,33.38
45.12,45.12
49.0,49.0
45.09,45.09
43.7,43.7
52.07,52.07
64.6,64.6
70.52,70.52
68.11,68.11
66.47,66.47
72.84,72.84
83.13,83.13
86.82,86.82
81.21,81.21
75.64,75.64
78.86,78.86
88.79,88.79
93.86,93.86
89.62,89.62
83.66,83.66
84.99,84.99
92.55,92.55
96.02,96.02
89.2,89.2
79.67,79.67
77.23,77.23
83.28,83.28
87.77,87.77
83.72,83.72
75.93,75.93
74.95,74.95
82.47,82.47
89.41,89.41
87.52,87.52
79.89,79.89
77.06,77.06
82.25,82.25
87.13,87.13
81.95,81.95
69.55,69.55
61.26,61.26
63.04,63.04
68.29,68.29
67.47,67.47
61.16,61.16
59.4,59.4
68.14,68.14
80.29,80.29
84.57,84.57
78.8,78.8
72.32,72.32
73.39,73.39
77.68,77.68
75.43,75.43
64.18,64.18
53.53,53.53
52.47,52.47
58.15,58.15
59.53,59.53
52.64,52.64
44.8,44.8
44.77,44.77
50.99,50.99
52.4,52.4
43.53,43.53
30.74,30.74
25.06,25.06
26.18,26.18
24.53,24.53
13.15,13.15
-2.39,-2.39
-11.53,-11.53
-11.33,-11.33
-10.88,-10.88
-17.44,-17.44
-26.94,-26.94
-28.34,-28.34
-19.48,-19.48
-9.95,-9.95
-9.24,-9.24
-15.8,-15.8
-18.29,-18.29
-12.26,-12.26
-5.03,-5.03
-5.87,-5.87
-13.7,-13.7
-17.2,-17.2
-10.67,-10.67
-0.45,-0.45
2.44,2.44
-3.22,-3.22
-8.31,-8.31
-5.86,-5.86
-1.17,-1.17
-5.28,-5.28
-20.36,-20.36
-35.55,-35.55
-41.33,-41.33
-39.31,-39.31
-39.31,-39.31
-44.3,-44.3
-45.97,-45.97
-35.89,-35.89
-17.64,-17.64
-4.05,-4.05
-1.33,-1.33
-2.64,-2.64
2.06,2.06
11.97,11.97
16.03,16.03
8.31,8.31
-4.84,-4.84
-11.88,-11.88
-12.09,-12.09
-15.81,-15.81
-29.48,-29.48
-47.53,-47.53
-57.41,-57.41
-56.69,-56.69
-55.7,-55.7
-63.98,-63.98
-78.94,-78.94
-88.72,-88.72
-89.91,-89.91
-90.06,-90.06
-99.47,-99.47
-115.5,-115.5
-126.41,-126.41
-126.16,-126.16
-122.16,-122.16
-125.19,-125.19
-134.91,-134.91
-140.5,-140.5
-134.81,-134.81
-123.62,-123.62
-118.53,-118.53
-121.22,-121.22
-122.84,-122.84
-115.72,-115.72
-104.84,-104.84
-101.84,-101.84
-109.34,-109.34
-118.0,-118.0
-117.31,-117.31
-109.62,-109.62
-106.25,-106.25
-111.62,-111.62
-117.19,-117.19
-112.41,-112.41
-98.44,-98.44
-86.56,-86.56
-83.78,-83.78
-84.53,-84.53
-78.75,-78.75
-67.0,-67.0
-60.09,-60.09
-65.75,-65.75
-78.09,-78.09
-84.84,-84.84
-82.47,-82.47
-79.87,-79.87
-84.81,-84.81
-93.66,-93.66
-94.69,-94.69
-84.44,-84.44
-71.5,-71.5
-66.44,-66.44
-68.16,-68.16
-65.84,-65.84
-54.78,-54.78
-42.84,-42.84
-40.75,-40.75
-47.41,-47.41
-51.25,-51.25
-44.78,-44.78
-33.91,-33.91
-29.59,-29.59
-33.81,-33.81
-36.5,-36.5
-29.16,-29.16
-16.37,-16.37
-8.97,-8.97
-10.63,-10.63
-12.5,-12.5
-5.37,-5.37
7.19,7.19
14.41,14.41
10.78,10.78
4.72,4.72
6.19,6.19
13.91,13.91
17.03,17.03
10.13,10.13
0.06,0.06
-1.69,-1.69
5.83,5.83
12.53,12.53
10.42,10.42
4.09,4.09
4.06,4.06
11.52,11.52
16.92,16.92
11.02,11.02
-1.59,-1.59
-9.08,-9.08
-7.0,-7.0
-3.94,-3.94
-9.64,-9.64
-21.3,-21.3
-27.86,-27.86
-23.84,-23.84
-17.86,-17.86
-20.69,-20.69
-32.47,-32.47
-42.16,-42.16
-41.23,-41.23
-35.83,-35.83
-35.95,-35.95
-43.08,-43.08
-48.13,-48.13
-43.88,-43.88
-35.66,-35.66
-35.27,-35.27
-45.36,-45.36
-56.36,-56.36
-58.5,-58.5
-54.61,-54.61
-55.5,-55.5
-65.37,-65.37
-76.41,-76.41
-77.81,-77.81
-71.45,-71.45
-68.64,-68.64
-75.08,-75.08
-84.47,-84.47
-85.5,-85.5
-78.25,-78.25
-72.81,-72.81
-76.42,-76.42
-83.22,-83.22
-81.95,-81.95
-70.69,-70.69
-60.52,-60.52
-60.42,-60.42
-67.06,-67.06
-68.89,-68.89
-61.94,-61.94
-54.3,-54.3
-55.47,-55.47
-62.86,-62.86
-65.43,-65.43
-57.97,-57.97
-49.06,-49.06
-48.98,-48.98
-57.15,-57.15
-62.23,-62.23
-57.01,-57.01
-47.82,-47.82
-45.71,-45.71
-51.86,-51.86
-55.95,-55.95
-49.74,-49.74
-38.59,-38.59
-33.27,-33.27
-37.0,-37.0
-40.45,-40.45
-35.35,-35.35
-25.3,-25.3
-21.33,-21.33
-27.9,-27.9
-35.65,-35.65
-33.83,-33.83
-23.01,-23.01
-14.3,-14.3
-13.91,-13.91
-15.02,-15.02
-7.37,-7.37
7.96,7.96
19.9,19.9
20.48,20.48
16.05,16.05
17.41,17.41
26.25,26.25
32.51,32.51
27.71,27.71
16.69,16.69
11.28,11.28
15.66,15.66
21.0,21.0
17.79,17.79
8.35,8.35
3.75,3.75
9.94,9.94
18.57,18.57
19.62,19.62
13.91,13.91
12.25,12.25
21.1,21.1
33.62,33.62
39.27,39.27
37.86,37.86
40.45,40.45
54.77,54.77
75.2,75.2
90.19,90.19
96.27,96.27
102.53,102.53
117.22,117.22
135.5,135.5
144.84,144.84
140.84,140.84
133.09,133.09
132.66,132.66
137.44,137.44
133.67,133.67
114.16,114.16
86.81,86.81
64.45,64.45
50.28,50.28
35.23,35.23
13.83,13.83
-7.64,-7.64
-18.17,-18.17
-16.84,-16.84
-14.28,-14.28
-19.73,-19.73
-28.87,-28.87
-29.2,-29.2
-16.75,-16.75
-1.17,-1.17
6.27,6.27
6.89,6.89
12.25,12.25
28.06,28.06
48.23,48.23
62.7,62.7
71.03,71.03
83.78,83.78
106.66,106.66
132.8,132.8
149.92,149.92
155.37,155.37
159.0,159.0
169.58,169.58
183.28,183.28
189.58,189.58
185.28,185.28
178.27,178.27
178.02,178.02
182.5,182.5
181.17,181.17
169.83,169.83
156.8,156.8
152.62,152.62
157.47,157.47
160.73,160.73
155.2,155.2
145.7,145.7
142.0,142.0
145.08,145.08
145.34,145.34
135.59,135.59
120.91,120.91
113.34,113.34
116.08,116.08
120.77,120.77
118.64,118.64
112.53,112.53
112.45,112.45
122.09,122.09
132.39,132.39
132.33,132.33
122.75,122.75
113.47,113.47
110.78,110.78
109.83,109.83
101.14,101.14
86.0,86.0
75.73,75.73
77.06,77.06
84.61,84.61
87.58,87.58
84.25,84.25
82.69,82.69
88.89,88.89
96.77,96.77
94.8,94.8
80.59,80.59
63.75,63.75
53.8,53.8
48.19,48.19
36.63,36.63
17.16,17.16
-0.14,-0.14
-4.53,-4.53
1.87,1.87
6.72,6.72
3.02,3.02
-2.9,-2.9
-1.51,-1.51
5.87,5.87
8.67,8.67
0.2,0.2
-12.69,-12.69
-18.71,-18.71
-15.92,-15.92
-14.41,-14.41
-22.16,-22.16
-35.09,-35.09
-41.39,-41.39
-38.38,-38.38
-34.89,-34.89
-40.42,-40.42
-51.91,-51.91
-58.52,-58.52
-54.82,-54.82
-48.89,-48.89
-50.76,-50.76
-59.86,-59.86
-65.36,-65.36
-60.8,-60.8
-53.03,-53.03
-52.57,-52.57
-60.85,-60.85
-68.55,-68.55
-67.42,-67.42
-62.54,-62.54
-64.2,-64.2
-75.58,-75.58
-86.59,-86.59
-88.49,-88.49
-84.11,-84.11
-84.01,-84.01
-92.39,-92.39
-100.19,-100.19
-97.65,-97.65
-86.36,-86.36
-77.92,-77.92
-79.54,-79.54
-85.14,-85.14
-83.92,-83.92
-75.7,-75.7
-70.04,-70.04
-74.93,-74.93
-85.01,-85.01
-89.23,-89.23
-84.9,-84.9
-81.35,-81.35
-86.82,-86.82
-97.97,-97.97
-104.26,-104.26
-101.23,-101.23
-95.95,-95.95
-98.46,-98.46
-107.19,-107.19
-111.82,-111.82
-106.14,-106.14
-96.99,-96.99
-94.41,-94.41
-99.59,-99.59
-102.71,-102.71
-96.54,-96.54
-85.66,-85.66
-80.86,-80.86
-84.35,-84.35
-87.29,-87.29
-81.44,-81.44
-69.88,-69.88
-62.92,-62.92
-64.01,-64.01
-65.59,-65.59
-58.63,-58.63
-44.98,-44.98
-35.45,-35.45
-35.51,-35.51
-38.8,-38.8
-35.81,-35.81
-27.09,-27.09
-21.95,-21.95
-26.85,-26.85
-35.95,-35.95
-38.22,-38.22
-32.45,-32.45
-27.49,-27.49
-31.06,-31.06
-39.35,-39.35
-41.81,-41.81
-35.99,-35.99
-30.21,-30.21
-33.74,-33.74
-44.22,-44.22
-52.36,-52.36
-53.91,-53.91
-55.94,-55.94
-66.19,-66.19
-81.34,-81.34
-90.59,-90.59
-89.24,-89.24
-84.64,-84.64
-88.32,-88.32
-100.2,-100.2
-109.71,-109.71
-109.11,-109.11
-102.75,-102.75
-99.94,-99.94
-101.39,-101.39
-96.8,-96.8
-77.5,-77.5
-47.36,-47.36
-18.99,-18.99
1.63,1.63
20.31,20.31
43.56,43.56
69.1,69.1
86.89,86.89
92.25,92.25
93.31,93.31
102.09,102.09
121.52,121.52
141.51,141.51
152.54,152.54
154.95,154.95
157.32,157.32
162.13,162.13
162.14,162.14
149.61,149.61
127.68,127.68
107.68,107.68
94.34,94.34
82.62,82.62
66.23,66.23
48.49,48.49
37.4,37.4
32.41,32.41
21.2,21.2
-5.9,-5.9
-44.75,-44.75
-79.49,-79.49
-101.16,-101.16
-113.61,-113.61
-126.18,-126.18
-139.37,-139.37
-145.16,-145.16
-140.38,-140.38
-134.37,-134.37
-139.65,-139.65
-159.11,-159.11
-183.11,-183.11
-202.37,-202.37
-218.17,-218.17
-237.8,-237.8
-262.2,-262.2
-280.6,-280.6
-283.29,-283.29
-272.41,-272.41
-259.34,-259.34
-251.59,-251.59
-244.63,-244.63
-230.2,-230.2
-208.87,-208.87
-188.69,-188.69
-173.67,-173.67
-155.77,-155.77
-124.75,-124.75
-81.0,-81.0
-36.39,-36.39
-1.92,-1.92
24.98,24.98
53.63,53.63
85.0,85.0
110.58,110.58
122.92,122.92
127.61,127.61
136.75,136.75
154.03,154.03
171.14,171.14
178.05,178.05
176.87,176.87
179.19,179.19
190.2,190.2
202.84,202.84
208.08,208.08
207.5,207.5
212.12,212.12
229.44,229.44
252.05,252.05
267.67,267.67
273.61,273.61
278.7,278.7
291.22,291.22
306.81,306.81
315.22,315.22
313.5,313.5
309.75,309.75
312.5,312.5
317.16,317.16
311.22,311.22
288.56,288.56
256.81,256.81
226.31,226.31
197.31,197.31
160.78,160.78
114.06,114.06
66.25,66.25
30.87,30.87
10.06,10.06
-6.05,-6.05
-25.78,-25.78
-45.31,-45.31
-53.92,-53.92
-49.69,-49.69
-42.98,-42.98
-43.59,-43.59
-49.42,-49.42
-48.45,-48.45
-33.98,-33.98
-11.16,-11.16
10.48,10.48
30.42,30.42
56.67,56.67
93.67,93.67
133.06,133.06
161.34,161.34
172.33,172.33
172.69,172.69
171.77,171.77
168.58,168.58
156.89,156.89
135.55,135.55
113.11,113.11
97.87,97.87
88.02,88.02
73.72,73.72
50.3,50.3
23.59,23.59
3.87,3.87
-8.67,-8.67
-22.09,-22.09
-40.91,-40.91
-59.52,-59.52
-67.47,-67.47
-64.08,-64.08
-58.2,-58.2
-58.39,-58.39
-62.55,-62.55
-61.17,-61.17
-51.3,-51.3
-38.5,-38.5
-26.81,-26.81
-11.48,-11.48
14.97,14.97
50.41,50.41
81.78,81.78
97.61,97.61
100.27,100.27
100.13,100.13
103.24,103.24
104.55,104.55
98.34,98.34
88.16,88.16
83.32,83.32
87.01,87.01
90.9,90.9
84.49,84.49
67.63,67.63
50.91,50.91
42.09,42.09
37.34,37.34
27.12,27.12
9.51,9.51
-8.21,-8.21
-18.26,-18.26
-23.71,-23.71
-33.61,-33.61
-50.92,-50.92
-67.81,-67.81
-75.79,-75.79
-75.93,-75.93
-77.81,-77.81
-86.16,-86.16
-94.92,-94.92
-95.34,-95.34
-87.73,-87.73
-81.69,-81.69
-84.44,-84.44
-90.4,-90.4
-89.29,-89.29
-78.43,-78.43
-66.15,-66.15
-60.48,-60.48
-58.85,-58.85
-51.72,-51.72
-35.41,-35.41
-16.49,-16.49
-3.73,-3.73
1.9,1.9
8.49,8.49
19.26,19.26
25.94,25.94
17.04,17.04
-7.52,-7.52
-37.36,-37.36
-62.42,-62.42
-82.99,-82.99
-106.11,-106.11
-131.01,-131.01
-148.16,-148.16
-149.87,-149.87
-140.55,-140.55
-131.8,-131.8
-128.1,-128.1
-121.67,-121.67
-104.28,-104.28
-78.53,-78.53
-55.0,-55.0
-37.93,-37.93
-21.02,-21.02
3.75,3.75
34.29,34.29
58.8,58.8
71.57,71.57
79.22,79.22
92.04,92.04
110.72,110.72
125.71,125.71
129.8,129.8
127.84,127.84
129.62,129.62
138.12,138.12
144.27,144.27
138.33,138.33
122.94,122.94
109.16,109.16
103.24,103.24
100.37,100.37
91.5,91.5
76.7,76.7
65.52,65.52
64.69,64.69
69.85,69.85
70.46,70.46
63.55,63.55
56.7,56.7
57.14,57.14
61.83,61.83
61.96,61.96
54.84,54.84
48.27,48.27
50.74,50.74
60.7,60.7
67.8,67.8
66.08,66.08
60.86,60.86
59.67,59.67
63.25,63.25
63.53,63.53
56.3,56.3
47.38,47.38
45.02,45.02
48.94,48.94
50.56,50.56
44.41,44.41
34.81,34.81
30.03,30.03
30.31,30.31
26.56,26.56
12.61,12.61
-7.47,-7.47
-23.36,-23.36
-31.86,-31.86
-39.53,-39.53
-54.13,-54.13
-72.81,-72.81
-85.09,-85.09
-86.98,-86.98
-84.09,-84.09
-85.97,-85.97
-93.3,-93.3
-97.56,-97.56
-93.78,-93.78
-87.25,-87.25
-86.78,-86.78
-92.81,-92.81
-97.75,-97.75
-94.41,-94.41
-86.56,-86.56
-83.03,-83.03
-86.0,-86.0
-88.69,-88.69
-83.59,-83.59
-74.28,-74.28
-70.06,-70.06
-74.84,-74.84
-81.59,-81.59
-81.5,-81.5
-75.91,-75.91
-74.34,-74.34
-82.28,-82.28
-93.37,-93.37
-98.37,-98.37
-96.81,-96.81
-96.75,-96.75
-103.66,-103.66
-113.25,-113.25
-116.25,-116.25
-111.69,-111.69
-107.87,-107.87
-112.12,-112.12
-121.31,-121.31
-125.37,-125.37
-120.41,-120.41
-113.19,-113.19
-112.03,-112.03
-114.62,-114.62
-112.16,-112.16
-100.97,-100.97
-87.12,-87.12
-79.87,-79.87
-78.69,-78.69
-74.72,-74.72
-63.81,-63.81
-51.47,-51.47
-46.25,-46.25
-48.56,-48.56
-49.13,-49.13
-42.63,-42.63
-34.22,-34.22
-32.63,-32.63
-39.53,-39.53
-46.38,-46.38
-46.63,-46.63
-44.41,-44.41
-48.69,-48.69
-61.16,-61.16
-73.25,-73.25
-78.0,-78.0
-78.94,-78.94
-85.84,-85.84
-101.41,-101.41
-118.09,-118.09
-126.84,-126.84
-128.75,-128.75
-133.12,-133.12
-144.44,-144.44
-156.62,-156.62
-160.41,-160.41
-156.91,-156.91
-154.91,-154.91
-160.37,-160.37
-168.81,-168.81
-170.37,-170.37
-163.91,-163.91
-157.72,-157.72
-159.31,-159.31
-163.84,-163.84
-161.59,-161.59
-149.59,-149.59
-135.41,-135.41
-127.84,-127.84
-125.06,-125.06
-118.31,-118.31
-104.09,-104.09
-88.72,-88.72
-81.75,-81.75
-82.06,-82.06
-79.87,-79.87
-69.94,-69.94
-58.08,-58.08
-53.33,-53.33
-56.11,-56.11
-57.86,-57.86
-52.08,-52.08
-42.84,-42.84
-40.69,-40.69
-47.3,-47.3
-54.59,-54.59
-54.3,-54.3
-49.27,-49.27
-48.27,-48.27
-55.02,-55.02
-62.44,-62.44
-62.05,-62.05
-54.64,-54.64
-49.55,-49.55
-51.75,-51.75
-54.66,-54.66
-49.8,-49.8
-36.47,-36.47
-24.75,-24.75
-20.64,-20.64
-20.31,-20.31
-13.74,-13.74
0.28,0.28
13.17,13.17
17.94,17.94
17.66,17.66
21.89,21.89
33.07,33.07
43.65,43.65
45.37,45.37
40.57,40.57
39.05,39.05
44.8,44.8
51.74,51.74
50.85,50.85
42.96,42.96
37.15,37.15
39.38,39.38
44.08,44.08
42.23,42.23
33.14,33.14
25.88,25.88
27.44,27.44
33.97,33.97
35.94,35.94
30.89,30.89
27.12,27.12
31.64,31.64
41.86,41.86
47.49,47.49
44.55,44.55
39.89,39.89
42.01,42.01
49.35,49.35
53.37,53.37
48.85,48.85
42.11,42.11
42.17,42.17
48.73,48.73
52.97,52.97
49.16,49.16
42.13,42.13
41.91,41.91
49.69,49.69
56.63,56.63
55.26,55.26
48.88,48.88
46.56,46.56
51.76,51.76
56.4,56.4
52.98,52.98
43.84,43.84
39.03,39.03
42.5,42.5
47.69,47.69
46.08,46.08
38.72,38.72
35.17,35.17
40.64,40.64
49.06,49.06
51.16,51.16
45.97,45.97
42.56,42.56
47.19,47.19
55.27,55.27
57.27,57.27
50.98,50.98
45.25,45.25
46.81,46.81
52.36,52.36
52.34,52.34
43.56,43.56
33.61,33.61
30.5,30.5
33.16,33.16
32.78,32.78
25.16,25.16
17.11,17.11
17.87,17.87
26.62,26.62
34.3,34.3
33.89,33.89
29.98,29.98
31.36,31.36
39.47,39.47
45.75,45.75
42.97,42.97
35.19,35.19
32.25,32.25
37.06,37.06
42.08,42.08
39.55,39.55
31.53,31.53
27.59,27.59
31.92,31.92
37.72,37.72
35.7,35.7
26.7,26.7
19.77,19.77
20.41,20.41
23.28,23.28
19.37,19.37
8.25,8.25
-0.75,-0.75
-1.22,-1.22
3.87,3.87
4.62,4.62
-1.09,-1.09
-5.78,-5.78
-1.69,-1.69
8.13,8.13
14.13,14.13
12.78,12.78
10.47,10.47
16.16,16.16
27.81,27.81
36.59,36.59
36.56,36.56
34.0,34.0
37.72,37.72
48.63,48.63
57.72,57.72
58.69,58.69
55.88,55.88
58.63,58.63
67.56,67.56
74.41,74.41
72.19,72.19
64.47,64.47
61.06,61.06
65.94,65.94
71.25,71.25
69.25,69.25
61.5,61.5
57.84,57.84
62.44,62.44
68.97,68.97
68.69,68.69
62.41,62.41
59.19,59.19
63.97,63.97
71.22,71.22
71.12,71.12
62.75,62.75
54.97,54.97
55.25,55.25
59.78,59.78
58.72,58.72
50.19,50.19
41.72,41.72
41.59,41.59
47.19,47.19
49.5,49.5
44.0,44.0
37.81,37.81
39.41,39.41
47.25,47.25
51.53,51.53
47.22,47.22
40.22,40.22
39.28,39.28
45.34,45.34
49.84,49.84
46.78,46.78
40.25,40.25
40.0,40.0
48.28,48.28
56.47,56.47
57.06,57.06
52.41,52.41
52.03,52.03
59.88,59.88
69.16,69.16
70.84,70.84
66.03,66.03
63.47,63.47
66.94,66.94
70.09,70.09
64.22,64.22
50.41,50.41
38.69,38.69
36.84,36.84
40.25,40.25
40.13,40.13
33.97,33.97
29.41,29.41
33.59,33.59
42.75,42.75
46.56,46.56
42.09,42.09
36.66,36.66
38.5,38.5
45.59,45.59
48.34,48.34
42.59,42.59
33.59,33.59
30.72,30.72
33.84,33.84
34.91,34.91
28.5,28.5
19.37,19.37
16.58,16.58
21.31,21.31
25.0,25.0
20.89,20.89
13.08,13.08
10.33,10.33
15.61,15.61
21.33,21.33
19.75,19.75
12.92,12.92
10.42,10.42
16.19,16.19
23.64,23.64
23.77,23.77
16.91,16.91
12.09,12.09
14.58,14.58
19.78,19.78
18.69,18.69
9.86,9.86
2.59,2.59
4.16,4.16
11.45,11.45
15.69,15.69
13.36,13.36
11.33,11.33
17.05,17.05
27.45,27.45
33.03,33.03
29.03,29.03
22.08,22.08
21.69,21.69
28.03,28.03
32.33,32.33
27.83,27.83
19.61,19.61
16.22,16.22
20.11,20.11
22.7,22.7
17.27,17.27
6.89,6.89
0.59,0.59
1.61,1.61
2.87,2.87
-3.12,-3.12
-13.83,-13.83
-19.93,-19.93
-17.22,-17.22
-12.03,-12.03
-13.63,-13.63
-21.48,-21.48
-26.74,-26.74
-23.96,-23.96
-17.95,-17.95
-17.23,-17.23
-22.77,-22.77
-25.76,-25.76
-19.22,-19.22
-6.48,-6.48
2.89,2.89
6.17,6.17
10.43,10.43
22.39,22.39
39.49,39.49
51.44,51.44
54.26,54.26
55.3,55.3
63.31,63.31
77.75,77.75
89.05,89.05
91.72,91.72
90.61,90.61
94.75,94.75
105.33,105.33
112.8,112.8
110.44,110.44
102.33,102.33
97.53,97.53
99.26,99.26
100.2,100.2
92.88,92.88
80.6,80.6
72.93,72.93
73.31,73.31
74.68,74.68
69.28,69.28
58.42,58.42
51.39,51.39
51.92,51.92
53.95,53.95
48.69,48.69
37.22,37.22
28.86,28.86
29.31,29.31
33.26,33.26
32.16,32.16
25.07,25.07
20.8,20.8
25.05,25.05
33.52,33.52
36.15,36.15
30.5,30.5
24.4,24.4
25.85,25.85
31.79,31.79
32.66,32.66
24.52,24.52
14.2,14.2
11.23,11.23
14.29,14.29
14.05,14.05
5.33,5.33
-6.08,-6.08
-10.88,-10.88
-8.13,-8.13
-7.14,-7.14
-14.67,-14.67
-25.89,-25.89
-30.75,-30.75
-27.05,-27.05
-22.62,-22.62
-25.5,-25.5
-32.84,-32.84
-35.61,-35.61
-30.61,-30.61
-25.14,-25.14
-27.72,-27.72
-36.52,-36.52
-42.22,-42.22
-40.38,-40.38
-37.05,-37.05
-40.73,-40.73
-51.13,-51.13
-58.92,-58.92
-58.41,-58.41
-55.38,-55.38
-59.09,-59.09
-70.78,-70.78
-81.34,-81.34
-83.56,-83.56
-81.5,-81.5
-84.94,-84.94
-96.34,-96.34
-107.84,-107.84
-111.0,-111.0
-108.62,-108.62
-110.47,-110.47
-119.81,-119.81
-130.28,-130.28
-133.12,-133.12
-130.22,-130.22
-130.28,-130.28
-138.56,-138.56
-148.53,-148.53
-151.37,-151.37
-146.16,-146.16
-142.22,-142.22
-145.81,-145.81
-152.34,-152.34
-152.28,-152.28
-144.44,-144.44
-136.69,-136.69
-136.94,-136.94
-141.94,-141.94
-142.12,-142.12
-134.03,-134.03
-124.5,-124.5
-121.53,-121.53
-123.81,-123.81
-122.56,-122.56
-113.56,-113.56
-103.37,-103.37
-100.25,-100.25
-103.41,-103.41
-103.5,-103.5
-95.09,-95.09
-83.47,-83.47
-77.97,-77.97
-78.5,-78.5
-77.03,-77.03
-67.03,-67.03
-53.38,-53.38
-46.09,-46.09
-48.38,-48.38
-52.63,-52.63
-50.31,-50.31
-43.53,-43.53
-40.78,-40.78
-46.09,-46.09
-52.56,-52.56
-52.22,-52.22
-45.88,-45.88
-42.59,-42.59
-47.81,-47.81
-56.0,-56.0
-57.84,-57.84
-52.66,-52.66
-49.03,-49.03
-53.66,-53.66
-62.0,-62.0
-65.0,-65.0
-60.22,-60.22
-55.72,-55.72
-58.5,-58.5
-65.97,-65.97
-67.91,-67.91
-61.28,-61.28
-52.97,-52.97
-51.72,-51.72
-56.5,-56.5
-57.97,-57.97
-51.91,-51.91
-44.13,-44.13
-43.19,-43.19
-48.97,-48.97
-52.47,-52.47
-47.41,-47.41
-39.66,-39.66
-38.47,-38.47
-45.03,-45.03
-51.0,-51.0
-48.94,-48.94
-41.63,-41.63
-38.63,-38.63
-42.91,-42.91
-46.66,-46.66
-42.34,-42.34
-32.31,-32.31
-26.09,-26.09
-28.22,-28.22
-32.06,-32.06
-28.84,-28.84
-19.16,-19.16
-12.56,-12.56
-15.03,-15.03
-20.47,-20.47
-19.37,-19.37
-10.5,-10.5
-2.75,-2.75
-3.28,-3.28
-8.31,-8.31
-8.06,-8.06
-0.06,-0.06
8.13,8.13
8.23,8.23
3.34,3.34
2.98,2.98
11.14,11.14
20.97,20.97
24.45,24.45
22.66,22.66
24.61,24.61
33.8,33.8
43.66,43.66
44.66,44.66
36.64,36.64
29.7,29.7
30.31,30.31
33.67,33.67
30.23,30.23
18.08,18.08
5.53,5.53
-0.39,-0.39
-3.02,-3.02
-10.88,-10.88
-26.16,-26.16
-40.8,-40.8
-46.55,-46.55
-45.98,-45.98
-47.92,-47.92
-56.58,-56.58
-65.41,-65.41
-65.37,-65.37
-57.61,-57.61
-51.39,-51.39
-51.97,-51.97
-54.55,-54.55
-50.33,-50.33
-39.66,-39.66
-31.56,-31.56
-32.55,-32.55
-38.02,-38.02
-38.17,-38.17
-31.08,-31.08
-24.8,-24.8
-26.56,-26.56
-33.31,-33.31
-35.73,-35.73
-30.39,-30.39
-24.59,-24.59
-25.84,-25.84
-32.32,-32.32
-34.48,-34.48
-27.88,-27.88
-18.83,-18.83
-16.11,-16.11
-19.66,-19.66
-20.67,-20.67
-14.43,-14.43
-6.23,-6.23
-5.12,-5.12
-11.51,-11.51
-16.84,-16.84
-14.37,-14.37
-8.42,-8.42
-7.77,-7.77
-14.63,-14.63
-20.42,-20.42
-18.16,-18.16
-10.67,-10.67
-7.49,-7.49
-12.59,-12.59
-18.89,-18.89
-17.88,-17.88
-10.63,-10.63
-6.19,-6.19
-10.04,-10.04
-16.86,-16.86
-17.11,-17.11
-10.35,-10.35
-5.41,-5.41
-9.01,-9.01
-17.07,-17.07
-19.56,-19.56
-14.53,-14.53
-9.28,-9.28
-11.34,-11.34
-17.37,-17.37
-17.85,-17.85
-9.56,-9.56
0.39,0.39
3.51,3.51
0.09,0.09
-1.04,-1.04
4.59,4.59
11.67,11.67
11.18,11.18
3.44,3.44
-2.22,-2.22
0.41,0.41
7.02,7.02
7.82,7.82
2.12,2.12
-2.55,-2.55
1.09,1.09
9.2,9.2
12.47,12.47
7.72,7.72
1.76,1.76
2.09,2.09
6.69,6.69
6.73,6.73
-1.48,-1.48
-10.6,-10.6
-12.15,-12.15
-6.18,-6.18
-1.52,-1.52
-3.88,-3.88
-7.99,-7.99
-4.81,-4.81
5.59,5.59
14.41,14.41
14.64,14.64
10.61,10.61
11.63,11.63
20.12,20.12
28.28,28.28
28.87,28.87
23.95,23.95
23.08,23.08
29.2,29.2
36.02,36.02
35.52,35.52
29.5,29.5
27.3,27.3
34.11,34.11
43.11,43.11
45.77,45.77
41.64,41.64
39.55,39.55
45.47,45.47
54.33,54.33
57.09,57.09
52.58,52.58
49.59,49.59
54.39,54.39
63.38,63.38
66.52,66.52
61.38,61.38
55.02,55.02
54.97,54.97
59.16,59.16
59.3,59.3
51.41,51.41
41.63,41.63
37.88,37.88
37.94,37.94
31.75,31.75
13.84,13.84
-9.91,-9.91
-30.66,-30.66
-47.75,-47.75
-69.66,-69.66
-101.87,-101.87
-140.25,-140.25
-175.78,-175.78
-205.19,-205.19
-229.81,-229.81
-251.44,-251.44
-267.56,-267.56
-275.25,-275.25
-273.06,-273.06
-262.37,-262.37
-247.0,-247.0
-230.19,-230.19
-215.03,-215.03
-201.97,-201.97
-189.0,-189.0
-167.12,-167.12
-119.91,-119.91
-30.87,-30.87
103.62,103.62
269.59,269.59
441.78,441.78
593.59,593.59
702.16,702.16
746.87,746.87
712.81,712.81
599.97,599.97
429.56,429.56
236.91,236.91
55.22,55.22
-94.06,-94.06
-199.75,-199.75
-258.66,-258.66
-276.75,-276.75
-266.12,-266.12
-241.56,-241.56
-215.69,-215.69
-195.53,-195.53
-183.03,-183.03
-175.84,-175.84
-170.94,-170.94
-165.59,-165.59
-158.25,-158.25
-148.69,-148.69
-138.19,-138.19
-127.78,-127.78
-117.94,-117.94
-108.94,-108.94
-101.0,-101.0
-93.34,-93.34
-86.0,-86.0
-78.47,-78.47
-71.0,-71.0
-63.34,-63.34
-55.97,-55.97
-48.69,-48.69
-41.69,-41.69
-35.0,-35.0
-28.37,-28.37
-21.81,-21.81
-15.56,-15.56
-9.56,-9.56
-3.44,-3.44
2.44,2.44
8.19,8.19
13.69,13.69
19.12,19.12
24.5,24.5
29.62,29.62
34.63,34.63
39.38,39.38
44.06,44.06
48.94,48.94
53.25,53.25
57.81,57.81
61.81,61.81
66.0,66.0
69.62,69.62
73.44,73.44
77.25,77.25
80.75,80.75
84.25,84.25
87.62,87.62
90.75,90.75
94.06,94.06
96.87,96.87
99.87,99.87
102.56,102.56
105.5,105.5
107.81,107.81
110.44,110.44
112.69,112.69
115.19,115.19
117.19,117.19
119.37,119.37
121.25,121.25
123.31,123.31
124.87,124.87
126.69,126.69
128.31,128.31
129.87,129.87
131.31,131.31
132.69,132.69
133.94,133.94
135.12,135.12
136.19,136.19
137.37,137.37
138.19,138.19
139.19,139.19
139.87,139.87
140.62,140.62
141.25,141.25
141.87,141.87
142.44,142.44
142.81,142.81
143.25,143.25
143.56,143.56
143.94,143.94
144.12,144.12
144.31,144.31
144.31,144.31
144.19,144.19
144.06,144.06
143.87,143.87
143.69,143.69
143.5,143.5
143.12,143.12
143.0,143.0
142.62,142.62
142.31,142.31
141.75,141.75
141.06,141.06
140.37,140.37
139.62,139.62
138.87,138.87
138.25,138.25
137.5,137.5
136.69,136.69
135.94,135.94
135.0,135.0
134.06,134.06
133.06,133.06
132.0,132.0
131.0,131.0
129.87,129.87
128.75,128.75
127.62,127.62
126.5,126.5
125.19,125.19
124.06,124.06
122.75,122.75
121.44,121.44
120.12,120.12
118.69,118.69
117.37,117.37
115.94,115.94
114.5,114.5
113.06,113.06
111.56,111.56
110.12,110.12
108.56,108.56
107.06,107.06
105.44,105.44
103.87,103.87
102.25,102.25
100.69,100.69
99.06,99.06
97.37,97.37
95.75,95.75
94.0,94.0
92.44,92.44
90.69,90.69
89.0,89.0
87.28,87.28
85.44,85.44
83.72,83.72
82.0,82.0
80.19,80.19
78.34,78.34
76.66,76.66
74.84,74.84
73.03,73.03
71.22,71.22
69.41,69.41
67.62,67.62
65.78,65.78
63.94,63.94
62.16,62.16
60.31,60.31
58.44,58.44
56.63,56.63
54.81,54.81
52.97,52.97
51.09,51.09
49.34,49.34
47.44,47.44
45.63,45.63
43.78,43.78
42.0,42.0
40.13,40.13
38.34,38.34
36.53,36.53
34.69,34.69
32.88,32.88
31.16,31.16
29.41,29.41
27.95,27.95
27.12,27.12
27.11,27.11
27.34,27.34
28.69,28.69
37.02,37.02
61.45,61.45
105.92,105.92
162.52,162.52
216.69,216.69
260.66,260.66
298.5,298.5
337.81,337.81
377.55,377.55
408.53,408.53
424.8,424.8
431.11,431.11
436.92,436.92
444.92,444.92
449.23,449.23
444.92,444.92
435.84,435.84
429.89,429.89
428.57,428.57
425.19,425.19
414.15,414.15
399.34,399.34
390.28,390.28
390.63,390.63
393.98,393.98
391.98,391.98
383.77,383.77
375.5,375.5
370.87,370.87
365.86,365.86
354.59,354.59
338.19,338.19
324.12,324.12
316.66,316.66
311.3,311.3
300.47,300.47
283.87,283.87
268.72,268.72
259.87,259.87
252.72,252.72
238.22,238.22
214.12,214.12
187.72,187.72
166.84,166.84
150.69,150.69
131.87,131.87
107.34,107.34
82.5,82.5
63.88,63.88
49.25,49.25
29.81,29.81
1.12,1.12
-30.31,-30.31
-54.25,-54.25
-68.75,-68.75
-81.06,-81.06
-97.94,-97.94
-116.56,-116.56
-129.56,-129.56
-136.12,-136.12
-144.37,-144.37
-161.81,-161.81
-186.75,-186.75
-210.75,-210.75
-228.94,-228.94
-244.31,-244.31
-260.06,-260.06
-271.44,-271.44
-270.31,-270.31
-256.12,-256.12
-239.5,-239.5
-232.87,-232.87
-238.12,-238.12
-246.37,-246.37
-250.37,-250.37
-252.75,-252.75
-260.62,-260.62
-273.62,-273.62
-282.87,-282.87
-282.25,-282.25
-275.12,-275.12
-270.37,-270.37
-270.87,-270.87
-269.87,-269.87
-260.87,-260.87
-247.37,-247.37
-239.62,-239.62
-241.62,-241.62
-246.25,-246.25
-244.25,-244.25
-236.0,-236.0
-230.37,-230.37
-233.37,-233.37
-240.5,-240.5
-243.12,-243.12
-239.75,-239.75
-237.5,-237.5
-242.62,-242.62
-250.5,-250.5
-252.12,-252.12
-245.5,-245.5
-238.0,-238.0
-237.62,-237.62
-243.5,-243.5
-248.5,-248.5
-249.25,-249.25
-249.12,-249.12
-253.12,-253.12
-260.37,-260.37
-265.62,-265.62
-266.87,-266.87
-267.75,-267.75
-273.62,-273.62
-284.12,-284.12
-292.5,-292.5
-295.0,-295.0
-294.75,-294.75
-297.12,-297.12
-304.0,-304.0
-310.12,-310.12
-311.5,-311.5
-311.12,-311.12
-315.37,-315.37
-325.62,-325.62
-335.12,-335.12
-337.25,-337.25
-334.12,-334.12
-333.62,-333.62
-339.87,-339.87
-348.0,-348.0
-350.12,-350.12
-345.25,-345.25
-341.5,-341.5
-344.12,-344.12
-349.75,-349.75
-350.25,-350.25
-343.75,-343.75
-335.37,-335.37
-331.37,-331.37
-331.12,-331.12
-330.0,-330.0
-325.37,-325.37
-320.25,-320.25
-317.62,-317.62
-317.0,-317.0
-315.75,-315.75
-313.25,-313.25
-311.25,-311.25
-312.25,-312.25
-315.37,-315.37
-316.87,-316.87
-315.5,-315.5
-312.37,-312.37
-311.37,-311.37
-312.75,-312.75
-313.62,-313.62
-312.0,-312.0
-310.0,-310.0
-311.25,-311.25
-316.37,-316.37
-320.25,-320.25
-319.0,-319.0
-314.5,-314.5
-313.75,-313.75
-319.12,-319.12
-325.75,-325.75
-326.75,-326.75
-321.87,-321.87
-319.75,-319.75
-326.37,-326.37
-337.12,-337.12
-343.75,-343.75
-343.0,-343.0
-342.75,-342.75
-349.87,-349.87
-362.12,-362.12
-370.75,-370.75
-371.0,-371.0
-369.0,-369.0
-372.37,-372.37
-381.12,-381.12
-386.87,-386.87
-385.12,-385.12
-380.87,-380.87
-382.37,-382.37
-389.37,-389.37
-393.62,-393.62
-389.12,-389.12
-379.75,-379.75
-376.0,-376.0
-380.0,-380.0
-385.25,-385.25
-384.5,-384.5
-379.25,-379.25
-378.37,-378.37
-386.25,-386.25
-396.75,-396.75
-401.12,-401.12
-399.62,-399.62
-401.12,-401.12
-411.75,-411.75
-427.75,-427.75
-441.75,-441.75
-455.25,-455.25
-479.62,-479.62
-525.0,-525.0
-588.75,-588.75
-654.87,-654.87
-700.37,-700.37
-709.87,-709.87
-675.62,-675.62
-600.5,-600.5
-492.5,-492.5
-372.0,-372.0
-264.5,-264.5
-186.94,-186.94
-138.06,-138.06
-102.12,-102.12
-64.5,-64.5
-23.69,-23.69
13.75,13.75
45.81,45.81
77.62,77.62
112.12,112.12
141.31,141.31
156.12,156.12
155.37,155.37
150.56,150.56
153.25,153.25
162.94,162.94
172.0,172.0
174.94,174.94
177.84,177.84
189.19,189.19
205.87,205.87
216.91,216.91
216.81,216.81
210.66,210.66
209.53,209.53
214.91,214.91
217.69,217.69
210.91,210.91
200.66,200.66
196.47,196.47
201.8,201.8
207.03,207.03
204.7,204.7
196.86,196.86
194.56,194.56
202.74,202.74
215.83,215.83
222.76,222.76
223.59,223.59
225.88,225.88
234.62,234.62
241.74,241.74
238.27,238.27
225.28,225.28
216.38,216.38
219.54,219.54
229.62,229.62
234.09,234.09
228.97,228.97
223.36,223.36
225.78,225.78
233.14,233.14
232.39,232.39
220.11,220.11
205.91,205.91
202.33,202.33
208.22,208.22
212.06,212.06
205.81,205.81
195.09,195.09
190.44,190.44
192.81,192.81
191.09,191.09
178.91,178.91
161.78,161.78
152.31,152.31
152.37,152.37
151.94,151.94
140.97,140.97
125.59,125.59
116.81,116.81
118.62,118.62
121.37,121.37
114.12,114.12
99.37,99.37
90.75,90.75
94.69,94.69
103.12,103.12
104.44,104.44
97.69,97.69
94.56,94.56
101.87,101.87
112.12,112.12
114.31,114.31
107.37,107.37
103.06,103.06
110.75,110.75
124.37,124.37
131.81,131.81
128.19,128.19
123.56,123.56
127.94,127.94
139.81,139.81
146.0,146.0
141.62,141.62
135.81,135.81
139.0,139.0
150.12,150.12
157.62,157.62
153.56,153.56
146.0,146.0
146.0,146.0
153.94,153.94
158.31,158.31
151.62,151.62
140.94,140.94
138.87,138.87
149.25,149.25
162.06,162.06
167.25,167.25
168.25,168.25
175.87,175.87
194.75,194.75
214.0,214.0
222.12,222.12
220.0,220.0
220.37,220.37
229.25,229.25
239.62,239.62
240.25,240.25
231.75,231.75
226.87,226.87
233.62,233.62
246.62,246.62
253.0,253.0
249.37,249.37
247.12,247.12
253.87,253.87
266.0,266.0
271.12,271.12
266.0,266.0
262.5,262.5
270.37,270.37
286.25,286.25
296.87,296.87
296.37,296.37
292.75,292.75
297.25,297.25
308.12,308.12
313.25,313.25
304.87,304.87
290.5,290.5
282.25,282.25
280.5,280.5
275.25,275.25
259.5,259.5
238.87,238.87
226.37,226.37
224.5,224.5
222.5,222.5
211.12,211.12
192.25,192.25
177.5,177.5
170.37,170.37
162.25,162.25
144.25,144.25
119.75,119.75
102.62,102.62
98.5,98.5
100.0,100.0
94.5,94.5
82.5,82.5
74.0,74.0
76.12,76.12
81.75,81.75
79.87,79.87
69.87,69.87
63.5,63.5
68.75,68.75
80.37,80.37
86.37,86.37
82.75,82.75
79.75,79.75
86.75,86.75
101.62,101.62
110.87,110.87
109.0,109.0
103.62,103.62
104.87,104.87
111.5,111.5
112.5,112.5
103.12,103.12
90.75,90.75
88.37,88.37
96.12,96.12
101.75,101.75
94.87,94.87
82.0,82.0
73.25,73.25
72.0,72.0
67.75,67.75
51.63,51.63
28.62,28.62
12.25,12.25
6.12,6.12
0.5,0.5
-14.63,-14.63
-37.5,-37.5
-55.25,-55.25
-62.88,-62.88
-67.25,-67.25
-79.75,-79.75
-99.5,-99.5
-114.12,-114.12
-115.62,-115.62
-110.5,-110.5
-111.87,-111.87
-121.87,-121.87
-128.12,-128.12
-122.87,-122.87
-110.12,-110.12
-102.5,-102.5
-103.37,-103.37
-101.87,-101.87
-87.25,-87.25
-63.25,-63.25
-46.0,-46.0
-42.38,-42.38
-43.25,-43.25
-36.13,-36.13
-19.5,-19.5
-7.12,-7.12
-5.87,-5.87
-8.5,-8.5
-2.25,-2.25
14.5,14.5
30.12,30.12
33.63,33.63
31.5,31.5
37.38,37.38
57.25,57.25
80.0,80.0
93.87,93.87
100.75,100.75
113.0,113.0
135.12,135.12
156.5,156.5
164.12,164.12
160.75,160.75
160.87,160.87
173.37,173.37
190.25,190.25
198.0,198.0
194.12,194.12
192.25,192.25
202.0,202.0
216.5,216.5
220.75,220.75
212.0,212.0
202.37,202.37
204.25,204.25
214.06,214.06
217.31,217.31
209.44,209.44
201.12,201.12
205.87,205.87
220.5,220.5
230.0,230.0
224.37,224.37
213.25,213.25
211.19,211.19
219.62,219.62
224.44,224.44
217.69,217.69
206.0,206.0
204.87,204.87
216.69,216.69
227.37,227.37
224.94,224.94
214.0,214.0
211.12,211.12
220.75,220.75
231.75,231.75
232.06,232.06
224.37,224.37
224.25,224.25
239.56,239.56
259.69,259.69
269.37,269.37
268.94,268.94
271.44,271.44
285.12,285.12
300.94,300.94
304.0,304.0
292.5,292.5
279.56,279.56
277.0,277.0
279.37,279.37
273.94,273.94
256.75,256.75
238.44,238.44
229.25,229.25
225.12,225.12
213.0,213.0
188.69,188.69
164.12,164.12
152.19,152.19
150.62,150.62
143.81,143.81
123.78,123.78
99.41,99.41
86.5,86.5
85.94,85.94
83.87,83.87
69.56,69.56
48.88,48.88
36.59,36.59
36.44,36.44
36.53,36.53
25.12,25.12
6.31,6.31
-5.56,-5.56
-6.09,-6.09
-7.37,-7.37
-21.64,-21.64
-46.28,-46.28
-66.17,-66.17
-73.12,-73.12
-76.02,-76.02
-89.36,-89.36
-111.56,-111.56
-130.55,-130.55
-137.35,-137.35
-140.06,-140.06
-152.23,-152.23
-175.26,-175.26
-196.06,-196.06
-204.63,-204.63
-206.6,-206.6
-215.52,-215.52
-236.32,-236.32
-257.4,-257.4
-266.25,-266.25
-267.47,-267.47
-273.65,-273.65
-290.22,-290.22
-307.1,-307.1
-311.78,-311.78
-306.87,-306.87
-304.96,-304.96
-313.53,-313.53
-324.46,-324.46
-325.25,-325.25
-316.97,-316.97
-312.23,-312.23
-320.48,-320.48
-333.11,-333.11
-335.58,-335.58
-324.97,-324.97
-314.91,-314.91
-317.39,-317.39
-328.8,-328.8
-336.06,-336.06
-333.7,-333.7
-333.3,-333.3
-345.37,-345.37
-365.78,-365.78
-378.44,-378.44
-375.91,-375.91
-369.37,-369.37
-374.34,-374.34
-392.19,-392.19
-407.81,-407.81
-409.25,-409.25
-402.09,-402.09
-399.97,-399.97
-404.78,-404.78
-399.0,-399.0
-364.19,-364.19
-297.66,-297.66
-212.19,-212.19
-120.97,-120.97
-27.56,-27.56
66.25,66.25
146.69,146.69
195.62,195.62
210.06,210.06
207.87,207.87
210.66,210.66
222.87,222.87
231.72,231.72
226.44,226.44
213.16,213.16
205.47,205.47
204.81,204.81
198.41,198.41
175.78,175.78
145.31,145.31
123.09,123.09
115.09,115.09
108.87,108.87
91.94,91.94
67.91,67.91
51.34,51.34
47.66,47.66
46.25,46.25
34.88,34.88
15.56,15.56
2.69,2.69
2.69,2.69
5.44,5.44
-4.12,-4.12
-25.81,-25.81
-46.06,-46.06
-54.84,-54.84
-59.31,-59.31
-72.97,-72.97
-98.25,-98.25
-122.53,-122.53
-135.09,-135.09
-140.25,-140.25
-151.09,-151.09
-171.06,-171.06
-188.81,-188.81
-192.87,-192.87
-187.12,-187.12
-185.41,-185.41
-193.41,-193.41
-201.56,-201.56
-197.62,-197.62
-183.19,-183.19
-171.12,-171.12
-169.34,-169.34
-169.87,-169.87
-161.31,-161.31
-143.56,-143.56
-129.75,-129.75
-127.75,-127.75
-130.75,-130.75
-124.75,-124.75
-107.25,-107.25
-89.62,-89.62
-83.37,-83.37
-85.25,-85.25
-83.56,-83.56
-73.87,-73.87
-64.25,-64.25
-63.44,-63.44
-67.94,-67.94
-66.31,-66.31
-55.25,-55.25
-45.5,-45.5
-50.56,-50.56
-69.87,-69.87
-90.19,-90.19
-100.62,-100.62
-104.87,-104.87
-112.12,-112.12
-123.06,-123.06
-127.81,-127.81
-120.81,-120.81
-111.56,-111.56
-116.12,-116.12
-138.12,-138.12
-165.69,-165.69
-186.25,-186.25
-202.56,-202.56
-226.94,-226.94
-264.03,-264.03
-303.78,-303.78
-334.12,-334.12
-356.37,-356.37
-383.37,-383.37
-422.06,-422.06
-462.84,-462.84
-490.44,-490.44
-500.44,-500.44
-499.53,-499.53
-495.31,-495.31
-487.81,-487.81
-473.28,-473.28
-452.59,-452.59
-432.25,-432.25
-416.03,-416.03
-397.41,-397.41
-366.62,-366.62
-323.34,-323.34
-279.41,-279.41
-246.81,-246.81
-221.97,-221.97
-190.59,-190.59
-146.72,-146.72
-101.72,-101.72
-70.87,-70.87
-54.53,-54.53
-38.59,-38.59
-12.78,-12.78
16.78,16.78
36.56,36.56
45.69,45.69
57.94,57.94
84.84,84.84
121.73,121.73
153.02,153.02
173.23,173.23
192.5,192.5
221.81,221.81
256.33,256.33
279.97,279.97
284.87,284.87
281.42,281.42
283.47,283.47
290.97,290.97
289.59,289.59
270.92,270.92
243.65,243.65
223.33,223.33
211.91,211.91
195.82,195.82
164.59,164.59
126.38,126.38
99.25,99.25
89.59,89.59
86.27,86.27
77.21,77.21
66.96,66.96
71.06,71.06
96.61,96.61
131.15,131.15
157.62,157.62
174.81,174.81
195.08,195.08
225.13,225.13
253.62,253.62
263.31,263.31
253.37,253.37
239.49,239.49
235.45,235.45
234.9,234.9
221.58,221.58
191.6,191.6
159.61,159.61
141.38,141.38
132.81,132.81
116.54,116.54
87.9,87.9
63.51,63.51
64.09,64.09
90.14,90.14
123.7,123.7
151.69,151.69
182.14,182.14
230.79,230.79
296.46,296.46
358.48,358.48
399.13,399.13
420.11,420.11
434.57,434.57
449.34,449.34
460.66,460.66
461.8,461.8
453.62,453.62
441.18,441.18
427.3,427.3
407.23,407.23
376.28,376.28
339.55,339.55
310.36,310.36
290.14,290.14
260.56,260.56
200.21,200.21
111.63,111.63
22.6,22.6
-44.63,-44.63
-100.23,-100.23
-169.07,-169.07
-251.75,-251.75
-313.13,-313.13
-318.91,-318.91
-278.84,-278.84
-236.84,-236.84
-217.44,-217.44
-194.18,-194.18
-125.36,-125.36
-8.64,-8.64
111.51,111.51
194.05,194.05
235.8,235.8
258.13,258.13
276.23,276.23
290.86,290.86
297.57,297.57
297.17,297.17
293.24,293.24
288.29,288.29
281.34,281.34
271.41,271.41
259.29,259.29
247.48,247.48
236.0,236.0
221.34,221.34
200.02,200.02
177.37,177.37
161.65,161.65
153.55,153.55
138.25,138.25
100.58,100.58
47.47,47.47
8.34,8.34
4.08,4.08
23.59,23.59
37.69,37.69
32.64,32.64
21.89,21.89
22.72,22.72
32.55,32.55
35.28,35.28
24.48,24.48
12.05,12.05
10.7,10.7
14.13,14.13
3.5,3.5
-26.25,-26.25
-55.5,-55.5
-62.72,-62.72
-54.59,-54.59
-62.56,-62.56
-105.94,-105.94
-161.37,-161.37
-189.06,-189.06
-181.72,-181.72
-177.41,-177.41
-212.09,-212.09
-270.22,-270.22
-301.0,-301.0
-283.69,-283.69
-257.75,-257.75
-273.53,-273.53
-325.62,-325.62
-358.41,-358.41
-339.87,-339.87
-303.69,-303.69
-306.03,-306.03
-351.09,-351.09
-384.16,-384.16
-362.12,-362.12
-309.47,-309.47
-285.03,-285.03
-305.5,-305.5
-325.0,-325.0
-299.0,-299.0
-243.94,-243.94
-215.87,-215.87
-237.03,-237.03
-266.69,-266.69
-256.03,-256.03
-211.69,-211.69
-185.5,-185.5
-204.75,-204.75
-235.78,-235.78
-229.25,-229.25
-184.5,-184.5
-150.37,-150.37
-160.53,-160.53
-189.09,-189.09
-187.59,-187.59
-147.34,-147.34
-111.94,-111.94
-117.56,-117.56
-146.16,-146.16
-148.69,-148.69
-111.44,-111.44
-72.0,-72.0
-70.69,-70.69
-96.34,-96.34
-103.53,-103.53
-72.37,-72.37
-36.0,-36.0
-35.19,-35.19
-64.12,-64.12
-78.81,-78.81
-55.06,-55.06
-22.31,-22.31
-23.84,-23.84
-59.59,-59.59
-85.03,-85.03
-69.69,-69.69
-37.0,-37.0
-33.38,-33.38
-67.0,-67.0
-97.81,-97.81
-90.81,-90.81
-61.91,-61.91
-58.47,-58.47
-95.56,-95.56
-135.06,-135.06
-136.41,-136.41
-106.25,-106.25
-89.34,-89.34
-106.56,-106.56
-128.12,-128.12
-113.19,-113.19
-65.66,-65.66
-30.78,-30.78
-36.72,-36.72
-59.38,-59.38
-55.03,-55.03
-18.5,-18.5
11.48,11.48
3.42,3.42
-24.81,-24.81
-30.03,-30.03
-1.95,-1.95
23.11,23.11
10.95,10.95
-24.59,-24.59
-38.31,-38.31
-13.41,-13.41
16.03,16.03
10.44,10.44
-24.09,-24.09
-43.31,-43.31
-24.09,-24.09
4.19,4.19
-1.78,-1.78
-41.19,-41.19
-70.48,-70.48
-60.5,-60.5
-34.86,-34.86
-40.19,-40.19
-83.45,-83.45
-123.33,-123.33
-123.3,-123.3
-99.27,-99.27
-97.7,-97.7
-132.11,-132.11
-164.2,-164.2
-154.22,-154.22
-113.8,-113.8
-91.23,-91.23
-108.62,-108.62
-132.32,-132.32
-117.04,-117.04
-66.63,-66.63
-28.67,-28.67
-31.55,-31.55
-46.65,-46.65
-25.36,-25.36
34.75,34.75
85.79,85.79
88.86,88.86
64.39,64.39
62.89,62.89
99.63,99.63
135.53,135.53
131.33,131.33
99.89,99.89
90.23,90.23
121.14,121.14
157.5,157.5
154.76,154.76
120.52,120.52
103.57,103.57
131.52,131.52
175.68,175.68
189.91,189.91
169.74,169.74
155.73,155.73
179.07,179.07
224.67,224.67
254.07,254.07
253.91,253.91
247.47,247.47
259.05,259.05
283.73,283.73
297.4,297.4
290.88,290.88
279.16,279.16
279.47,279.47
288.0,288.0
287.41,287.41
272.28,272.28
256.0,256.0
252.83,252.83
258.39,258.39
255.37,255.37
237.09,237.09
217.69,217.69
212.42,212.42
217.94,217.94
216.61,216.61
199.52,199.52
179.3,179.3
172.73,172.73
177.7,177.7
173.11,173.11
146.27,146.27
110.91,110.91
93.36,93.36
96.94,96.94
95.23,95.23
63.28,63.28
12.86,12.86
-17.86,-17.86
-13.29,-13.29
-3.27,-3.27
-28.08,-28.08
-82.41,-82.41
-120.48,-120.48
-115.19,-115.19
-95.93,-95.93
-111.33,-111.33
-167.57,-167.57
-217.27,-217.27
-220.49,-220.49
-193.64,-193.64
-187.52,-187.52
-219.91,-219.91
-252.98,-252.98
-246.2,-246.2
-210.96,-210.96
-196.5,-196.5
-223.65,-223.65
-258.51,-258.51
-256.52,-256.52
-222.0,-222.0
-202.27,-202.27
-223.68,-223.68
-255.87,-255.87
-248.23,-248.23
-196.11,-196.11
-145.45,-145.45
-132.22,-132.22
-140.09,-140.09
-124.37,-124.37
-77.78,-77.78
-45.09,-45.09
-65.2,-65.2
-123.12,-123.12
-169.0,-169.0
-181.42,-181.42
-190.7,-190.7
-231.37,-231.37
-295.64,-295.64
-346.28,-346.28
-360.39,-360.39
-354.83,-354.83
-354.77,-354.77
-360.14,-360.14
-349.92,-349.92
-315.23,-315.23
-276.81,-276.81
-261.22,-261.22
-262.2,-262.2
-247.41,-247.41
-196.45,-196.45
-132.44,-132.44
-95.98,-95.98
-93.09,-93.09
-85.73,-85.73
-38.16,-38.16
32.0,32.0
74.47,74.47
72.34,72.34
68.19,68.19
113.06,113.06
201.03,201.03
276.12,276.12
302.03,302.03
301.41,301.41
319.97,319.97
367.31,367.31
410.69,410.69
422.34,422.34
415.09,415.09
419.56,419.56
445.22,445.22
472.53,472.53
482.81,482.81
479.66,479.66
478.97,478.97
485.94,485.94
492.53,492.53
489.75,489.75
478.69,478.69
467.87,467.87
462.09,462.09
459.06,459.06
453.72,453.72
444.84,444.84
433.53,433.53
421.97,421.97
410.44,410.44
399.22,399.22
387.56,387.56
375.69,375.69
363.09,363.09
347.59,347.59
327.66,327.66
307.09,307.09
291.44,291.44
281.41,281.41
265.37,265.37
230.0,230.0
179.12,179.12
138.19,138.19
121.37,121.37
98.44,98.44
11.44,11.44
-154.5,-154.5
-328.16,-328.16
-410.44,-410.44
-378.66,-378.66
-309.84,-309.84
-288.37,-288.37
-313.05,-313.05
-317.2,-317.2
-271.53,-271.53
-226.22,-226.22
-239.8,-239.8
-294.22,-294.22
-311.84,-311.84
-257.75,-257.75
-186.62,-186.62
-172.36,-172.36
-212.22,-212.22
-232.16,-232.16
-185.39,-185.39
-114.53,-114.53
-95.03,-95.03
-137.22,-137.22
-173.73,-173.73
-146.89,-146.89
-83.03,-83.03
-56.73,-56.73
-94.17,-94.17
-139.5,-139.5
-128.39,-128.39
-71.61,-71.61
-40.34,-40.34
-74.36,-74.36
-129.55,-129.55
-134.97,-134.97
-84.81,-84.81
-46.61,-46.61
-76.23,-76.23
-149.09,-149.09
-189.02,-189.02
-159.53,-159.53
-102.05,-102.05
-81.83,-81.83
-113.77,-113.77
-160.91,-160.91
-186.34,-186.34
-187.77,-187.77
-179.41,-179.41
-159.08,-159.08
-108.67,-108.67
-26.47,-26.47
58.75,58.75
114.69,114.69
139.08,139.08
159.73,159.73
197.44,197.44
241.75,241.75
269.87,269.87
278.72,278.72
288.92,288.92
318.25,318.25
359.5,359.5
391.83,391.83
403.8,403.8
401.59,401.59
395.84,395.84
389.36,389.36
377.86,377.86
361.41,361.41
346.3,346.3
338.28,338.28
333.78,333.78
324.03,324.03
306.06,306.06
287.95,287.95
276.98,276.98
271.31,271.31
260.91,260.91
242.06,242.06
222.84,222.84
213.02,213.02
209.24,209.24
198.73,198.73
174.03,174.03
145.28,145.28
128.52,128.52
126.9,126.9
124.52,124.52
107.14,107.14
80.41,80.41
62.91,62.91
62.3,62.3
62.45,62.45
45.33,45.33
14.36,14.36
-6.82,-6.82
-6.07,-6.07
-0.06,-0.06
-13.62,-13.62
-47.54,-47.54
-76.65,-76.65
-81.74,-81.74
-74.01,-74.01
-80.34,-80.34
-107.36,-107.36
-133.61,-133.61
-137.6,-137.6
-127.03,-127.03
-128.05,-128.05
-151.77,-151.77
-178.27,-178.27
-184.49,-184.49
-173.38,-173.38
-170.84,-170.84
-191.3,-191.3
-217.05,-217.05
-222.28,-222.28
-206.67,-206.67
-195.44,-195.44
-206.27,-206.27
-226.72,-226.72
-230.44,-230.44
-213.09,-213.09
-197.64,-197.64
-204.53,-204.53
-223.59,-223.59
-226.94,-226.94
-204.72,-204.72
-175.42,-175.42
-161.11,-161.11
-157.67,-157.67
-141.47,-141.47
-103.91,-103.91
-65.42,-65.42
-52.27,-52.27
-61.48,-61.48
-66.36,-66.36
-46.67,-46.67
-11.17,-11.17
16.52,16.52
29.45,29.45
40.77,40.77
61.45,61.45
80.47,80.47
79.78,79.78
59.09,59.09
40.06,40.06
39.75,39.75
50.38,50.38
49.94,49.94
31.0,31.0
10.69,10.69
7.09,7.09
15.53,15.53
13.38,13.38
-9.75,-9.75
-38.16,-38.16
-48.81,-48.81
-43.88,-43.88
-46.47,-46.47
-72.53,-72.53
-108.31,-108.31
-127.78,-127.78
-126.06,-126.06
-124.81,-124.81
-142.06,-142.06
-168.16,-168.16
-179.47,-179.47
-169.16,-169.16
-156.41,-156.41
-163.25,-163.25
-184.5,-184.5
-196.03,-196.03
-186.44,-186.44
-172.91,-172.91
-178.97,-178.97
-200.94,-200.94
-215.19,-215.19
-206.75,-206.75
-190.37,-190.37
-191.62,-191.62
-211.34,-211.34
-224.34,-224.34
-212.69,-212.69
-188.09,-188.09
-176.22,-176.22
-184.41,-184.41
-192.0,-192.0
-178.0,-178.0
-152.09,-152.09
-141.41,-141.41
-154.28,-154.28
-171.03,-171.03
-166.59,-166.59
-144.69,-144.69
-131.44,-131.44
-141.28,-141.28
-156.03,-156.03
-152.12,-152.12
-129.72,-129.72
-116.03,-116.03
-127.91,-127.91
-151.69,-151.69
-160.22,-160.22
-150.62,-150.62
-150.12,-150.12
-178.59,-178.59
-214.78,-214.78
-219.09,-219.09
-187.36,-187.36
-167.86,-167.86
-200.03,-200.03
-257.36,-257.36
-266.64,-266.64
-201.3,-201.3
-121.52,-121.52
-100.94,-100.94
-139.05,-139.05
-161.28,-161.28
-115.78,-115.78
-34.19,-34.19
12.67,12.67
1.61,1.61
-24.87,-24.87
-33.09,-33.09
-43.73,-43.73
-99.78,-99.78
-207.3,-207.3
-327.3,-327.3
-416.16,-416.16
-461.14,-461.14
-472.14,-472.14
-465.97,-465.97
-453.28,-453.28
-439.15,-439.15
-425.57,-425.57
-411.56,-411.56
-396.11,-396.11
-379.24,-379.24
-360.97,-360.97
-342.81,-342.81
-324.77,-324.77
-307.34,-307.34
-290.52,-290.52
-274.81,-274.81
-259.71,-259.71
-244.2,-244.2
-229.3,-229.3
-214.5,-214.5
-199.8,-199.8
-185.45,-185.45
-171.22,-171.22
-157.58,-157.58
-144.05,-144.05
-130.86,-130.86
-118.03,-118.03
-105.55,-105.55
-93.16,-93.16
-80.87,-80.87
-69.19,-69.19
-57.58,-57.58
-46.09,-46.09
-34.94,-34.94
-24.16,-24.16
-13.44,-13.44
-3.09,-3.09
7.19,7.19
16.84,16.84
26.44,26.44
35.91,35.91
45.06,45.06
53.88,53.88
62.59,62.59
71.22,71.22
79.5,79.5
87.72,87.72
95.56,95.56
103.06,103.06
110.75,110.75
117.87,117.87
124.87,124.87
131.81,131.81
138.44,138.44
144.94,144.94
151.19,151.19
157.25,157.25
163.31,163.31
169.0,169.0
174.37,174.37
179.94,179.94
184.94,184.94
190.06,190.06
194.87,194.87
199.62,199.62
204.06,204.06
208.44,208.44
212.44,212.44
216.44,216.44
220.31,220.31
224.12,224.12
227.62,227.62
231.06,231.06
234.19,234.19
237.25,237.25
240.25,240.25
242.94,242.94
245.81,245.81
248.37,248.37
250.62,250.62
253.06,253.06
255.19,255.19
257.25,257.25
259.06,259.06
260.75,260.75
262.37,262.37
264.0,264.0
265.31,265.31
266.5,266.5
267.94,267.94
268.87,268.87
269.75,269.75
270.5,270.5
271.0,271.0
271.37,271.37
271.87,271.87
272.12,272.12
272.5,272.5
272.75,272.75
273.0,273.0
272.87,272.87
272.75,272.75
272.62,272.62
272.5,272.5
272.0,272.0
271.75,271.75
271.12,271.12
270.62,270.62
270.0,270.0
269.25,269.25
268.37,268.37
267.37,267.37
266.12,266.12
265.0,265.0
264.0,264.0
262.62,262.62
261.5,261.5
260.12,260.12
258.62,258.62
257.25,257.25
255.75,255.75
254.0,254.0
252.37,252.37
250.62,250.62
248.75,248.75
247.12,247.12
245.25,245.25
243.25,243.25
241.25,241.25
239.25,239.25
237.12,237.12
235.0,235.0
232.87,232.87
230.62,230.62
228.37,228.37
226.12,226.12
223.75,223.75
221.5,221.5
219.12,219.12
216.87,216.87
214.37,214.37
211.75,211.75
209.25,209.25
206.37,206.37
203.62,203.62
201.0,201.0
198.25,198.25
195.62,195.62
192.94,192.94
190.19,190.19
187.44,187.44
184.62,184.62
181.75,181.75
178.94,178.94
176.06,176.06
173.12,173.12
170.37,170.37
167.44,167.44
164.56,164.56
161.56,161.56
158.62,158.62
155.62,155.62
152.75,152.75
149.69,149.69
146.69,146.69
143.69,143.69
140.81,140.81
137.81,137.81
134.81,134.81
131.87,131.87
128.75,128.75
125.56,125.56
122.44,122.44
119.37,119.37
116.31,116.31
113.31,113.31
110.25,110.25
107.37,107.37
104.31,104.31
101.31,101.31
98.31,98.31
95.37,95.37
92.12,92.12
89.06,89.06
86.0,86.0
82.94,82.94
79.94,79.94
76.87,76.87
74.0,74.0
71.06,71.06
68.06,68.06
65.12,65.12
62.19,62.19
59.13,59.13
56.25,56.25
53.38,53.38
50.44,50.44
47.53,47.53
44.72,44.72
41.84,41.84
39.0,39.0
36.16,36.16
33.41,33.41
30.75,30.75
28.19,28.19
25.5,25.5
22.69,22.69
19.87,19.87
17.12,17.12
14.41,14.41
11.75,11.75
9.03,9.03
6.31,6.31
3.48,3.48
0.81,0.81
-1.83,-1.83
-4.39,-4.39
-6.86,-6.86
-9.36,-9.36
-11.78,-11.78
-14.25,-14.25
-16.69,-16.69
-19.09,-19.09
-21.48,-21.48
-23.91,-23.91
-26.24,-26.24
-28.55,-28.55
-30.84,-30.84
-33.09,-33.09
-35.33,-35.33
-37.54,-37.54
-39.78,-39.78
-41.94,-41.94
-44.07,-44.07
-46.17,-46.17
-48.31,-48.31
-50.36,-50.36
-52.39,-52.39
-54.39,-54.39
-56.41,-56.41
-58.36,-58.36
-60.28,-60.28
-62.16,-62.16
-64.09,-64.09
-65.94,-65.94
-67.75,-67.75
-69.53,-69.53
-71.28,-71.28
-73.02,-73.02
-74.66,-74.66
-76.27,-76.27
-77.86,-77.86
-79.55,-79.55
-81.19,-81.19
-82.89,-82.89
-84.53,-84.53
-86.06,-86.06
-87.34,-87.34
-87.25,-87.25
-84.16,-84.16
-76.34,-76.34
-53.31,-53.31
15.69,15.69
163.19,163.19
377.94,377.94
590.81,590.81
726.19,726.19
763.37,763.37
737.59,737.59
696.19,696.19
667.44,667.44
656.47,656.47
654.31,654.31
649.25,649.25
633.91,633.91
607.37,607.37
573.37,573.37
537.31,537.31
503.44,503.44
473.62,473.62
447.62,447.62
423.94,423.94
401.0,401.0
377.62,377.62
353.56,353.56
329.12,329.12
304.81,304.81
280.94,280.94
257.94,257.94
235.75,235.75
214.25,214.25
193.12,193.12
172.44,172.44
152.06,152.06
132.0,132.0
112.31,112.31
93.12,93.12
74.31,74.31
55.88,55.88
37.88,37.88
20.37,20.37
3.25,3.25
-13.5,-13.5
-30.0,-30.0
-45.88,-45.88
-61.63,-61.63
-76.87,-76.87
-91.75,-91.75
-106.25,-106.25
-120.5,-120.5
-134.25,-134.25
-147.75,-147.75
-160.87,-160.87
-173.62,-173.62
-186.12,-186.12
-198.25,-198.25
-210.0,-210.0
-221.37,-221.37
-232.5,-232.5
-243.37,-243.37
-254.87,-254.87
-270.62,-270.62
-292.37,-292.37
-315.0,-315.0
-330.12,-330.12
-336.37,-336.37
-349.12,-349.12
-387.75,-387.75
-448.87,-448.87
-499.0,-499.0
-510.5,-510.5
-498.62,-498.62
-510.12,-510.12
-564.37,-564.37
-621.5,-621.5
-628.75,-628.75
-579.25,-579.25
-514.87,-514.87
-474.75,-474.75
-460.37,-460.37
-449.12,-449.12
-428.0,-428.0
-404.75,-404.75
-391.75,-391.75
-390.0,-390.0
-389.75,-389.75
-384.0,-384.0
-375.0,-375.0
-367.25,-367.25
-364.25,-364.25
-364.75,-364.75
-367.0,-367.0
-369.75,-369.75
-372.25,-372.25
-374.5,-374.5
-377.0,-377.0
-379.75,-379.75
-382.5,-382.5
-385.25,-385.25
-388.0,-388.0
-390.5,-390.5
-392.75,-392.75
-394.5,-394.5
-396.0,-396.0
-397.5,-397.5
-398.75,-398.75
-400.0,-400.0
-401.0,-401.0
-401.75,-401.75
-402.5,-402.5
-403.0,-403.0
-403.5,-403.5
-403.75,-403.75
-403.75,-403.75
-403.5,-403.5
-403.5,-403.5
-403.0,-403.0
-402.5,-402.5
-401.75,-401.75
-401.0,-401.0
-400.25,-400.25
-399.0,-399.0
-398.0,-398.0
-396.75,-396.75
-395.25,-395.25
-393.75,-393.75
-392.0,-392.0
-390.5,-390.5
-388.5,-388.5
-386.5,-386.5
-384.5,-384.5
-382.25,-382.25
-380.0,-380.0
-377.75,-377.75
-375.25,-375.25
-372.5,-372.5
-369.75,-369.75
-367.25,-367.25
-364.25,-364.25
-361.5,-361.5
-358.5,-358.5
-355.5,-355.5
-352.25,-352.25
-349.0,-349.0
-345.5,-345.5
-342.25,-342.25
-338.75,-338.75
-335.25,-335.25
-331.75,-331.75
-328.0,-328.0
-324.37,-324.37
-320.5,-320.5
-316.75,-316.75
-312.87,-312.87
-309.0,-309.0
-304.87,-304.87
-300.87,-300.87
-296.75,-296.75
-292.62,-292.62
-288.37,-288.37
-284.25,-284.25
-280.12,-280.12
-275.87,-275.87
-271.5,-271.5
-267.0,-267.0
-262.5,-262.5
-258.12,-258.12
-253.62,-253.62
-249.25,-249.25
-244.87,-244.87
-240.12,-240.12
-235.75,-235.75
-231.0,-231.0
-226.37,-226.37
-222.0,-222.0
-217.62,-217.62
-213.0,-213.0
-208.62,-208.62
-210.25,-210.25
-246.75,-246.75
-355.5,-355.5
-527.62,-527.62
-697.12,-697.12
-805.0,-805.0
-853.75,-853.75
-882.5,-882.5
-917.25,-917.25
-956.12,-956.12
-984.87,-984.87
-990.37,-990.37
-969.5,-969.5
-929.75,-929.75
-881.25,-881.25
-834.12,-834.12
-793.62,-793.62
-760.5,-760.5
-732.5,-732.5
-706.75,-706.75
-680.0,-680.0
-652.0,-652.0
-622.12,-622.12
-591.37,-591.37
-561.37,-561.37
-532.5,-532.5
-504.87,-504.87
-478.37,-478.37
-452.06,-452.06
-426.44,-426.44
-401.0,-401.0
-375.19,-375.19
-350.06,-350.06
-325.62,-325.62
-301.37,-301.37
-277.78,-277.78
-254.87,-254.87
-231.62,-231.62
-209.56,-209.56
-187.66,-187.66
-165.94,-165.94
-144.89,-144.89
-124.0,-124.0
-103.3,-103.3
-83.26,-83.26
-63.89,-63.89
-44.69,-44.69
-25.66,-25.66
-7.3,-7.3
10.9,10.9
28.91,28.91
46.28,46.28
63.47,63.47
80.0,80.0
96.36,96.36
112.56,112.56
128.09,128.09
143.47,143.47
158.66,158.66
173.22,173.22
187.62,187.62
201.81,201.81
215.12,215.12
228.31,228.31
241.06,241.06
253.69,253.69
265.87,265.87
277.94,277.94
289.81,289.81
301.31,301.31
312.44,312.44
323.31,323.31
333.94,333.94
344.12,344.12
354.12,354.12
364.0,364.0
373.37,373.37
382.5,382.5
391.37,391.37
400.0,400.0
408.37,408.37
416.37,416.37
424.25,424.25
431.75,431.75
439.12,439.12
446.12,446.12
452.87,452.87
459.37,459.37
465.75,465.75
471.62,471.62
477.5,477.5
483.25,483.25
488.5,488.5
493.75,493.75
506.12,506.12
557.0,557.0
689.62,689.62
912.62,912.62
1174.75,1174.75
1398.75,1398.75
1529.75,1529.75
1555.88,1555.88
1504.0,1504.0
1417.63,1417.63
1334.63,1334.63
1276.63,1276.63
1245.88,1245.88
1233.75,1233.75
1227.5,1227.5
1216.75,1216.75
1197.5,1197.5
1171.0,1171.0
1141.0,1141.0
1110.75,1110.75
1083.25,1083.25
1059.0,1059.0
1036.75,1036.75
1015.75,1015.75
994.5,994.5
972.75,972.75
950.25,950.25
928.0,928.0
905.5,905.5
883.75,883.75
862.5,862.5
841.5,841.5
821.25,821.25
801.0,801.0
780.75,780.75
761.25,761.25
741.5,741.5
722.0,722.0
703.0,703.0
684.0,684.0
665.5,665.5
647.25,647.25
629.0,629.0
611.12,611.12
593.5,593.5
576.0,576.0
559.12,559.12
542.0,542.0
525.5,525.5
509.0,509.0
492.62,492.62
476.87,476.87
461.12,461.12
445.5,445.5
430.12,430.12
415.12,415.12
400.12,400.12
385.5,385.5
371.0,371.0
356.75,356.75
342.87,342.87
329.12,329.12
315.62,315.62
302.25,302.25
288.87,288.87
275.87,275.87
263.25,263.25
250.62,250.62
238.37,238.37
226.12,226.12
214.0,214.0
202.25,202.25
190.75,190.75
179.37,179.37
168.0,168.0
157.12,157.12
146.12,146.12
135.62,135.62
125.12,125.12
114.62,114.62
104.5,104.5
94.5,94.5
84.87,84.87
75.25,75.25
65.87,65.87
56.75,56.75
47.5,47.5
38.5,38.5
29.75,29.75
21.37,21.37
12.75,12.75
4.5,4.5
-3.44,-3.44
-11.56,-11.56
-19.37,-19.37
-26.81,-26.81
-34.5,-34.5
-41.81,-41.81
-48.81,-48.81
-55.94,-55.94
-62.81,-62.81
-69.62,-69.62
-76.06,-76.06
-82.69,-82.69
-89.0,-89.0
-95.0,-95.0
-101.19,-101.19
-107.0,-107.0
-112.81,-112.81
-118.25,-118.25
-123.87,-123.87
-129.25,-129.25
-134.47,-134.47
-139.41,-139.41
-144.53,-144.53
-149.34,-149.34
-154.06,-154.06
-158.5,-158.5
-163.09,-163.09
-167.37,-167.37
-171.59,-171.59
-175.75,-175.75
-179.62,-179.62
-183.39,-183.39
-187.11,-187.11
-190.77,-190.77
-194.36,-194.36
-197.89,-197.89
-201.37,-201.37
-204.27,-204.27
-207.62,-207.62
-210.41,-210.41
-213.65,-213.65
-216.32,-216.32
-218.93,-218.93
-221.49,-221.49
-223.99,-223.99
-226.43,-226.43
-228.82,-228.82
-231.14,-231.14
-232.92,-232.92
-235.14,-235.14
-236.8,-236.8
-238.92,-238.92
-240.48,-240.48
-242.48,-242.48
-243.94,-243.94
-245.34,-245.34
-246.7,-246.7
-248.0,-248.0
-249.27,-249.27
-250.47,-250.47
-251.62,-251.62
-252.72,-252.72
-253.28,-253.28
-254.31,-254.31
-255.28,-255.28
-255.69,-255.69
-256.56,-256.56
-256.91,-256.91
-257.19,-257.19
-257.94,-257.94
-258.16,-258.16
-258.31,-258.31
-258.44,-258.44
-258.5,-258.5
-259.06,-259.06
-259.03,-259.03
-259.0,-259.0
-258.94,-258.94
-258.31,-258.31
-258.12,-258.12
-257.94,-257.94
-257.75,-257.75
-257.44,-257.44
-256.69,-256.69
-256.31,-256.31
-255.94,-255.94
-255.06,-255.06
-254.62,-254.62
-253.62,-253.62
-253.19,-253.19
-252.12,-252.12
-251.06,-251.06
-250.5,-250.5
-249.37,-249.37
-248.19,-248.19
-247.5,-247.5
-246.31,-246.31
-245.06,-245.06
-243.81,-243.81
-243.06,-243.06
-241.75,-241.75
-240.37,-240.37
-239.0,-239.0
-237.62,-237.62
-236.25,-236.25
-234.81,-234.81
-233.31,-233.31
-231.87,-231.87
-230.37,-230.37
-228.87,-228.87
-226.81,-226.81
-225.25,-225.25
-223.69,-223.69
-222.06,-222.06
-220.44,-220.44
-218.81,-218.81
-216.69,-216.69
-215.0,-215.0
-213.31,-213.31
-211.12,-211.12
-209.44,-209.44
-207.69,-207.69
-205.44,-205.44
-203.69,-203.69
-201.94,-201.94
-199.62,-199.62
-197.87,-197.87
-195.56,-195.56
-193.75,-193.75
-191.94,-191.94
-189.56,-189.56
-187.75,-187.75
-185.37,-185.37
-183.5,-183.5
-181.12,-181.12
-179.25,-179.25
-176.87,-176.87
-174.94,-174.94
-172.56,-172.56
-170.12,-170.12
-168.25,-168.25
-165.81,-165.81
-163.87,-163.87
-161.44,-161.44
-159.0,-159.0
-157.06,-157.06
-154.62,-154.62
-152.69,-152.69
-150.25,-150.25
-147.81,-147.81
-145.87,-145.87
-143.44,-143.44
-140.94,-140.94
-139.0,-139.0
-136.56,-136.56
-134.62,-134.62
-132.12,-132.12
-129.69,-129.69
-127.25,-127.25
-124.81,-124.81
-122.87,-122.87
-120.44,-120.44
-118.0,-118.0
-116.06,-116.06
-113.62,-113.62
-111.19,-111.19
-108.75,-108.75
-106.81,-106.81
-104.44,-104.44
-102.0,-102.0
-99.62,-99.62
-97.69,-97.69
-95.31,-95.31
-92.94,-92.94
-91.06,-91.06
-88.69,-88.69
-86.31,-86.31
-83.94,-83.94
-82.06,-82.06
-79.75,-79.75
-77.44,-77.44
-75.06,-75.06
-72.75,-72.75
-70.94,-70.94
-68.62,-68.62
-66.37,-66.37
-64.09,-64.09
-62.31,-62.31
-60.06,-60.06
-57.81,-57.81
-55.56,-55.56
-53.84,-53.84
-51.63,-51.63
-49.41,-49.41
-47.22,-47.22
-45.53,-45.53
-43.38,-43.38
-41.22,-41.22
-39.06,-39.06
-37.44,-37.44
-35.31,-35.31
-33.19,-33.19
-31.09,-31.09
-29.53,-29.53
-27.44,-27.44
-25.41,-25.41
-23.34,-23.34
-21.84,-21.84
-19.81,-19.81
-17.81,-17.81
-15.84,-15.84
-14.38,-14.38
-12.41,-12.41
-10.47,-10.47
-9.03,-9.03
-7.12,-7.12
-5.22,-5.22
-3.36,-3.36
-1.98,-1.98
-0.14,-0.14
1.69,1.69
3.02,3.02
4.81,4.81
6.61,6.61
8.38,8.38
9.63,9.63
11.38,11.38
13.09,13.09
14.3,14.3
15.98,15.98
17.66,17.66
18.81,18.81
20.46,20.46
22.09,22.09
23.19,23.19
24.78,24.78
26.36,26.36
27.41,27.41
28.95,28.95
30.48,30.48
31.48,31.48
32.97,32.97
33.95,33.95
35.4,35.4
36.84,36.84
37.76,37.76
39.17,39.17
40.56,40.56
41.43,41.43
42.78,42.78
43.62,43.62
44.94,44.94
46.25,46.25
47.03,47.03
48.3,48.3
49.05,49.05
50.29,50.29
51.5,51.5
52.2,52.2
53.39,53.39
54.05,54.05
55.21,55.21
55.84,55.84
56.96,56.96
58.05,58.05
58.63,58.63
59.7,59.7
60.25,60.25
61.28,61.28
61.8,61.8
62.8,62.8
63.28,63.28
64.25,64.25
64.7,64.7
65.64,65.64
66.06,66.06
66.97,66.97
67.84,67.84
68.22,68.22
68.56,68.56
69.41,69.41
69.73,69.73
70.53,70.53
70.83,70.83
71.61,71.61
71.86,71.86
72.59,72.59
72.84,72.84
73.56,73.56
73.75,73.75
74.44,74.44
74.59,74.59
75.25,75.25
75.37,75.37
76.0,76.0
76.12,76.12
76.22,76.22
76.78,76.78
76.84,76.84
77.41,77.41
77.44,77.44
77.97,77.97
77.97,77.97
77.97,77.97
78.47,78.47
78.44,78.44
78.87,78.87
78.81,78.81
79.25,79.25
79.16,79.16
79.06,79.06
79.44,79.44
79.31,79.31
79.19,79.19
79.53,79.53
79.37,79.37
79.72,79.72
79.53,79.53
79.31,79.31
79.62,79.62
79.37,79.37
79.16,79.16
79.41,79.41
79.16,79.16
78.87,78.87
79.12,79.12
78.81,78.81
78.53,78.53
78.72,78.72
78.37,78.37
78.06,78.06
78.22,78.22
77.87,77.87
77.5,77.5
77.62,77.62
77.25,77.25
76.84,76.84
76.97,76.97
76.53,76.53
76.12,76.12
76.19,76.19
75.75,75.75
75.31,75.31
74.84,74.84
74.91,74.91
74.41,74.41
73.94,73.94
73.97,73.97
73.47,73.47
72.94,72.94
72.44,72.44
72.41,72.41
71.91,71.91
71.34,71.34
70.81,70.81
70.78,70.78
70.22,70.22
69.66,69.66
69.09,69.09
69.0,69.0
68.44,68.44
67.84,67.84
67.25,67.25
67.16,67.16
66.53,66.53
65.94,65.94
65.31,65.31
65.19,65.19
64.56,64.56
63.94,63.94
63.31,63.31
62.66,62.66
62.53,62.53
61.88,61.88
61.22,61.22
60.56,60.56
59.91,59.91
59.72,59.72
59.06,59.06
58.38,58.38
57.69,57.69
57.53,57.53
56.84,56.84
56.16,56.16
55.44,55.44
54.75,54.75
54.06,54.06
53.88,53.88
53.16,53.16
52.47,52.47
51.75,51.75
51.03,51.03
50.84,50.84
50.13,50.13
49.41,49.41
48.69,48.69
47.97,47.97
47.25,47.25
46.53,46.53
45.81,45.81
45.59,45.59
44.84,44.84
44.13,44.13
43.41,43.41
43.19,43.19
42.44,42.44
41.72,41.72
41.0,41.0
40.25,40.25
39.53,39.53
38.81,38.81
38.59,38.59
37.84,37.84
37.13,37.13
36.41,36.41
35.66,35.66
34.94,34.94
34.22,34.22
34.0,34.0
33.25,33.25
32.53,32.53
31.81,31.81
31.09,31.09
30.37,30.37
29.66,29.66
28.94,28.94
28.22,28.22
28.03,28.03
27.31,27.31
26.59,26.59
25.87,25.87
25.19,25.19
24.47,24.47
23.78,23.78
23.06,23.06
22.87,22.87
22.19,22.19
21.5,21.5
20.81,20.81
20.12,20.12
19.44,19.44
18.75,18.75
18.06,18.06
17.41,17.41
16.72,16.72
16.06,16.06
15.91,15.91
15.22,15.22
14.56,14.56
13.91,13.91
13.25,13.25
12.63,12.63
11.97,11.97
11.31,11.31
10.69,10.69
10.06,10.06
9.44,9.44
9.31,9.31
8.69,8.69
8.06,8.06
7.44,7.44
6.84,6.84
6.22,6.22
5.62,5.62
5.03,5.03
4.44,4.44
3.86,3.86
3.27,3.27
2.69,2.69
2.12,2.12
2.05,2.05
1.48,1.48
0.92,0.92
0.36,0.36
-0.19,-0.19
-0.73,-0.73
-1.28,-1.28
-1.81,-1.81
-2.34,-2.34
-2.87,-2.87
-3.41,-3.41
-3.92,-3.92
-4.42,-4.42
-4.94,-4.94
-5.44,-5.44
-5.92,-5.92
-5.92,-5.92
-6.41,-6.41
-6.89,-6.89
-7.37,-7.37
-7.84,-7.84
-8.31,-8.31
-8.77,-8.77
-9.22,-9.22
-9.67,-9.67
-10.13,-10.13
-10.56,-10.56
-11.0,-11.0
-11.42,-11.42
-11.84,-11.84
-12.27,-12.27
-12.67,-12.67
-13.08,-13.08
-13.48,-13.48
-13.88,-13.88
-14.26,-14.26
-14.14,-14.14
-14.52,-14.52
-14.9,-14.9
-15.27,-15.27
-15.63,-15.63
-15.99,-15.99
-16.34,-16.34
-16.7,-16.7
-17.04,-17.04
-17.37,-17.37
-17.7,-17.7
-18.02,-18.02
-18.34,-18.34
-18.66,-18.66
-18.97,-18.97
-19.27,-19.27
-19.56,-19.56
-19.86,-19.86
-20.14,-20.14
-20.42,-20.42
-20.69,-20.69
-20.96,-20.96
-21.22,-21.22
-21.48,-21.48
-21.73,-21.73
-21.98,-21.98
-22.22,-22.22
-22.45,-22.45
-22.68,-22.68
-22.4,-22.4
-22.62,-22.62
-22.84,-22.84
-23.05,-23.05
-23.26,-23.26
-23.46,-23.46
-23.66,-23.66
-23.85,-23.85
-24.03,-24.03
-24.21,-24.21
-24.39,-24.39
-24.55,-24.55
-24.72,-24.72
-24.88,-24.88
-25.03,-25.03
-25.18,-25.18
-25.32,-25.32
-25.46,-25.46
-25.59,-25.59
-25.72,-25.72
-25.84,-25.84
-25.96,-25.96
-26.07,-26.07
-26.18,-26.18
-26.28,-26.28
-26.38,-26.38
-26.47,-26.47
-26.56,-26.56
-26.64,-26.64
-26.72,-26.72
-26.79,-26.79
-26.86,-26.86
-26.93,-26.93
-26.98,-26.98
-27.04,-27.04
-27.09,-27.09
-27.14,-27.14
-27.18,-27.18
-27.21,-27.21
-27.24,-27.24
-27.27,-27.27
-27.3,-27.3
-27.31,-27.31
-27.33,-27.33
-27.34,-27.34
-27.34,-27.34
-27.35,-27.35
-26.84,-26.84
-26.84,-26.84
-26.84,-26.84
-26.83,-26.83
-26.82,-26.82
-26.8,-26.8
-26.78,-26.78
-26.75,-26.75
-26.73,-26.73
-26.69,-26.69
-26.66,-26.66
-26.61,-26.61
-26.57,-26.57
-26.52,-26.52
-26.47,-26.47
-26.41,-26.41
-26.36,-26.36
-26.3,-26.3
-26.23,-26.23
-26.16,-26.16
-26.09,-26.09
-26.02,-26.02
-25.94,-25.94
-26.36,-26.36
-26.27,-26.27
-26.17,-26.17
-26.08,-26.08
-25.98,-25.98
-25.87,-25.87
-25.27,-25.27
-25.17,-25.17
-25.06,-25.06
-24.95,-24.95
-24.84,-24.84
-24.73,-24.73
-24.61,-24.61
-24.49,-24.49
-24.37,-24.37
-24.25,-24.25
-24.12,-24.12
-23.99,-23.99
-23.86,-23.86
-23.73,-23.73
-23.59,-23.59
-23.45,-23.45
-23.3,-23.3
-23.16,-23.16
-23.52,-23.52
-23.36,-23.36
-23.21,-23.21
-23.05,-23.05
-22.89,-22.89
-22.23,-22.23
-22.07,-22.07
-21.91,-21.91
-21.75,-21.75
-21.59,-21.59
-21.42,-21.42
-21.25,-21.25
-21.09,-21.09
-20.91,-20.91
-20.74,-20.74
-20.56,-20.56
-20.39,-20.39
-20.21,-20.21
-20.04,-20.04
-19.86,-19.86
-19.67,-19.67
-19.49,-19.49
-19.3,-19.3
-19.12,-19.12
-18.94,-18.94
-18.75,-18.75
-18.56,-18.56
-18.37,-18.37
-18.18,-18.18
-17.99,-17.99
-17.8,-17.8
-17.6,-17.6
-17.41,-17.41
-17.21,-17.21
-17.02,-17.02
-16.82,-16.82
-16.62,-16.62
-16.42,-16.42
-16.23,-16.23
-16.02,-16.02
-15.83,-15.83
-15.63,-15.63
-15.42,-15.42
-15.22,-15.22
-15.02,-15.02
-14.82,-14.82
-14.62,-14.62
-14.41,-14.41
-14.2,-14.2
-14.0,-14.0
-13.8,-13.8
-13.59,-13.59
-13.39,-13.39
-13.19,-13.19
-12.98,-12.98
-12.77,-12.77
-12.57,-12.57
-12.36,-12.36
-12.16,-12.16
-11.95,-11.95
-11.75,-11.75
-11.54,-11.54
-11.34,-11.34
-11.13,-11.13
-10.93,-10.93
-10.73,-10.73
-10.52,-10.52
-10.32,-10.32
-10.11,-10.11
-9.91,-9.91
-9.71,-9.71
-9.51,-9.51
-9.3,-9.3
-9.1,-9.1
-8.9,-8.9
-8.7,-8.7
-8.5,-8.5
-8.3,-8.3
-8.1,-8.1
-7.9,-7.9
-7.7,-7.7
-7.51,-7.51
-7.31,-7.31
-7.12,-7.12
-6.92,-6.92
-6.73,-6.73
-6.53,-6.53
-6.34,-6.34
-6.15,-6.15
-5.95,-5.95
-5.77,-5.77
-5.58,-5.58
-5.39,-5.39
-5.2,-5.2
-5.02,-5.02
-4.83,-4.83
-4.64,-4.64
-4.46,-4.46
-4.27,-4.27
-4.09,-4.09
-3.91,-3.91
-3.73,-3.73
-3.55,-3.55
-3.37,-3.37
-3.2,-3.2
-3.02,-3.02
-2.85,-2.85
-2.68,-2.68
-2.51,-2.51
-2.34,-2.34
-2.16,-2.16
-2.0,-2.0
-1.83,-1.83
-1.66,-1.66
-1.5,-1.5
-1.34,-1.34
-1.17,-1.17
-1.02,-1.02
-0.86,-0.86
-0.7,-0.7
-0.54,-0.54
-0.39,-0.39
-0.23,-0.23
-0.08,-0.08
0.07,0.07
0.22,0.22
0.37,0.37
0.52,0.52
0.66,0.66
0.81,0.81
0.95,0.95
1.09,1.09
1.23,1.23
1.37,1.37
1.51,1.51
1.64,1.64
1.77,1.77
1.91,1.91
2.04,2.04
2.17,2.17
2.3,2.3
2.42,2.42
2.55,2.55
2.67,2.67
2.79,2.79
2.91,2.91
3.03,3.03
3.15,3.15
3.27,3.27
3.38,3.38
3.49,3.49
3.6,3.6
3.71,3.71
3.82,3.82
3.93,3.93
4.03,4.03
4.13,4.13
4.23,4.23
4.33,4.33
4.43,4.43
4.53,4.53
4.62,4.62
4.72,4.72
4.81,4.81
4.9,4.9
4.99,4.99
5.08,5.08
5.16,5.16
5.25,5.25
5.33,5.33
5.41,5.41
5.49,5.49
5.57,5.57
5.65,5.65
5.72,5.72
5.8,5.8
5.87,5.87
5.94,5.94
6.01,6.01
6.07,6.07
6.14,6.14
6.2,6.2
6.27,6.27
6.33,6.33
6.39,6.39
6.45,6.45
6.5,6.5
6.56,6.56
6.61,6.61
6.66,6.66
6.71,6.71
6.76,6.76
6.81,6.81
6.86,6.86
6.9,6.9
6.94,6.94
6.99,6.99
7.03,7.03
7.07,7.07
7.1,7.1
7.14,7.14
7.17,7.17
7.21,7.21
7.24,7.24
7.27,7.27
7.3,7.3
7.33,7.33
7.35,7.35
7.38,7.38
7.4,7.4
7.43,7.43
7.45,7.45
7.47,7.47
7.49,7.49
7.5,7.5
7.52,7.52
7.53,7.53
7.55,7.55
7.56,7.56
7.57,7.57
7.58,7.58
8.09,8.09
7.59,7.59
7.6,7.6
7.6,7.6
7.6,7.6
7.61,7.61
7.61,7.61
7.61,7.61
8.11,8.11
7.6,7.6
7.6,7.6
7.59,7.59
7.58,7.58
7.58,7.58
7.57,7.57
7.56,7.56
8.05,8.05
7.54,7.54
7.52,7.52
7.51,7.51
7.5,7.5
7.48,7.48
7.46,7.46
7.45,7.45
7.43,7.43
7.91,7.91
7.38,7.38
7.36,7.36
7.34,7.34
7.32,7.32
7.29,7.29
7.27,7.27
7.25,7.25
7.22,7.22
7.19,7.19
7.66,7.66
7.13,7.13
7.1,7.1
7.07,7.07
7.04,7.04
7.01,7.01
6.97,6.97
6.94,6.94
6.91,6.91
6.87,6.87
7.34,7.34
6.79,6.79
6.76,6.76
6.72,6.72
6.68,6.68
6.64,6.64
6.6,6.6
6.56,6.56
6.52,6.52
6.48,6.48
6.43,6.43
6.39,6.39
6.85,6.85
6.3,6.3
6.25,6.25
6.21,6.21
6.16,6.16
6.12,6.12
6.07,6.07
6.02,6.02
5.98,5.98
5.93,5.93
5.88,5.88
5.83,5.83
6.28,6.28
5.73,5.73
5.68,5.68
5.62,5.62
5.57,5.57
5.52,5.52
5.47,5.47
5.42,5.42
5.36,5.36
5.31,5.31
5.26,5.26
5.2,5.2
5.15,5.15
5.6,5.6
5.04,5.04
4.98,4.98
4.93,4.93
4.87,4.87
4.82,4.82
4.76,4.76
4.71,4.71
4.65,4.65
4.59,4.59
4.54,4.54
4.48,4.48
4.42,4.42
4.37,4.37
4.81,4.81
4.25,4.25
4.19,4.19
4.13,4.13
4.07,4.07
4.02,4.02
3.96,3.96
3.9,3.9
3.84,3.84
3.79,3.79
3.73,3.73
3.67,3.67
3.61,3.61
3.55,3.55
3.5,3.5
3.44,3.44
3.38,3.38
3.82,3.82
3.26,3.26
3.2,3.2
3.14,3.14
3.08,3.08
3.03,3.03
2.97,2.97
2.91,2.91
2.85,2.85
2.8,2.8
2.74,2.74
2.68,2.68
2.62,2.62
2.57,2.57
2.51,2.51
2.45,2.45
2.4,2.4
2.34,2.34
2.28,2.28
2.23,2.23
2.17,2.17
2.12,2.12
2.06,2.06
2.51,2.51
2.45,2.45
2.38,2.38
2.33,2.33
1.77,1.77
1.71,1.71
1.66,1.66
1.6,1.6
1.55,1.55
1.5,1.5
1.44,1.44
1.39,1.39
1.34,1.34
1.29,1.29
1.23,1.23
1.18,1.18
1.13,1.13
1.08,1.08
1.03,1.03
0.98,0.98
0.93,0.93
0.88,0.88
0.83,0.83
0.78,0.78
0.73,0.73
0.68,0.68
0.63,0.63
0.58,0.58
0.54,0.54
0.49,0.49
0.44,0.44
0.4,0.4
0.35,0.35
0.3,0.3
0.26,0.26
0.21,0.21
0.17,0.17
0.13,0.13
0.08,0.08
0.04,0.04
-0.01,-0.01
-0.05,-0.05
-0.09,-0.09
-0.13,-0.13
-0.17,-0.17
-0.22,-0.22
-0.26,-0.26
-0.3,-0.3
-0.34,-0.34
-0.38,-0.38
-0.42,-0.42
-0.45,-0.45
-0.49,-0.49
-0.53,-0.53
-0.57,-0.57
-0.6,-0.6
-0.64,-0.64
-0.68,-0.68
-0.71,-0.71
-0.75,-0.75
-0.78,-0.78
-0.82,-0.82
-0.85,-0.85
-0.88,-0.88
-0.92,-0.92
-0.95,-0.95
-0.98,-0.98
-1.01,-1.01
-1.04,-1.04
-1.08,-1.08
-1.11,-1.11
-1.14,-1.14
-1.17,-1.17
-1.19,-1.19
-1.22,-1.22
-1.25,-1.25
-1.28,-1.28
-1.31,-1.31
-1.33,-1.33
-1.36,-1.36
-1.39,-1.39
-1.41,-1.41
-1.44,-1.44
-1.46,-1.46
-1.48,-1.48
-1.51,-1.51
-1.53,-1.53
-1.55,-1.55
-1.58,-1.58
-1.6,-1.6
-1.62,-1.62
-1.64,-1.64
-1.66,-1.66
-1.68,-1.68
-1.7,-1.7
-1.72,-1.72
-1.74,-1.74
-1.76,-1.76
-1.78,-1.78
-1.79,-1.79
-1.81,-1.81
-1.83,-1.83
-1.84,-1.84
-1.86,-1.86
-1.88,-1.88
-1.89,-1.89
-1.9,-1.9
-1.92,-1.92
-1.93,-1.93
-1.95,-1.95
-1.96,-1.96
-1.97,-1.97
-1.98,-1.98
-1.99,-1.99
-2.01,-2.01
-2.02,-2.02
-2.03,-2.03
-2.04,-2.04
-2.05,-2.05
-2.06,-2.06
-2.07,-2.07
-2.07,-2.07
-2.08,-2.08
-2.09,-2.09
-2.1,-2.1
-2.1,-2.1
-2.11,-2.11
-2.12,-2.12
-2.12,-2.12
-2.13,-2.13
-2.13,-2.13
-2.14,-2.14
-2.14,-2.14
-1.65,-1.65
-2.15,-2.15
-2.16,-2.16
-2.16,-2.16
-2.16,-2.16
-2.16,-2.16
-2.17,-2.17
-2.17,-2.17
-2.17,-2.17
-2.17,-2.17
-2.17,-2.17
-2.17,-2.17
-2.17,-2.17
-2.17,-2.17
-2.17,-2.17
-2.17,-2.17
-2.17,-2.17
-2.16,-2.16
-2.16,-2.16
-2.16,-2.16
-2.16,-2.16
-2.15,-2.15
-2.15,-2.15
-2.15,-2.15
-2.14,-2.14
-2.14,-2.14
-2.13,-2.13
-2.13,-2.13
-2.12,-2.12
-2.12,-2.12
-2.11,-2.11
-2.11,-2.11
-2.1,-2.1
-2.09,-2.09
-2.09,-2.09
-2.08,-2.08
-2.07,-2.07
-2.07,-2.07
-2.06,-2.06
-2.05,-2.05
-2.04,-2.04
-2.04,-2.04
-2.03,-2.03
-2.02,-2.02
-2.01,-2.01
-2.0,-2.0
-1.99,-1.99
-1.98,-1.98
-1.47,-1.47
-1.96,-1.96
-1.95,-1.95
-1.94,-1.94
-1.93,-1.93
-1.92,-1.92
-1.91,-1.91
-1.9,-1.9
-1.89,-1.89
-1.88,-1.88
-1.87,-1.87
-1.85,-1.85
-1.84,-1.84
-1.83,-1.83
-1.82,-1.82
-1.8,-1.8
-1.79,-1.79
-1.78,-1.78
-1.76,-1.76
-1.75,-1.75
-1.74,-1.74
-1.72,-1.72
-1.71,-1.71
-1.7,-1.7
-1.68,-1.68
-1.67,-1.67
-1.65,-1.65
-1.64,-1.64
-1.63,-1.63
-1.61,-1.61
-1.6,-1.6
-1.58,-1.58
-1.57,-1.57
-1.55,-1.55
-1.54,-1.54
-1.52,-1.52
-1.51,-1.51
-1.49,-1.49
-1.48,-1.48
-1.46,-1.46
-1.45,-1.45
-1.43,-1.43
-1.41,-1.41
-1.4,-1.4
-1.38,-1.38
-1.37,-1.37
-1.35,-1.35
-1.33,-1.33
-1.32,-1.32
-1.3,-1.3
-1.29,-1.29
-1.27,-1.27
-1.25,-1.25
-1.24,-1.24
-1.22,-1.22
-1.2,-1.2
-1.19,-1.19
-1.17,-1.17
-1.15,-1.15
-1.14,-1.14
-1.12,-1.12
-1.1,-1.1
-1.09,-1.09
-1.07,-1.07
-1.05,-1.05
-1.04,-1.04
-1.02,-1.02
-1.0,-1.0
-0.99,-0.99
-0.97,-0.97
-0.96,-0.96
-0.94,-0.94
-0.42,-0.42
-0.91,-0.91
-0.89,-0.89
-0.88,-0.88
-0.86,-0.86
-0.84,-0.84
-0.83,-0.83
-0.81,-0.81
-0.79,-0.79
-0.78,-0.78
-0.76,-0.76
-0.75,-0.75
-0.73,-0.73
-0.71,-0.71
-0.7,-0.7
-0.68,-0.68
-0.66,-0.66
-0.65,-0.65
-0.63,-0.63
-0.62,-0.62
-0.6,-0.6
-0.58,-0.58
-0.57,-0.57
-0.55,-0.55
-0.54,-0.54
-0.52,-0.52
-0.51,-0.51
-0.49,-0.49
-0.48,-0.48
-0.46,-0.46
-0.44,-0.44
-0.43,-0.43
-0.41,-0.41
-0.4,-0.4
-0.38,-0.38
-0.37,-0.37
-0.35,-0.35
-0.34,-0.34
-0.33,-0.33
-0.31,-0.31
-0.3,-0.3
-0.28,-0.28
-0.27,-0.27
-0.25,-0.25
-0.24,-0.24
-0.23,-0.23
-0.21,-0.21
-0.2,-0.2
-0.18,-0.18
-0.17,-0.17
-0.16,-0.16
-0.14,-0.14
-0.13,-0.13
-0.12,-0.12
-0.1,-0.1
-0.09,-0.09
-0.08,-0.08
-0.06,-0.06
-0.05,-0.05
-0.04,-0.04
-0.03,-0.03
-0.01,-0.01
-0.0,-0.0
0.01,0.01
0.02,0.02
0.03,0.03
0.05,0.05
0.06,0.06
0.07,0.07
0.08,0.08
0.09,0.09
0.1,0.1
0.11,0.11
0.13,0.13
0.14,0.14
0.15,0.15
0.16,0.16
0.17,0.17
0.18,0.18
0.19,0.19
0.2,0.2
0.21,0.21
0.22,0.22
0.23,0.23
0.24,0.24
0.25,0.25
0.26,0.26
0.27,0.27
0.28,0.28
0.29,0.29
0.29,0.29
0.3,0.3
0.31,0.31
0.32,0.32
0.33,0.33
0.34,0.34
0.35,0.35
0.35,0.35
0.36,0.36
0.37,0.37
0.38,0.38
0.38,0.38
0.39,0.39
0.4,0.4
0.41,0.41
0.41,0.41
0.42,0.42
0.43,0.43
0.43,0.43
0.44,0.44
0.45,0.45
0.45,0.45
0.46,0.46
0.46,0.46
0.47,0.47
0.48,0.48
0.48,0.48
0.49,0.49
0.49,0.49
0.5,0.5
0.5,0.5
0.51,0.51
0.51,0.51
0.52,0.52
0.52,0.52
0.53,0.53
0.53,0.53
0.54,0.54
0.54,0.54
0.54,0.54
0.55,0.55
0.55,0.55
0.56,0.56
0.56,0.56
0.56,0.56
0.57,0.57
0.57,0.57
0.57,0.57
0.58,0.58
0.58,0.58
0.58,0.58
0.58,0.58
0.59,0.59
0.59,0.59
0.59,0.59
0.59,0.59
1.1,1.1
0.59,0.59
0.59,0.59
0.6,0.6
0.6,0.6
0.6,0.6
0.6,0.6
0.6,0.6
0.6,0.6
0.6,0.6
0.61,0.61
0.61,0.61
0.61,0.61
0.61,0.61
0.61,0.61
0.61,0.61
0.61,0.61
0.61,0.61
0.61,0.61
0.61,0.61
0.61,0.61
0.61,0.61
0.61,0.61
0.61,0.61
0.61,0.61
0.61,0.61
0.61,0.61
0.61,0.61
0.61,0.61
0.61,0.61
0.61,0.61
0.6,0.6
0.6,0.6
0.6,0.6
0.6,0.6
0.6,0.6
0.6,0.6
0.6,0.6
0.6,0.6
0.59,0.59
0.59,0.59
0.59,0.59
0.59,0.59
0.59,0.59
0.59,0.59
0.58,0.58
0.58,0.58
0.58,0.58
0.58,0.58
0.57,0.57
0.57,0.57
0.57,0.57
0.57,0.57
0.56,0.56
0.56,0.56
0.56,0.56
0.56,0.56
0.55,0.55
0.55,0.55
0.55,0.55
0.55,0.55
0.54,0.54
0.54,0.54
0.54,0.54
0.53,0.53
0.53,0.53
0.53,0.53
0.52,0.52
0.52,0.52
0.52,0.52
0.51,0.51
0.51,0.51
0.51,0.51
0.5,0.5
0.5,0.5
0.49,0.49
0.49,0.49
0.49,0.49
0.48,0.48
0.48,0.48
0.48,0.48
0.47,0.47
0.47,0.47
0.46,0.46
0.46,0.46
0.46,0.46
0.45,0.45
0.45,0.45
0.44,0.44
0.44,0.44
0.44,0.44
0.43,0.43
0.43,0.43
0.42,0.42
0.42,0.42
0.41,0.41
0.41,0.41
0.41,0.41
0.4,0.4
0.4,0.4
0.39,0.39
0.39,0.39
0.38,0.38
0.38,0.38
0.37,0.37
0.37,0.37
0.36,0.36
0.86,0.86
0.85,0.85
0.84,0.84
0.33,0.33
0.33,0.33
0.32,0.32
0.32,0.32
0.31,0.31
0.31,0.31
0.3,0.3
0.3,0.3
0.29,0.29
0.29,0.29
0.29,0.29
0.28,0.28
0.28,0.28
0.27,0.27
0.27,0.27
0.26,0.26
0.26,0.26
0.25,0.25
0.25,0.25
0.24,0.24
0.24,0.24
0.23,0.23
0.23,0.23
0.22,0.22
0.22,0.22
0.21,0.21
0.21,0.21
0.21,0.21
0.2,0.2
0.2,0.2
0.19,0.19
0.19,0.19
0.18,0.18
0.18,0.18
0.17,0.17
0.17,0.17
0.16,0.16
0.16,0.16
0.16,0.16
0.15,0.15
0.15,0.15
0.14,0.14
0.14,0.14
0.13,0.13
0.13,0.13
0.12,0.12
0.12,0.12
0.12,0.12
0.11,0.11
0.11,0.11
0.1,0.1
0.1,0.1
0.09,0.09
0.09,0.09
0.09,0.09
0.08,0.08
0.08,0.08
0.07,0.07
0.07,0.07
0.07,0.07
0.06,0.06
0.06,0.06
0.05,0.05
0.05,0.05
0.05,0.05
0.04,0.04
0.04,0.04
0.03,0.03
0.03,0.03
0.03,0.03
0.02,0.02
0.02,0.02
0.02,0.02
0.01,0.01
0.01,0.01
0.01,0.01
0.0,0.0
-0.0,-0.0
-0.01,-0.01
-0.01,-0.01
-0.01,-0.01
-0.02,-0.02
-0.02,-0.02
-0.02,-0.02
-0.03,-0.03
-0.03,-0.03
-0.03,-0.03
-0.03,-0.03
-0.04,-0.04
-0.04,-0.04
-0.04,-0.04
-0.05,-0.05
-0.05,-0.05
-0.05,-0.05
-0.06,-0.06
-0.06,-0.06
-0.06,-0.06
-0.06,-0.06
-0.07,-0.07
-0.07,-0.07
-0.07,-0.07
-0.08,-0.08
-0.08,-0.08
-0.08,-0.08
-0.08,-0.08
-0.09,-0.09
-0.09,-0.09
-0.09,-0.09
-0.09,-0.09
-0.1,-0.1
-0.1,-0.1
-0.1,-0.1
-0.1,-0.1
-0.1,-0.1
-0.11,-0.11
-0.11,-0.11
-0.11,-0.11
-0.11,-0.11
-0.11,-0.11
-0.12,-0.12
-0.12,-0.12
-0.12,-0.12
-0.12,-0.12
-0.12,-0.12
-0.13,-0.13
-0.13,-0.13
-0.13,-0.13
-0.13,-0.13
-0.13,-0.13
-0.14,-0.14
-0.14,-0.14
-0.14,-0.14
-0.14,-0.14
-0.14,-0.14
-0.14,-0.14
-0.14,-0.14
-0.15,-0.15
-0.15,-0.15
-0.15,-0.15
-0.15,-0.15
-0.15,-0.15
-0.15,-0.15
-0.15,-0.15
-0.15,-0.15
-0.16,-0.16
-0.16,-0.16
-0.16,-0.16
-0.16,-0.16
-0.16,-0.16
-0.16,-0.16
-0.16,-0.16
-0.16,-0.16
-0.16,-0.16
-0.16,-0.16
-0.17,-0.17
-0.17,-0.17
-0.17,-0.17
-0.17,-0.17
-0.17,-0.17
-0.17,-0.17
-0.17,-0.17
-0.17,-0.17
-0.17,-0.17
-0.17,-0.17
-0.17,-0.17
-0.17,-0.17
-0.17,-0.17
-0.17,-0.17
-0.17,-0.17
-0.17,-0.17
-0.17,-0.17
-0.17,-0.17
-0.17,-0.17
-0.17,-0.17
-0.17,-0.17
-0.17,-0.17
-0.18,-0.18
-0.18,-0.18
-0.18,-0.18
-0.18,-0.18
-0.18,-0.18
-0.18,-0.18
-0.18,-0.18
-0.18,-0.18
-0.18,-0.18
-0.18,-0.18
-0.18,-0.18
-0.17,-0.17
-0.17,-0.17
-0.17,-0.17
-0.17,-0.17
-0.17,-0.17
-0.17,-0.17
-0.17,-0.17
-0.17,-0.17
-0.17,-0.17
-0.17,-0.17
-1.67,-1.67
-5.66,-5.66
-11.61,-11.61
-17.0,-17.0
-19.34,-19.34
-28.16,-28.16
-66.89,-66.89
-147.75,-147.75
-242.36,-242.36
-295.07,-295.07
-291.25,-291.25
-279.92,-279.92
-324.15,-324.15
-416.43,-416.43
-480.8,-480.8
-468.52,-468.52
-417.77,-417.77
-405.43,-405.43
-454.13,-454.13
-519.82,-519.82
-553.84,-553.84
-560.96,-560.96
-573.43,-573.43
-604.7,-604.7
-642.09,-642.09
-665.54,-665.54
-668.18,-668.18
-654.2,-654.2
-633.23,-633.23
-609.87,-609.87
-586.63,-586.63
-564.52,-564.52
-542.01,-542.01
-518.64,-518.64
-494.89,-494.89
-470.3,-470.3
-446.34,-446.34
-423.05,-423.05
-400.41,-400.41
-378.41,-378.41
-357.05,-357.05
-336.34,-336.34
-315.75,-315.75
-295.81,-295.81
-276.0,-276.0
-256.34,-256.34
-237.34,-237.34
-218.44,-218.44
-200.22,-200.22
-182.09,-182.09
-164.12,-164.12
-147.31,-147.31
-130.59,-130.59
-114.03,-114.03
-98.09,-98.09
-82.31,-82.31
-67.12,-67.12
-52.13,-52.13
-37.19,-37.19
-22.87,-22.87
-8.75,-8.75
4.75,4.75
18.19,18.19
30.94,30.94
44.13,44.13
56.13,56.13
68.56,68.56
80.31,80.31
91.5,91.5
102.56,102.56
113.5,113.5
124.31,124.31
134.5,134.5
144.56,144.56
154.06,154.06
163.94,163.94
172.69,172.69
181.81,181.81
190.37,190.37
198.75,198.75
207.06,207.06
214.81,214.81
222.37,222.37
229.87,229.87
237.25,237.25
244.12,244.12
250.25,250.25
256.87,256.87
262.87,262.87
268.87,268.87
274.62,274.62
279.87,279.87
285.5,285.5
290.5,290.5
295.5,295.5
299.87,299.87
304.12,304.12
308.25,308.25
312.37,312.37
315.87,315.87
319.87,319.87
323.25,323.25
326.5,326.5
329.62,329.62
332.25,332.25
334.75,334.75
337.25,337.25
339.62,339.62
342.0,342.0
344.75,344.75
353.62,353.62
378.0,378.0
418.75,418.75
456.5,456.5
467.62,467.62
445.12,445.12
401.5,401.5
356.5,356.5
325.5,325.5
314.12,314.12
318.75,318.75
330.75,330.75
342.87,342.87
350.0,350.0
351.37,351.37
348.87,348.87
344.62,344.62
341.25,341.25
339.5,339.5
339.12,339.12
339.75,339.75
340.37,340.37
340.12,340.12
339.0,339.0
337.75,337.75
335.75,335.75
334.12,334.12
332.75,332.75
331.25,331.25
329.62,329.62
327.87,327.87
326.25,326.25
324.37,324.37
322.25,322.25
320.25,320.25
318.12,318.12
315.87,315.87
313.62,313.62
311.25,311.25
308.75,308.75
306.37,306.37
303.75,303.75
301.12,301.12
298.37,298.37
295.5,295.5
292.75,292.75
289.75,289.75
286.75,286.75
283.75,283.75
280.75,280.75
277.75,277.75
274.37,274.37
271.37,271.37
268.0,268.0
264.62,264.62
261.37,261.37
258.0,258.0
254.37,254.37
251.0,251.0
247.37,247.37
244.0,244.0
240.37,240.37
236.75,236.75
233.0,233.0
229.37,229.37
225.5,225.5
221.87,221.87
218.0,218.0
214.37,214.37
210.5,210.5
206.5,206.5
202.62,202.62
198.75,198.75
194.87,194.87
191.0,191.0
186.87,186.87
183.12,183.12
179.12,179.12
175.12,175.12
171.19,171.19
167.25,167.25
163.31,163.31
159.44,159.44
155.37,155.37
151.37,151.37
147.25,147.25
143.12,143.12
139.0,139.0
134.94,134.94
130.87,130.87
126.94,126.94
122.94,122.94
118.87,118.87
114.87,114.87
110.81,110.81
106.81,106.81
102.81,102.81
98.87,98.87
94.87,94.87
90.87,90.87
86.87,86.87
82.94,82.94
79.0,79.0
75.12,75.12
71.25,71.25
67.37,67.37
63.44,63.44
59.63,59.63
55.81,55.81
52.09,52.09
48.38,48.38
44.56,44.56
40.75,40.75
37.0,37.0
33.13,33.13
29.41,29.41
25.62,25.62
22.34,22.34
20.59,20.59
20.87,20.87
21.5,21.5
20.0,20.0
17.16,17.16
21.19,21.19
44.06,44.06
89.47,89.47
144.33,144.33
192.03,192.03
231.64,231.64
276.98,276.98
334.76,334.76
390.31,390.31
424.69,424.69
441.93,441.93
467.44,467.44
518.28,518.28
581.95,581.95
631.7,631.7
654.9,654.9
659.17,659.17
656.42,656.42
652.1,652.1
644.71,644.71
630.92,630.92
609.05,609.05
580.02,580.02
547.06,547.06
513.42,513.42
481.66,481.66
452.72,452.72
426.22,426.22
401.19,401.19
376.53,376.53
351.69,351.69
326.62,326.62
301.53,301.53
276.72,276.72
252.44,252.44
228.87,228.87
205.87,205.87
183.56,183.56
161.62,161.62
140.19,140.19
119.0,119.0
98.25,98.25
77.87,77.87
57.88,57.88
38.38,38.38
19.31,19.31
0.56,0.56
-17.62,-17.62
-35.63,-35.63
-53.0,-53.0
-70.12,-70.12
-86.87,-86.87
-103.25,-103.25
-119.25,-119.25
-134.75,-134.75
-149.87,-149.87
-164.75,-164.75
-179.25,-179.25
-193.5,-193.5
-207.25,-207.25
-220.5,-220.5
-233.75,-233.75
-246.37,-246.37
-258.75,-258.75
-270.87,-270.87
-282.75,-282.75
-294.0,-294.0
-305.12,-305.12
-315.87,-315.87
-326.37,-326.37
-336.5,-336.5
-346.37,-346.37
-356.0,-356.0
-365.12,-365.12
-374.0,-374.0
-382.75,-382.75
-391.12,-391.12
-399.12,-399.12
-407.0,-407.0
-414.5,-414.5
-421.62,-421.62
-428.75,-428.75
-435.37,-435.37
-442.0,-442.0
-448.0,-448.0
-454.0,-454.0
-459.75,-459.75
-465.0,-465.0
-470.25,-470.25
-475.25,-475.25
-479.75,-479.75
-484.25,-484.25
-488.5,-488.5
-492.5,-492.5
-496.25,-496.25
-500.0,-500.0
-503.25,-503.25
-506.5,-506.5
-509.25,-509.25
-512.0,-512.0
-514.5,-514.5
-516.75,-516.75
-518.75,-518.75
-520.75,-520.75
-522.25,-522.25
-524.0,-524.0
-525.25,-525.25
-526.5,-526.5
-527.25,-527.25
-528.0,-528.0
-528.5,-528.5
-529.25,-529.25
-529.25,-529.25
-529.25,-529.25
-529.25,-529.25
-529.0,-529.0
-528.75,-528.75
-528.25,-528.25
-527.5,-527.5
-526.5,-526.5
-525.5,-525.5
-524.5,-524.5
-523.25,-523.25
-521.75,-521.75
-520.0,-520.0
-518.5,-518.5
-516.75,-516.75
-514.5,-514.5
-512.5,-512.5
-510.25,-510.25
-508.25,-508.25
-505.5,-505.5
-503.0,-503.0
-500.5,-500.5
-497.75,-497.75
-494.75,-494.75
-491.75,-491.75
-488.5,-488.5
-485.5,-485.5
-482.25,-482.25
-478.75,-478.75
-475.25,-475.25
-471.75,-471.75
-468.25,-468.25
-464.25,-464.25
-460.75,-460.75
-456.75,-456.75
-452.75,-452.75
-448.75,-448.75
-444.5,-444.5
-440.5,-440.5
-436.0,-436.0
-431.75,-431.75
-427.25,-427.25
-422.75,-422.75
-418.25,-418.25
-413.75,-413.75
-409.0,-409.0
-404.25,-404.25
-399.5,-399.5
-394.5,-394.5
-389.75,-389.75
-384.75,-384.75
-380.0,-380.0
-374.75,-374.75
-369.75,-369.75
-364.5,-364.5
-359.5,-359.5
-354.25,-354.25
-349.25,-349.25
-344.0,-344.0
-338.75,-338.75
-333.0,-333.0
-327.75,-327.75
-322.75,-322.75
-317.0,-317.0
-311.75,-311.75
-306.25,-306.25
-300.5,-300.5
-295.5,-295.5
-289.75,-289.75
-284.25,-284.25
-278.5,-278.5
-273.5,-273.5
-267.75,-267.75
-262.25,-262.25
-256.5,-256.5
-251.0,-251.0
-245.5,-245.5
-239.37,-239.37
-233.87,-233.87
-228.37,-228.37
-222.87,-222.87
-217.37,-217.37
-211.5,-211.5
-206.0,-206.0
-200.62,-200.62
-194.62,-194.62
-189.25,-189.25
-183.5,-183.5
-178.12,-178.12
-172.75,-172.75
-171.5,-171.5
-181.75,-181.75
-209.75,-209.75
-250.12,-250.12
-290.5,-290.5
-334.87,-334.87
-402.37,-402.37
-501.75,-501.75
-610.12,-610.12
-686.37,-686.37
-713.37,-713.37
-711.5,-711.5
-714.5,-714.5
-728.87,-728.87
-734.5,-734.5
-716.5,-716.5
-687.62,-687.62
-671.75,-671.75
-676.0,-676.0
-684.62,-684.62
-681.5,-681.5
-665.87,-665.87
-646.25,-646.25
-627.25,-627.25
-601.31,-601.31
-561.5,-561.5
-513.0,-513.0
-470.81,-470.81
-441.44,-441.44
-412.31,-412.31
-368.87,-368.87
-315.25,-315.25
-273.62,-273.62
-249.31,-249.31
-221.69,-221.69
-163.25,-163.25
-73.34,-73.34
21.25,21.25
97.5,97.5
162.0,162.0
236.91,236.91
326.59,326.59
408.42,408.42
461.94,461.94
491.87,491.87
521.98,521.98
565.23,565.23
615.0,615.0
653.22,653.22
673.0,673.0
678.49,678.49
675.32,675.32
667.09,667.09
654.83,654.83
642.08,642.08
633.36,633.36
629.59,629.59
628.31,628.31
623.41,623.41
615.97,615.97
608.0,608.0
602.03,602.03
596.0,596.0
585.97,585.97
574.91,574.91
565.84,565.84
561.34,561.34
555.75,555.75
541.62,541.62
521.06,521.06
503.56,503.56
497.69,497.69
500.31,500.31
500.31,500.31
492.75,492.75
483.19,483.19
479.12,479.12
480.0,480.0
477.81,477.81
468.06,468.06
457.87,457.87
454.69,454.69
459.44,459.44
465.06,465.06
467.12,467.12
464.56,464.56
461.5,461.5
459.31,459.31
458.62,458.62
457.37,457.37
454.56,454.56
450.25,450.25
443.87,443.87
436.87,436.87
430.0,430.0
423.62,423.62
417.75,417.75
412.25,412.25
407.37,407.37
401.87,401.87
397.0,397.0
391.5,391.5
386.0,386.0
380.5,380.5
375.0,375.0
370.0,370.0
365.0,365.0
359.5,359.5
355.0,355.0
350.0,350.0
344.87,344.87
339.87,339.87
334.75,334.75
330.25,330.25
325.12,325.12
320.62,320.62
316.0,316.0
311.37,311.37
306.87,306.87
302.25,302.25
297.62,297.62
293.0,293.0
288.87,288.87
284.37,284.37
280.25,280.25
275.62,275.62
271.5,271.5
267.37,267.37
263.25,263.25
259.12,259.12
255.0,255.0
250.87,250.87
246.75,246.75
242.62,242.62
239.0,239.0
234.87,234.87
231.25,231.25
227.12,227.12
223.5,223.5
219.87,219.87
215.75,215.75
212.12,212.12
208.5,208.5
204.87,204.87
201.25,201.25
197.62,197.62
194.5,194.5
190.87,190.87
187.37,187.37
183.75,183.75
180.62,180.62
177.0,177.0
173.87,173.87
170.87,170.87
167.25,167.25
164.12,164.12
161.12,161.12
157.5,157.5
154.5,154.5
151.37,151.37
148.37,148.37
145.25,145.25
142.25,142.25
139.25,139.25
136.25,136.25
133.62,133.62
130.62,130.62
127.62,127.62
125.12,125.12
122.12,122.12
119.12,119.12
116.62,116.62
113.75,113.75
110.75,110.75
107.75,107.75
105.37,105.37
102.87,102.87
100.5,100.5
98.0,98.0
95.62,95.62
93.25,93.25
90.87,90.87
87.87,87.87
85.5,85.5
83.12,83.12
80.75,80.75
78.5,78.5
76.12,76.12
73.75,73.75
71.5,71.5
69.62,69.62
67.37,67.37
65.0,65.0
62.75,62.75
60.5,60.5
58.75,58.75
56.5,56.5
54.19,54.19
52.0,52.0
50.25,50.25
48.06,48.06
46.38,46.38
44.19,44.19
42.5,42.5
40.31,40.31
38.19,38.19
36.56,36.56
34.88,34.88
32.81,32.81
31.19,31.19
29.06,29.06
27.5,27.5
25.94,25.94
23.87,23.87
22.31,22.31
20.81,20.81
18.75,18.75
17.25,17.25
15.75,15.75
13.25,13.25
4.81,4.81
-23.56,-23.56
-86.19,-86.19
-182.25,-182.25
-296.37,-296.37
-416.44,-416.44
-542.81,-542.81
-672.94,-672.94
-790.81,-790.81
-874.0,-874.0
-909.25,-909.25
-899.06,-899.06
-857.87,-857.87
-804.37,-804.37
-755.25,-755.25
-717.0,-717.0
-689.94,-689.94
-670.06,-670.06
-652.25,-652.25
-632.5,-632.5
-609.31,-609.31
-584.25,-584.25
-557.87,-557.87
-532.12,-532.12
-507.5,-507.5
-485.06,-485.06
-463.25,-463.25
-442.56,-442.56
-422.0,-422.0
-401.06,-401.06
-380.75,-380.75
-360.06,-360.06
-340.0,-340.0
-320.62,-320.62
-301.81,-301.81
-283.12,-283.12
-265.12,-265.12
-247.19,-247.19
-229.94,-229.94
-212.75,-212.75
-196.25,-196.25
-179.81,-179.81
-163.5,-163.5
-147.81,-147.81
-132.81,-132.81
-117.87,-117.87
-103.06,-103.06
-88.87,-88.87
-74.81,-74.81
-61.31,-61.31
-48.0,-48.0
-34.81,-34.81
-22.19,-22.19
-9.63,-9.63
2.25,2.25
14.0,14.0
25.75,25.75
36.75,36.75
47.75,47.75
58.13,58.13
68.87,68.87
78.5,78.5
88.5,88.5
97.87,97.87
107.25,107.25
116.0,116.0
125.12,125.12
133.12,133.12
141.62,141.62
149.87,149.87
157.62,157.62
164.75,164.75
172.37,172.37
178.75,178.75
185.62,185.62
192.0,192.0
198.12,198.12
204.25,204.25
210.25,210.25
215.75,215.75
221.12,221.12
226.37,226.37
231.5,231.5
236.12,236.12
240.62,240.62
245.12,245.12
249.0,249.0
253.25,253.25
257.0,257.0
260.62,260.62
264.0,264.0
267.25,267.25
270.37,270.37
273.25,273.25
276.12,276.12
278.5,278.5
281.0,281.0
283.12,283.12
285.37,285.37
287.12,287.12
289.0,289.0
290.62,290.62
291.87,291.87
293.12,293.12
294.37,294.37
295.5,295.5
296.25,296.25
297.0,297.0
297.5,297.5
298.25,298.25
298.37,298.37
298.62,298.62
298.62,298.62
298.62,298.62
298.62,298.62
298.25,298.25
297.87,297.87
297.37,297.37
296.87,296.87
296.12,296.12
295.25,295.25
294.5,294.5
293.37,293.37
292.12,292.12
291.0,291.0
289.75,289.75
288.5,288.5
286.87,286.87
285.37,285.37
283.75,283.75
281.87,281.87
279.87,279.87
278.25,278.25
276.0,276.0
274.0,274.0
272.0,272.0
269.75,269.75
267.37,267.37
265.12,265.12
262.75,262.75
260.12,260.12
257.75,257.75
255.12,255.12
252.5,252.5
249.75,249.75
247.12,247.12
244.37,244.37
241.5,241.5
238.5,238.5
235.5,235.5
232.5,232.5
229.25,229.25
226.0,226.0
223.0,223.0
219.75,219.75
216.5,216.5
213.25,213.25
210.0,210.0
206.75,206.75
203.25,203.25
199.87,199.87
196.37,196.37
193.12,193.12
189.62,189.62
186.12,186.12
182.62,182.62
178.87,178.87
175.37,175.37
171.87,171.87
168.12,168.12
164.62,164.62
160.94,160.94
157.19,157.19
153.62,153.62
149.94,149.94
146.25,146.25
142.44,142.44
138.81,138.81
135.06,135.06
131.31,131.31
127.56,127.56
123.81,123.81
120.12,120.12
116.44,116.44
112.62,112.62
108.94,108.94
105.19,105.19
101.56,101.56
97.81,97.81
94.25,94.25
90.44,90.44
86.62,86.62
82.69,82.69
78.94,78.94
75.25,75.25
71.5,71.5
67.81,67.81
64.31,64.31
60.5,60.5
56.94,56.94
53.31,53.31
49.63,49.63
46.09,46.09
42.44,42.44
38.84,38.84
35.25,35.25
31.81,31.81
28.28,28.28
24.78,24.78
21.19,21.19
17.75,17.75
14.31,14.31
10.94,10.94
7.44,7.44
4.12,4.12
0.7,0.7
-2.56,-2.56
-5.8,-5.8
-9.0,-9.0
-12.19,-12.19
-15.45,-15.45
-18.69,-18.69
-21.9,-21.9
-25.2,-25.2
-28.45,-28.45
-31.56,-31.56
-34.63,-34.63
-37.67,-37.67
-40.55,-40.55
-43.52,-43.52
-46.58,-46.58
-49.49,-49.49
-52.36,-52.36
-55.2,-55.2
-58.12,-58.12
-60.88,-60.88
-63.62,-63.62
-66.3,-66.3
-69.04,-69.04
-71.72,-71.72
-74.37,-74.37
-76.94,-76.94
-79.52,-79.52
-82.06,-82.06
-84.58,-84.58
-87.05,-87.05
-89.5,-89.5
-91.91,-91.91
-94.19,-94.19
-96.53,-96.53
-98.84,-98.84
-101.09,-101.09
-103.31,-103.31
-105.5,-105.5
-107.66,-107.66
-109.78,-109.78
-111.87,-111.87
-113.91,-113.91
-115.28,-115.28
-111.84,-111.84
-94.22,-94.22
-54.47,-54.47
3.94,3.94
70.0,70.0
141.69,141.69
229.56,229.56
338.5,338.5
452.06,452.06
542.5,542.5
596.06,596.06
620.31,620.31
628.06,628.06
622.06,622.06
596.06,596.06
550.87,550.87
501.94,501.94
468.06,468.06
452.81,452.81
443.12,443.12
424.75,424.75
397.62,397.62
364.25,364.25
304.75,304.75
179.75,179.75
-26.44,-26.44
-278.0,-278.0
-509.12,-509.12
-664.75,-664.75
-726.19,-726.19
-711.0,-711.0
-655.75,-655.75
-596.62,-596.62
-556.25,-556.25
-540.37,-540.37
-543.0,-543.0
-552.62,-552.62
-559.25,-559.25
-557.0,-557.0
-546.12,-546.12
-531.12,-531.12
-513.12,-513.12
-483.87,-483.87
-432.25,-432.25
-358.0,-358.0
-269.87,-269.87
-168.25,-168.25
-43.38,-43.38
106.0,106.0
258.87,258.87
381.75,381.75
450.25,450.25
460.62,460.62
427.87,427.87
374.75,374.75
322.12,322.12
281.75,281.75
256.25,256.25
240.75,240.75
224.62,224.62
196.75,196.75
155.62,155.62
114.12,114.12
88.0,88.0
82.25,82.25
89.62,89.62
98.37,98.37
99.25,99.25
89.0,89.0
69.62,69.62
45.75,45.75
22.37,22.37
2.0,2.0
-14.63,-14.63
-28.5,-28.5
-41.13,-41.13
-53.88,-53.88
-67.25,-67.25
-81.25,-81.25
-95.37,-95.37
-109.37,-109.37
-122.62,-122.62
-135.37,-135.37
-147.37,-147.37
-159.0,-159.0
-170.37,-170.37
-181.5,-181.5
-192.37,-192.37
-202.87,-202.87
-213.25,-213.25
-223.37,-223.37
-233.0,-233.0
-242.25,-242.25
-251.25,-251.25
-260.0,-260.0
-268.5,-268.5
-276.75,-276.75
-284.5,-284.5
-292.25,-292.25
-299.75,-299.75
-306.75,-306.75
-313.75,-313.75
-320.0,-320.0
-326.5,-326.5
-332.5,-332.5
-338.25,-338.25
-343.75,-343.75
-349.25,-349.25
-354.25,-354.25
-359.25,-359.25
-363.75,-363.75
-368.0,-368.0
-372.25,-372.25
-376.25,-376.25
-380.0,-380.0
-383.5,-383.5
-386.75,-386.75
-389.75,-389.75
-392.75,-392.75
-395.5,-395.5
-397.75,-397.75
-400.25,-400.25
-402.25,-402.25
-404.25,-404.25
-406.0,-406.0
-407.5,-407.5
-409.0,-409.0
-410.0,-410.0
-411.0,-411.0
-412.0,-412.0
-412.5,-412.5
-413.0,-413.0
-413.25,-413.25
-413.75,-413.75
-413.5,-413.5
-413.5,-413.5
-413.25,-413.25
-412.75,-412.75
-412.25,-412.25
-411.5,-411.5
-410.75,-410.75
-409.75,-409.75
-408.5,-408.5
-407.5,-407.5
-406.0,-406.0
-404.5,-404.5
-402.75,-402.75
-401.25,-401.25
-399.25,-399.25
-397.25,-397.25
-395.25,-395.25
-393.0,-393.0
-391.0,-391.0
-388.25,-388.25
-386.0,-386.0
-383.5,-383.5
-380.75,-380.75
-378.0,-378.0
-375.0,-375.0
-372.25,-372.25
-369.0,-369.0
-366.0,-366.0
-362.75,-362.75
-359.25,-359.25
-356.25,-356.25
-352.75,-352.75
-349.25,-349.25
-345.5,-345.5
-342.0,-342.0
-338.0,-338.0
-334.25,-334.25
-330.5,-330.5
-326.5,-326.5
-322.75,-322.75
-318.5,-318.5
-314.5,-314.5
-311.25,-311.25
-313.5,-313.5
-330.0,-330.0
-366.0,-366.0
-417.12,-417.12
-480.75,-480.75
-566.0,-566.0
-687.62,-687.62
-842.5,-842.5
-1000.62,-1000.62
-1121.88,-1121.88
-1181.38,-1181.38
-1179.25,-1179.25
-1134.38,-1134.38
-1071.88,-1071.88
-1011.75,-1011.75
-964.37,-964.37
-930.75,-930.75
-905.87,-905.87
-883.37,-883.37
-858.62,-858.62
-830.0,-830.0
-798.0,-798.0
-765.0,-765.0
-732.37,-732.37
-701.12,-701.12
-672.12,-672.12
-644.25,-644.25
-617.12,-617.12
-590.25,-590.25
-563.37,-563.37
-536.37,-536.37
-509.87,-509.87
-483.5,-483.5
-457.75,-457.75
-432.62,-432.62
-408.0,-408.0
-383.75,-383.75
-359.94,-359.94
-336.31,-336.31
-313.31,-313.31
-290.5,-290.5
-268.06,-268.06
-246.06,-246.06
-224.5,-224.5
-203.31,-203.31
-182.31,-182.31
-161.94,-161.94
-141.75,-141.75
-122.0,-122.0
-102.62,-102.62
-83.66,-83.66
-65.12,-65.12
-46.75,-46.75
-28.78,-28.78
-10.97,-10.97
6.19,6.19
23.44,23.44
40.27,40.27
56.44,56.44
72.45,72.45
87.81,87.81
103.01,103.01
117.81,117.81
132.21,132.21
146.7,146.7
160.8,160.8
174.48,174.48
188.03,188.03
201.41,201.41
215.87,215.87
233.19,233.19
253.06,253.06
271.47,271.47
285.19,285.19
299.22,299.22
325.31,325.31
370.87,370.87
425.19,425.19
470.0,470.0
503.31,503.31
545.19,545.19
613.44,613.44
698.69,698.69
775.25,775.25
830.31,830.31
877.75,877.75
937.56,937.56
1006.75,1006.75
1059.63,1059.63
1078.13,1078.13
1072.0,1072.0
1065.25,1065.25
1069.75,1069.75
1077.0,1077.0
1076.25,1076.25
1069.13,1069.13
1064.13,1064.13
1065.0,1065.0
1068.25,1068.25
1067.75,1067.75
1058.88,1058.88
1041.88,1041.88
1018.75,1018.75
993.5,993.5
969.25,969.25
947.5,947.5
928.0,928.0
910.37,910.37
893.25,893.25
876.12,876.12
858.12,858.12
840.0,840.0
821.5,821.5
803.62,803.62
785.87,785.87
768.75,768.75
751.87,751.87
735.37,735.37
719.12,719.12
702.87,702.87
686.75,686.75
670.87,670.87
655.25,655.25
639.75,639.75
624.5,624.5
609.5,609.5
594.62,594.62
580.0,580.0
565.37,565.37
551.12,551.12
537.37,537.37
523.5,523.5
510.12,510.12
496.5,496.5
483.25,483.25
470.25,470.25
457.25,457.25
444.62,444.62
432.0,432.0
419.75,419.75
407.5,407.5
395.5,395.5
383.37,383.37
369.0,369.0
345.75,345.75
308.12,308.12
262.62,262.62
223.87,223.87
192.75,192.75
147.12,147.12
66.25,66.25
-39.0,-39.0
-129.25,-129.25
-172.75,-172.75
-175.0,-175.0
-164.75,-164.75
-156.5,-156.5
-139.5,-139.5
-100.75,-100.75
-47.38,-47.38
-0.62,-0.62
31.12,31.12
62.88,62.88
111.37,111.37
174.37,174.37
231.25,231.25
266.37,266.37
279.0,279.0
278.87,278.87
273.62,273.62
266.87,266.87
260.25,260.25
254.0,254.0
247.87,247.87
238.0,238.0
219.62,219.62
193.5,193.5
169.25,169.25
156.37,156.37
155.25,155.25
154.5,154.5
143.75,143.75
125.12,125.12
107.12,107.12
87.5,87.5
47.75,47.75
-25.5,-25.5
-119.5,-119.5
-200.75,-200.75
-250.25,-250.25
-282.31,-282.31
-325.0,-325.0
-385.5,-385.5
-443.37,-443.37
-479.94,-479.94
-502.06,-502.06
-529.94,-529.94
-567.19,-567.19
-595.31,-595.31
-598.06,-598.06
-581.69,-581.69
-567.87,-567.87
-568.37,-568.37
-575.25,-575.25
-574.0,-574.0
-561.44,-561.44
-546.62,-546.62
-535.37,-535.37
-523.44,-523.44
-504.25,-504.25
-478.62,-478.62
-456.44,-456.44
-443.69,-443.69
-434.44,-434.44
-418.44,-418.44
-395.81,-395.81
-375.06,-375.06
-361.94,-361.94
-348.37,-348.37
-322.37,-322.37
-283.31,-283.31
-247.37,-247.37
-226.19,-226.19
-210.12,-210.12
-178.25,-178.25
-123.81,-123.81
-67.12,-67.12
-30.75,-30.75
-13.38,-13.38
8.31,8.31
45.75,45.75
82.37,82.37
92.94,92.94
76.12,76.12
57.69,57.69
58.38,58.38
67.37,67.37
60.0,60.0
31.44,31.44
5.62,5.62
3.5,3.5
17.94,17.94
23.25,23.25
7.25,7.25
-14.13,-14.13
-20.25,-20.25
-13.63,-13.63
-15.5,-15.5
-36.88,-36.88
-63.06,-63.06
-73.25,-73.25
-66.12,-66.12
-58.75,-58.75
-62.69,-62.69
-69.81,-69.81
-63.44,-63.44
-41.56,-41.56
-20.62,-20.62
-12.88,-12.88
-9.94,-9.94
4.44,4.44
30.5,30.5
48.5,48.5
42.38,42.38
18.25,18.25
-4.12,-4.12
-12.06,-12.06
-11.63,-11.63
-13.5,-13.5
-18.31,-18.31
-17.12,-17.12
-5.62,-5.62
8.19,8.19
13.94,13.94
14.06,14.06
20.5,20.5
40.88,40.88
66.0,66.0
80.44,80.44
82.25,82.25
89.25,89.25
116.37,116.37
155.81,155.81
183.31,183.31
191.06,191.06
197.19,197.19
224.25,224.25
268.81,268.81
303.62,303.62
310.87,310.87
302.44,302.44
302.06,302.06
312.44,312.44
313.12,313.12
289.75,289.75
252.31,252.31
223.19,223.19
206.31,206.31
184.56,184.56
143.44,143.44
93.44,93.44
56.38,56.38
41.13,41.13
37.31,37.31
29.75,29.75
13.75,13.75
-6.37,-6.37
-22.56,-22.56
-30.81,-30.81
-30.0,-30.0
-22.94,-22.94
-13.44,-13.44
-4.56,-4.56
2.56,2.56
7.06,7.06
10.0,10.0
12.69,12.69
15.38,15.38
18.75,18.75
23.37,23.37
31.19,31.19
46.44,46.44
68.25,68.25
86.87,86.87
93.31,93.31
89.44,89.44
88.87,88.87
100.75,100.75
119.0,119.0
128.31,128.31
121.31,121.31
106.81,106.81
97.69,97.69
96.69,96.69
96.62,96.62
93.56,93.56
96.75,96.75
118.62,118.62
156.06,156.06
186.94,186.94
195.19,195.19
192.81,192.81
204.5,204.5
234.75,234.75
259.19,259.19
254.37,254.37
229.31,229.31
213.69,213.69
220.44,220.44
231.12,231.12
221.37,221.37
195.69,195.69
185.5,185.5
211.56,211.56
262.12,262.12
312.25,312.25
360.06,360.06
429.12,429.12
530.25,530.25
637.37,637.37
709.44,709.44
732.75,732.75
727.94,727.94
722.06,722.06
724.94,724.94
730.62,730.62
730.94,730.94
722.37,722.37
706.0,706.0
683.47,683.47
657.5,657.5
630.44,630.44
603.78,603.78
578.5,578.5
554.37,554.37
531.16,531.16
508.31,508.31
485.59,485.59
463.0,463.0
440.28,440.28
417.98,417.98
396.31,396.31
375.03,375.03
354.14,354.14
333.64,333.64
313.52,313.52
293.79,293.79
274.44,274.44
255.23,255.23
236.4,236.4
218.21,218.21
200.16,200.16
182.24,182.24
164.95,164.95
148.05,148.05
131.28,131.28
114.9,114.9
98.89,98.89
83.02,83.02
67.53,67.53
52.42,52.42
37.69,37.69
23.09,23.09
9.13,9.13
-4.97,-4.97
-18.44,-18.44
-31.78,-31.78
-44.75,-44.75
-57.59,-57.59
-69.81,-69.81
-82.16,-82.16
-93.87,-93.87
-105.44,-105.44
-116.94,-116.94
-127.75,-127.75
-138.75,-138.75
-149.12,-149.12
-159.37,-159.37
-169.5,-169.5
-179.25,-179.25
-188.62,-188.62
-197.87,-197.87
-206.81,-206.81
-215.62,-215.62
-224.06,-224.06
-232.37,-232.37
-240.31,-240.31
-248.19,-248.19
-255.69,-255.69
-263.12,-263.12
-270.31,-270.31
-277.0,-277.0
-283.87,-283.87
-290.37,-290.37
-296.37,-296.37
-302.5,-302.5
-308.37,-308.37
-313.87,-313.87
-319.37,-319.37
-324.75,-324.75
-329.75,-329.75
-334.37,-334.37
-339.0,-339.0
-343.5,-343.5
-347.87,-347.87
-351.87,-351.87
-355.62,-355.62
-359.5,-359.5
-363.0,-363.0
-366.25,-366.25
-369.62,-369.62
-372.62,-372.62
-375.25,-375.25
-378.12,-378.12
-380.62,-380.62
-382.87,-382.87
-385.25,-385.25
-387.25,-387.25
-389.0,-389.0
-390.87,-390.87
-392.37,-392.37
-393.87,-393.87
-395.12,-395.12
-396.37,-396.37
-397.37,-397.37
-398.12,-398.12
-399.0,-399.0
-399.62,-399.62
-400.12,-400.12
-400.5,-400.5
-400.62,-400.62
-400.87,-400.87
-400.87,-400.87
-400.62,-400.62
-400.5,-400.5
-400.0,-400.0
-399.62,-399.62
-399.0,-399.0
-398.37,-398.37
-397.5,-397.5
-396.5,-396.5
-395.5,-395.5
-394.5,-394.5
-393.37,-393.37
-392.0,-392.0
-390.5,-390.5
-389.25,-389.25
-387.5,-387.5
-385.87,-385.87
-384.25,-384.25
-382.25,-382.25
-380.37,-380.37
-378.37,-378.37
-376.25,-376.25
-374.12,-374.12
-371.87,-371.87
-369.37,-369.37
-367.25,-367.25
-364.5,-364.5
-362.0,-362.0
-359.75,-359.75
-356.62,-356.62
-354.0,-354.0
-351.37,-351.37
-348.25,-348.25
-345.5,-345.5
-342.37,-342.37
-339.62,-339.62
-336.37,-336.37
-333.62,-333.62
-330.25,-330.25
-327.0,-327.0
-323.62,-323.62
-320.25,-320.25
-316.87,-316.87
-313.5,-313.5
-310.0,-310.0
-306.62,-306.62
-303.12,-303.12
-299.25,-299.25
-295.75,-295.75
-292.25,-292.25
-288.25,-288.25
-284.75,-284.75
-280.75,-280.75
-277.25,-277.25
-273.25,-273.25
-269.75,-269.75
-265.62,-265.62
-261.62,-261.62
-257.62,-257.62
-254.0,-254.0
-250.0,-250.0
-245.87,-245.87
-241.87,-241.87
-237.75,-237.75
-233.75,-233.75
-229.75,-229.75
-225.62,-225.62
-221.62,-221.62
-217.62,-217.62
-213.5,-213.5
-209.5,-209.5
-205.5,-205.5
-201.0,-201.0
-196.87,-196.87
-192.87,-192.87
-188.87,-188.87
-184.37,-184.37
-180.5,-180.5
-176.5,-176.5
-172.0,-172.0
-168.12,-168.12
-163.62,-163.62
-159.75,-159.75
-155.87,-155.87
-151.37,-151.37
-147.5,-147.5
-143.25,-143.25
-138.87,-138.87
-135.0,-135.0
-130.75,-130.75
-126.87,-126.87
-122.62,-122.62
-118.37,-118.37
-114.62,-114.62
-110.37,-110.37
-106.25,-106.25
-102.5,-102.5
-98.37,-98.37
-94.25,-94.25
-90.19,-90.19
-86.56,-86.56
-82.5,-82.5
-78.44,-78.44
-74.44,-74.44
-70.94,-70.94
-67.0,-67.0
-63.06,-63.06
-59.13,-59.13
-55.25,-55.25
-51.38,-51.38
-48.06,-48.06
-44.25,-44.25
-40.44,-40.44
-36.69,-36.69
-32.94,-32.94
-29.25,-29.25
-25.56,-25.56
-21.94,-21.94
-18.31,-18.31
-14.75,-14.75
-11.19,-11.19
-7.69,-7.69
-4.69,-4.69
-1.25,-1.25
2.19,2.19
5.56,5.56
8.94,8.94
12.28,12.28
15.59,15.59
18.87,18.87
22.09,22.09
25.31,25.31
28.47,28.47
31.59,31.59
34.72,34.72
37.78,37.78
40.81,40.81
43.81,43.81
46.78,46.78
49.72,49.72
52.63,52.63
55.48,55.48
58.31,58.31
61.11,61.11
64.37,64.37
67.09,67.09
69.78,69.78
72.44,72.44
75.05,75.05
77.63,77.63
80.18,80.18
82.69,82.69
84.66,84.66
87.61,87.61
90.01,90.01
92.38,92.38
94.72,94.72
96.51,96.51
99.28,99.28
101.01,101.01
103.7,103.7
105.36,105.36
107.98,107.98
109.56,109.56
111.61,111.61
113.64,113.64
115.61,115.61
117.56,117.56
119.47,119.47
121.34,121.34
123.19,123.19
124.98,124.98
126.75,126.75
128.5,128.5
130.19,130.19
131.84,131.84
133.47,133.47
135.06,135.06
136.62,136.62
138.16,138.16
139.62,139.62
141.09,141.09
142.5,142.5
143.91,143.91
145.25,145.25
146.06,146.06
147.34,147.34
148.59,148.59
149.81,149.81
150.97,150.97
152.12,152.12
153.25,153.25
154.37,154.37
155.37,155.37
156.44,156.44
157.37,157.37
158.37,158.37
158.75,158.75
159.69,159.69
160.5,160.5
161.31,161.31
162.12,162.12
162.87,162.87
163.62,163.62
163.81,163.81
164.5,164.5
165.12,165.12
165.75,165.75
166.31,166.31
166.87,166.87
166.94,166.94
167.37,167.37
167.87,167.87
168.31,168.31
168.69,168.69
168.56,168.56
168.94,168.94
169.25,169.25
169.56,169.56
169.81,169.81
169.56,169.56
169.75,169.75
169.94,169.94
170.12,170.12
169.75,169.75
169.87,169.87
169.94,169.94
169.5,169.5
169.56,169.56
169.56,169.56
169.56,169.56
169.0,169.0
168.94,168.94
168.81,168.81
168.25,168.25
168.12,168.12
167.94,167.94
167.25,167.25
167.06,167.06
166.81,166.81
166.06,166.06
165.81,165.81
165.56,165.56
164.75,164.75
164.37,164.37
164.06,164.06
163.19,163.19
162.81,162.81
162.37,162.37
161.44,161.44
161.0,161.0
160.0,160.0
159.62,159.62
159.12,159.12
158.0,158.0
157.5,157.5
156.5,156.5
155.87,155.87
155.37,155.37
154.25,154.25
153.62,153.62
152.5,152.5
151.75,151.75
150.62,150.62
150.0,150.0
149.25,149.25
148.12,148.12
147.37,147.37
146.12,146.12
145.37,145.37
144.12,144.12
143.37,143.37
142.0,142.0
141.25,141.25
139.87,139.87
139.12,139.12
137.75,137.75
136.87,136.87
135.62,135.62
134.75,134.75
133.37,133.37
132.5,132.5
131.0,131.0
130.12,130.12
128.75,128.75
127.37,127.37
126.37,126.37
125.0,125.0
124.0,124.0
122.5,122.5
121.62,121.62
120.12,120.12
119.12,119.12
117.62,117.62
116.12,116.12
115.25,115.25
113.69,113.69
112.69,112.69
111.19,111.19
109.69,109.69
108.62,108.62
107.12,107.12
106.12,106.12
104.56,104.56
103.06,103.06
102.0,102.0
100.44,100.44
99.44,99.44
97.87,97.87
96.31,96.31
95.25,95.25
93.69,93.69
92.19,92.19
91.12,91.12
89.56,89.56
88.0,88.0
86.94,86.94
85.37,85.37
83.81,83.81
82.75,82.75
81.19,81.19
79.62,79.62
78.56,78.56
77.0,77.0
75.5,75.5
74.44,74.44
72.87,72.87
71.31,71.31
70.25,70.25
68.69,68.69
67.19,67.19
65.62,65.62
64.56,64.56
63.06,63.06
61.5,61.5
60.5,60.5
58.94,58.94
57.44,57.44
55.94,55.94
54.94,54.94
53.38,53.38
51.88,51.88
50.38,50.38
49.38,49.38
47.94,47.94
46.44,46.44
45.44,45.44
43.94,43.94
42.5,42.5
41.06,41.06
39.56,39.56
38.63,38.63
36.69,36.69
33.25,33.25
27.31,27.31
21.0,21.0
17.19,17.19
17.44,17.44
19.12,19.12
17.31,17.31
13.56,13.56
10.31,10.31
10.06,10.06
12.38,12.38
13.63,13.63
12.38,12.38
10.13,10.13
9.88,9.88
11.69,11.69
12.44,12.44
11.69,11.69
8.94,8.94
7.69,7.69
7.5,7.5
5.81,5.81
0.56,0.56
-6.06,-6.06
-9.69,-9.69
-8.19,-8.19
-6.25,-6.25
-8.88,-8.88
-14.94,-14.94
-18.44,-18.44
-16.41,-16.41
-13.88,-13.88
-16.37,-16.37
-23.34,-23.34
-27.28,-27.28
-24.12,-24.12
-20.03,-20.03
-23.47,-23.47
-33.38,-33.38
-40.66,-40.66
-39.38,-39.38
-33.13,-33.13
-32.41,-32.41
-40.69,-40.69
-48.41,-48.41
-47.53,-47.53
-39.66,-39.66
-36.84,-36.84
-42.56,-42.56
-48.72,-48.72
-47.81,-47.81
-41.41,-41.41
-43.06,-43.06
-57.69,-57.69
-73.66,-73.66
-75.97,-75.97
-65.28,-65.28
-56.16,-56.16
-60.09,-60.09
-69.5,-69.5
-68.81,-68.81
-54.13,-54.13
-37.56,-37.56
-30.66,-30.66
-31.78,-31.78
-31.41,-31.41
-23.03,-23.03
-13.23,-13.23
-9.02,-9.02
-10.83,-10.83
-12.14,-12.14
-9.42,-9.42
-6.73,-6.73
-9.06,-9.06
-15.38,-15.38
-18.62,-18.62
-15.34,-15.34
-10.59,-10.59
-9.89,-9.89
-13.19,-13.19
-14.94,-14.94
-13.19,-13.19
-11.44,-11.44
-15.22,-15.22
-23.45,-23.45
-29.61,-29.61
-28.7,-28.7
-23.3,-23.3
-18.95,-18.95
-19.13,-19.13
-19.8,-19.8
-17.98,-17.98
-14.16,-14.16
-9.88,-9.88
-7.62,-7.62
-6.4,-6.4
-6.18,-6.18
-6.97,-6.97
-9.74,-9.74
-14.99,-14.99
-19.69,-19.69
-22.34,-22.34
-22.96,-22.96
-28.08,-28.08
-40.64,-40.64
-54.59,-54.59
-60.4,-60.4
-59.64,-59.64
-65.39,-65.39
-89.07,-89.07
-122.52,-122.52
-143.15,-143.15
-142.07,-142.07
-139.47,-139.47
-161.88,-161.88
-208.06,-208.06
-249.29,-249.29
-262.6,-262.6
-259.75,-259.75
-271.89,-271.89
-305.87,-305.87
-336.0,-336.0
-335.81,-335.81
-314.06,-314.06
-302.46,-302.46
-314.93,-314.93
-331.23,-331.23
-322.84,-322.84
-293.47,-293.47
-273.33,-273.33
-277.33,-277.33
-286.25,-286.25
-269.05,-269.05
-227.96,-227.96
-193.21,-193.21
-188.25,-188.25
-197.31,-197.31
-188.26,-188.26
-151.26,-151.26
-110.07,-110.07
-87.24,-87.24
-73.61,-73.61
-44.1,-44.1
7.16,7.16
53.94,53.94
70.29,70.29
61.48,61.48
54.75,54.75
67.56,67.56
84.75,84.75
84.76,84.76
68.77,68.77
60.91,60.91
74.11,74.11
96.18,96.18
104.04,104.04
94.3,94.3
86.15,86.15
93.05,93.05
104.88,104.88
101.58,101.58
82.29,82.29
66.68,66.68
69.19,69.19
77.17,77.17
65.06,65.06
28.56,28.56
-5.11,-5.11
-10.98,-10.98
5.71,5.71
13.24,13.24
-5.29,-5.29
-31.16,-31.16
-36.28,-36.28
-19.35,-19.35
-10.58,-10.58
-29.88,-29.88
-63.0,-63.0
-79.81,-79.81
-75.46,-75.46
-79.63,-79.63
-116.75,-116.75
-178.02,-178.02
-229.7,-229.7
-252.37,-252.37
-257.29,-257.29
-262.64,-262.64
-260.89,-260.89
-226.12,-226.12
-155.14,-155.14
-84.78,-84.78
-58.05,-58.05
-81.05,-81.05
-115.33,-115.33
-117.29,-117.29
-73.2,-73.2
1.49,1.49
88.0,88.0
176.71,176.71
257.58,257.58
315.17,315.17
339.69,339.69
334.93,334.93
316.17,316.17
299.03,299.03
288.0,288.0
281.03,281.03
275.58,275.58
272.64,272.64
271.68,271.68
266.69,266.69
250.21,250.21
223.84,223.84
199.67,199.67
188.7,188.7
185.8,185.8
174.39,174.39
149.57,149.57
124.45,124.45
115.53,115.53
117.69,117.69
106.3,106.3
65.51,65.51
9.57,9.57
-29.36,-29.36
-40.42,-40.42
-45.38,-45.38
-68.28,-68.28
-102.97,-102.97
-117.82,-117.82
-100.02,-100.02
-70.37,-70.37
-58.48,-58.48
-64.19,-64.19
-61.83,-61.83
-34.99,-34.99
0.11,0.11
15.89,15.89
9.53,9.53
6.72,6.72
25.94,25.94
55.47,55.47
66.73,66.73
54.88,54.88
41.62,41.62
48.98,48.98
72.27,72.27
89.83,89.83
92.22,92.22
93.57,93.57
108.9,108.9
133.07,133.07
150.0,150.0
151.25,151.25
145.47,145.47
145.22,145.22
152.44,152.44
161.58,161.58
167.12,167.12
167.57,167.57
166.5,166.5
164.41,164.41
161.81,161.81
157.22,157.22
152.64,152.64
147.58,147.58
142.55,142.55
137.04,137.04
131.55,131.55
125.61,125.61
119.69,119.69
113.81,113.81
107.97,107.97
102.16,102.16
96.89,96.89
91.66,91.66
85.95,85.95
81.3,81.3
76.16,76.16
71.06,71.06
66.01,66.01
60.98,60.98
56.49,56.49
51.53,51.53
47.12,47.12
42.73,42.73
38.39,38.39
34.06,34.06
29.78,29.78
25.53,25.53
21.83,21.83
17.64,17.64
13.98,13.98
9.88,9.88
6.3,6.3
2.75,2.75
-0.77,-0.77
-4.75,-4.75
-7.7,-7.7
-11.13,-11.13
-14.5,-14.5
-17.86,-17.86
-20.67,-20.67
-23.97,-23.97
-26.73,-26.73
-29.94,-29.94
-32.66,-32.66
-35.31,-35.31
-37.94,-37.94
-40.56,-40.56
-43.13,-43.13
-45.66,-45.66
-48.19,-48.19
-50.66,-50.66
-53.13,-53.13
-55.03,-55.03
-57.44,-57.44
-59.31,-59.31
-61.66,-61.66
-63.47,-63.47
-65.25,-65.25
-67.5,-67.5
-69.22,-69.22
-70.94,-70.94
-72.59,-72.59
-74.25,-74.25
-75.87,-75.87
-77.47,-77.47
-79.03,-79.03
-80.09,-80.09
-81.59,-81.59
-83.09,-83.09
-84.06,-84.06
-85.53,-85.53
-86.44,-86.44
-87.84,-87.84
-88.72,-88.72
-90.06,-90.06
-90.91,-90.91
-91.69,-91.69
-92.47,-92.47
-93.75,-93.75
-94.47,-94.47
-95.19,-95.19
-95.91,-95.91
-96.56,-96.56
-97.22,-97.22
-97.84,-97.84
-97.97,-97.97
-98.56,-98.56
-99.12,-99.12
-99.69,-99.69
-100.22,-100.22
-100.25,-100.25
-100.75,-100.75
-100.72,-100.72
-101.19,-101.19
-101.12,-101.12
-101.56,-101.56
-101.47,-101.47
-101.87,-101.87
-101.75,-101.75
-102.09,-102.09
-101.94,-101.94
-101.81,-101.81
-101.62,-101.62
-101.94,-101.94
-101.69,-101.69
-101.5,-101.5
-101.25,-101.25
-101.0,-101.0
-100.69,-100.69
-100.44,-100.44
-100.12,-100.12
-99.81,-99.81
-99.5,-99.5
-99.19,-99.19
-98.87,-98.87
-98.5,-98.5
-98.12,-98.12
-97.75,-97.75
-97.37,-97.37
-96.44,-96.44
-96.06,-96.06
-95.62,-95.62
-95.19,-95.19
-94.25,-94.25
-93.81,-93.81
-93.37,-93.37
-92.44,-92.44
-91.94,-91.94
-91.0,-91.0
-90.5,-90.5
-90.0,-90.0
-89.0,-89.0
-88.5,-88.5
-87.5,-87.5
-86.94,-86.94
-85.94,-85.94
-85.37,-85.37
-84.34,-84.34
-83.81,-83.81
-82.75,-82.75
-82.22,-82.22
-81.16,-81.16
-80.09,-80.09
-79.03,-79.03
-78.47,-78.47
-77.37,-77.37
-76.31,-76.31
-75.22,-75.22
-74.66,-74.66
-73.56,-73.56
-72.47,-72.47
-71.91,-71.91
-70.81,-70.81
-69.72,-69.72
-68.62,-68.62
-67.53,-67.53
-66.94,-66.94
-65.81,-65.81
-64.72,-64.72
-63.63,-63.63
-62.53,-62.53
-61.44,-61.44
-60.34,-60.34
-59.25,-59.25
-58.63,-58.63
-57.53,-57.53
-56.44,-56.44
-55.34,-55.34
-54.25,-54.25
-53.16,-53.16
-52.06,-52.06
-50.97,-50.97
-49.91,-49.91
-48.81,-48.81
-47.72,-47.72
-46.66,-46.66
-45.56,-45.56
-44.5,-44.5
-43.44,-43.44
-42.38,-42.38
-41.31,-41.31
-40.25,-40.25
-39.19,-39.19
-38.13,-38.13
-36.59,-36.59
-35.53,-35.53
-34.5,-34.5
-33.47,-33.47
-32.44,-32.44
-31.44,-31.44
-30.41,-30.41
-29.41,-29.41
-28.37,-28.37
-27.37,-27.37
-26.37,-26.37
-25.37,-25.37
-23.91,-23.91
-22.91,-22.91
-21.94,-21.94
-20.97,-20.97
-20.03,-20.03
-19.06,-19.06
-17.62,-17.62
-16.66,-16.66
-15.73,-15.73
-14.81,-14.81
-13.89,-13.89
-12.97,-12.97
-11.56,-11.56
-10.67,-10.67
-9.78,-9.78
-8.89,-8.89
-8.02,-8.02
-7.14,-7.14
-5.78,-5.78
-4.92,-4.92
-4.08,-4.08
-3.25,-3.25
-2.41,-2.41
-1.09,-1.09
-0.28,-0.28
0.53,0.53
1.33,1.33
2.11,2.11
3.39,3.39
4.17,4.17
4.92,4.92
5.69,5.69
6.92,6.92
7.66,7.66
8.39,8.39
9.11,9.11
9.82,9.82
11.02,11.02
11.71,11.71
12.39,12.39
13.06,13.06
13.73,13.73
14.89,14.89
15.53,15.53
16.17,16.17
16.8,16.8
17.92,17.92
18.52,18.52
19.12,19.12
19.71,19.71
20.8,20.8
21.36,21.36
21.92,21.92
22.48,22.48
23.52,23.52
24.05,24.05
24.57,24.57
25.09,25.09
25.59,25.59
26.59,26.59
27.07,27.07
27.55,27.55
28.01,28.01
28.97,28.97
29.42,29.42
29.85,29.85
30.28,30.28
31.2,31.2
31.61,31.61
32.0,32.0
32.39,32.39
32.77,32.77
33.64,33.64
34.0,34.0
34.36,34.36
34.7,34.7
35.53,35.53
35.85,35.85
36.16,36.16
36.47,36.47
37.27,37.27
37.55,37.55
37.82,37.82
38.09,38.09
38.35,38.35
38.6,38.6
38.84,38.84
39.08,39.08
39.8,39.8
40.02,40.02
40.72,40.72
40.91,40.91
41.59,41.59
41.77,41.77
41.94,41.94
42.09,42.09
42.23,42.23
42.38,42.38
43.02,43.02
43.14,43.14
43.25,43.25
43.36,43.36
43.95,43.95
44.03,44.03
44.11,44.11
44.19,44.19
44.25,44.25
44.81,44.81
44.86,44.86
44.89,44.89
44.92,44.92
44.95,44.95
45.47,45.47
45.47,45.47
45.47,45.47
45.45,45.45
45.44,45.44
45.42,45.42
45.89,45.89
45.84,45.84
45.8,45.8
45.75,45.75
45.69,45.69
46.13,46.13
46.05,46.05
45.97,45.97
45.88,45.88
45.78,45.78
46.17,46.17
46.06,46.06
45.94,45.94
45.81,45.81
45.69,45.69
45.55,45.55
45.91,45.91
45.77,45.77
45.61,45.61
45.44,45.44
45.28,45.28
45.61,45.61
45.42,45.42
45.22,45.22
45.03,45.03
44.84,44.84
44.63,44.63
44.44,44.44
44.72,44.72
44.5,44.5
44.25,44.25
44.03,44.03
43.78,43.78
43.56,43.56
43.81,43.81
43.56,43.56
43.28,43.28
43.03,43.03
42.75,42.75
42.5,42.5
42.72,42.72
42.44,42.44
42.16,42.16
41.84,41.84
41.56,41.56
41.25,41.25
40.97,40.97
41.16,41.16
40.84,40.84
40.53,40.53
40.22,40.22
39.88,39.88
39.56,39.56
39.22,39.22
38.91,38.91
39.06,39.06
38.72,38.72
38.38,38.38
38.03,38.03
37.69,37.69
37.31,37.31
36.97,36.97
37.13,37.13
36.75,36.75
36.38,36.38
36.0,36.0
35.66,35.66
35.28,35.28
34.91,34.91
34.53,34.53
34.16,34.16
34.25,34.25
33.88,33.88
33.5,33.5
33.09,33.09
32.72,32.72
32.31,32.31
31.91,31.91
31.53,31.53
31.12,31.12
31.22,31.22
30.84,30.84
30.44,30.44
30.03,30.03
29.62,29.62
29.22,29.22
28.81,28.81
28.41,28.41
28.0,28.0
27.56,27.56
27.66,27.66
27.25,27.25
26.84,26.84
26.44,26.44
26.0,26.0
25.59,25.59
25.19,25.19
24.75,24.75
24.34,24.34
23.94,23.94
24.02,24.02
23.59,23.59
23.19,23.19
22.77,22.77
22.34,22.34
21.92,21.92
21.52,21.52
21.09,21.09
20.67,20.67
20.27,20.27
19.84,19.84
19.44,19.44
19.52,19.52
19.09,19.09
18.69,18.69
18.27,18.27
17.86,17.86
17.44,17.44
17.03,17.03
16.62,16.62
16.22,16.22
15.8,15.8
15.39,15.39
14.98,14.98
14.59,14.59
14.19,14.19
14.28,14.28
13.88,13.88
13.48,13.48
13.08,13.08
12.67,12.67
12.28,12.28
11.89,11.89
11.48,11.48
11.09,11.09
10.7,10.7
10.33,10.33
9.94,9.94
9.55,9.55
9.17,9.17
8.78,8.78
8.41,8.41
8.53,8.53
8.16,8.16
7.78,7.78
7.41,7.41
7.03,7.03
6.67,6.67
6.3,6.3
5.94,5.94
5.58,5.58
5.22,5.22
4.86,4.86
4.5,4.5
4.16,4.16
3.8,3.8
3.45,3.45
3.11,3.11
2.77,2.77
2.44,2.44
2.09,2.09
1.77,1.77
1.94,1.94
1.61,1.61
1.28,1.28
0.95,0.95
0.62,0.62
0.3,0.3
-0.02,-0.02
-0.33,-0.33
-0.64,-0.64
-0.95,-0.95
-1.26,-1.26
-1.56,-1.56
-1.86,-1.86
-2.16,-2.16
-2.45,-2.45
-2.74,-2.74
-3.03,-3.03
-3.32,-3.32
-3.6,-3.6
-3.87,-3.87
-4.16,-4.16
-4.42,-4.42
-4.7,-4.7
-4.96,-4.96
-4.73,-4.73
-4.98,-4.98
-5.25,-5.25
-5.51,-5.51
-5.76,-5.76
-6.02,-6.02
-6.26,-6.26
-6.51,-6.51
-6.75,-6.75
-6.98,-6.98
-7.23,-7.23
-7.45,-7.45
-7.69,-7.69
-7.91,-7.91
-8.13,-8.13
-8.35,-8.35
-8.57,-8.57
-8.78,-8.78
-8.99,-8.99
-9.2,-9.2
-9.4,-9.4
-9.6,-9.6
-9.8,-9.8
-9.99,-9.99
-10.18,-10.18
-10.36,-10.36
-10.55,-10.55
-10.73,-10.73
-10.91,-10.91
-11.08,-11.08
-11.25,-11.25
-11.41,-11.41
-11.58,-11.58
-11.74,-11.74
-11.4,-11.4
-11.55,-11.55
-11.71,-11.71
-11.86,-11.86
-12.01,-12.01
-12.16,-12.16
-12.3,-12.3
-12.44,-12.44
-12.58,-12.58
-12.71,-12.71
-12.84,-12.84
-12.97,-12.97
-13.09,-13.09
-13.21,-13.21
-13.33,-13.33
-13.44,-13.44
-13.55,-13.55
-13.66,-13.66
-13.77,-13.77
-13.87,-13.87
-13.97,-13.97
-14.07,-14.07
-14.16,-14.16
-14.25,-14.25
-14.34,-14.34
-14.42,-14.42
-14.5,-14.5
-14.58,-14.58
-14.66,-14.66
-14.73,-14.73
-14.8,-14.8
-14.87,-14.87
-14.93,-14.93
-14.99,-14.99
-15.05,-15.05
-15.1,-15.1
-15.16,-15.16
-15.21,-15.21
-15.25,-15.25
-15.3,-15.3
-15.34,-15.34
-15.38,-15.38
-15.42,-15.42
-15.45,-15.45
-15.48,-15.48
-15.51,-15.51
-15.54,-15.54
-15.56,-15.56
-15.58,-15.58
-15.59,-15.59
-15.61,-15.61
-15.63,-15.63
-15.64,-15.64
-15.64,-15.64
-15.65,-15.65
-15.65,-15.65
-15.65,-15.65
-15.65,-15.65
-15.65,-15.65
-15.64,-15.64
-15.63,-15.63
-15.62,-15.62
-15.11,-15.11
-15.1,-15.1
-15.09,-15.09
-15.07,-15.07
-15.05,-15.05
-15.04,-15.04
-15.51,-15.51
-14.98,-14.98
-14.96,-14.96
-14.93,-14.93
-14.9,-14.9
-14.87,-14.87
-14.84,-14.84
-14.8,-14.8
-14.76,-14.76
-14.72,-14.72
-14.68,-14.68
-14.64,-14.64
-15.09,-15.09
-14.54,-14.54
-14.5,-14.5
-14.45,-14.45
-14.39,-14.39
-14.34,-14.34
-14.29,-14.29
-14.23,-14.23
-14.17,-14.17
-14.11,-14.11
-14.05,-14.05
-13.98,-13.98
-13.92,-13.92
-14.35,-14.35
-13.78,-13.78
-13.71,-13.71
-13.64,-13.64
-13.57,-13.57
-13.49,-13.49
-13.42,-13.42
-13.34,-13.34
-13.27,-13.27
-13.19,-13.19
-13.11,-13.11
-13.02,-13.02
-12.95,-12.95
-12.86,-12.86
-12.77,-12.77
-13.19,-13.19
-12.59,-12.59
-12.51,-12.51
-12.41,-12.41
-12.33,-12.33
-12.23,-12.23
-12.14,-12.14
-12.05,-12.05
-11.95,-11.95
-11.86,-11.86
-11.76,-11.76
-11.66,-11.66
-11.56,-11.56
-11.47,-11.47
-11.37,-11.37
-11.27,-11.27
-11.66,-11.66
-11.05,-11.05
-10.95,-10.95
-10.85,-10.85
-10.75,-10.75
-10.64,-10.64
-10.54,-10.54
-10.43,-10.43
-10.32,-10.32
-10.21,-10.21
-10.11,-10.11
-10.0,-10.0
-9.89,-9.89
-9.78,-9.78
-9.66,-9.66
-9.55,-9.55
-9.45,-9.45
-9.34,-9.34
-9.72,-9.72
-9.11,-9.11
-8.99,-8.99
-8.88,-8.88
-8.77,-8.77
-8.66,-8.66
-8.54,-8.54
-8.42,-8.42
-8.31,-8.31
-8.2,-8.2
-8.08,-8.08
-7.97,-7.97
-7.85,-7.85
-7.73,-7.73
-7.62,-7.62
-7.51,-7.51
-7.39,-7.39
-7.27,-7.27
-7.16,-7.16
-7.04,-7.04
-6.93,-6.93
-7.31,-7.31
-6.69,-6.69
-6.57,-6.57
-6.46,-6.46
-6.34,-6.34
-6.23,-6.23
-6.11,-6.11
-6.0,-6.0
-5.88,-5.88
-5.77,-5.77
-5.65,-5.65
-5.54,-5.54
-5.43,-5.43
-5.31,-5.31
-5.2,-5.2
-5.08,-5.08
-4.97,-4.97
-4.86,-4.86
-4.75,-4.75
-4.63,-4.63
-4.52,-4.52
-4.41,-4.41
-4.3,-4.3
-4.19,-4.19
-4.57,-4.57
-3.96,-3.96
-3.85,-3.85
-3.74,-3.74
-3.63,-3.63
-3.52,-3.52
-3.41,-3.41
-3.31,-3.31
-3.2,-3.2
-3.09,-3.09
-2.99,-2.99
-2.88,-2.88
-2.78,-2.78
-2.67,-2.67
-2.57,-2.57
-2.46,-2.46
-2.36,-2.36
-2.26,-2.26
-2.16,-2.16
-2.06,-2.06
-1.96,-1.96
-1.86,-1.86
-1.76,-1.76
-1.66,-1.66
-1.56,-1.56
-1.46,-1.46
-1.37,-1.37
-1.27,-1.27
-1.18,-1.18
-1.58,-1.58
-0.98,-0.98
-0.89,-0.89
-0.8,-0.8
-0.7,-0.7
-0.61,-0.61
-0.52,-0.52
-0.43,-0.43
-0.34,-0.34
-0.26,-0.26
-0.17,-0.17
-0.08,-0.08
0.0,0.0
0.09,0.09
0.17,0.17
0.25,0.25
0.34,0.34
0.42,0.42
0.5,0.5
0.58,0.58
0.66,0.66
0.74,0.74
0.82,0.82
0.89,0.89
0.97,0.97
1.04,1.04
1.12,1.12
1.19,1.19
1.26,1.26
1.34,1.34
1.41,1.41
0.98,0.98
1.05,1.05
1.12,1.12
1.2,1.2
1.27,1.27
1.34,1.34
1.41,1.41
0.98,0.98
1.05,1.05
0.62,0.62
0.7,0.7
0.77,0.77
-2.16,-2.16
-7.05,-7.05
-12.91,-12.91
-14.71,-14.71
-13.49,-13.49
-14.77,-14.77
-23.55,-23.55
-34.24,-34.24
-38.83,-38.83
-35.37,-35.37
-35.93,-35.93
-51.99,-51.99
-78.39,-78.39
-95.54,-95.54
-95.01,-95.01
-90.48,-90.48
-103.98,-103.98
-135.83,-135.83
-160.88,-160.88
-160.67,-160.67
-146.94,-146.94
-149.31,-149.31
-174.64,-174.64
-198.71,-198.71
-194.53,-194.53
-166.86,-166.86
-146.92,-146.92
-154.64,-154.64
-173.76,-173.76
-176.18,-176.18
-158.55,-158.55
-144.06,-144.06
-150.19,-150.19
-160.73,-160.73
-149.65,-149.65
-116.15,-116.15
-87.44,-87.44
-86.47,-86.47
-101.51,-101.51
-101.39,-101.39
-74.75,-74.75
-44.85,-44.85
-37.72,-37.72
-51.64,-51.64
-60.93,-60.93
-51.63,-51.63
-42.9,-42.9
-55.74,-55.74
-83.46,-83.46
-96.91,-96.91
-80.23,-80.23
-53.69,-53.69
-46.88,-46.88
-62.63,-62.63
-74.22,-74.22
-60.19,-60.19
-32.78,-32.78
-19.62,-19.62
-28.08,-28.08
-35.45,-35.45
-21.27,-21.27
4.31,4.31
12.64,12.64
-4.09,-4.09
-21.69,-21.69
-14.61,-14.61
11.41,11.41
27.67,27.67
17.8,17.8
0.02,0.02
-0.13,-0.13
19.75,19.75
33.94,33.94
27.0,27.0
13.61,13.61
18.83,18.83
42.03,42.03
58.5,58.5
49.78,49.78
31.66,31.66
34.72,34.72
65.72,65.72
97.94,97.94
105.81,105.81
94.16,94.16
90.56,90.56
106.47,106.47
121.75,121.75
112.34,112.34
84.03,84.03
69.44,69.44
87.5,87.5
121.84,121.84
142.37,142.37
142.72,142.72
144.0,144.0
160.28,160.28
178.37,178.37
172.78,172.78
143.19,143.19
116.37,116.37
116.28,116.28
133.66,133.66
140.37,140.37
126.5,126.5
112.72,112.72
120.06,120.06
140.81,140.81
148.87,148.87
131.81,131.81
110.41,110.41
109.66,109.66
128.91,128.91
141.47,141.47
130.41,130.41
110.41,110.41
108.56,108.56
128.25,128.25
146.72,146.72
143.0,143.0
127.28,127.28
125.69,125.69
145.09,145.09
165.31,165.31
166.81,166.81
156.78,156.78
158.31,158.31
179.31,179.31
204.09,204.09
213.59,213.59
208.0,208.0
203.91,203.91
211.84,211.84
223.66,223.66
225.84,225.84
217.97,217.97
211.62,211.62
215.31,215.31
224.94,224.94
228.94,228.94
225.87,225.87
220.81,220.81
219.25,219.25
217.66,217.66
209.06,209.06
195.0,195.0
183.56,183.56
180.16,180.16
180.78,180.78
176.87,176.87
167.5,167.5
157.66,157.66
153.87,153.87
154.12,154.12
150.34,150.34
140.06,140.06
128.84,128.84
124.25,124.25
124.12,124.12
121.03,121.03
110.44,110.44
98.41,98.41
93.97,93.97
96.56,96.56
99.12,99.12
93.66,93.66
83.7,83.7
78.34,78.34
78.02,78.02
75.67,75.67
64.84,64.84
49.61,49.61
41.02,41.02
41.97,41.97
42.42,42.42
31.36,31.36
11.91,11.91
-0.89,-0.89
-0.05,-0.05
3.77,3.77
-3.44,-3.44
-21.59,-21.59
-34.07,-34.07
-30.93,-30.93
-21.31,-21.31
-24.28,-24.28
-40.71,-40.71
-53.99,-53.99
-51.15,-51.15
-41.82,-41.82
-46.56,-46.56
-69.76,-69.76
-92.23,-92.23
-95.49,-95.49
-85.21,-85.21
-84.5,-84.5
-105.28,-105.28
-130.36,-130.36
-137.2,-137.2
-124.95,-124.95
-118.79,-118.79
-134.17,-134.17
-158.39,-158.39
-165.36,-165.36
-151.25,-151.25
-141.24,-141.24
-156.3,-156.3
-185.2,-185.2
-197.81,-197.81
-184.27,-184.27
-166.84,-166.84
-172.02,-172.02
-192.65,-192.65
-201.55,-201.55
-187.34,-187.34
-169.23,-169.23
-174.77,-174.77
-201.72,-201.72
-221.4,-221.4
-213.86,-213.86
-192.36,-192.36
-184.53,-184.53
-194.74,-194.74
-199.84,-199.84
-180.34,-180.34
-148.51,-148.51
-133.94,-133.94
-141.98,-141.98
-147.44,-147.44
-126.31,-126.31
-87.37,-87.37
-59.76,-59.76
-57.4,-57.4
-60.55,-60.55
-46.66,-46.66
-16.89,-16.89
3.61,3.61
0.93,0.93
-9.74,-9.74
-4.81,-4.81
19.58,19.58
42.75,42.75
47.69,47.69
42.59,42.59
45.52,45.52
59.92,59.92
69.69,69.69
62.84,62.84
48.56,48.56
45.39,45.39
58.25,58.25
68.98,68.98
62.61,62.61
44.28,44.28
34.11,34.11
42.53,42.53
56.88,56.88
58.08,58.08
47.25,47.25
40.02,40.02
45.34,45.34
51.13,51.13
41.34,41.34
17.64,17.64
1.14,1.14
5.81,5.81
19.42,19.42
23.42,23.42
14.36,14.36
8.89,8.89
19.98,19.98
40.95,40.95
54.23,54.23
53.38,53.38
48.03,48.03
49.22,49.22
55.39,55.39
55.0,55.0
43.09,43.09
30.8,30.8
29.61,29.61
39.42,39.42
48.66,48.66
48.78,48.78
44.41,44.41
42.56,42.56
45.22,45.22
46.36,46.36
41.48,41.48
35.14,35.14
32.34,32.34
36.08,36.08
39.27,39.27
37.91,37.91
32.08,32.08
28.28,28.28
28.03,28.03
29.27,29.27
27.97,27.97
23.22,23.22
19.47,19.47
18.78,18.78
19.09,19.09
18.37,18.37
15.69,15.69
13.0,13.0
10.88,10.88
8.22,8.22
3.62,3.62
-2.47,-2.47
-6.47,-6.47
-7.44,-7.44
-6.91,-6.91
-7.37,-7.37
-8.84,-8.84
-10.81,-10.81
-12.75,-12.75
-15.16,-15.16
-18.03,-18.03
-21.91,-21.91
-24.72,-24.72
-26.0,-26.0
-27.28,-27.28
-29.53,-29.53
-32.28,-32.28
-34.47,-34.47
-35.66,-35.66
-36.81,-36.81
-38.47,-38.47
-40.59,-40.59
-42.69,-42.69
-43.75,-43.75
-45.31,-45.31
-48.34,-48.34
-54.88,-54.88
-61.28,-61.28
-64.66,-64.66
-65.0,-65.0
-66.31,-66.31
-73.09,-73.09
-81.81,-81.81
-85.94,-85.94
-84.5,-84.5
-86.09,-86.09
-100.12,-100.12
-121.03,-121.03
-135.22,-135.22
-135.78,-135.78
-136.28,-136.28
-155.28,-155.28
-189.09,-189.09
-212.53,-212.53
-210.25,-210.25
-196.97,-196.97
-200.25,-200.25
-227.5,-227.5
-253.94,-253.94
-254.12,-254.12
-235.25,-235.25
-224.5,-224.5
-237.84,-237.84
-255.53,-255.53
-253.0,-253.0
-229.94,-229.94
-214.09,-214.09
-221.34,-221.34
-235.97,-235.97
-229.47,-229.47
-199.97,-199.97
-173.19,-173.19
-169.66,-169.66
-178.62,-178.62
-173.47,-173.47
-146.87,-146.87
-121.97,-121.97
-120.78,-120.78
-136.56,-136.56
-140.22,-140.22
-119.78,-119.78
-94.03,-94.03
-87.5,-87.5
-97.53,-97.53
-98.44,-98.44
-78.31,-78.31
-55.38,-55.38
-53.16,-53.16
-70.91,-70.91
-80.53,-80.53
-66.53,-66.53
-44.63,-44.63
-42.44,-42.44
-63.78,-63.78
-82.91,-82.91
-77.31,-77.31
-57.78,-57.78
-52.44,-52.44
-72.12,-72.12
-93.62,-93.62
-91.41,-91.41
-70.69,-70.69
-60.16,-60.16
-72.7,-72.7
-90.62,-90.62
-87.87,-87.87
-66.64,-66.64
-53.59,-53.59
-65.64,-65.64
-86.58,-86.58
-86.81,-86.81
-64.03,-64.03
-42.45,-42.45
-43.56,-43.56
-54.66,-54.66
-50.13,-50.13
-23.14,-23.14
1.59,1.59
1.61,1.61
-16.37,-16.37
-23.69,-23.69
-7.94,-7.94
10.68,10.68
9.12,9.12
-9.43,-9.43
-17.8,-17.8
-1.6,-1.6
21.95,21.95
24.29,24.29
5.59,5.59
-6.42,-6.42
7.67,7.67
32.13,32.13
36.36,36.36
15.05,15.05
-8.07,-8.07
-8.47,-8.47
4.63,4.63
7.11,7.11
-8.94,-8.94
-20.84,-20.84
-8.12,-8.12
19.98,19.98
35.82,35.82
29.51,29.51
23.75,23.75
45.54,45.54
92.63,92.63
137.27,137.27
158.48,158.48
163.48,163.48
171.4,171.4
186.23,186.23
195.4,195.4
189.45,189.45
177.02,177.02
176.69,176.69
191.83,191.83
207.8,207.8
211.09,211.09
204.82,204.82
201.59,201.59
205.84,205.84
209.53,209.53
202.65,202.65
188.8,188.8
181.06,181.06
184.36,184.36
190.09,190.09
188.75,188.75
180.39,180.39
176.08,176.08
179.78,179.78
185.92,185.92
185.48,185.48
179.02,179.02
174.08,174.08
174.16,174.16
176.22,176.22
174.23,174.23
168.73,168.73
163.77,163.77
161.81,161.81
160.86,160.86
156.87,156.87
149.92,149.92
145.0,145.0
142.59,142.59
142.2,142.2
139.28,139.28
134.37,134.37
129.5,129.5
126.14,126.14
122.28,122.28
113.95,113.95
101.69,101.69
90.5,90.5
86.42,86.42
87.36,87.36
86.27,86.27
78.19,78.19
68.16,68.16
63.2,63.2
64.8,64.8
64.87,64.87
57.92,57.92
48.03,48.03
43.23,43.23
45.46,45.46
43.66,43.66
29.87,29.87
8.21,8.21
-5.76,-5.76
-4.6,-4.6
0.55,0.55
-6.84,-6.84
-25.67,-25.67
-38.83,-38.83
-37.35,-37.35
-32.89,-32.89
-45.96,-45.96
-74.41,-74.41
-96.58,-96.58
-93.53,-93.53
-77.5,-77.5
-74.61,-74.61
-94.23,-94.23
-116.66,-116.66
-121.86,-121.86
-113.49,-113.49
-118.19,-118.19
-147.83,-147.83
-182.17,-182.17
-192.67,-192.67
-178.05,-178.05
-165.53,-165.53
-174.11,-174.11
-193.07,-193.07
-196.84,-196.84
-181.54,-181.54
-170.86,-170.86
-185.24,-185.24
-213.46,-213.46
-225.9,-225.9
-214.19,-214.19
-201.05,-201.05
-209.51,-209.51
-233.35,-233.35
-242.94,-242.94
-223.91,-223.91
-196.02,-196.02
-184.84,-184.84
-191.75,-191.75
-193.06,-193.06
-173.34,-173.34
-149.76,-149.76
-146.87,-146.87
-165.0,-165.0
-177.93,-177.93
-164.22,-164.22
-137.11,-137.11
-123.72,-123.72
-130.94,-130.94
-136.07,-136.07
-115.64,-115.64
-80.37,-80.37
-59.42,-59.42
-64.64,-64.64
-76.31,-76.31
-67.36,-67.36
-39.48,-39.48
-19.36,-19.36
-22.91,-22.91
-32.92,-32.92
-23.84,-23.84
5.16,5.16
26.89,26.89
22.94,22.94
9.0,9.0
13.69,13.69
43.33,43.33
71.7,71.7
76.81,76.81
65.84,65.84
65.98,65.98
85.09,85.09
103.03,103.03
97.28,97.28
77.08,77.08
69.55,69.55
85.06,85.06
103.94,103.94
98.62,98.62
71.83,71.83
50.78,50.78
54.91,54.91
70.0,70.0
69.94,69.94
53.34,53.34
42.94,42.94
56.59,56.59
81.12,81.12
87.41,87.41
71.62,71.62
57.47,57.47
67.94,67.94
95.31,95.31
111.41,111.41
104.84,104.84
95.84,95.84
105.87,105.87
127.34,127.34
133.56,133.56
113.22,113.22
92.03,92.03
102.53,102.53
146.41,146.41
192.37,192.37
214.41,214.41
216.19,216.19
221.91,221.91
238.06,238.06
251.03,251.03
246.84,246.84
234.16,234.16
232.53,232.53
248.41,248.41
265.09,265.09
266.59,266.59
257.03,257.03
252.0,252.0
257.0,257.0
260.91,260.91
250.75,250.75
230.16,230.16
217.19,217.19
219.31,219.31
225.91,225.91
221.87,221.87
207.37,207.37
196.44,196.44
197.12,197.12
201.22,201.22
194.28,194.28
176.87,176.87
163.59,163.59
162.91,162.91
168.22,168.22
162.94,162.94
145.69,145.69
130.56,130.56
130.56,130.56
140.05,140.05
142.92,142.92
133.75,133.75
122.62,122.62
121.11,121.11
127.08,127.08
127.97,127.97
117.83,117.83
105.78,105.78
102.81,102.81
107.36,107.36
108.84,108.84
99.31,99.31
85.84,85.84
79.98,79.98
81.66,81.66
79.31,79.31
64.98,64.98
45.77,45.77
35.72,35.72
38.27,38.27
40.77,40.77
29.76,29.76
9.34,9.34
-3.9,-3.9
-2.02,-2.02
2.35,2.35
-7.32,-7.32
-28.4,-28.4
-41.79,-41.79
-37.05,-37.05
-29.34,-29.34
-40.2,-40.2
-70.96,-70.96
-97.92,-97.92
-102.12,-102.12
-94.27,-94.27
-99.98,-99.98
-126.62,-126.62
-152.5,-152.5
-154.61,-154.61
-141.19,-141.19
-140.87,-140.87
-166.02,-166.02
-196.43,-196.43
-204.52,-204.52
-191.01,-191.01
-184.1,-184.1
-200.22,-200.22
-225.16,-225.16
-232.84,-232.84
-220.41,-220.41
-212.57,-212.57
-227.27,-227.27
-250.3,-250.3
-253.58,-253.58
-232.28,-232.28
-210.16,-210.16
-209.7,-209.7
-223.7,-223.7
-224.05,-224.05
-200.87,-200.87
-174.87,-174.87
-168.07,-168.07
-176.81,-176.81
-173.95,-173.95
-147.59,-147.59
-116.44,-116.44
-106.06,-106.06
-116.76,-116.76
-122.34,-122.34
-106.86,-106.86
-83.5,-83.5
-78.84,-78.84
-95.71,-95.71
-108.41,-108.41
-95.98,-95.98
-68.66,-68.66
-55.06,-55.06
-65.09,-65.09
-76.52,-76.52
-66.82,-66.82
-43.2,-43.2
-33.3,-33.3
-48.48,-48.48
-68.52,-68.52
-64.35,-64.35
-38.23,-38.23
-17.83,-17.83
-21.11,-21.11
-34.37,-34.37
-30.49,-30.49
-7.15,-7.15
11.98,11.98
9.94,9.94
-3.09,-3.09
-0.5,-0.5
22.07,22.07
42.93,42.93
41.09,41.09
26.26,26.26
24.56,24.56
44.38,44.38
64.01,64.01
59.95,59.95
37.41,37.41
26.08,26.08
40.84,40.84
64.47,64.47
70.87,70.87
59.7,59.7
53.63,53.63
65.09,65.09
80.95,80.95
78.15,78.15
55.86,55.86
39.27,39.27
45.32,45.32
62.31,62.31
64.64,64.64
46.94,46.94
29.38,29.38
30.99,30.99
45.08,45.08
47.02,47.02
28.46,28.46
6.55,6.55
3.34,3.34
14.16,14.16
16.37,16.37
0.58,0.58
-14.59,-14.59
-6.61,-6.61
24.3,24.3
53.42,53.42
63.28,63.28
59.03,59.03
60.3,60.3
71.06,71.06
77.72,77.72
69.3,69.3
54.44,54.44
51.2,51.2
64.5,64.5
80.16,80.16
83.66,83.66
76.62,76.62
72.14,72.14
78.69,78.69
90.66,90.66
97.0,97.0
96.28,96.28
94.55,94.55
95.83,95.83
96.56,96.56
91.3,91.3
82.05,82.05
75.37,75.37
74.25,74.25
76.64,76.64
76.48,76.48
72.81,72.81
68.67,68.67
66.56,66.56
64.95,64.95
62.84,62.84
59.25,59.25
55.19,55.19
52.16,52.16
48.63,48.63
44.14,44.14
39.67,39.67
35.25,35.25
31.86,31.86
28.5,28.5
25.16,25.16
21.34,21.34
17.06,17.06
13.83,13.83
9.59,9.59
2.44,2.44
-7.69,-7.69
-16.69,-16.69
-21.62,-21.62
-24.03,-24.03
-31.87,-31.87
-49.16,-49.16
-68.78,-68.78
-78.72,-78.72
-80.03,-80.03
-89.34,-89.34
-121.56,-121.56
-166.94,-166.94
-196.91,-196.91
-200.53,-200.53
-198.62,-198.62
-218.72,-218.72
-261.56,-261.56
-299.0,-299.0
-308.03,-308.03
-300.44,-300.44
-303.87,-303.87
-326.22,-326.22
-345.31,-345.31
-339.69,-339.69
-317.56,-317.56
-307.09,-307.09
-319.69,-319.69
-334.09,-334.09
-327.34,-327.34
-303.56,-303.56
-290.5,-290.5
-302.0,-302.0
-318.34,-318.34
-312.97,-312.97
-286.62,-286.62
-265.47,-265.47
-268.97,-268.97
-283.37,-283.37
-280.12,-280.12
-254.87,-254.87
-230.78,-230.78
-228.41,-228.41
-238.0,-238.0
-234.0,-234.0
-209.97,-209.97
-188.12,-188.12
-190.97,-190.97
-209.75,-209.75
-214.83,-214.83
-193.83,-193.83
-167.48,-167.48
-163.36,-163.36
-179.25,-179.25
-186.97,-186.97
-171.59,-171.59
-150.33,-150.33
-148.23,-148.23
-165.64,-165.64
-172.86,-172.86
-151.48,-151.48
-115.78,-115.78
-97.38,-97.38
-104.14,-104.14
-111.33,-111.33
-97.43,-97.43
-69.64,-69.64
-55.59,-55.59
-62.67,-62.67
-68.67,-68.67
-50.11,-50.11
-13.21,-13.21
12.86,12.86
13.69,13.69
6.01,6.01
16.39,16.39
44.18,44.18
64.21,64.21
61.05,61.05
51.4,51.4
61.84,61.84
93.67,93.67
120.2,120.2
119.46,119.46
104.72,104.72
103.59,103.59
124.46,124.46
144.12,144.12
141.08,141.08
125.04,125.04
124.63,124.63
150.2,150.2
179.53,179.53
187.05,187.05
174.98,174.98
169.5,169.5
186.53,186.53
210.89,210.89
216.98,216.98
205.48,205.48
202.08,202.08
223.16,223.16
252.02,252.02
262.58,262.58
251.0,251.0
241.98,241.98
254.02,254.02
275.41,275.41
279.55,279.55
259.62,259.62
237.83,237.83
238.7,238.7
259.53,259.53
279.64,279.64
286.02,286.02
286.78,286.78
295.5,295.5
308.09,308.09
310.53,310.53
297.91,297.91
281.84,281.84
275.87,275.87
279.94,279.94
278.91,278.91
264.84,264.84
246.87,246.87
240.06,240.06
244.22,244.22
245.84,245.84
234.39,234.39
214.52,214.52
201.8,201.8
201.16,201.16
200.0,200.0
185.31,185.31
162.23,162.23
148.34,148.34
151.55,151.55
159.22,159.22
154.28,154.28
136.86,136.86
123.09,123.09
123.42,123.42
129.23,129.23
124.48,124.48
108.75,108.75
97.64,97.64
102.11,102.11
112.53,112.53
111.34,111.34
94.64,94.64
79.09,79.09
78.66,78.66
86.72,86.72
86.2,86.2
72.17,72.17
57.25,57.25
56.47,56.47
63.19,63.19
59.33,59.33
36.98,36.98
12.36,12.36
4.94,4.94
13.1,13.1
14.68,14.68
-3.26,-3.26
-29.53,-29.53
-38.56,-38.56
-27.0,-27.0
-15.04,-15.04
-24.19,-24.19
-46.25,-46.25
-57.6,-57.6
-49.34,-49.34
-40.66,-40.66
-51.54,-51.54
-76.31,-76.31
-87.35,-87.35
-73.77,-73.77
-55.8,-55.8
-58.0,-58.0
-78.66,-78.66
-90.62,-90.62
-78.96,-78.96
-59.39,-59.39
-58.5,-58.5
-78.6,-78.6
-94.01,-94.01
-85.76,-85.76
-66.57,-66.57
-62.55,-62.55
-80.06,-80.06
-96.9,-96.9
-92.06,-92.06
-75.26,-75.26
-74.1,-74.1
-99.94,-99.94
-131.02,-131.02
-139.81,-139.81
-128.49,-128.49
-125.26,-125.26
-144.53,-144.53
-170.11,-170.11
-174.43,-174.43
-157.68,-157.68
-145.57,-145.57
-158.04,-158.04
-179.37,-179.37
-181.48,-181.48
-161.55,-161.55
-144.77,-144.77
-154.12,-154.12
-177.87,-177.87
-186.37,-186.37
-170.77,-170.77
-153.28,-153.28
-161.43,-161.43
-189.48,-189.48
-209.74,-209.74
-206.79,-206.79
-196.33,-196.33
-202.44,-202.44
-223.46,-223.46
-233.26,-233.26
-217.93,-217.93
-193.71,-193.71
-187.69,-187.69
-201.18,-201.18
-207.53,-207.53
-188.79,-188.79
-160.18,-160.18
-149.32,-149.32
-162.53,-162.53
-173.1,-173.1
-158.04,-158.04
-125.1,-125.1
-102.94,-102.94
-103.96,-103.96
-107.46,-107.46
-88.91,-88.91
-52.52,-52.52
-25.46,-25.46
-20.63,-20.63
-20.85,-20.85
-0.56,-0.56
39.54,39.54
72.77,72.77
81.69,81.69
80.51,80.51
96.33,96.33
131.5,131.5
159.81,159.81
160.86,160.86
145.36,145.36
142.48,142.48
161.61,161.61
182.54,182.54
182.75,182.75
167.43,167.43
161.23,161.23
175.05,175.05
193.23,193.23
193.21,193.21
176.66,176.66
166.74,166.74
176.37,176.37
189.91,189.91
184.78,184.78
161.17,161.17
143.26,143.26
150.48,150.48
172.62,172.62
186.52,186.52
184.78,184.78
179.52,179.52
183.28,183.28
191.98,191.98
191.08,191.08
176.65,176.65
162.82,162.82
161.6,161.6
166.87,166.87
163.06,163.06
145.76,145.76
129.6,129.6
128.06,128.06
138.52,138.52
144.37,144.37
136.64,136.64
123.45,123.45
119.87,119.87
124.81,124.81
124.68,124.68
110.53,110.53
91.0,91.0
82.63,82.63
88.82,88.82
97.44,97.44
97.48,97.48
90.99,90.99
89.55,89.55
95.61,95.61
101.1,101.1
97.03,97.03
86.48,86.48
79.51,79.51
80.59,80.59
84.65,84.65
84.66,84.66
78.66,78.66
73.2,73.2
71.28,71.28
70.36,70.36
64.95,64.95
56.07,56.07
49.77,49.77
48.02,48.02
47.27,47.27
41.02,41.02
29.83,29.83
21.23,21.23
18.71,18.71
19.71,19.71
16.7,16.7
8.71,8.71
0.79,0.79
-1.05,-1.05
-0.88,-0.88
-6.7,-6.7
-19.98,-19.98
-32.14,-32.14
-35.17,-35.17
-30.67,-30.67
-29.2,-29.2
-36.75,-36.75
-47.23,-47.23
-50.59,-50.59
-45.44,-45.44
-42.8,-42.8
-49.69,-49.69
-60.02,-60.02
-62.73,-62.73
-56.91,-56.91
-52.14,-52.14
-56.89,-56.89
-67.61,-67.61
-73.2,-73.2
-68.75,-68.75
-61.81,-61.81
-62.94,-62.94
-72.05,-72.05
-77.55,-77.55
-73.5,-73.5
-66.97,-66.97
-67.0,-67.0
-75.5,-75.5
-81.94,-81.94
-79.78,-79.78
-74.66,-74.66
-77.53,-77.53
-88.91,-88.91
-98.12,-98.12
-95.78,-95.78
-87.44,-87.44
-85.62,-85.62
-95.34,-95.34
-104.47,-104.47
-102.97,-102.97
-94.0,-94.0
-90.56,-90.56
-98.16,-98.16
-106.66,-106.66
-104.59,-104.59
-95.5,-95.5
-92.5,-92.5
-103.0,-103.0
-116.41,-116.41
-118.16,-118.16
-108.37,-108.37
-102.16,-102.16
-111.0,-111.0
-126.22,-126.22
-130.78,-130.78
-120.31,-120.31
-107.91,-107.91
-109.09,-109.09
-121.25,-121.25
-126.78,-126.78
-119.75,-119.75
-113.75,-113.75
-125.31,-125.31
-149.72,-149.72
-163.41,-163.41
-154.44,-154.44
-138.5,-138.5
-139.72,-139.72
-158.41,-158.41
-172.37,-172.37
-164.22,-164.22
-146.59,-146.59
-143.12,-143.12
-158.12,-158.12
-171.5,-171.5
-163.22,-163.22
-142.5,-142.5
-133.44,-133.44
-145.94,-145.94
-161.78,-161.78
-158.5,-158.5
-139.69,-139.69
-128.53,-128.53
-139.47,-139.47
-155.78,-155.78
-154.44,-154.44
-135.56,-135.56
-122.34,-122.34
-131.22,-131.22
-147.5,-147.5
-147.12,-147.12
-126.22,-126.22
-108.97,-108.97
-117.87,-117.87
-141.69,-141.69
-151.25,-151.25
-138.22,-138.22
-125.25,-125.25
-137.91,-137.91
-169.94,-169.94
-189.62,-189.62
-179.62,-179.62
-154.67,-154.67
-140.44,-140.44
-138.81,-138.81
-129.17,-129.17
-99.09,-99.09
-66.8,-66.8
-59.27,-59.27
-76.3,-76.3
-89.17,-89.17
-76.41,-76.41
-50.75,-50.75
-41.31,-41.31
-55.47,-55.47
-70.98,-70.98
-63.34,-63.34
-40.27,-40.27
-28.87,-28.87
-41.61,-41.61
-58.2,-58.2
-54.14,-54.14
-32.12,-32.12
-19.28,-19.28
-29.56,-29.56
-46.74,-46.74
-46.26,-46.26
-27.27,-27.27
-15.96,-15.96
-28.74,-28.74
-49.91,-49.91
-50.87,-50.87
-27.82,-27.82
-7.97,-7.97
-13.3,-13.3
-36.09,-36.09
-47.66,-47.66
-37.61,-37.61
-27.15,-27.15
-37.79,-37.79
-62.32,-62.32
-72.61,-72.61
-56.31,-56.31
-35.64,-35.64
-40.15,-40.15
-69.12,-69.12
-92.82,-92.82
-90.28,-90.28
-74.25,-74.25
-71.86,-71.86
-87.48,-87.48
-97.45,-97.45
-83.8,-83.8
-60.77,-60.77
-57.44,-57.44
-80.13,-80.13
-103.6,-103.6
-101.34,-101.34
-80.59,-80.59
-68.52,-68.52
-78.55,-78.55
-89.97,-89.97
-79.77,-79.77
-53.16,-53.16
-39.78,-39.78
-54.02,-54.02
-76.61,-76.61
-79.98,-79.98
-64.83,-64.83
-58.8,-58.8
-82.3,-82.3
-117.58,-117.58
-133.55,-133.55
-122.81,-122.81
-108.16,-108.16
-112.66,-112.66
-126.06,-126.06
-122.34,-122.34
-95.62,-95.62
-71.16,-71.16
-73.37,-73.37
-93.09,-93.09
-98.59,-98.59
-75.53,-75.53
-44.19,-44.19
-32.59,-32.59
-40.63,-40.63
-42.56,-42.56
-22.0,-22.0
3.91,3.91
8.06,8.06
-8.31,-8.31
-16.53,-16.53
4.81,4.81
40.47,40.47
60.78,60.78
58.41,58.41
58.06,58.06
84.19,84.19
129.06,129.06
162.0,162.0
172.12,172.12
178.69,178.69
205.56,205.56
246.75,246.75
273.44,273.44
271.87,271.87
262.81,262.81
274.31,274.31
305.12,305.12
327.12,327.12
320.81,320.81
302.06,302.06
299.94,299.94
317.81,317.81
330.94,330.94
319.87,319.87
296.94,296.94
291.62,291.62
310.31,310.31
327.75,327.75
320.5,320.5
297.81,297.81
290.25,290.25
310.19,310.19
335.94,335.94
338.44,338.44
319.31,319.31
307.31,307.31
319.87,319.87
340.75,340.75
343.44,343.44
325.5,325.5
313.19,313.19
325.5,325.5
347.56,347.56
351.94,351.94
336.19,336.19
326.5,326.5
343.44,343.44
376.62,376.62
394.44,394.44
385.0,385.0
366.62,366.62
361.37,361.37
365.12,365.12
353.75,353.75
319.94,319.94
284.94,284.94
274.12,274.12
285.44,285.44
289.56,289.56
267.62,267.62
231.87,231.87
207.37,207.37
201.06,201.06
193.31,193.31
170.56,170.56
142.5,142.5
124.69,124.69
108.06,108.06
55.0,55.0
-59.56,-59.56
-217.56,-217.56
-371.06,-371.06
-478.12,-478.12
-526.62,-526.62
-526.12,-526.12
-493.56,-493.56
-447.69,-447.69
-405.69,-405.69
-379.5,-379.5
-371.0,-371.0
-373.0,-373.0
-376.0,-376.0
-373.81,-373.81
-363.44,-363.44
-347.0,-347.0
-327.5,-327.5
-308.56,-308.56
-292.06,-292.06
-275.37,-275.37
-241.81,-241.81
-154.25,-154.25
18.25,18.25
263.25,263.25
519.62,519.62
718.37,718.37
819.69,819.69
825.75,825.75
769.31,769.31
692.06,692.06
625.94,625.94
585.5,585.5
569.37,569.37
567.31,567.31
567.0,567.0
561.0,561.0
547.0,547.0
526.81,526.81
504.25,504.25
482.81,482.81
463.72,463.72
447.72,447.72
433.34,433.34
419.5,419.5
405.47,405.47
390.78,390.78
375.62,375.62
360.59,360.59
345.62,345.62
331.0,331.0
316.94,316.94
303.47,303.47
290.09,290.09
276.78,276.78
263.78,263.78
250.87,250.87
238.31,238.31
225.81,225.81
213.41,213.41
200.06,200.06
175.58,175.58
113.28,113.28
-13.22,-13.22
-197.55,-197.55
-399.17,-399.17
-577.14,-577.14
-708.16,-708.16
-784.61,-784.61
-810.25,-810.25
-797.78,-797.78
-764.8,-764.8
-726.77,-726.77
-693.72,-693.72
-669.61,-669.61
-652.87,-652.87
-639.95,-639.95
-626.79,-626.79
-611.9,-611.9
-594.31,-594.31
-575.54,-575.54
-556.35,-556.35
-538.0,-538.0
-520.49,-520.49
-504.32,-504.32
-488.71,-488.71
-473.67,-473.67
-458.7,-458.7
-443.54,-443.54
-428.46,-428.46
-413.45,-413.45
-391.26,-391.26
-338.47,-338.47
-242.11,-242.11
-138.09,-138.09
-85.5,-85.5
-102.38,-102.38
-136.33,-136.33
-107.21,-107.21
0.16,0.16
115.05,115.05
178.38,178.38
212.85,212.85
265.97,265.97
328.07,328.07
344.55,344.55
302.33,302.33
256.45,256.45
268.7,268.7
350.8,350.8
466.84,466.84
568.25,568.25
622.91,622.91
616.96,616.96
534.48,534.48
354.67,354.67
96.95,96.95
-146.93,-146.93
-256.31,-256.31
-180.4,-180.4
10.33,10.33
194.83,194.83
308.11,308.11
360.57,360.57
377.98,377.98
350.18,350.18
245.83,245.83
83.91,83.91
-52.81,-52.81
-110.77,-110.77
-126.94,-126.94
-162.93,-162.93
-214.08,-214.08
-212.22,-212.22
-112.85,-112.85
34.38,34.38
123.77,123.77
109.3,109.3
50.73,50.73
32.16,32.16
58.52,58.52
65.36,65.36
20.39,20.39
-26.66,-26.66
-13.8,-13.8
43.72,43.72
69.19,69.19
27.67,27.67
-25.97,-25.97
-23.36,-23.36
25.97,25.97
40.34,40.34
-38.92,-38.92
-171.95,-171.95
-255.98,-255.98
-243.47,-243.47
-190.53,-190.53
-177.05,-177.05
-213.92,-213.92
-259.41,-259.41
-294.95,-294.95
-335.87,-335.87
-388.86,-388.86
-421.83,-421.83
-383.91,-383.91
-271.28,-271.28
-154.16,-154.16
-108.56,-108.56
-127.37,-127.37
-127.72,-127.72
-47.31,-47.31
80.09,80.09
157.59,157.59
140.12,140.12
77.78,77.78
26.5,26.5
-24.81,-24.81
-113.91,-113.91
-245.19,-245.19
-385.47,-385.47
-492.91,-492.91
-544.53,-544.53
-541.62,-541.62
-503.66,-503.66
-454.44,-454.44
-412.62,-412.62
-386.37,-386.37
-374.56,-374.56
-370.53,-370.53
-367.5,-367.5
-360.94,-360.94
-349.62,-349.62
-335.09,-335.09
-318.94,-318.94
-303.59,-303.59
-289.61,-289.61
-277.45,-277.45
-266.87,-266.87
-256.84,-256.84
-246.87,-246.87
-236.7,-236.7
-225.84,-225.84
-215.05,-215.05
-204.06,-204.06
-193.41,-193.41
-183.3,-183.3
-173.53,-173.53
-164.06,-164.06
-154.91,-154.91
-146.06,-146.06
-137.02,-137.02
-128.05,-128.05
-119.37,-119.37
-110.53,-110.53
-102.24,-102.24
-94.02,-94.02
-86.1,-86.1
-78.49,-78.49
-70.95,-70.95
-63.45,-63.45
-56.02,-56.02
-48.65,-48.65
-41.84,-41.84
-34.83,-34.83
-28.38,-28.38
-21.99,-21.99
-15.65,-15.65
-9.37,-9.37
-3.14,-3.14
2.78,2.78
8.4,8.4
14.21,14.21
19.72,19.72
24.92,24.92
30.33,30.33
35.43,35.43
40.47,40.47
45.22,45.22
49.91,49.91
54.56,54.56
58.91,58.91
62.95,62.95
67.2,67.2
71.15,71.15
75.06,75.06
78.91,78.91
82.72,82.72
86.23,86.23
89.95,89.95
93.12,93.12
96.5,96.5
99.58,99.58
102.61,102.61
105.61,105.61
108.31,108.31
110.97,110.97
113.59,113.59
116.17,116.17
118.95,118.95
121.45,121.45
123.91,123.91
126.06,126.06
127.94,127.94
129.78,129.78
131.81,131.81
133.34,133.34
135.06,135.06
136.5,136.5
137.66,137.66
139.03,139.03
140.12,140.12
141.44,141.44
142.72,142.72
143.94,143.94
145.03,145.03
145.97,145.97
146.87,146.87
147.59,147.59
148.44,148.44
149.0,149.0
149.66,149.66
150.28,150.28
150.87,150.87
151.34,151.34
151.62,151.62
151.91,151.91
152.03,152.03
152.12,152.12
152.19,152.19
152.22,152.22
152.25,152.25
152.25,152.25
152.09,152.09
151.94,151.94
151.75,151.75
151.41,151.41
151.03,151.03
150.66,150.66
150.28,150.28
149.84,149.84
149.41,149.41
156.47,156.47
202.06,202.06
322.19,322.19
501.56,501.56
676.34,676.34
805.53,805.53
892.56,892.56
944.78,944.78
935.87,935.87
829.06,829.06
647.56,647.56
490.66,490.66
443.84,443.84
488.0,488.0
527.19,527.19
504.59,504.59
459.59,459.59
456.06,456.06
487.5,487.5
486.09,486.09
423.12,423.12
354.53,354.53
355.12,355.12
435.53,435.53
531.66,531.66
571.33,571.33
548.41,548.41
511.75,511.75
503.84,503.84
530.94,530.94
573.45,573.45
606.61,606.61
607.39,607.39
543.17,543.17
378.98,378.98
118.72,118.72
-177.05,-177.05
-426.98,-426.98
-576.05,-576.05
-616.18,-616.18
-577.59,-577.59
-505.9,-505.9
-440.03,-440.03
-400.83,-400.83
-389.8,-389.8
-396.8,-396.8
-408.44,-408.44
-414.91,-414.91
-412.38,-412.38
-402.3,-402.3
-388.52,-388.52
-374.92,-374.92
-363.89,-363.89
-355.66,-355.66
-349.45,-349.45
-344.12,-344.12
-338.53,-338.53
-332.19,-332.19
-325.36,-325.36
-318.05,-318.05
-310.87,-310.87
-303.72,-303.72
-297.09,-297.09
-290.59,-290.59
-284.5,-284.5
-278.28,-278.28
-272.2,-272.2
-266.14,-266.14
-259.97,-259.97
-253.94,-253.94
-248.06,-248.06
-242.19,-242.19
-236.47,-236.47
-231.0,-231.0
-225.53,-225.53
-220.25,-220.25
-215.06,-215.06
-210.03,-210.03
-204.91,-204.91
-199.91,-199.91
-194.81,-194.81
-189.97,-189.97
-185.12,-185.12
-180.34,-180.34
-175.66,-175.66
-171.12,-171.12
-166.62,-166.62
-162.12,-162.12
-157.78,-157.78
-153.56,-153.56
-149.37,-149.37
-145.19,-145.19
-141.16,-141.16
-137.12,-137.12
-133.12,-133.12
-129.25,-129.25
-125.53,-125.53
-114.19,-114.19
-64.44,-64.44
60.0,60.0
236.16,236.16
369.16,369.16
381.78,381.78
300.47,300.47
234.62,234.62
266.84,266.84
377.09,377.09
487.41,487.41
556.12,556.12
595.41,595.41
619.97,619.97
612.22,612.22
553.19,553.19
470.5,470.5
420.12,420.12
424.12,424.12
444.44,444.44
431.72,431.72
388.19,388.19
357.84,357.84
362.75,362.75
372.94,372.94
347.97,347.97
296.53,296.53
264.66,264.66
273.16,273.16
281.66,281.66
223.56,223.56
93.56,93.56
-27.0,-27.0
-57.34,-57.34
-3.75,-3.75
70.19,70.19
127.81,127.81
176.81,176.81
229.44,229.44
281.81,281.81
321.5,321.5
338.69,338.69
332.19,332.19
300.69,300.69
223.25,223.25
64.69,64.69
-178.5,-178.5
-454.44,-454.44
-688.25,-688.25
-827.56,-827.56
-863.0,-863.0
-822.37,-822.37
-748.5,-748.5
-678.94,-678.94
-634.12,-634.12
-616.25,-616.25
-616.06,-616.06
-620.94,-620.94
-621.19,-621.19
-613.06,-613.06
-597.81,-597.81
-571.37,-571.37
-506.44,-506.44
-361.62,-361.62
-137.0,-137.0
86.37,86.37
196.56,196.56
162.06,162.06
59.44,59.44
-31.25,-31.25
-106.0,-106.0
-200.75,-200.75
-317.81,-317.81
-408.75,-408.75
-426.12,-426.12
-384.94,-384.94
-345.25,-345.25
-342.19,-342.19
-352.62,-352.62
-336.69,-336.69
-299.75,-299.75
-283.56,-283.56
-305.81,-305.81
-325.0,-325.0
-274.81,-274.81
-151.31,-151.31
-37.0,-37.0
-13.5,-13.5
-67.25,-67.25
-110.69,-110.69
-94.0,-94.0
-60.44,-60.44
-73.56,-73.56
-124.5,-124.5
-142.75,-142.75
-97.94,-97.94
-45.31,-45.31
-59.31,-59.31
-149.37,-149.37
-250.56,-250.56
-294.81,-294.81
-281.69,-281.69
-262.56,-262.56
-273.56,-273.56
-303.81,-303.81
-322.94,-322.94
-323.62,-323.62
-322.75,-322.75
-334.25,-334.25
-357.19,-357.19
-381.19,-381.19
-395.87,-395.87
-396.31,-396.31
-384.19,-384.19
-364.87,-364.87
-344.44,-344.44
-326.87,-326.87
-313.56,-313.56
-303.69,-303.69
-295.37,-295.37
-287.06,-287.06
-277.81,-277.81
-267.56,-267.56
-256.5,-256.5
-245.31,-245.31
-234.37,-234.37
-224.12,-224.12
-214.5,-214.5
-205.5,-205.5
-196.69,-196.69
-187.94,-187.94
-178.94,-178.94
-170.06,-170.06
-161.22,-161.22
-152.28,-152.28
-143.69,-143.69
-135.25,-135.25
-127.0,-127.0
-119.06,-119.06
-111.31,-111.31
-103.59,-103.59
-96.09,-96.09
-88.59,-88.59
-81.31,-81.31
-73.97,-73.97
-66.91,-66.91
-59.91,-59.91
-52.94,-52.94
-38.56,-38.56
14.22,14.22
149.12,149.12
374.16,374.16
638.06,638.06
864.22,864.22
997.31,997.31
1025.91,1025.91
976.59,976.59
892.7,892.7
812.31,812.31
756.92,756.92
729.28,729.28
720.17,720.17
716.66,716.66
709.06,709.06
693.17,693.17
669.97,669.97
642.98,642.98
608.78,608.78
538.55,538.55
396.61,396.61
205.3,205.3
58.2,58.2
31.44,31.44
98.05,98.05
156.14,156.14
139.44,139.44
65.12,65.12
-5.91,-5.91
-19.16,-19.16
23.47,23.47
52.2,52.2
-1.72,-1.72
-134.64,-134.64
-270.83,-270.83
-334.11,-334.11
-321.14,-321.14
-287.86,-287.86
-275.45,-275.45
-270.64,-270.64
-242.06,-242.06
-199.09,-199.09
-183.36,-183.36
-217.37,-217.37
-287.41,-287.41
-361.39,-361.39
-411.64,-411.64
-426.37,-426.37
-410.66,-410.66
-378.65,-378.65
-344.74,-344.74
-318.73,-318.73
-303.02,-303.02
-295.29,-295.29
-290.83,-290.83
-285.74,-285.74
-277.91,-277.91
-267.23,-267.23
-254.87,-254.87
-242.2,-242.2
-230.35,-230.35
-219.71,-219.71
-210.13,-210.13
-200.98,-200.98
-191.88,-191.88
-182.84,-182.84
-173.6,-173.6
-164.18,-164.18
-154.81,-154.81
-145.75,-145.75
-137.13,-137.13
-128.95,-128.95
-121.06,-121.06
-113.23,-113.23
-105.59,-105.59
-97.74,-97.74
-90.08,-90.08
-82.35,-82.35
-74.92,-74.92
-67.56,-67.56
-60.5,-60.5
-53.5,-53.5
-46.67,-46.67
-40.03,-40.03
-33.56,-33.56
-27.16,-27.16
-20.8,-20.8
-14.63,-14.63
-8.63,-8.63
-2.69,-2.69
3.2,3.2
8.92,8.92
14.45,14.45
19.81,19.81
24.84,24.84
29.97,29.97
34.94,34.94
39.69,39.69
44.56,44.56
49.22,49.22
53.72,53.72
58.31,58.31
62.56,62.56
66.81,66.81
70.84,70.84
74.84,74.84
78.69,78.69
82.47,82.47
86.22,86.22
89.78,89.78
93.16,93.16
96.53,96.53
99.81,99.81
102.97,102.97
106.06,106.06
109.09,109.09
111.97,111.97
114.69,114.69
117.47,117.47
119.97,119.97
122.56,122.56
124.94,124.94
127.31,127.31
129.56,129.56
131.69,131.69
133.81,133.81
135.81,135.81
137.75,137.75
139.5,139.5
141.31,141.31
142.87,142.87
144.56,144.56
146.06,146.06
147.5,147.5
148.87,148.87
150.19,150.19
151.37,151.37
152.56,152.56
153.62,153.62
154.75,154.75
155.69,155.69
156.5,156.5
157.25,157.25
158.12,158.12
158.75,158.75
159.37,159.37
159.94,159.94
160.44,160.44
160.87,160.87
161.31,161.31
161.62,161.62
161.87,161.87
162.12,162.12
162.31,162.31
162.37,162.37
162.44,162.44
162.44,162.44
162.37,162.37
162.37,162.37
162.19,162.19
161.94,161.94
161.69,161.69
161.44,161.44
161.06,161.06
160.75,160.75
160.31,160.31
159.81,159.81
159.31,159.31
158.81,158.81
158.19,158.19
157.62,157.62
157.06,157.06
156.37,156.37
155.75,155.75
154.87,154.87
154.0,154.0
153.12,153.12
152.31,152.31
151.37,151.37
150.44,150.44
149.5,149.5
148.75,148.75
148.0,148.0
147.06,147.06
145.87,145.87
144.31,144.31
142.81,142.81
141.37,141.37
140.0,140.0
138.81,138.81
137.62,137.62
136.5,136.5
135.25,135.25
134.0,134.0
132.62,132.62
131.19,131.19
129.81,129.81
128.37,128.37
127.0,127.0
125.5,125.5
124.06,124.06
122.56,122.56
121.12,121.12
119.62,119.62
118.06,118.06
116.56,116.56
115.0,115.0
113.44,113.44
111.87,111.87
110.31,110.31
108.75,108.75
107.19,107.19
105.69,105.69
104.06,104.06
102.44,102.44
100.69,100.69
98.87,98.87
97.12,97.12
95.44,95.44
93.75,93.75
92.12,92.12
90.44,90.44
88.75,88.75
87.06,87.06
85.31,85.31
83.62,83.62
81.87,81.87
80.19,80.19
78.44,78.44
76.75,76.75
75.06,75.06
73.31,73.31
71.69,71.69
70.06,70.06
68.37,68.37
66.62,66.62
64.81,64.81
63.09,63.09
61.34,61.34
59.59,59.59
57.88,57.88
56.06,56.06
54.28,54.28
52.53,52.53
50.75,50.75
49.06,49.06
47.38,47.38
45.69,45.69
44.09,44.09
42.5,42.5
40.88,40.88
39.25,39.25
37.56,37.56
35.88,35.88
34.25,34.25
32.72,32.72
31.12,31.12
29.41,29.41
27.66,27.66
25.87,25.87
24.16,24.16
22.62,22.62
21.19,21.19
19.75,19.75
18.25,18.25
16.59,16.59
14.84,14.84
13.13,13.13
11.47,11.47
9.88,9.88
8.41,8.41
6.94,6.94
5.5,5.5
4.05,4.05
2.61,2.61
1.14,1.14
-0.34,-0.34
-1.78,-1.78
-3.2,-3.2
-4.61,-4.61
-6.0,-6.0
-7.36,-7.36
-8.73,-8.73
-10.08,-10.08
-11.42,-11.42
-12.78,-12.78
-14.09,-14.09
-15.39,-15.39
-16.68,-16.68
-17.95,-17.95
-19.2,-19.2
-20.48,-20.48
-21.7,-21.7
-22.91,-22.91
-24.11,-24.11
-25.33,-25.33
-26.5,-26.5
-27.65,-27.65
-28.82,-28.82
-29.94,-29.94
-31.05,-31.05
-32.15,-32.15
-33.16,-33.16
-34.07,-34.07
-34.9,-34.9
-35.79,-35.79
-36.81,-36.81
-37.98,-37.98
-39.22,-39.22
-40.43,-40.43
-41.57,-41.57
-42.59,-42.59
-43.51,-43.51
-44.38,-44.38
-45.23,-45.23
-46.08,-46.08
-46.93,-46.93
-47.8,-47.8
-48.63,-48.63
-49.38,-49.38
-50.07,-50.07
-50.75,-50.75
-51.47,-51.47
-52.28,-52.28
-53.13,-53.13
-53.94,-53.94
-54.7,-54.7
-55.41,-55.41
-56.06,-56.06
-56.7,-56.7
-57.38,-57.38
-58.06,-58.06
-58.72,-58.72
-59.33,-59.33
-59.95,-59.95
-60.59,-60.59
-61.22,-61.22
-61.86,-61.86
-62.42,-62.42
-62.97,-62.97
-63.47,-63.47
-63.94,-63.94
-64.39,-64.39
-64.83,-64.83
-65.28,-65.28
-65.69,-65.69
-66.12,-66.12
-66.53,-66.53
-66.91,-66.91
-67.28,-67.28
-67.53,-67.53
-67.72,-67.72
-67.87,-67.87
-68.09,-68.09
-68.47,-68.47
-68.94,-68.94
-69.41,-69.41
-69.81,-69.81
-70.12,-70.12
-70.34,-70.34
-70.5,-70.5
-70.66,-70.66
-70.78,-70.78
-70.91,-70.91
-71.0,-71.0
-71.06,-71.06
-71.19,-71.19
-71.34,-71.34
-71.53,-71.53
-71.72,-71.72
-71.87,-71.87
-71.97,-71.97
-72.03,-72.03
-72.03,-72.03
-72.06,-72.06
-72.06,-72.06
-72.06,-72.06
-72.03,-72.03
-72.03,-72.03
-72.0,-72.0
-71.97,-71.97
-71.91,-71.91
-71.84,-71.84
-71.78,-71.78
-71.69,-71.69
-71.59,-71.59
-71.47,-71.47
-71.34,-71.34
-71.22,-71.22
-71.09,-71.09
-70.94,-70.94
-70.75,-70.75
-70.53,-70.53
-70.16,-70.16
-69.62,-69.62
-69.12,-69.12
-68.81,-68.81
-68.78,-68.78
-68.94,-68.94
-69.09,-69.09
-69.09,-69.09
-68.94,-68.94
-68.62,-68.62
-68.25,-68.25
-67.84,-67.84
-67.5,-67.5
-67.19,-67.19
-66.87,-66.87
-66.59,-66.59
-66.28,-66.28
-65.97,-65.97
-65.56,-65.56
-65.12,-65.12
-64.66,-64.66
-64.25,-64.25
-63.91,-63.91
-63.59,-63.59
-63.31,-63.31
-63.0,-63.0
-62.63,-62.63
-62.16,-62.16
-61.63,-61.63
-61.09,-61.09
-60.59,-60.59
-60.19,-60.19
-59.84,-59.84
-59.5,-59.5
-59.13,-59.13
-58.72,-58.72
-58.25,-58.25
-57.75,-57.75
-57.22,-57.22
-56.72,-56.72
-56.22,-56.22
-55.75,-55.75
-55.25,-55.25
-54.75,-54.75
-54.25,-54.25
-53.72,-53.72
-53.22,-53.22
-52.69,-52.69
-52.16,-52.16
-51.63,-51.63
-51.09,-51.09
-50.56,-50.56
-50.0,-50.0
-49.47,-49.47
-48.91,-48.91
-48.38,-48.38
-47.81,-47.81
-47.25,-47.25
-46.66,-46.66
-46.0,-46.0
-45.34,-45.34
-44.72,-44.72
-44.16,-44.16
-43.59,-43.59
-43.03,-43.03
-42.5,-42.5
-42.0,-42.0
-41.5,-41.5
-41.0,-41.0
-40.44,-40.44
-39.88,-39.88
-39.28,-39.28
-38.66,-38.66
-38.06,-38.06
-37.47,-37.47
-36.88,-36.88
-36.28,-36.28
-35.69,-35.69
-35.09,-35.09
-34.5,-34.5
-33.91,-33.91
-33.31,-33.31
-32.69,-32.69
-32.09,-32.09
-31.5,-31.5
-30.81,-30.81
-30.06,-30.06
-29.28,-29.28
-28.59,-28.59
-28.09,-28.09
-27.66,-27.66
-27.28,-27.28
-26.84,-26.84
-26.31,-26.31
-25.69,-25.69
-25.06,-25.06
-24.41,-24.41
-23.78,-23.78
-23.19,-23.19
-22.59,-22.59
-21.94,-21.94
-21.22,-21.22
-20.44,-20.44
-19.78,-19.78
-11.75,-11.75
34.75,34.75
155.94,155.94
336.53,336.53
512.75,512.75
643.25,643.25
731.84,731.84
785.44,785.44
785.66,785.66
719.0,719.0
621.44,621.44
556.56,556.56
557.94,557.94
612.03,612.03
680.44,680.44
727.44,727.44
735.91,735.91
708.78,708.78
661.06,661.06
609.84,609.84
566.81,566.81
535.97,535.97
507.47,507.47
445.16,445.16
308.0,308.0
116.28,116.28
-35.56,-35.56
-68.81,-68.81
-8.5,-8.5
37.28,37.28
-13.47,-13.47
-133.37,-133.37
-221.5,-221.5
-223.84,-223.84
-188.69,-188.69
-189.87,-189.87
-228.12,-228.12
-239.25,-239.25
-193.94,-193.94
-145.87,-145.87
-166.94,-166.94
-266.25,-266.25
-378.94,-378.94
-433.56,-433.56
-424.5,-424.5
-394.06,-394.06
-354.12,-354.12
-267.81,-267.81
-116.62,-116.62
41.5,41.5
111.69,111.69
68.0,68.0
-12.69,-12.69
-40.19,-40.19
-11.06,-11.06
-3.75,-3.75
-80.62,-80.62
-215.06,-215.06
-333.5,-333.5
-403.06,-403.06
-444.12,-444.12
-483.31,-483.31
-527.0,-527.0
-566.75,-566.75
-591.56,-591.56
-596.19,-596.19
-583.44,-583.44
-560.75,-560.75
-536.25,-536.25
-515.37,-515.37
-500.12,-500.12
-489.37,-489.37
-480.87,-480.87
-472.31,-472.31
-462.44,-462.44
-451.06,-451.06
-438.69,-438.69
-426.25,-426.25
-414.12,-414.12
-402.69,-402.69
-391.87,-391.87
-381.44,-381.44
-371.19,-371.19
-360.87,-360.87
-350.5,-350.5
-340.19,-340.19
-330.0,-330.0
-319.94,-319.94
-310.0,-310.0
-300.31,-300.31
-290.75,-290.75
-281.31,-281.31
-272.06,-272.06
-262.81,-262.81
-253.75,-253.75
-244.81,-244.81
-236.0,-236.0
-227.25,-227.25
-218.69,-218.69
-210.25,-210.25
-201.94,-201.94
-193.69,-193.69
-185.59,-185.59
-177.69,-177.69
-169.81,-169.81
-162.09,-162.09
-154.44,-154.44
-146.97,-146.97
-139.53,-139.53
-132.28,-132.28
-125.06,-125.06
-118.0,-118.0
-111.12,-111.12
-104.31,-104.31
-97.53,-97.53
-90.91,-90.91
-84.47,-84.47
-77.97,-77.97
-71.62,-71.62
-65.31,-65.31
-59.19,-59.19
-53.25,-53.25
-47.47,-47.47
-41.61,-41.61
-35.92,-35.92
-30.28,-30.28
-24.81,-24.81
-19.39,-19.39
-14.08,-14.08
-8.86,-8.86
-3.7,-3.7
1.34,1.34
6.34,6.34
11.05,11.05
15.47,15.47
19.77,19.77
23.98,23.98
28.2,28.2
32.5,32.5
36.76,36.76
41.04,41.04
45.15,45.15
49.22,49.22
53.11,53.11
56.9,56.9
60.58,60.58
64.22,64.22
67.75,67.75
71.25,71.25
74.7,74.7
77.98,77.98
81.22,81.22
84.42,84.42
87.52,87.52
90.5,90.5
93.45,93.45
96.3,96.3
99.16,99.16
101.98,101.98
104.64,104.64
107.14,107.14
109.55,109.55
111.89,111.89
114.16,114.16
116.34,116.34
118.59,118.59
120.75,120.75
122.84,122.84
124.84,124.84
126.81,126.81
128.66,128.66
130.56,130.56
132.53,132.53
134.41,134.41
136.25,136.25
137.75,137.75
139.03,139.03
140.19,140.19
141.34,141.34
142.5,142.5
143.84,143.84
145.19,145.19
146.44,146.44
147.56,147.56
148.56,148.56
149.53,149.53
150.53,150.53
151.53,151.53
152.37,152.37
153.19,153.19
153.81,153.81
154.37,154.37
154.94,154.94
155.37,155.37
155.87,155.87
156.25,156.25
156.69,156.69
157.06,157.06
157.44,157.44
157.75,157.75
158.12,158.12
158.44,158.44
158.62,158.62
158.69,158.69
158.69,158.69
158.62,158.62
158.56,158.56
158.5,158.5
158.44,158.44
158.31,158.31
158.19,158.19
158.0,158.0
157.81,157.81
157.62,157.62
157.37,157.37
157.12,157.12
156.81,156.81
156.37,156.37
155.87,155.87
155.31,155.31
154.69,154.69
154.12,154.12
153.62,153.62
153.12,153.12
152.69,152.69
152.12,152.12
151.37,151.37
150.56,150.56
149.75,149.75
148.87,148.87
148.06,148.06
147.25,147.25
146.44,146.44
145.62,145.62
144.81,144.81
143.94,143.94
143.0,143.0
142.06,142.06
141.06,141.06
140.06,140.06
139.06,139.06
138.0,138.0
136.94,136.94
135.87,135.87
134.81,134.81
133.69,133.69
132.56,132.56
131.44,131.44
130.31,130.31
129.06,129.06
127.94,127.94
126.69,126.69
125.5,125.5
124.37,124.37
123.19,123.19
122.0,122.0
120.69,120.69
119.25,119.25
117.87,117.87
116.5,116.5
115.12,115.12
113.81,113.81
112.5,112.5
111.19,111.19
109.81,109.81
108.56,108.56
107.31,107.31
106.06,106.06
104.75,104.75
103.37,103.37
101.87,101.87
100.31,100.31
98.69,98.69
97.06,97.06
95.56,95.56
94.06,94.06
92.62,92.62
91.19,91.19
89.81,89.81
88.37,88.37
86.87,86.87
85.5,85.5
84.19,84.19
82.87,82.87
81.44,81.44
79.87,79.87
78.25,78.25
76.62,76.62
75.06,75.06
73.56,73.56
72.12,72.12
70.69,70.69
69.12,69.12
67.56,67.56
66.06,66.06
64.56,64.56
63.13,63.13
61.75,61.75
60.38,60.38
58.88,58.88
57.31,57.31
55.75,55.75
54.19,54.19
52.69,52.69
51.19,51.19
49.75,49.75
48.38,48.38
46.91,46.91
45.5,45.5
44.06,44.06
42.59,42.59
41.16,41.16
39.75,39.75
38.31,38.31
36.91,36.91
35.5,35.5
34.09,34.09
32.72,32.72
31.31,31.31
29.94,29.94
28.56,28.56
27.19,27.19
25.84,25.84
24.5,24.5
23.12,23.12
21.81,21.81
20.56,20.56
19.41,19.41
18.25,18.25
17.03,17.03
15.72,15.72
14.31,14.31
12.94,12.94
11.56,11.56
10.19,10.19
8.84,8.84
7.56,7.56
6.31,6.31
5.12,5.12
4.03,4.03
2.97,2.97
1.91,1.91
0.88,0.88
-0.19,-0.19
-1.31,-1.31
-2.56,-2.56
-3.92,-3.92
-5.3,-5.3
-6.62,-6.62
-7.86,-7.86
-8.94,-8.94
-9.92,-9.92
-10.77,-10.77
-11.59,-11.59
-12.55,-12.55
-13.64,-13.64
-14.88,-14.88
-16.11,-16.11
-17.27,-17.27
-18.34,-18.34
-19.3,-19.3
-20.2,-20.2
-21.09,-21.09
-21.95,-21.95
-22.8,-22.8
-23.64,-23.64
-24.52,-24.52
-25.46,-25.46
-26.44,-26.44
-27.41,-27.41
-28.34,-28.34
-29.2,-29.2
-30.03,-30.03
-30.83,-30.83
-31.61,-31.61
-32.38,-32.38
-33.16,-33.16
-33.93,-33.93
-34.69,-34.69
-35.44,-35.44
-36.18,-36.18
-36.9,-36.9
-37.6,-37.6
-38.29,-38.29
-38.97,-38.97
-39.64,-39.64
-40.29,-40.29
-40.94,-40.94
-41.57,-41.57
-42.19,-42.19
-42.8,-42.8
-43.38,-43.38
-43.96,-43.96
-44.5,-44.5
-44.97,-44.97
-45.43,-45.43
-45.92,-45.92
-46.48,-46.48
-47.08,-47.08
-47.67,-47.67
-48.23,-48.23
-48.73,-48.73
-49.2,-49.2
-49.61,-49.61
-50.02,-50.02
-50.42,-50.42
-50.82,-50.82
-51.23,-51.23
-51.62,-51.62
-52.01,-52.01
-52.37,-52.37
-52.72,-52.72
-53.06,-53.06
-53.38,-53.38
-53.7,-53.7
-54.0,-54.0
-54.3,-54.3
-54.58,-54.58
-54.84,-54.84
-55.11,-55.11
-55.34,-55.34
-55.58,-55.58
-55.77,-55.77
-55.89,-55.89
-56.02,-56.02
-56.16,-56.16
-56.38,-56.38
-56.64,-56.64
-56.91,-56.91
-57.13,-57.13
-57.3,-57.3
-57.42,-57.42
-57.52,-57.52
-57.59,-57.59
-57.67,-57.67
-57.75,-57.75
-57.83,-57.83
-57.91,-57.91
-57.92,-57.92
-57.89,-57.89
-57.84,-57.84
-57.81,-57.81
-57.83,-57.83
-57.84,-57.84
-57.88,-57.88
-57.88,-57.88
-57.84,-57.84
-57.75,-57.75
-57.59,-57.59
-57.53,-57.53
-57.56,-57.56
-57.66,-57.66
-57.78,-57.78
-57.81,-57.81
-57.78,-57.78
-57.69,-57.69
-57.53,-57.53
-57.38,-57.38
-57.19,-57.19
-57.03,-57.03
-56.81,-56.81
-56.56,-56.56
-56.38,-56.38
-56.19,-56.19
-55.94,-55.94
-55.69,-55.69
-55.47,-55.47
-55.38,-55.38
-55.31,-55.31
-55.22,-55.22
-55.03,-55.03
-54.81,-54.81
-54.63,-54.63
-54.41,-54.41
-54.22,-54.22
-54.03,-54.03
-53.78,-53.78
-53.53,-53.53
-53.25,-53.25
-52.94,-52.94
-52.59,-52.59
-52.16,-52.16
-51.63,-51.63
-51.09,-51.09
-50.75,-50.75
-50.63,-50.63
-50.56,-50.56
-50.5,-50.5
-50.25,-50.25
-49.91,-49.91
-49.5,-49.5
-49.13,-49.13
-48.78,-48.78
-48.5,-48.5
-48.22,-48.22
-47.91,-47.91
-47.56,-47.56
-47.16,-47.16
-46.78,-46.78
-46.38,-46.38
-45.97,-45.97
-45.59,-45.59
-45.19,-45.19
-44.81,-44.81
-44.41,-44.41
-43.97,-43.97
-43.47,-43.47
-42.97,-42.97
-42.53,-42.53
-42.16,-42.16
-41.81,-41.81
-41.5,-41.5
-41.16,-41.16
-40.75,-40.75
-40.31,-40.31
-39.88,-39.88
-39.41,-39.41
-38.94,-38.94
-38.5,-38.5
-38.06,-38.06
-37.53,-37.53
-36.91,-36.91
-36.19,-36.19
-35.59,-35.59
-35.16,-35.16
-34.91,-34.91
-34.72,-34.72
-34.38,-34.38
-33.91,-33.91
-33.34,-33.34
-32.81,-32.81
-32.41,-32.41
-32.09,-32.09
-31.75,-31.75
-31.41,-31.41
-31.0,-31.0
-30.53,-30.53
-30.03,-30.03
-29.5,-29.5
-29.0,-29.0
-28.53,-28.53
-28.06,-28.06
-27.59,-27.59
-27.16,-27.16
-26.69,-26.69
-26.22,-26.22
-25.72,-25.72
-25.25,-25.25
-24.78,-24.78
-24.31,-24.31
-23.84,-23.84
-23.37,-23.37
-22.91,-22.91
-22.44,-22.44
-21.97,-21.97
-21.5,-21.5
-21.03,-21.03
-20.56,-20.56
-20.09,-20.09
-19.62,-19.62
-19.16,-19.16
-18.69,-18.69
-18.23,-18.23
-17.77,-17.77
-17.31,-17.31
-16.84,-16.84
-16.39,-16.39
-15.94,-15.94
-15.48,-15.48
-15.03,-15.03
-14.58,-14.58
-14.13,-14.13
-13.69,-13.69
-13.23,-13.23
-12.75,-12.75
-12.22,-12.22
-11.7,-11.7
-11.22,-11.22
-10.83,-10.83
-10.48,-10.48
-10.14,-10.14
-9.75,-9.75
-9.28,-9.28
-8.75,-8.75
-8.27,-8.27
-7.86,-7.86
-7.52,-7.52
-7.19,-7.19
-6.86,-6.86
-6.45,-6.45
-5.97,-5.97
-5.45,-5.45
-4.98,-4.98
-4.59,-4.59
-4.28,-4.28
-3.98,-3.98
-3.67,-3.67
-3.33,-3.33
-2.94,-2.94
-2.53,-2.53
-2.12,-2.12
-1.72,-1.72
-1.34,-1.34
-0.97,-0.97
-0.61,-0.61
-0.2,-0.2
0.23,0.23
0.69,0.69
1.08,1.08
1.45,1.45
1.84,1.84
2.3,2.3
2.77,2.77
3.16,3.16
3.41,3.41
3.55,3.55
3.69,3.69
3.99,3.99
4.54,4.54
5.23,5.23
5.81,5.81
6.1,6.1
6.1,6.1
5.96,5.96
5.87,5.87
5.95,5.95
6.19,6.19
6.56,6.56
7.01,7.01
7.48,7.48
7.9,7.9
8.22,8.22
8.43,8.43
8.57,8.57
8.72,8.72
8.9,8.9
9.14,9.14
9.41,9.41
9.7,9.7
9.99,9.99
10.26,10.26
10.51,10.51
10.73,10.73
10.96,10.96
11.19,11.19
11.42,11.42
11.64,11.64
11.87,11.87
12.09,12.09
12.32,12.32
12.57,12.57
12.86,12.86
13.15,13.15
13.39,13.39
13.59,13.59
13.77,13.77
13.95,13.95
14.1,14.1
14.21,14.21
14.3,14.3
14.4,14.4
14.52,14.52
14.67,14.67
14.84,14.84
15.02,15.02
15.2,15.2
15.36,15.36
15.51,15.51
15.66,15.66
15.79,15.79
15.93,15.93
16.06,16.06
16.19,16.19
16.32,16.32
16.45,16.45
16.57,16.57
16.69,16.69
16.8,16.8
16.91,16.91
17.02,17.02
17.12,17.12
17.22,17.22
17.31,17.31
17.41,17.41
17.5,17.5
17.58,17.58
17.67,17.67
17.74,17.74
17.82,17.82
17.89,17.89
17.96,17.96
18.03,18.03
18.09,18.09
18.15,18.15
18.21,18.21
18.26,18.26
18.31,18.31
18.35,18.35
18.41,18.41
18.48,18.48
18.6,18.6
18.72,18.72
18.8,18.8
18.84,18.84
18.93,18.93
19.1,19.1
19.26,19.26
19.28,19.28
19.13,19.13
18.88,18.88
18.64,18.64
18.48,18.48
18.42,18.42
18.45,18.45
18.51,18.51
18.57,18.57
18.6,18.6
18.6,18.6
18.61,18.61
18.65,18.65
18.7,18.7
18.72,18.72
18.7,18.7
18.67,18.67
18.63,18.63
18.57,18.57
18.47,18.47
18.34,18.34
18.23,18.23
18.13,18.13
18.07,18.07
18.04,18.04
18.02,18.02
18.02,18.02
18.06,18.06
18.1,18.1
18.08,18.08
17.98,17.98
17.82,17.82
17.66,17.66
17.52,17.52
17.41,17.41
17.35,17.35
17.3,17.3
17.26,17.26
17.2,17.2
17.13,17.13
17.05,17.05
16.96,16.96
16.87,16.87
16.79,16.79
16.7,16.7
16.62,16.62
16.53,16.53
16.45,16.45
16.35,16.35
16.26,16.26
16.16,16.16
16.11,16.11
16.09,16.09
16.12,16.12
16.14,16.14
16.09,16.09
15.93,15.93
15.69,15.69
15.41,15.41
15.17,15.17
14.98,14.98
14.87,14.87
14.79,14.79
14.72,14.72
14.63,14.63
14.53,14.53
14.41,14.41
14.3,14.3
14.24,14.24
14.27,14.27
14.33,14.33
14.29,14.29
14.1,14.1
13.8,13.8
13.47,13.47
13.2,13.2
13.04,13.04
13.0,13.0
13.01,13.01
12.98,12.98
12.85,12.85
12.68,12.68
12.52,12.52
12.38,12.38
12.24,12.24
12.07,12.07
11.88,11.88
11.67,11.67
11.48,11.48
11.33,11.33
11.19,11.19
11.07,11.07
10.95,10.95
10.83,10.83
10.7,10.7
10.57,10.57
10.47,10.47
10.41,10.41
10.35,10.35
10.25,10.25
10.08,10.08
9.85,9.85
9.63,9.63
9.49,9.49
9.48,9.48
9.52,9.52
9.48,9.48
9.3,9.3
8.99,8.99
8.66,8.66
8.36,8.36
8.15,8.15
8.01,8.01
7.91,7.91
7.83,7.83
7.73,7.73
7.61,7.61
7.46,7.46
7.3,7.3
7.16,7.16
7.01,7.01
6.87,6.87
6.74,6.74
6.61,6.61
6.48,6.48
6.34,6.34
6.2,6.2
6.07,6.07
5.93,5.93
5.8,5.8
5.66,5.66
5.52,5.52
5.39,5.39
5.26,5.26
5.12,5.12
4.99,4.99
4.86,4.86
4.73,4.73
4.59,4.59
4.47,4.47
4.38,4.38
4.33,4.33
4.29,4.29
4.2,4.2
4.04,4.04
3.82,3.82
3.59,3.59
3.38,3.38
3.22,3.22
3.1,3.1
3.0,3.0
2.91,2.91
2.82,2.82
2.77,2.77
2.82,2.82
2.9,2.9
2.93,2.93
2.82,2.82
2.56,2.56
2.2,2.2
1.85,1.85
1.56,1.56
1.38,1.38
1.29,1.29
1.27,1.27
1.29,1.29
1.31,1.31
1.25,1.25
1.09,1.09
0.87,0.87
0.65,0.65
0.5,0.5
0.44,0.44
0.43,0.43
0.4,0.4
0.3,0.3
0.16,0.16
0.04,0.04
-0.05,-0.05
-0.16,-0.16
-0.3,-0.3
-0.46,-0.46
-0.64,-0.64
-0.79,-0.79
-0.91,-0.91
-1.0,-1.0
-1.07,-1.07
-1.14,-1.14
-1.18,-1.18
-1.18,-1.18
-1.18,-1.18
-1.24,-1.24
-1.37,-1.37
-1.54,-1.54
-1.73,-1.73
-1.89,-1.89
-2.0,-2.0
-2.08,-2.08
-2.13,-2.13
-2.18,-2.18
-2.24,-2.24
-2.31,-2.31
-2.35,-2.35
-2.35,-2.35
-2.34,-2.34
-2.38,-2.38
-2.49,-2.49
-2.65,-2.65
-2.82,-2.82
-2.96,-2.96
-3.06,-3.06
-3.12,-3.12
-3.16,-3.16
-3.2,-3.2
-3.25,-3.25
-3.3,-3.3
-3.37,-3.37
-3.43,-3.43
-3.5,-3.5
-3.56,-3.56
-3.62,-3.62
-3.67,-3.67
-3.72,-3.72
-3.77,-3.77
-3.82,-3.82
-3.88,-3.88
-3.93,-3.93
-3.98,-3.98
-4.02,-4.02
-4.07,-4.07
-4.12,-4.12
-4.16,-4.16
-4.21,-4.21
-4.25,-4.25
-4.29,-4.29
-4.33,-4.33
-4.37,-4.37
-4.37,-4.37
-4.32,-4.32
-4.27,-4.27
-4.27,-4.27
-4.34,-4.34
-4.47,-4.47
-4.6,-4.6
-4.71,-4.71
-4.78,-4.78
-4.8,-4.8
-4.81,-4.81
-4.81,-4.81
-4.82,-4.82
-4.84,-4.84
-4.87,-4.87
-4.9,-4.9
-4.93,-4.93
-4.96,-4.96
-4.98,-4.98
-4.99,-4.99
-5.01,-5.01
-5.03,-5.03
-5.04,-5.04
-5.06,-5.06
-5.08,-5.08
-5.09,-5.09
-5.11,-5.11
-5.12,-5.12
-5.13,-5.13
-5.14,-5.14
-5.15,-5.15
-5.16,-5.16
-5.17,-5.17
-5.18,-5.18
-5.19,-5.19
-5.19,-5.19
-5.2,-5.2
-5.2,-5.2
-5.21,-5.21
-5.21,-5.21
-5.21,-5.21
-5.21,-5.21
-5.21,-5.21
-5.21,-5.21
-5.21,-5.21
-5.17,-5.17
-5.08,-5.08
-4.99,-4.99
-4.95,-4.95
-4.98,-4.98
